<?xml version="1.0" encoding="UTF-8"?>
<root xmlns="http://chambers.com/corpusinfo">
  <file name="9783732517695_015.txt">
    <entry sid="0" file="9783732517695_015.txt">
      <sentence>Two days later , Patrick was working at one of the silos on the estate where the fermentation feed was stored .</sentence>
      <tokens>
        <t>"" "Two" " "</t>
        <t>" " "days" " "</t>
        <t>" " "later" ""</t>
        <t>"" "," " "</t>
        <t>" " "Patrick" " "</t>
        <t>" " "was" " "</t>
        <t>" " "working" " "</t>
        <t>" " "at" " "</t>
        <t>" " "one" " "</t>
        <t>" " "of" " "</t>
        <t>" " "the" " "</t>
        <t>" " "silos" " "</t>
        <t>" " "on" " "</t>
        <t>" " "the" " "</t>
        <t>" " "estate" " "</t>
        <t>" " "where" " "</t>
        <t>" " "the" " "</t>
        <t>" " "fermentation" " "</t>
        <t>" " "feed" " "</t>
        <t>" " "was" " "</t>
        <t>" " "stored" ""</t>
        <t>"" "." " "</t>
      </tokens>
      <parse>(ROOT (S (NP (CD Two) (NNS days) (RB later)) (, ,) (NP (NNP Patrick)) (VP (VBD was) (VP (VBG working) (PP (IN at) (NP (NP (CD one)) (PP (IN of) (NP (NP (DT the) (NNS silos)) (PP (IN on) (NP (DT the) (NN estate))))))) (SBAR (WHADVP (WRB where)) (S (NP (DT the) (NN fermentation) (NN feed)) (VP (VBD was) (VP (VBN stored))))))) (. .)))</parse>
      <deps>num(days-2, Two-1)
tmod(working-7, days-2)
advmod(days-2, later-3)
nsubj(working-7, Patrick-5)
aux(working-7, was-6)
root(ROOT-0, working-7)
prep_at(working-7, one-9)
det(silos-12, the-11)
prep_of(one-9, silos-12)
det(estate-15, the-14)
prep_on(silos-12, estate-15)
advmod(stored-21, where-16)
det(feed-19, the-17)
nn(feed-19, fermentation-18)
nsubjpass(stored-21, feed-19)
auxpass(stored-21, was-20)
advcl(working-7, stored-21)</deps>
      <events>
        <event id="e1" eiid="ei1" offset="7" string="working" tense="PAST" aspect="PROGRESSIVE" class="OCCURRENCE" polarity="POS" modality="" happen="" lowerBoundDuration="" upperBoundDuration="" />
        <event id="e2" eiid="ei2" offset="21" string="stored" tense="PAST" aspect="NONE" class="OCCURRENCE" polarity="POS" modality="" happen="" lowerBoundDuration="" upperBoundDuration="" />
      </events>
      <timexes>
        <timex tid="t1" text="Two days" offset="1" length="2" type="DURATION" value="P2D" temporalFunction="false" />
      </timexes>
    </entry>
    <entry sid="1" file="9783732517695_015.txt">
      <sentence>He was about to take a step back so he would n't have to inhale the gases flowing from the hopper so much .</sentence>
      <tokens>
        <t>" " "He" " "</t>
        <t>" " "was" " "</t>
        <t>" " "about" " "</t>
        <t>" " "to" " "</t>
        <t>" " "take" " "</t>
        <t>" " "a" " "</t>
        <t>" " "step" " "</t>
        <t>" " "back" " "</t>
        <t>" " "so" " "</t>
        <t>" " "he" " "</t>
        <t>" " "would" ""</t>
        <t>"" "n't" " "</t>
        <t>" " "have" " "</t>
        <t>" " "to" " "</t>
        <t>" " "inhale" " "</t>
        <t>" " "the" " "</t>
        <t>" " "gases" " "</t>
        <t>" " "flowing" " "</t>
        <t>" " "from" " "</t>
        <t>" " "the" " "</t>
        <t>" " "hopper" " "</t>
        <t>" " "so" " "</t>
        <t>" " "much" ""</t>
        <t>"" "." " "</t>
      </tokens>
      <parse>(ROOT (S (NP (PRP He)) (VP (VBD was) (VP (IN about) (S (VP (TO to) (VP (VB take) (NP (DT a) (NN step)) (ADVP (RB back)) (SBAR (IN so) (S (NP (PRP he)) (VP (MD would) (RB n't) (VP (VB have) (S (VP (TO to) (VP (VB inhale) (NP (NP (DT the) (NNS gases)) (VP (VBG flowing) (PP (IN from) (NP (DT the) (NN hopper))) (ADVP (RB so) (RB much)))))))))))))))) (. .)))</parse>
      <deps>nsubj(about-3, He-1)
xsubj(take-5, He-1)
aux(about-3, was-2)
root(ROOT-0, about-3)
aux(take-5, to-4)
xcomp(about-3, take-5)
det(step-7, a-6)
dobj(take-5, step-7)
advmod(take-5, back-8)
mark(have-13, so-9)
nsubj(have-13, he-10)
xsubj(inhale-15, he-10)
aux(have-13, would-11)
neg(have-13, n't-12)
advcl(take-5, have-13)
aux(inhale-15, to-14)
xcomp(have-13, inhale-15)
det(gases-17, the-16)
dobj(inhale-15, gases-17)
partmod(gases-17, flowing-18)
det(hopper-21, the-20)
prep_from(flowing-18, hopper-21)
advmod(much-23, so-22)
advmod(flowing-18, much-23)</deps>
      <events>
        <event id="e3" eiid="ei3" offset="5" string="take" tense="INFINITIVE" aspect="NONE" class="OCCURRENCE" polarity="POS" modality="" happen="" lowerBoundDuration="" upperBoundDuration="" />
        <event id="e4" eiid="ei4" offset="15" string="inhale" tense="INFINITIVE" aspect="NONE" class="OCCURRENCE" polarity="POS" modality="" happen="" lowerBoundDuration="" upperBoundDuration="" />
        <event id="e5" eiid="ei5" offset="18" string="flowing" tense="PRESPART" aspect="NONE" class="OCCURRENCE" polarity="POS" modality="" happen="" lowerBoundDuration="" upperBoundDuration="" />
      </events>
      <timexes />
    </entry>
    <entry sid="2" file="9783732517695_015.txt">
      <sentence>The silo could now be closed again .</sentence>
      <tokens>
        <t>" " "The" " "</t>
        <t>" " "silo" " "</t>
        <t>" " "could" " "</t>
        <t>" " "now" " "</t>
        <t>" " "be" " "</t>
        <t>" " "closed" " "</t>
        <t>" " "again" ""</t>
        <t>"" "." " "</t>
      </tokens>
      <parse>(ROOT (S (NP (DT The) (NN silo)) (VP (MD could) (ADVP (RB now)) (VP (VB be) (VP (VBN closed) (ADVP (RB again))))) (. .)))</parse>
      <deps>det(silo-2, The-1)
nsubjpass(closed-6, silo-2)
aux(closed-6, could-3)
advmod(closed-6, now-4)
auxpass(closed-6, be-5)
root(ROOT-0, closed-6)
advmod(closed-6, again-7)</deps>
      <events>
        <event id="e6" eiid="ei6" offset="6" string="closed" tense="FUTURE" aspect="NONE" class="OCCURRENCE" polarity="POS" modality="" happen="" lowerBoundDuration="" upperBoundDuration="" />
      </events>
      <timexes>
        <timex tid="t2" text="now" offset="4" length="1" type="DATE" value="PRESENT_REF" temporalFunction="false" />
      </timexes>
    </entry>
    <entry sid="3" file="9783732517695_015.txt">
      <sentence>As Patrick bent down , he received a jolt and fell into the silo .</sentence>
      <tokens>
        <t>" " "As" " "</t>
        <t>" " "Patrick" " "</t>
        <t>" " "bent" " "</t>
        <t>" " "down" ""</t>
        <t>"" "," " "</t>
        <t>" " "he" " "</t>
        <t>" " "received" " "</t>
        <t>" " "a" " "</t>
        <t>" " "jolt" " "</t>
        <t>" " "and" " "</t>
        <t>" " "fell" " "</t>
        <t>" " "into" " "</t>
        <t>" " "the" " "</t>
        <t>" " "silo" ""</t>
        <t>"" "." " "</t>
      </tokens>
      <parse>(ROOT (S (SBAR (IN As) (S (NP (NNP Patrick)) (VP (VBZ bent) (PRT (RP down))))) (, ,) (NP (PRP he)) (VP (VP (VBD received) (NP (DT a) (NN jolt))) (CC and) (VP (VBD fell) (PP (IN into) (NP (DT the) (NN silo))))) (. .)))</parse>
      <deps>mark(bent-3, As-1)
nsubj(bent-3, Patrick-2)
advcl(received-7, bent-3)
prt(bent-3, down-4)
nsubj(received-7, he-6)
nsubj(fell-11, he-6)
root(ROOT-0, received-7)
det(jolt-9, a-8)
dobj(received-7, jolt-9)
conj_and(received-7, fell-11)
det(silo-14, the-13)
prep_into(fell-11, silo-14)</deps>
      <events>
        <event id="e7" eiid="ei7" offset="3" string="bent" tense="PRESENT" aspect="NONE" class="OCCURRENCE" polarity="POS" modality="" happen="" lowerBoundDuration="" upperBoundDuration="" />
        <event id="e8" eiid="ei8" offset="7" string="received" tense="PAST" aspect="NONE" class="I_ACTION" polarity="POS" modality="" happen="" lowerBoundDuration="" upperBoundDuration="" />
        <event id="e9" eiid="ei9" offset="11" string="fell" tense="PAST" aspect="NONE" class="OCCURRENCE" polarity="POS" modality="" happen="" lowerBoundDuration="" upperBoundDuration="" />
      </events>
      <timexes />
    </entry>
    <entry sid="4" file="9783732517695_015.txt">
      <sentence>Muffled , his scream echoed .</sentence>
      <tokens>
        <t>" " "Muffled" ""</t>
        <t>"" "," " "</t>
        <t>" " "his" " "</t>
        <t>" " "scream" " "</t>
        <t>" " "echoed" ""</t>
        <t>"" "." " "</t>
      </tokens>
      <parse>(ROOT (S (S (VP (VBN Muffled))) (, ,) (NP (PRP$ his) (NN scream)) (VP (VBD echoed)) (. .)))</parse>
      <deps>partmod(echoed-5, Muffled-1)
poss(scream-4, his-3)
nsubj(echoed-5, scream-4)
root(ROOT-0, echoed-5)</deps>
      <events>
        <event id="e10" eiid="ei10" offset="5" string="echoed" tense="PAST" aspect="NONE" class="OCCURRENCE" polarity="POS" modality="" happen="" lowerBoundDuration="" upperBoundDuration="" />
      </events>
      <timexes />
    </entry>
    <entry sid="5" file="9783732517695_015.txt">
      <sentence>Patrick found no foothold , no matter how much he rowed his arms .</sentence>
      <tokens>
        <t>" " "Patrick" " "</t>
        <t>" " "found" " "</t>
        <t>" " "no" " "</t>
        <t>" " "foothold" ""</t>
        <t>"" "," " "</t>
        <t>" " "no" " "</t>
        <t>" " "matter" " "</t>
        <t>" " "how" " "</t>
        <t>" " "much" " "</t>
        <t>" " "he" " "</t>
        <t>" " "rowed" " "</t>
        <t>" " "his" " "</t>
        <t>" " "arms" ""</t>
        <t>"" "." " "</t>
      </tokens>
      <parse>(ROOT (S (NP (NNP Patrick)) (VP (VBD found) (NP (DT no) (NN foothold)) (, ,) (SBAR (ADVP (DT no) (NN matter)) (WHADVP (WRB how) (RB much)) (S (NP (PRP he)) (VP (VBD rowed) (NP (PRP$ his) (NNS arms)))))) (. .)))</parse>
      <deps>nsubj(found-2, Patrick-1)
root(ROOT-0, found-2)
det(foothold-4, no-3)
dobj(found-2, foothold-4)
det(matter-7, no-6)
advmod(rowed-11, matter-7)
advmod(much-9, how-8)
advmod(rowed-11, much-9)
nsubj(rowed-11, he-10)
dep(found-2, rowed-11)
poss(arms-13, his-12)
dobj(rowed-11, arms-13)</deps>
      <events>
        <event id="e11" eiid="ei11" offset="2" string="found" tense="PAST" aspect="NONE" class="OCCURRENCE" polarity="POS" modality="" happen="" lowerBoundDuration="" upperBoundDuration="" />
        <event id="e12" eiid="ei12" offset="11" string="rowed" tense="PAST" aspect="NONE" class="OCCURRENCE" polarity="POS" modality="" happen="" lowerBoundDuration="" upperBoundDuration="" />
      </events>
      <timexes />
    </entry>
    <entry sid="6" file="9783732517695_015.txt">
      <sentence>On the contrary , this only made him sink faster into the grain .</sentence>
      <tokens>
        <t>" " "On" " "</t>
        <t>" " "the" " "</t>
        <t>" " "contrary" ""</t>
        <t>"" "," " "</t>
        <t>" " "this" " "</t>
        <t>" " "only" " "</t>
        <t>" " "made" " "</t>
        <t>" " "him" " "</t>
        <t>" " "sink" " "</t>
        <t>" " "faster" " "</t>
        <t>" " "into" " "</t>
        <t>" " "the" " "</t>
        <t>" " "grain" ""</t>
        <t>"" "." " "</t>
      </tokens>
      <parse>(ROOT (S (PP (IN On) (NP (DT the) (NN contrary))) (, ,) (NP (DT this)) (ADVP (RB only)) (VP (VBD made) (S (NP (PRP him)) (VP (VB sink) (ADVP (RBR faster)) (PP (IN into) (NP (DT the) (NN grain)))))) (. .)))</parse>
      <deps>det(contrary-3, the-2)
prep_on(made-7, contrary-3)
nsubj(made-7, this-5)
advmod(made-7, only-6)
root(ROOT-0, made-7)
nsubj(sink-9, him-8)
ccomp(made-7, sink-9)
advmod(sink-9, faster-10)
det(grain-13, the-12)
prep_into(sink-9, grain-13)</deps>
      <events>
        <event id="e13" eiid="ei13" offset="7" string="made" tense="PAST" aspect="NONE" class="OCCURRENCE" polarity="POS" modality="" happen="" lowerBoundDuration="" upperBoundDuration="" />
        <event id="e14" eiid="ei14" offset="9" string="sink" tense="PRESENT" aspect="NONE" class="OCCURRENCE" polarity="POS" modality="" happen="" lowerBoundDuration="" upperBoundDuration="" />
      </events>
      <timexes />
    </entry>
    <entry sid="7" file="9783732517695_015.txt">
      <sentence>The gases took his breath away and clouded his senses .</sentence>
      <tokens>
        <t>" " "The" " "</t>
        <t>" " "gases" " "</t>
        <t>" " "took" " "</t>
        <t>" " "his" " "</t>
        <t>" " "breath" " "</t>
        <t>" " "away" " "</t>
        <t>" " "and" " "</t>
        <t>" " "clouded" " "</t>
        <t>" " "his" " "</t>
        <t>" " "senses" ""</t>
        <t>"" "." " "</t>
      </tokens>
      <parse>(ROOT (S (NP (DT The) (NNS gases)) (VP (VP (VBD took) (NP (PRP$ his) (NN breath)) (ADVP (RB away))) (CC and) (VP (VBN clouded) (NP (PRP$ his) (NNS senses)))) (. .)))</parse>
      <deps>det(gases-2, The-1)
nsubj(took-3, gases-2)
nsubj(clouded-8, gases-2)
root(ROOT-0, took-3)
poss(breath-5, his-4)
dobj(took-3, breath-5)
advmod(took-3, away-6)
conj_and(took-3, clouded-8)
poss(senses-10, his-9)
dobj(clouded-8, senses-10)</deps>
      <events>
        <event id="e15" eiid="ei15" offset="3" string="took" tense="PAST" aspect="NONE" class="OCCURRENCE" polarity="POS" modality="" happen="" lowerBoundDuration="" upperBoundDuration="" />
        <event id="e16" eiid="ei16" offset="8" string="clouded" tense="PAST" aspect="NONE" class="OCCURRENCE" polarity="POS" modality="" happen="" lowerBoundDuration="" upperBoundDuration="" />
      </events>
      <timexes />
    </entry>
    <entry sid="8" file="9783732517695_015.txt">
      <sentence>Below the silo stood the young apprentice Daniel .</sentence>
      <tokens>
        <t>" " "Below" " "</t>
        <t>" " "the" " "</t>
        <t>" " "silo" " "</t>
        <t>" " "stood" " "</t>
        <t>" " "the" " "</t>
        <t>" " "young" " "</t>
        <t>" " "apprentice" " "</t>
        <t>" " "Daniel" ""</t>
        <t>"" "." " "</t>
      </tokens>
      <parse>(ROOT (S (ADVP (RB Below)) (NP (DT the) (NN silo)) (VP (VBD stood) (NP (DT the) (JJ young) (NN apprentice) (NNP Daniel))) (. .)))</parse>
      <deps>advmod(stood-4, Below-1)
det(silo-3, the-2)
nsubj(stood-4, silo-3)
root(ROOT-0, stood-4)
det(Daniel-8, the-5)
amod(Daniel-8, young-6)
nn(Daniel-8, apprentice-7)
dobj(stood-4, Daniel-8)</deps>
      <events>
        <event id="e17" eiid="ei17" offset="4" string="stood" tense="PAST" aspect="NONE" class="OCCURRENCE" polarity="POS" modality="" happen="" lowerBoundDuration="" upperBoundDuration="" />
      </events>
      <timexes />
    </entry>
    <entry sid="9" file="9783732517695_015.txt">
      <sentence>Astonished , he saw that Patrick had suddenly disappeared and a man who had just been standing behind him was walking across the yard .</sentence>
      <tokens>
        <t>" " "Astonished" ""</t>
        <t>"" "," " "</t>
        <t>" " "he" " "</t>
        <t>" " "saw" " "</t>
        <t>" " "that" " "</t>
        <t>" " "Patrick" " "</t>
        <t>" " "had" " "</t>
        <t>" " "suddenly" " "</t>
        <t>" " "disappeared" " "</t>
        <t>" " "and" " "</t>
        <t>" " "a" " "</t>
        <t>" " "man" " "</t>
        <t>" " "who" " "</t>
        <t>" " "had" " "</t>
        <t>" " "just" " "</t>
        <t>" " "been" " "</t>
        <t>" " "standing" " "</t>
        <t>" " "behind" " "</t>
        <t>" " "him" " "</t>
        <t>" " "was" " "</t>
        <t>" " "walking" " "</t>
        <t>" " "across" " "</t>
        <t>" " "the" " "</t>
        <t>" " "yard" ""</t>
        <t>"" "." " "</t>
      </tokens>
      <parse>(ROOT (S (S (VP (VBN Astonished))) (, ,) (NP (PRP he)) (VP (VBD saw) (SBAR (IN that) (S (S (NP (NNP Patrick)) (VP (VBD had) (ADVP (RB suddenly)) (VP (VBN disappeared)))) (CC and) (S (NP (NP (DT a) (NN man)) (SBAR (WHNP (WP who)) (S (VP (VBD had) (ADVP (RB just)) (VP (VBN been) (VP (VBG standing) (PP (IN behind) (NP (PRP him))))))))) (VP (VBD was) (VP (VBG walking) (PP (IN across) (NP (DT the) (NN yard))))))))) (. .)))</parse>
      <deps>partmod(saw-4, Astonished-1)
nsubj(saw-4, he-3)
root(ROOT-0, saw-4)
mark(disappeared-9, that-5)
nsubj(disappeared-9, Patrick-6)
aux(disappeared-9, had-7)
advmod(disappeared-9, suddenly-8)
ccomp(saw-4, disappeared-9)
det(man-12, a-11)
nsubj(standing-17, man-12)
nsubj(walking-21, man-12)
aux(standing-17, had-14)
advmod(standing-17, just-15)
aux(standing-17, been-16)
rcmod(man-12, standing-17)
prep_behind(standing-17, him-19)
aux(walking-21, was-20)
ccomp(saw-4, walking-21)
conj_and(disappeared-9, walking-21)
det(yard-24, the-23)
prep_across(walking-21, yard-24)</deps>
      <events>
        <event id="e18" eiid="ei18" offset="1" string="Astonished" tense="PAST" aspect="NONE" class="STATE" polarity="POS" modality="" happen="" lowerBoundDuration="" upperBoundDuration="" />
        <event id="e19" eiid="ei19" offset="4" string="saw" tense="PAST" aspect="NONE" class="REPORTING" polarity="POS" modality="" happen="" lowerBoundDuration="" upperBoundDuration="" />
        <event id="e20" eiid="ei20" offset="9" string="disappeared" tense="PAST" aspect="NONE" class="OCCURRENCE" polarity="POS" modality="" happen="" lowerBoundDuration="" upperBoundDuration="" />
        <event id="e21" eiid="ei21" offset="17" string="standing" tense="PRESENT" aspect="PERFECTIVE_PROGRESSIVE" class="OCCURRENCE" polarity="POS" modality="" happen="" lowerBoundDuration="" upperBoundDuration="" />
        <event id="e22" eiid="ei22" offset="21" string="walking" tense="PAST" aspect="PROGRESSIVE" class="OCCURRENCE" polarity="POS" modality="" happen="" lowerBoundDuration="" upperBoundDuration="" />
      </events>
      <timexes />
    </entry>
    <entry sid="10" file="9783732517695_015.txt">
      <sentence>`` Hello , Patrick , what 's going on ?</sentence>
      <tokens>
        <t>" " """ ""</t>
        <t>"" "Hello" ""</t>
        <t>"" "," " "</t>
        <t>" " "Patrick" ""</t>
        <t>"" "," " "</t>
        <t>" " "what" ""</t>
        <t>"" "'s" " "</t>
        <t>" " "going" " "</t>
        <t>" " "on" ""</t>
        <t>"" "?" " "</t>
      </tokens>
      <parse>(ROOT (SBARQ (FRAG (INTJ (`` ``) (UH Hello)) (, ,) (NP (NNP Patrick))) (, ,) (SBARQ (WHNP (WP what)) (SQ (VP (VBZ 's) (VP (VBG going) (PRT (RP on)))))) (. ?)))</parse>
      <deps>discourse(Patrick-4, Hello-2)
dep(going-8, Patrick-4)
nsubj(going-8, what-6)
aux(going-8, 's-7)
root(ROOT-0, going-8)
prt(going-8, on-9)</deps>
      <events />
      <timexes />
    </entry>
    <entry sid="11" file="9783732517695_015.txt">
      <sentence>Why do n't you close the silo ? ''</sentence>
      <tokens>
        <t>" " "Why" " "</t>
        <t>" " "do" ""</t>
        <t>"" "n't" " "</t>
        <t>" " "you" " "</t>
        <t>" " "close" " "</t>
        <t>" " "the" " "</t>
        <t>" " "silo" ""</t>
        <t>"" "?" ""</t>
        <t>"" """ " "</t>
      </tokens>
      <parse>(ROOT (SBARQ (WHADVP (WRB Why)) (SQ (VBP do) (RB n't) (NP (PRP you)) (VP (VB close) (NP (DT the) (NN silo)))) (. ?) ('' '')))</parse>
      <deps>advmod(close-5, Why-1)
aux(close-5, do-2)
neg(close-5, n't-3)
nsubj(close-5, you-4)
root(ROOT-0, close-5)
det(silo-7, the-6)
dobj(close-5, silo-7)</deps>
      <events>
        <event id="e23" eiid="ei23" offset="5" string="close" tense="PRESENT" aspect="NONE" class="OCCURRENCE" polarity="POS" modality="" happen="" lowerBoundDuration="" upperBoundDuration="" />
      </events>
      <timexes />
    </entry>
    <entry sid="12" file="9783732517695_015.txt">
      <sentence>shouted Daniel up to the edge of the silo .</sentence>
      <tokens>
        <t>" " "shouted" " "</t>
        <t>" " "Daniel" " "</t>
        <t>" " "up" " "</t>
        <t>" " "to" " "</t>
        <t>" " "the" " "</t>
        <t>" " "edge" " "</t>
        <t>" " "of" " "</t>
        <t>" " "the" " "</t>
        <t>" " "silo" ""</t>
        <t>"" "." " "</t>
      </tokens>
      <parse>(ROOT (S (VP (VBD shouted) (NP (NNP Daniel)) (PRT (RP up)) (PP (TO to) (NP (NP (DT the) (NN edge)) (PP (IN of) (NP (DT the) (NN silo)))))) (. .)))</parse>
      <deps>root(ROOT-0, shouted-1)
dobj(shouted-1, Daniel-2)
prt(shouted-1, up-3)
det(edge-6, the-5)
prep_to(shouted-1, edge-6)
det(silo-9, the-8)
prep_of(edge-6, silo-9)</deps>
      <events>
        <event id="e24" eiid="ei24" offset="1" string="shouted" tense="PAST" aspect="NONE" class="OCCURRENCE" polarity="POS" modality="" happen="" lowerBoundDuration="" upperBoundDuration="" />
      </events>
      <timexes />
    </entry>
    <entry sid="13" file="9783732517695_015.txt">
      <sentence>When he got no answer , he climbed up the ladder and a moment later was on the wide plateau around the silo .</sentence>
      <tokens>
        <t>" " "When" " "</t>
        <t>" " "he" " "</t>
        <t>" " "got" " "</t>
        <t>" " "no" " "</t>
        <t>" " "answer" ""</t>
        <t>"" "," " "</t>
        <t>" " "he" " "</t>
        <t>" " "climbed" " "</t>
        <t>" " "up" " "</t>
        <t>" " "the" " "</t>
        <t>" " "ladder" " "</t>
        <t>" " "and" " "</t>
        <t>" " "a" " "</t>
        <t>" " "moment" " "</t>
        <t>" " "later" " "</t>
        <t>" " "was" " "</t>
        <t>" " "on" " "</t>
        <t>" " "the" " "</t>
        <t>" " "wide" " "</t>
        <t>" " "plateau" " "</t>
        <t>" " "around" " "</t>
        <t>" " "the" " "</t>
        <t>" " "silo" ""</t>
        <t>"" "." " "</t>
      </tokens>
      <parse>(ROOT (S (SBAR (WHADVP (WRB When)) (S (NP (PRP he)) (VP (VBD got) (NP (DT no) (NN answer))))) (, ,) (NP (PRP he)) (VP (VP (VBD climbed) (PRT (RP up)) (NP (DT the) (NN ladder))) (CC and) (ADVP (NP (DT a) (NN moment)) (RB later)) (VP (VBD was) (PP (IN on) (NP (NP (DT the) (JJ wide) (NN plateau)) (PP (IN around) (NP (DT the) (NN silo))))))) (. .)))</parse>
      <deps>advmod(got-3, When-1)
nsubj(got-3, he-2)
advcl(climbed-8, got-3)
det(answer-5, no-4)
dobj(got-3, answer-5)
nsubj(climbed-8, he-7)
nsubj(was-16, he-7)
root(ROOT-0, climbed-8)
prt(climbed-8, up-9)
det(ladder-11, the-10)
dobj(climbed-8, ladder-11)
det(moment-14, a-13)
npadvmod(later-15, moment-14)
advmod(climbed-8, later-15)
conj_and(climbed-8, later-15)
conj_and(climbed-8, was-16)
det(plateau-20, the-18)
amod(plateau-20, wide-19)
prep_on(was-16, plateau-20)
det(silo-23, the-22)
prep_around(plateau-20, silo-23)</deps>
      <events>
        <event id="e25" eiid="ei25" offset="3" string="got" tense="PAST" aspect="NONE" class="OCCURRENCE" polarity="POS" modality="" happen="" lowerBoundDuration="" upperBoundDuration="" />
        <event id="e26" eiid="ei26" offset="8" string="climbed" tense="PAST" aspect="NONE" class="OCCURRENCE" polarity="POS" modality="" happen="" lowerBoundDuration="" upperBoundDuration="" />
      </events>
      <timexes />
    </entry>
    <entry sid="14" file="9783732517695_015.txt">
      <sentence>Daniel looked almost carelessly into the silo because he would never have guessed Patrick was there .</sentence>
      <tokens>
        <t>" " "Daniel" " "</t>
        <t>" " "looked" " "</t>
        <t>" " "almost" " "</t>
        <t>" " "carelessly" " "</t>
        <t>" " "into" " "</t>
        <t>" " "the" " "</t>
        <t>" " "silo" " "</t>
        <t>" " "because" " "</t>
        <t>" " "he" " "</t>
        <t>" " "would" " "</t>
        <t>" " "never" " "</t>
        <t>" " "have" " "</t>
        <t>" " "guessed" " "</t>
        <t>" " "Patrick" " "</t>
        <t>" " "was" " "</t>
        <t>" " "there" ""</t>
        <t>"" "." " "</t>
      </tokens>
      <parse>(ROOT (S (NP (NNP Daniel)) (VP (VBD looked) (ADJP (RB almost) (JJ carelessly)) (PP (IN into) (NP (DT the) (NN silo))) (SBAR (IN because) (S (NP (PRP he)) (VP (MD would) (ADVP (RB never)) (VP (VB have) (VP (VBD guessed) (SBAR (S (NP (NNP Patrick)) (VP (VBD was) (ADVP (RB there))))))))))) (. .)))</parse>
      <deps>nsubj(looked-2, Daniel-1)
root(ROOT-0, looked-2)
advmod(carelessly-4, almost-3)
acomp(looked-2, carelessly-4)
det(silo-7, the-6)
prep_into(looked-2, silo-7)
mark(guessed-13, because-8)
nsubj(guessed-13, he-9)
aux(guessed-13, would-10)
neg(guessed-13, never-11)
aux(guessed-13, have-12)
advcl(looked-2, guessed-13)
nsubj(was-15, Patrick-14)
ccomp(guessed-13, was-15)
advmod(was-15, there-16)</deps>
      <events>
        <event id="e27" eiid="ei27" offset="2" string="looked" tense="PAST" aspect="NONE" class="OCCURRENCE" polarity="POS" modality="" happen="" lowerBoundDuration="" upperBoundDuration="" />
        <event id="e28" eiid="ei28" offset="13" string="guessed" tense="PAST" aspect="PERFECTIVE" class="OCCURRENCE" polarity="POS" modality="" happen="" lowerBoundDuration="" upperBoundDuration="" />
      </events>
      <timexes />
    </entry>
    <entry sid="15" file="9783732517695_015.txt">
      <sentence>But what the apprentice saw now sent shivers down his spine .</sentence>
      <tokens>
        <t>" " "But" " "</t>
        <t>" " "what" " "</t>
        <t>" " "the" " "</t>
        <t>" " "apprentice" " "</t>
        <t>" " "saw" " "</t>
        <t>" " "now" " "</t>
        <t>" " "sent" " "</t>
        <t>" " "shivers" " "</t>
        <t>" " "down" " "</t>
        <t>" " "his" " "</t>
        <t>" " "spine" ""</t>
        <t>"" "." " "</t>
      </tokens>
      <parse>(ROOT (S (CC But) (SBAR (WHNP (WP what)) (S (NP (DT the) (NN apprentice)) (VP (VBD saw) (ADVP (RB now))))) (VP (VBD sent) (NP (NNS shivers)) (PP (IN down) (NP (PRP$ his) (NN spine)))) (. .)))</parse>
      <deps>cc(sent-7, But-1)
dobj(saw-5, what-2)
det(apprentice-4, the-3)
nsubj(saw-5, apprentice-4)
csubj(sent-7, saw-5)
advmod(saw-5, now-6)
root(ROOT-0, sent-7)
dobj(sent-7, shivers-8)
poss(spine-11, his-10)
prep_down(sent-7, spine-11)</deps>
      <events>
        <event id="e29" eiid="ei29" offset="5" string="saw" tense="PAST" aspect="NONE" class="OCCURRENCE" polarity="POS" modality="" happen="" lowerBoundDuration="" upperBoundDuration="" />
        <event id="e30" eiid="ei30" offset="7" string="sent" tense="PAST" aspect="NONE" class="OCCURRENCE" polarity="POS" modality="" happen="" lowerBoundDuration="" upperBoundDuration="" />
      </events>
      <timexes>
        <timex tid="t3" text="now" offset="6" length="1" type="DATE" value="PRESENT_REF" temporalFunction="false" />
      </timexes>
    </entry>
    <entry sid="16" file="9783732517695_015.txt">
      <sentence>A fear-distorted disfigured face looked out at him from the grain .</sentence>
      <tokens>
        <t>" " "A" " "</t>
        <t>" " "fear-distorted" " "</t>
        <t>" " "disfigured" " "</t>
        <t>" " "face" " "</t>
        <t>" " "looked" " "</t>
        <t>" " "out" " "</t>
        <t>" " "at" " "</t>
        <t>" " "him" " "</t>
        <t>" " "from" " "</t>
        <t>" " "the" " "</t>
        <t>" " "grain" ""</t>
        <t>"" "." " "</t>
      </tokens>
      <parse>(ROOT (S (NP (DT A) (JJ fear-distorted) (JJ disfigured) (NN face)) (VP (VBD looked) (PRT (RP out)) (PP (IN at) (NP (PRP him))) (PP (IN from) (NP (DT the) (NN grain)))) (. .)))</parse>
      <deps>det(face-4, A-1)
amod(face-4, fear-distorted-2)
amod(face-4, disfigured-3)
nsubj(looked-5, face-4)
root(ROOT-0, looked-5)
prt(looked-5, out-6)
prep_at(looked-5, him-8)
det(grain-11, the-10)
prep_from(looked-5, grain-11)</deps>
      <events>
        <event id="e31" eiid="ei31" offset="5" string="looked" tense="PAST" aspect="NONE" class="OCCURRENCE" polarity="POS" modality="" happen="" lowerBoundDuration="" upperBoundDuration="" />
      </events>
      <timexes />
    </entry>
    <entry sid="17" file="9783732517695_015.txt">
      <sentence>`` Patrick ! ''</sentence>
      <tokens>
        <t>" " """ ""</t>
        <t>"" "Patrick" ""</t>
        <t>"" "!" ""</t>
        <t>"" """ " "</t>
      </tokens>
      <parse>(ROOT (INTJ (`` ``) (UH Patrick) (. !) ('' '')))</parse>
      <deps />
      <events />
      <timexes />
    </entry>
    <entry sid="18" file="9783732517695_015.txt">
      <sentence>cried Daniel , throwing himself on his stomach .</sentence>
      <tokens>
        <t>" " "cried" " "</t>
        <t>" " "Daniel" ""</t>
        <t>"" "," " "</t>
        <t>" " "throwing" " "</t>
        <t>" " "himself" " "</t>
        <t>" " "on" " "</t>
        <t>" " "his" " "</t>
        <t>" " "stomach" ""</t>
        <t>"" "." " "</t>
      </tokens>
      <parse>(ROOT (S (VP (VBN cried) (NP (NNP Daniel)) (, ,) (S (VP (VBG throwing) (NP (PRP himself)) (PP (IN on) (NP (PRP$ his) (NN stomach)))))) (. .)))</parse>
      <deps>root(ROOT-0, cried-1)
dobj(cried-1, Daniel-2)
partmod(cried-1, throwing-4)
dobj(throwing-4, himself-5)
poss(stomach-8, his-7)
prep_on(throwing-4, stomach-8)</deps>
      <events>
        <event id="e32" eiid="ei32" offset="4" string="throwing" tense="PRESPART" aspect="NONE" class="OCCURRENCE" polarity="POS" modality="" happen="" lowerBoundDuration="" upperBoundDuration="" />
      </events>
      <timexes />
    </entry>
    <entry sid="19" file="9783732517695_015.txt">
      <sentence>He held out his hands to the spilled man .</sentence>
      <tokens>
        <t>" " "He" " "</t>
        <t>" " "held" " "</t>
        <t>" " "out" " "</t>
        <t>" " "his" " "</t>
        <t>" " "hands" " "</t>
        <t>" " "to" " "</t>
        <t>" " "the" " "</t>
        <t>" " "spilled" " "</t>
        <t>" " "man" ""</t>
        <t>"" "." " "</t>
      </tokens>
      <parse>(ROOT (S (NP (PRP He)) (VP (VBD held) (PRT (RP out)) (NP (PRP$ his) (NNS hands)) (PP (TO to) (NP (DT the) (JJ spilled) (NN man)))) (. .)))</parse>
      <deps>nsubj(held-2, He-1)
root(ROOT-0, held-2)
prt(held-2, out-3)
poss(hands-5, his-4)
dobj(held-2, hands-5)
det(man-9, the-7)
amod(man-9, spilled-8)
prep_to(held-2, man-9)</deps>
      <events>
        <event id="e33" eiid="ei33" offset="2" string="held" tense="PAST" aspect="NONE" class="OCCURRENCE" polarity="POS" modality="" happen="" lowerBoundDuration="" upperBoundDuration="" />
      </events>
      <timexes />
    </entry>
    <entry sid="20" file="9783732517695_015.txt">
      <sentence>But he could n't get his arms out of the cereal .</sentence>
      <tokens>
        <t>" " "But" " "</t>
        <t>" " "he" " "</t>
        <t>" " "could" ""</t>
        <t>"" "n't" " "</t>
        <t>" " "get" " "</t>
        <t>" " "his" " "</t>
        <t>" " "arms" " "</t>
        <t>" " "out" " "</t>
        <t>" " "of" " "</t>
        <t>" " "the" " "</t>
        <t>" " "cereal" ""</t>
        <t>"" "." " "</t>
      </tokens>
      <parse>(ROOT (S (CC But) (NP (PRP he)) (VP (MD could) (RB n't) (VP (VB get) (NP (PRP$ his) (NNS arms)) (PRT (RP out)) (PP (IN of) (NP (DT the) (NN cereal))))) (. .)))</parse>
      <deps>cc(get-5, But-1)
nsubj(get-5, he-2)
aux(get-5, could-3)
neg(get-5, n't-4)
root(ROOT-0, get-5)
poss(arms-7, his-6)
dobj(get-5, arms-7)
det(cereal-11, the-10)
prep_out_of(get-5, cereal-11)</deps>
      <events>
        <event id="e34" eiid="ei34" offset="5" string="get" tense="FUTURE" aspect="NONE" class="OCCURRENCE" polarity="POS" modality="" happen="" lowerBoundDuration="" upperBoundDuration="" />
      </events>
      <timexes />
    </entry>
    <entry sid="21" file="9783732517695_015.txt">
      <sentence>He kept forcibly opening his eyes , but they immediately fell shut again .</sentence>
      <tokens>
        <t>" " "He" " "</t>
        <t>" " "kept" " "</t>
        <t>" " "forcibly" " "</t>
        <t>" " "opening" " "</t>
        <t>" " "his" " "</t>
        <t>" " "eyes" ""</t>
        <t>"" "," " "</t>
        <t>" " "but" " "</t>
        <t>" " "they" " "</t>
        <t>" " "immediately" " "</t>
        <t>" " "fell" " "</t>
        <t>" " "shut" " "</t>
        <t>" " "again" ""</t>
        <t>"" "." " "</t>
      </tokens>
      <parse>(ROOT (S (S (NP (PRP He)) (VP (VBD kept) (S (ADVP (RB forcibly)) (VP (VBG opening) (NP (PRP$ his) (NNS eyes)))))) (, ,) (CC but) (S (NP (PRP they)) (ADVP (RB immediately)) (VP (VBD fell) (S (VP (VB shut) (ADVP (RB again)))))) (. .)))</parse>
      <deps>nsubj(kept-2, He-1)
root(ROOT-0, kept-2)
advmod(opening-4, forcibly-3)
xcomp(kept-2, opening-4)
poss(eyes-6, his-5)
dobj(opening-4, eyes-6)
nsubj(fell-11, they-9)
advmod(fell-11, immediately-10)
conj_but(kept-2, fell-11)
ccomp(fell-11, shut-12)
advmod(shut-12, again-13)</deps>
      <events>
        <event id="e35" eiid="ei35" offset="2" string="kept" tense="PAST" aspect="NONE" class="OCCURRENCE" polarity="POS" modality="" happen="" lowerBoundDuration="" upperBoundDuration="" />
        <event id="e36" eiid="ei36" offset="4" string="opening" tense="PRESPART" aspect="NONE" class="OCCURRENCE" polarity="POS" modality="" happen="" lowerBoundDuration="" upperBoundDuration="" />
        <event id="e37" eiid="ei37" offset="11" string="fell" tense="PAST" aspect="NONE" class="OCCURRENCE" polarity="POS" modality="" happen="" lowerBoundDuration="" upperBoundDuration="" />
        <event id="e38" eiid="ei38" offset="12" string="shut" tense="PRESENT" aspect="NONE" class="OCCURRENCE" polarity="POS" modality="" happen="" lowerBoundDuration="" upperBoundDuration="" />
      </events>
      <timexes />
    </entry>
    <entry sid="22" file="9783732517695_015.txt">
      <sentence>He was about to lose consciousness , Daniel could tell .</sentence>
      <tokens>
        <t>" " "He" " "</t>
        <t>" " "was" " "</t>
        <t>" " "about" " "</t>
        <t>" " "to" " "</t>
        <t>" " "lose" " "</t>
        <t>" " "consciousness" ""</t>
        <t>"" "," " "</t>
        <t>" " "Daniel" " "</t>
        <t>" " "could" " "</t>
        <t>" " "tell" ""</t>
        <t>"" "." " "</t>
      </tokens>
      <parse>(ROOT (S (S (NP (PRP He)) (VP (VBD was) (VP (IN about) (S (VP (TO to) (VP (VB lose) (NP (NN consciousness)))))))) (, ,) (NP (NNP Daniel)) (VP (MD could) (VP (VB tell))) (. .)))</parse>
      <deps>nsubj(about-3, He-1)
xsubj(lose-5, He-1)
aux(about-3, was-2)
ccomp(tell-10, about-3)
aux(lose-5, to-4)
xcomp(about-3, lose-5)
dobj(lose-5, consciousness-6)
nsubj(tell-10, Daniel-8)
aux(tell-10, could-9)
root(ROOT-0, tell-10)</deps>
      <events>
        <event id="e39" eiid="ei39" offset="10" string="tell" tense="NONE" aspect="NONE" class="OCCURRENCE" polarity="POS" modality="" happen="" lowerBoundDuration="" upperBoundDuration="" />
      </events>
      <timexes />
    </entry>
    <entry sid="23" file="9783732517695_015.txt">
      <sentence>Patrick could not free himself from the repeatedly rolling grains , the poisonous gases would kill him .</sentence>
      <tokens>
        <t>" " "Patrick" " "</t>
        <t>" " "could" " "</t>
        <t>" " "not" " "</t>
        <t>" " "free" " "</t>
        <t>" " "himself" " "</t>
        <t>" " "from" " "</t>
        <t>" " "the" " "</t>
        <t>" " "repeatedly" " "</t>
        <t>" " "rolling" " "</t>
        <t>" " "grains" ""</t>
        <t>"" "," " "</t>
        <t>" " "the" " "</t>
        <t>" " "poisonous" " "</t>
        <t>" " "gases" " "</t>
        <t>" " "would" " "</t>
        <t>" " "kill" " "</t>
        <t>" " "him" ""</t>
        <t>"" "." " "</t>
      </tokens>
      <parse>(ROOT (S (S (NP (NNP Patrick)) (VP (MD could) (RB not) (VP (VB free) (NP (PRP himself)) (PP (IN from) (NP (DT the) (JJ repeatedly) (JJ rolling) (NNS grains)))))) (, ,) (NP (DT the) (JJ poisonous) (NNS gases)) (VP (MD would) (VP (VB kill) (NP (PRP him)))) (. .)))</parse>
      <deps>nsubj(free-4, Patrick-1)
aux(free-4, could-2)
neg(free-4, not-3)
ccomp(kill-16, free-4)
dobj(free-4, himself-5)
det(grains-10, the-7)
amod(grains-10, repeatedly-8)
amod(grains-10, rolling-9)
prep_from(free-4, grains-10)
det(gases-14, the-12)
amod(gases-14, poisonous-13)
nsubj(kill-16, gases-14)
aux(kill-16, would-15)
root(ROOT-0, kill-16)
dobj(kill-16, him-17)</deps>
      <events>
        <event id="e40" eiid="ei40" offset="4" string="free" tense="NONE" aspect="NONE" class="OCCURRENCE" polarity="POS" modality="" happen="" lowerBoundDuration="" upperBoundDuration="" />
        <event id="e41" eiid="ei41" offset="16" string="kill" tense="NONE" aspect="NONE" class="OCCURRENCE" polarity="POS" modality="" happen="" lowerBoundDuration="" upperBoundDuration="" />
      </events>
      <timexes />
    </entry>
    <entry sid="24" file="9783732517695_015.txt">
      <sentence>Daniel bent over even further .</sentence>
      <tokens>
        <t>" " "Daniel" " "</t>
        <t>" " "bent" " "</t>
        <t>" " "over" " "</t>
        <t>" " "even" " "</t>
        <t>" " "further" ""</t>
        <t>"" "." " "</t>
      </tokens>
      <parse>(ROOT (S (NP (NNP Daniel)) (VP (VBD bent) (PRT (RP over)) (ADVP (RB even)) (ADVP (RBR further))) (. .)))</parse>
      <deps>nsubj(bent-2, Daniel-1)
root(ROOT-0, bent-2)
prt(bent-2, over-3)
advmod(bent-2, even-4)
advmod(bent-2, further-5)</deps>
      <events>
        <event id="e42" eiid="ei42" offset="2" string="bent" tense="PAST" aspect="NONE" class="OCCURRENCE" polarity="POS" modality="" happen="" lowerBoundDuration="" upperBoundDuration="" />
      </events>
      <timexes />
    </entry>
    <entry sid="25" file="9783732517695_015.txt">
      <sentence>Now his hands touched Patrick 's head .</sentence>
      <tokens>
        <t>" " "Now" " "</t>
        <t>" " "his" " "</t>
        <t>" " "hands" " "</t>
        <t>" " "touched" " "</t>
        <t>" " "Patrick" ""</t>
        <t>"" "'s" " "</t>
        <t>" " "head" ""</t>
        <t>"" "." " "</t>
      </tokens>
      <parse>(ROOT (S (ADVP (RB Now)) (NP (PRP$ his) (NNS hands)) (VP (VBD touched) (NP (NP (NNP Patrick) (POS 's)) (NN head))) (. .)))</parse>
      <deps>advmod(touched-4, Now-1)
poss(hands-3, his-2)
nsubj(touched-4, hands-3)
root(ROOT-0, touched-4)
poss(head-7, Patrick-5)
dobj(touched-4, head-7)</deps>
      <events>
        <event id="e43" eiid="ei43" offset="4" string="touched" tense="PAST" aspect="NONE" class="OCCURRENCE" polarity="POS" modality="" happen="" lowerBoundDuration="" upperBoundDuration="" />
      </events>
      <timexes>
        <timex tid="t4" text="Now" offset="1" length="1" type="DATE" value="PRESENT_REF" temporalFunction="false" />
      </timexes>
    </entry>
    <entry sid="26" file="9783732517695_015.txt">
      <sentence>`` Do n't move , lest you sink even lower ! ''</sentence>
      <tokens>
        <t>" " """ ""</t>
        <t>"" "Do" ""</t>
        <t>"" "n't" " "</t>
        <t>" " "move" ""</t>
        <t>"" "," " "</t>
        <t>" " "lest" " "</t>
        <t>" " "you" " "</t>
        <t>" " "sink" " "</t>
        <t>" " "even" " "</t>
        <t>" " "lower" ""</t>
        <t>"" "!" ""</t>
        <t>"" """ " "</t>
      </tokens>
      <parse>(ROOT (S (`` ``) (VP (VB Do) (RB n't) (VP (VB move) (, ,) (SBAR (IN lest) (S (NP (PRP you)) (VP (VB sink) (ADJP (RB even) (JJR lower))))))) (. !) ('' '')))</parse>
      <deps>aux(move-4, Do-2)
neg(move-4, n't-3)
root(ROOT-0, move-4)
mark(sink-8, lest-6)
nsubj(sink-8, you-7)
advcl(move-4, sink-8)
advmod(lower-10, even-9)
acomp(sink-8, lower-10)</deps>
      <events>
        <event id="e44" eiid="ei44" offset="4" string="move" tense="NONE" aspect="NONE" class="OCCURRENCE" polarity="POS" modality="" happen="" lowerBoundDuration="" upperBoundDuration="" />
        <event id="e45" eiid="ei45" offset="8" string="sink" tense="PRESENT" aspect="NONE" class="OCCURRENCE" polarity="POS" modality="" happen="" lowerBoundDuration="" upperBoundDuration="" />
      </events>
      <timexes />
    </entry>
    <entry sid="27" file="9783732517695_015.txt">
      <sentence>shouted Daniel .</sentence>
      <tokens>
        <t>" " "shouted" " "</t>
        <t>" " "Daniel" ""</t>
        <t>"" "." " "</t>
      </tokens>
      <parse>(ROOT (NP (NNP shouted) (NNP Daniel) (. .)))</parse>
      <deps>nn(Daniel-2, shouted-1)
root(ROOT-0, Daniel-2)</deps>
      <events />
      <timexes />
    </entry>
    <entry sid="28" file="9783732517695_015.txt">
      <sentence>Despite the danger of falling into the silo himself , he advanced some more .</sentence>
      <tokens>
        <t>" " "Despite" " "</t>
        <t>" " "the" " "</t>
        <t>" " "danger" " "</t>
        <t>" " "of" " "</t>
        <t>" " "falling" " "</t>
        <t>" " "into" " "</t>
        <t>" " "the" " "</t>
        <t>" " "silo" " "</t>
        <t>" " "himself" ""</t>
        <t>"" "," " "</t>
        <t>" " "he" " "</t>
        <t>" " "advanced" " "</t>
        <t>" " "some" " "</t>
        <t>" " "more" ""</t>
        <t>"" "." " "</t>
      </tokens>
      <parse>(ROOT (S (PP (IN Despite) (NP (NP (DT the) (NN danger)) (PP (IN of) (S (VP (VBG falling) (PP (IN into) (NP (DT the) (NN silo) (PRP himself)))))))) (, ,) (NP (PRP he)) (VP (VBD advanced) (S (NP (DT some)) (ADJP (JJR more)))) (. .)))</parse>
      <deps>det(danger-3, the-2)
prep_despite(advanced-12, danger-3)
prepc_of(danger-3, falling-5)
det(silo-8, the-7)
prep_into(falling-5, silo-8)
dep(silo-8, himself-9)
nsubj(advanced-12, he-11)
root(ROOT-0, advanced-12)
nsubj(more-14, some-13)
xcomp(advanced-12, more-14)</deps>
      <events>
        <event id="e46" eiid="ei46" offset="5" string="falling" tense="PRESPART" aspect="NONE" class="OCCURRENCE" polarity="POS" modality="" happen="" lowerBoundDuration="" upperBoundDuration="" />
        <event id="e47" eiid="ei47" offset="12" string="advanced" tense="PAST" aspect="NONE" class="I_ACTION" polarity="POS" modality="" happen="" lowerBoundDuration="" upperBoundDuration="" />
      </events>
      <timexes />
    </entry>
    <entry sid="29" file="9783732517695_015.txt">
      <sentence>Already he felt the acrid fumes , but his hands were able to get under Patrick 's shoulders .</sentence>
      <tokens>
        <t>" " "Already" " "</t>
        <t>" " "he" " "</t>
        <t>" " "felt" " "</t>
        <t>" " "the" " "</t>
        <t>" " "acrid" " "</t>
        <t>" " "fumes" ""</t>
        <t>"" "," " "</t>
        <t>" " "but" " "</t>
        <t>" " "his" " "</t>
        <t>" " "hands" " "</t>
        <t>" " "were" " "</t>
        <t>" " "able" " "</t>
        <t>" " "to" " "</t>
        <t>" " "get" " "</t>
        <t>" " "under" " "</t>
        <t>" " "Patrick" ""</t>
        <t>"" "'s" " "</t>
        <t>" " "shoulders" ""</t>
        <t>"" "." " "</t>
      </tokens>
      <parse>(ROOT (S (S (ADVP (RB Already)) (NP (PRP he)) (VP (VBD felt) (NP (DT the) (JJ acrid) (NNS fumes)))) (, ,) (CC but) (S (NP (PRP$ his) (NNS hands)) (VP (VBD were) (ADJP (JJ able) (S (VP (TO to) (VP (VB get) (PP (IN under) (NP (NP (NNP Patrick) (POS 's)) (NNS shoulders))))))))) (. .)))</parse>
      <deps>advmod(felt-3, Already-1)
nsubj(felt-3, he-2)
root(ROOT-0, felt-3)
det(fumes-6, the-4)
amod(fumes-6, acrid-5)
dobj(felt-3, fumes-6)
poss(hands-10, his-9)
nsubj(able-12, hands-10)
xsubj(get-14, hands-10)
cop(able-12, were-11)
conj_but(felt-3, able-12)
aux(get-14, to-13)
xcomp(able-12, get-14)
poss(shoulders-18, Patrick-16)
prep_under(get-14, shoulders-18)</deps>
      <events>
        <event id="e48" eiid="ei48" offset="3" string="felt" tense="PAST" aspect="NONE" class="OCCURRENCE" polarity="POS" modality="" happen="" lowerBoundDuration="" upperBoundDuration="" />
        <event id="e49" eiid="ei49" offset="14" string="get" tense="INFINITIVE" aspect="NONE" class="OCCURRENCE" polarity="POS" modality="" happen="" lowerBoundDuration="" upperBoundDuration="" />
      </events>
      <timexes />
    </entry>
    <entry sid="30" file="9783732517695_015.txt">
      <sentence>So he held him tightly while he screamed for help at the top of his lungs .</sentence>
      <tokens>
        <t>" " "So" " "</t>
        <t>" " "he" " "</t>
        <t>" " "held" " "</t>
        <t>" " "him" " "</t>
        <t>" " "tightly" " "</t>
        <t>" " "while" " "</t>
        <t>" " "he" " "</t>
        <t>" " "screamed" " "</t>
        <t>" " "for" " "</t>
        <t>" " "help" " "</t>
        <t>" " "at" " "</t>
        <t>" " "the" " "</t>
        <t>" " "top" " "</t>
        <t>" " "of" " "</t>
        <t>" " "his" " "</t>
        <t>" " "lungs" ""</t>
        <t>"" "." " "</t>
      </tokens>
      <parse>(ROOT (S (IN So) (NP (PRP he)) (VP (VBD held) (S (NP (PRP him)) (ADJP (RB tightly) (SBAR (IN while) (S (NP (PRP he)) (VP (VBD screamed) (PP (IN for) (NP (NN help))) (PP (IN at) (NP (NP (DT the) (NN top)) (PP (IN of) (NP (PRP$ his) (NNS lungs))))))))))) (. .)))</parse>
      <deps>dep(held-3, So-1)
nsubj(held-3, he-2)
root(ROOT-0, held-3)
nsubj(tightly-5, him-4)
xcomp(held-3, tightly-5)
mark(screamed-8, while-6)
nsubj(screamed-8, he-7)
ccomp(tightly-5, screamed-8)
prep_for(screamed-8, help-10)
det(top-13, the-12)
prep_at(screamed-8, top-13)
poss(lungs-16, his-15)
prep_of(top-13, lungs-16)</deps>
      <events>
        <event id="e50" eiid="ei50" offset="3" string="held" tense="PAST" aspect="NONE" class="OCCURRENCE" polarity="POS" modality="" happen="" lowerBoundDuration="" upperBoundDuration="" />
        <event id="e51" eiid="ei51" offset="8" string="screamed" tense="PAST" aspect="NONE" class="OCCURRENCE" polarity="POS" modality="" happen="" lowerBoundDuration="" upperBoundDuration="" />
      </events>
      <timexes />
    </entry>
    <entry sid="31" file="9783732517695_015.txt">
      <sentence>In the courtyard , the servants ran together .</sentence>
      <tokens>
        <t>" " "In" " "</t>
        <t>" " "the" " "</t>
        <t>" " "courtyard" ""</t>
        <t>"" "," " "</t>
        <t>" " "the" " "</t>
        <t>" " "servants" " "</t>
        <t>" " "ran" " "</t>
        <t>" " "together" ""</t>
        <t>"" "." " "</t>
      </tokens>
      <parse>(ROOT (S (PP (IN In) (NP (DT the) (NN courtyard))) (, ,) (NP (DT the) (NNS servants)) (VP (VBD ran) (ADVP (RB together))) (. .)))</parse>
      <deps>det(courtyard-3, the-2)
prep_in(ran-7, courtyard-3)
det(servants-6, the-5)
nsubj(ran-7, servants-6)
root(ROOT-0, ran-7)
advmod(ran-7, together-8)</deps>
      <events>
        <event id="e52" eiid="ei52" offset="7" string="ran" tense="PAST" aspect="NONE" class="OCCURRENCE" polarity="POS" modality="" happen="" lowerBoundDuration="" upperBoundDuration="" />
      </events>
      <timexes />
    </entry>
    <entry sid="32" file="9783732517695_015.txt">
      <sentence>The people recognized the misfortune without knowing who had fallen into the silo .</sentence>
      <tokens>
        <t>" " "The" " "</t>
        <t>" " "people" " "</t>
        <t>" " "recognized" " "</t>
        <t>" " "the" " "</t>
        <t>" " "misfortune" " "</t>
        <t>" " "without" " "</t>
        <t>" " "knowing" " "</t>
        <t>" " "who" " "</t>
        <t>" " "had" " "</t>
        <t>" " "fallen" " "</t>
        <t>" " "into" " "</t>
        <t>" " "the" " "</t>
        <t>" " "silo" ""</t>
        <t>"" "." " "</t>
      </tokens>
      <parse>(ROOT (S (NP (DT The) (NNS people)) (VP (VBD recognized) (NP (DT the) (NN misfortune)) (PP (IN without) (S (VP (VBG knowing) (SBAR (WHNP (WP who)) (S (VP (VBD had) (VP (VBN fallen) (PP (IN into) (NP (DT the) (NN silo))))))))))) (. .)))</parse>
      <deps>det(people-2, The-1)
nsubj(recognized-3, people-2)
root(ROOT-0, recognized-3)
det(misfortune-5, the-4)
dobj(recognized-3, misfortune-5)
prepc_without(recognized-3, knowing-7)
nsubj(fallen-10, who-8)
aux(fallen-10, had-9)
ccomp(knowing-7, fallen-10)
det(silo-13, the-12)
prep_into(fallen-10, silo-13)</deps>
      <events>
        <event id="e53" eiid="ei53" offset="3" string="recognized" tense="PAST" aspect="NONE" class="OCCURRENCE" polarity="POS" modality="" happen="" lowerBoundDuration="" upperBoundDuration="" />
        <event id="e54" eiid="ei54" offset="7" string="knowing" tense="PRESPART" aspect="NONE" class="OCCURRENCE" polarity="POS" modality="" happen="" lowerBoundDuration="" upperBoundDuration="" />
        <event id="e55" eiid="ei55" offset="10" string="fallen" tense="PAST" aspect="PERFECTIVE" class="OCCURRENCE" polarity="POS" modality="" happen="" lowerBoundDuration="" upperBoundDuration="" />
      </events>
      <timexes />
    </entry>
    <entry sid="33" file="9783732517695_015.txt">
      <sentence>Two men came up and held Daniel by the feet so that he would not fall into the silo himself .</sentence>
      <tokens>
        <t>" " "Two" " "</t>
        <t>" " "men" " "</t>
        <t>" " "came" " "</t>
        <t>" " "up" " "</t>
        <t>" " "and" " "</t>
        <t>" " "held" " "</t>
        <t>" " "Daniel" " "</t>
        <t>" " "by" " "</t>
        <t>" " "the" " "</t>
        <t>" " "feet" " "</t>
        <t>" " "so" " "</t>
        <t>" " "that" " "</t>
        <t>" " "he" " "</t>
        <t>" " "would" " "</t>
        <t>" " "not" " "</t>
        <t>" " "fall" " "</t>
        <t>" " "into" " "</t>
        <t>" " "the" " "</t>
        <t>" " "silo" " "</t>
        <t>" " "himself" ""</t>
        <t>"" "." " "</t>
      </tokens>
      <parse>(ROOT (S (NP (CD Two) (NNS men)) (VP (VP (VBD came) (PRT (RP up))) (CC and) (VP (VBD held) (NP (NNP Daniel)) (PP (IN by) (NP (DT the) (NNS feet))) (SBAR (RB so) (IN that) (S (NP (PRP he)) (VP (MD would) (RB not) (VP (VB fall) (PP (IN into) (NP (DT the) (NN silo)))))))) (NP (PRP himself))) (. .)))</parse>
      <deps>num(men-2, Two-1)
nsubj(came-3, men-2)
nsubj(held-6, men-2)
root(ROOT-0, came-3)
prt(came-3, up-4)
conj_and(came-3, held-6)
dobj(held-6, Daniel-7)
det(feet-10, the-9)
prep_by(held-6, feet-10)
advmod(fall-16, so-11)
mark(fall-16, that-12)
nsubj(fall-16, he-13)
aux(fall-16, would-14)
neg(fall-16, not-15)
advcl(held-6, fall-16)
det(silo-19, the-18)
prep_into(fall-16, silo-19)
dobj(came-3, himself-20)</deps>
      <events>
        <event id="e56" eiid="ei56" offset="3" string="came" tense="PAST" aspect="NONE" class="OCCURRENCE" polarity="POS" modality="" happen="" lowerBoundDuration="" upperBoundDuration="" />
        <event id="e57" eiid="ei57" offset="6" string="held" tense="PAST" aspect="NONE" class="OCCURRENCE" polarity="POS" modality="" happen="" lowerBoundDuration="" upperBoundDuration="" />
        <event id="e58" eiid="ei58" offset="16" string="fall" tense="NONE" aspect="NONE" class="OCCURRENCE" polarity="POS" modality="" happen="" lowerBoundDuration="" upperBoundDuration="" />
      </events>
      <timexes />
    </entry>
    <entry sid="34" file="9783732517695_015.txt">
      <sentence>Inch by inch they pulled him back , but he only managed to pull Patrick out of the grain enough to clear his upper body .</sentence>
      <tokens>
        <t>" " "Inch" " "</t>
        <t>" " "by" " "</t>
        <t>" " "inch" " "</t>
        <t>" " "they" " "</t>
        <t>" " "pulled" " "</t>
        <t>" " "him" " "</t>
        <t>" " "back" ""</t>
        <t>"" "," " "</t>
        <t>" " "but" " "</t>
        <t>" " "he" " "</t>
        <t>" " "only" " "</t>
        <t>" " "managed" " "</t>
        <t>" " "to" " "</t>
        <t>" " "pull" " "</t>
        <t>" " "Patrick" " "</t>
        <t>" " "out" " "</t>
        <t>" " "of" " "</t>
        <t>" " "the" " "</t>
        <t>" " "grain" " "</t>
        <t>" " "enough" " "</t>
        <t>" " "to" " "</t>
        <t>" " "clear" " "</t>
        <t>" " "his" " "</t>
        <t>" " "upper" " "</t>
        <t>" " "body" ""</t>
        <t>"" "." " "</t>
      </tokens>
      <parse>(ROOT (S (S (S (VP (VBG Inch) (PP (IN by) (NP (NN inch))))) (NP (PRP they)) (VP (VBD pulled) (NP (PRP him)) (ADVP (RB back)))) (, ,) (CC but) (S (NP (PRP he)) (ADVP (RB only)) (VP (VBD managed) (S (VP (TO to) (VP (VB pull) (NP (NP (NNP Patrick)) (PP (RB out) (IN of) (NP (DT the) (NN grain) (NN enough)))) (S (VP (TO to) (VP (VB clear) (NP (PRP$ his) (JJ upper) (NN body)))))))))) (. .)))</parse>
      <deps>dep(pulled-5, Inch-1)
prep_by(Inch-1, inch-3)
nsubj(pulled-5, they-4)
root(ROOT-0, pulled-5)
dobj(pulled-5, him-6)
advmod(pulled-5, back-7)
nsubj(managed-12, he-10)
xsubj(pull-14, he-10)
advmod(managed-12, only-11)
conj_but(pulled-5, managed-12)
aux(pull-14, to-13)
xcomp(managed-12, pull-14)
dobj(pull-14, Patrick-15)
det(enough-20, the-18)
nn(enough-20, grain-19)
prep_out_of(Patrick-15, enough-20)
aux(clear-22, to-21)
xcomp(pull-14, clear-22)
poss(body-25, his-23)
amod(body-25, upper-24)
dobj(clear-22, body-25)</deps>
      <events>
        <event id="e59" eiid="ei59" offset="1" string="Inch" tense="PRESPART" aspect="NONE" class="OCCURRENCE" polarity="POS" modality="" happen="" lowerBoundDuration="" upperBoundDuration="" />
        <event id="e60" eiid="ei60" offset="5" string="pulled" tense="PAST" aspect="NONE" class="OCCURRENCE" polarity="POS" modality="" happen="" lowerBoundDuration="" upperBoundDuration="" />
        <event id="e61" eiid="ei61" offset="12" string="managed" tense="PAST" aspect="NONE" class="I_STATE" polarity="POS" modality="" happen="" lowerBoundDuration="" upperBoundDuration="" />
        <event id="e62" eiid="ei62" offset="14" string="pull" tense="INFINITIVE" aspect="NONE" class="OCCURRENCE" polarity="POS" modality="" happen="" lowerBoundDuration="" upperBoundDuration="" />
        <event id="e63" eiid="ei63" offset="22" string="clear" tense="INFINITIVE" aspect="NONE" class="OCCURRENCE" polarity="POS" modality="" happen="" lowerBoundDuration="" upperBoundDuration="" />
      </events>
      <timexes />
    </entry>
    <entry sid="35" file="9783732517695_015.txt">
      <sentence>Then Daniel 's strength flagged , and Patrick himself could not help ; he was unconscious .</sentence>
      <tokens>
        <t>" " "Then" " "</t>
        <t>" " "Daniel" ""</t>
        <t>"" "'s" " "</t>
        <t>" " "strength" " "</t>
        <t>" " "flagged" ""</t>
        <t>"" "," " "</t>
        <t>" " "and" " "</t>
        <t>" " "Patrick" " "</t>
        <t>" " "himself" " "</t>
        <t>" " "could" " "</t>
        <t>" " "not" " "</t>
        <t>" " "help" ""</t>
        <t>"" ";" " "</t>
        <t>" " "he" " "</t>
        <t>" " "was" " "</t>
        <t>" " "unconscious" ""</t>
        <t>"" "." " "</t>
      </tokens>
      <parse>(ROOT (S (S (S (ADVP (RB Then)) (NP (NP (NNP Daniel) (POS 's)) (NN strength)) (VP (VBD flagged))) (, ,) (CC and) (S (NP (NNP Patrick) (PRP himself)) (VP (MD could) (RB not) (VP (VB help))))) (: ;) (S (NP (PRP he)) (VP (VBD was) (ADJP (JJ unconscious)))) (. .)))</parse>
      <deps>advmod(flagged-5, Then-1)
poss(strength-4, Daniel-2)
nsubj(flagged-5, strength-4)
root(ROOT-0, flagged-5)
nsubj(help-12, Patrick-8)
dep(Patrick-8, himself-9)
aux(help-12, could-10)
neg(help-12, not-11)
conj_and(flagged-5, help-12)
nsubj(unconscious-16, he-14)
cop(unconscious-16, was-15)
parataxis(flagged-5, unconscious-16)</deps>
      <events>
        <event id="e64" eiid="ei64" offset="5" string="flagged" tense="PAST" aspect="NONE" class="OCCURRENCE" polarity="POS" modality="" happen="" lowerBoundDuration="" upperBoundDuration="" />
        <event id="e65" eiid="ei65" offset="12" string="help" tense="NONE" aspect="NONE" class="OCCURRENCE" polarity="POS" modality="" happen="" lowerBoundDuration="" upperBoundDuration="" />
        <event id="e66" eiid="ei66" offset="16" string="unconscious" tense="PAST" aspect="NONE" class="STATE" polarity="POS" modality="" happen="" lowerBoundDuration="" upperBoundDuration="" />
      </events>
      <timexes />
    </entry>
    <entry sid="36" file="9783732517695_015.txt">
      <sentence>Daniel was just able to slip the noose of a rope over his shoulders , and then he too had lost consciousness .</sentence>
      <tokens>
        <t>" " "Daniel" " "</t>
        <t>" " "was" " "</t>
        <t>" " "just" " "</t>
        <t>" " "able" " "</t>
        <t>" " "to" " "</t>
        <t>" " "slip" " "</t>
        <t>" " "the" " "</t>
        <t>" " "noose" " "</t>
        <t>" " "of" " "</t>
        <t>" " "a" " "</t>
        <t>" " "rope" " "</t>
        <t>" " "over" " "</t>
        <t>" " "his" " "</t>
        <t>" " "shoulders" ""</t>
        <t>"" "," " "</t>
        <t>" " "and" " "</t>
        <t>" " "then" " "</t>
        <t>" " "he" " "</t>
        <t>" " "too" " "</t>
        <t>" " "had" " "</t>
        <t>" " "lost" " "</t>
        <t>" " "consciousness" ""</t>
        <t>"" "." " "</t>
      </tokens>
      <parse>(ROOT (S (S (NP (NNP Daniel)) (VP (VBD was) (ADVP (RB just)) (ADJP (JJ able) (S (VP (TO to) (VP (VB slip) (NP (NP (DT the) (NN noose)) (PP (IN of) (NP (NP (DT a) (NN rope)) (PP (IN over) (NP (PRP$ his) (NNS shoulders)))))))))))) (, ,) (CC and) (RB then) (S (NP (PRP he)) (ADVP (RB too)) (VP (VBD had) (VP (VBN lost) (NP (NN consciousness))))) (. .)))</parse>
      <deps>nsubj(able-4, Daniel-1)
xsubj(slip-6, Daniel-1)
cop(able-4, was-2)
advmod(able-4, just-3)
root(ROOT-0, able-4)
aux(slip-6, to-5)
xcomp(able-4, slip-6)
det(noose-8, the-7)
dobj(slip-6, noose-8)
det(rope-11, a-10)
prep_of(noose-8, rope-11)
poss(shoulders-14, his-13)
prep_over(rope-11, shoulders-14)
advmod(able-4, then-17)
conj_and(able-4, then-17)
nsubj(lost-21, he-18)
advmod(lost-21, too-19)
aux(lost-21, had-20)
ccomp(able-4, lost-21)
dobj(lost-21, consciousness-22)</deps>
      <events>
        <event id="e67" eiid="ei67" offset="6" string="slip" tense="INFINITIVE" aspect="NONE" class="OCCURRENCE" polarity="POS" modality="" happen="" lowerBoundDuration="" upperBoundDuration="" />
        <event id="e68" eiid="ei68" offset="21" string="lost" tense="PAST" aspect="PERFECTIVE" class="OCCURRENCE" polarity="POS" modality="" happen="" lowerBoundDuration="" upperBoundDuration="" />
      </events>
      <timexes />
    </entry>
    <entry sid="37" file="9783732517695_015.txt">
      <sentence>The other men managed to pull Patrick out of the silo .</sentence>
      <tokens>
        <t>" " "The" " "</t>
        <t>" " "other" " "</t>
        <t>" " "men" " "</t>
        <t>" " "managed" " "</t>
        <t>" " "to" " "</t>
        <t>" " "pull" " "</t>
        <t>" " "Patrick" " "</t>
        <t>" " "out" " "</t>
        <t>" " "of" " "</t>
        <t>" " "the" " "</t>
        <t>" " "silo" ""</t>
        <t>"" "." " "</t>
      </tokens>
      <parse>(ROOT (S (NP (DT The) (JJ other) (NNS men)) (VP (VBD managed) (S (VP (TO to) (VP (VB pull) (NP (NNP Patrick)) (PRT (RP out)) (PP (IN of) (NP (DT the) (NN silo))))))) (. .)))</parse>
      <deps>det(men-3, The-1)
amod(men-3, other-2)
nsubj(managed-4, men-3)
xsubj(pull-6, men-3)
root(ROOT-0, managed-4)
aux(pull-6, to-5)
xcomp(managed-4, pull-6)
dobj(pull-6, Patrick-7)
det(silo-11, the-10)
prep_out_of(pull-6, silo-11)</deps>
      <events>
        <event id="e69" eiid="ei69" offset="4" string="managed" tense="PAST" aspect="NONE" class="OCCURRENCE" polarity="POS" modality="" happen="" lowerBoundDuration="" upperBoundDuration="" />
        <event id="e70" eiid="ei70" offset="6" string="pull" tense="INFINITIVE" aspect="NONE" class="OCCURRENCE" polarity="POS" modality="" happen="" lowerBoundDuration="" upperBoundDuration="" />
      </events>
      <timexes />
    </entry>
    <entry sid="38" file="9783732517695_015.txt">
      <sentence>They carried him and Daniel down to the courtyard .</sentence>
      <tokens>
        <t>" " "They" " "</t>
        <t>" " "carried" " "</t>
        <t>" " "him" " "</t>
        <t>" " "and" " "</t>
        <t>" " "Daniel" " "</t>
        <t>" " "down" " "</t>
        <t>" " "to" " "</t>
        <t>" " "the" " "</t>
        <t>" " "courtyard" ""</t>
        <t>"" "." " "</t>
      </tokens>
      <parse>(ROOT (S (NP (PRP They)) (VP (VP (VBD carried) (NP (PRP him))) (CC and) (VP (VBD Daniel) (PRT (RP down)) (PP (TO to) (NP (DT the) (NN courtyard))))) (. .)))</parse>
      <deps>nsubj(carried-2, They-1)
nsubj(Daniel-5, They-1)
root(ROOT-0, carried-2)
dobj(carried-2, him-3)
conj_and(carried-2, Daniel-5)
prt(Daniel-5, down-6)
det(courtyard-9, the-8)
prep_to(Daniel-5, courtyard-9)</deps>
      <events>
        <event id="e71" eiid="ei71" offset="2" string="carried" tense="PAST" aspect="NONE" class="OCCURRENCE" polarity="POS" modality="" happen="" lowerBoundDuration="" upperBoundDuration="" />
        <event id="e72" eiid="ei72" offset="5" string="Daniel" tense="PAST" aspect="NONE" class="OCCURRENCE" polarity="POS" modality="" happen="" lowerBoundDuration="" upperBoundDuration="" />
      </events>
      <timexes />
    </entry>
    <entry sid="39" file="9783732517695_015.txt">
      <sentence>In the meantime , the doctor had arrived there .</sentence>
      <tokens>
        <t>" " "In" " "</t>
        <t>" " "the" " "</t>
        <t>" " "meantime" ""</t>
        <t>"" "," " "</t>
        <t>" " "the" " "</t>
        <t>" " "doctor" " "</t>
        <t>" " "had" " "</t>
        <t>" " "arrived" " "</t>
        <t>" " "there" ""</t>
        <t>"" "." " "</t>
      </tokens>
      <parse>(ROOT (S (PP (IN In) (NP (DT the) (NN meantime))) (, ,) (NP (DT the) (NN doctor)) (VP (VBD had) (VP (VBN arrived) (ADVP (RB there)))) (. .)))</parse>
      <deps>det(meantime-3, the-2)
prep_in(arrived-8, meantime-3)
det(doctor-6, the-5)
nsubj(arrived-8, doctor-6)
aux(arrived-8, had-7)
root(ROOT-0, arrived-8)
advmod(arrived-8, there-9)</deps>
      <events>
        <event id="e73" eiid="ei73" offset="8" string="arrived" tense="PAST" aspect="PERFECTIVE" class="OCCURRENCE" polarity="POS" modality="" happen="" lowerBoundDuration="" upperBoundDuration="" />
      </events>
      <timexes />
    </entry>
    <entry sid="40" file="9783732517695_015.txt">
      <sentence>Daniel regained consciousness a short time later , and Patrick was taken to the hospital in Cork .</sentence>
      <tokens>
        <t>" " "Daniel" " "</t>
        <t>" " "regained" " "</t>
        <t>" " "consciousness" " "</t>
        <t>" " "a" " "</t>
        <t>" " "short" " "</t>
        <t>" " "time" " "</t>
        <t>" " "later" ""</t>
        <t>"" "," " "</t>
        <t>" " "and" " "</t>
        <t>" " "Patrick" " "</t>
        <t>" " "was" " "</t>
        <t>" " "taken" " "</t>
        <t>" " "to" " "</t>
        <t>" " "the" " "</t>
        <t>" " "hospital" " "</t>
        <t>" " "in" " "</t>
        <t>" " "Cork" ""</t>
        <t>"" "." " "</t>
      </tokens>
      <parse>(ROOT (S (S (NP (NNP Daniel)) (VP (VBD regained) (NP (NN consciousness)) (NP (DT a) (JJ short) (NN time) (RB later)))) (, ,) (CC and) (S (NP (NNP Patrick)) (VP (VBD was) (VP (VBN taken) (PP (TO to) (NP (NP (DT the) (NN hospital)) (PP (IN in) (NP (NNP Cork)))))))) (. .)))</parse>
      <deps>nsubj(regained-2, Daniel-1)
root(ROOT-0, regained-2)
iobj(regained-2, consciousness-3)
det(time-6, a-4)
amod(time-6, short-5)
dobj(regained-2, time-6)
advmod(time-6, later-7)
nsubjpass(taken-12, Patrick-10)
auxpass(taken-12, was-11)
conj_and(regained-2, taken-12)
det(hospital-15, the-14)
prep_to(taken-12, hospital-15)
prep_in(hospital-15, Cork-17)</deps>
      <events>
        <event id="e74" eiid="ei74" offset="2" string="regained" tense="PAST" aspect="NONE" class="OCCURRENCE" polarity="POS" modality="" happen="" lowerBoundDuration="" upperBoundDuration="" />
        <event id="e75" eiid="ei75" offset="12" string="taken" tense="PAST" aspect="NONE" class="OCCURRENCE" polarity="POS" modality="" happen="" lowerBoundDuration="" upperBoundDuration="" />
      </events>
      <timexes />
    </entry>
    <entry sid="41" file="9783732517695_015.txt">
      <sentence>The doctor doubted that he could still be helped .</sentence>
      <tokens>
        <t>" " "The" " "</t>
        <t>" " "doctor" " "</t>
        <t>" " "doubted" " "</t>
        <t>" " "that" " "</t>
        <t>" " "he" " "</t>
        <t>" " "could" " "</t>
        <t>" " "still" " "</t>
        <t>" " "be" " "</t>
        <t>" " "helped" ""</t>
        <t>"" "." " "</t>
      </tokens>
      <parse>(ROOT (S (NP (DT The) (NN doctor)) (VP (VBD doubted) (SBAR (IN that) (S (NP (PRP he)) (VP (MD could) (ADVP (RB still)) (VP (VB be) (VP (VBN helped))))))) (. .)))</parse>
      <deps>det(doctor-2, The-1)
nsubj(doubted-3, doctor-2)
root(ROOT-0, doubted-3)
mark(helped-9, that-4)
nsubjpass(helped-9, he-5)
aux(helped-9, could-6)
advmod(helped-9, still-7)
auxpass(helped-9, be-8)
ccomp(doubted-3, helped-9)</deps>
      <events>
        <event id="e76" eiid="ei76" offset="3" string="doubted" tense="PAST" aspect="NONE" class="OCCURRENCE" polarity="POS" modality="" happen="" lowerBoundDuration="" upperBoundDuration="" />
        <event id="e77" eiid="ei77" offset="9" string="helped" tense="NONE" aspect="NONE" class="OCCURRENCE" polarity="POS" modality="" happen="" lowerBoundDuration="" upperBoundDuration="" />
      </events>
      <timexes />
    </entry>
    <entry sid="42" file="9783732517695_015.txt">
      <sentence>He had inhaled the poisonous gases for too long .</sentence>
      <tokens>
        <t>" " "He" " "</t>
        <t>" " "had" " "</t>
        <t>" " "inhaled" " "</t>
        <t>" " "the" " "</t>
        <t>" " "poisonous" " "</t>
        <t>" " "gases" " "</t>
        <t>" " "for" " "</t>
        <t>" " "too" " "</t>
        <t>" " "long" ""</t>
        <t>"" "." ""</t>
      </tokens>
      <parse>(ROOT (S (NP (PRP He)) (VP (VBD had) (VP (VBN inhaled) (NP (DT the) (JJ poisonous) (NNS gases)) (PP (IN for) (ADJP (RB too) (JJ long))))) (. .)))</parse>
      <deps>nsubj(inhaled-3, He-1)
aux(inhaled-3, had-2)
root(ROOT-0, inhaled-3)
det(gases-6, the-4)
amod(gases-6, poisonous-5)
dobj(inhaled-3, gases-6)
advmod(long-9, too-8)
prep_for(inhaled-3, long-9)</deps>
      <events>
        <event id="e78" eiid="ei78" offset="3" string="inhaled" tense="PAST" aspect="PERFECTIVE" class="OCCURRENCE" polarity="POS" modality="" happen="" lowerBoundDuration="" upperBoundDuration="" />
      </events>
      <timexes />
    </entry>
    <tlink event1="ei6" event2="t2" relation="VAGUE" closed="false" origin="AdjacentVerbTimex" type="et" />
    <tlink event1="ei29" event2="t3" relation="IS_INCLUDED" closed="false" origin="AdjacentVerbTimex" type="et" />
    <tlink event1="ei43" event2="t4" relation="VAGUE" closed="false" origin="AdjacentVerbTimex" type="et" />
    <tlink event1="ei19" event2="ei18" relation="AFTER" closed="false" origin="RepEventGovEvent" type="ee" />
    <tlink event1="ei19" event2="ei20" relation="AFTER" closed="false" origin="RepEventGovEvent" type="ee" />
    <tlink event1="ei19" event2="ei22" relation="IS_INCLUDED" closed="false" origin="RepEventGovEvent" type="ee" />
    <tlink event1="ei19" event2="ei21" relation="IS_INCLUDED" closed="false" origin="RepEventGovEvent" type="ee" />
    <tlink event1="ei6" event2="ei7" relation="AFTER" closed="false" origin="ReichenbachDG13" type="ee" />
    <tlink event1="ei6" event2="ei8" relation="AFTER" closed="false" origin="ReichenbachDG13" type="ee" />
    <tlink event1="ei6" event2="ei9" relation="AFTER" closed="false" origin="ReichenbachDG13" type="ee" />
    <tlink event1="ei25" event2="ei28" relation="BEFORE" closed="false" origin="ReichenbachDG13" type="ee" />
    <tlink event1="ei26" event2="ei28" relation="BEFORE" closed="false" origin="ReichenbachDG13" type="ee" />
    <tlink event1="ei27" event2="ei28" relation="BEFORE" closed="false" origin="ReichenbachDG13" type="ee" />
    <tlink event1="ei28" event2="ei29" relation="AFTER" closed="false" origin="ReichenbachDG13" type="ee" />
    <tlink event1="ei28" event2="ei30" relation="AFTER" closed="false" origin="ReichenbachDG13" type="ee" />
    <tlink event1="ei33" event2="ei34" relation="BEFORE" closed="false" origin="ReichenbachDG13" type="ee" />
    <tlink event1="ei34" event2="ei35" relation="AFTER" closed="false" origin="ReichenbachDG13" type="ee" />
    <tlink event1="ei34" event2="ei37" relation="AFTER" closed="false" origin="ReichenbachDG13" type="ee" />
    <tlink event1="ei34" event2="ei38" relation="AFTER" closed="false" origin="ReichenbachDG13" type="ee" />
    <tlink event1="ei35" event2="ei39" relation="BEFORE" closed="false" origin="ReichenbachDG13" type="ee" />
    <tlink event1="ei37" event2="ei39" relation="BEFORE" closed="false" origin="ReichenbachDG13" type="ee" />
    <tlink event1="ei38" event2="ei39" relation="BEFORE" closed="false" origin="ReichenbachDG13" type="ee" />
    <tlink event1="ei40" event2="ei42" relation="AFTER" closed="false" origin="ReichenbachDG13" type="ee" />
    <tlink event1="ei41" event2="ei42" relation="AFTER" closed="false" origin="ReichenbachDG13" type="ee" />
    <tlink event1="ei52" event2="ei55" relation="AFTER" closed="false" origin="ReichenbachDG13" type="ee" />
    <tlink event1="ei53" event2="ei55" relation="AFTER" closed="false" origin="ReichenbachDG13" type="ee" />
    <tlink event1="ei53" event2="ei58" relation="BEFORE" closed="false" origin="ReichenbachDG13" type="ee" />
    <tlink event1="ei55" event2="ei56" relation="BEFORE" closed="false" origin="ReichenbachDG13" type="ee" />
    <tlink event1="ei55" event2="ei57" relation="BEFORE" closed="false" origin="ReichenbachDG13" type="ee" />
    <tlink event1="ei55" event2="ei58" relation="BEFORE" closed="false" origin="ReichenbachDG13" type="ee" />
    <tlink event1="ei56" event2="ei58" relation="BEFORE" closed="false" origin="ReichenbachDG13" type="ee" />
    <tlink event1="ei57" event2="ei58" relation="BEFORE" closed="false" origin="ReichenbachDG13" type="ee" />
    <tlink event1="ei58" event2="ei60" relation="AFTER" closed="false" origin="ReichenbachDG13" type="ee" />
    <tlink event1="ei58" event2="ei61" relation="AFTER" closed="false" origin="ReichenbachDG13" type="ee" />
    <tlink event1="ei60" event2="ei65" relation="BEFORE" closed="false" origin="ReichenbachDG13" type="ee" />
    <tlink event1="ei61" event2="ei65" relation="BEFORE" closed="false" origin="ReichenbachDG13" type="ee" />
    <tlink event1="ei64" event2="ei65" relation="BEFORE" closed="false" origin="ReichenbachDG13" type="ee" />
    <tlink event1="ei64" event2="ei68" relation="AFTER" closed="false" origin="ReichenbachDG13" type="ee" />
    <tlink event1="ei65" event2="ei68" relation="AFTER" closed="false" origin="ReichenbachDG13" type="ee" />
    <tlink event1="ei68" event2="ei69" relation="BEFORE" closed="false" origin="ReichenbachDG13" type="ee" />
    <tlink event1="ei71" event2="ei73" relation="AFTER" closed="false" origin="ReichenbachDG13" type="ee" />
    <tlink event1="ei72" event2="ei73" relation="AFTER" closed="false" origin="ReichenbachDG13" type="ee" />
    <tlink event1="ei73" event2="ei74" relation="BEFORE" closed="false" origin="ReichenbachDG13" type="ee" />
    <tlink event1="ei73" event2="ei75" relation="BEFORE" closed="false" origin="ReichenbachDG13" type="ee" />
    <tlink event1="ei74" event2="ei77" relation="BEFORE" closed="false" origin="ReichenbachDG13" type="ee" />
    <tlink event1="ei75" event2="ei77" relation="BEFORE" closed="false" origin="ReichenbachDG13" type="ee" />
    <tlink event1="ei76" event2="ei77" relation="BEFORE" closed="false" origin="ReichenbachDG13" type="ee" />
    <tlink event1="ei76" event2="ei78" relation="AFTER" closed="false" origin="ReichenbachDG13" type="ee" />
    <tlink event1="ei77" event2="ei78" relation="AFTER" closed="false" origin="ReichenbachDG13" type="ee" />
    <tlink event1="ei73" event2="ei77" relation="BEFORE" closed="true" origin="ReichenbachDG13" type="ee" />
    <tlink event1="ei8" event2="ei7" relation="SIMULTANEOUS" closed="false" origin="XCompDepSieve" type="ee" />
    <tlink event1="ei8" event2="ei9" relation="VAGUE" closed="false" origin="XCompDepSieve" type="ee" />
    <tlink event1="ei13" event2="ei14" relation="VAGUE" closed="false" origin="XCompDepSieve" type="ee" />
    <tlink event1="ei15" event2="ei16" relation="VAGUE" closed="false" origin="XCompDepSieve" type="ee" />
    <tlink event1="ei20" event2="ei22" relation="VAGUE" closed="false" origin="XCompDepSieve" type="ee" />
    <tlink event1="ei26" event2="ei25" relation="VAGUE" closed="false" origin="XCompDepSieve" type="ee" />
    <tlink event1="ei35" event2="ei36" relation="SIMULTANEOUS" closed="false" origin="XCompDepSieve" type="ee" />
    <tlink event1="ei35" event2="ei37" relation="BEFORE" closed="false" origin="XCompDepSieve" type="ee" />
    <tlink event1="ei37" event2="ei38" relation="VAGUE" closed="false" origin="XCompDepSieve" type="ee" />
    <tlink event1="ei41" event2="ei40" relation="BEFORE" closed="false" origin="XCompDepSieve" type="ee" />
    <tlink event1="ei54" event2="ei55" relation="AFTER" closed="false" origin="XCompDepSieve" type="ee" />
    <tlink event1="ei56" event2="ei57" relation="VAGUE" closed="false" origin="XCompDepSieve" type="ee" />
    <tlink event1="ei60" event2="ei61" relation="BEFORE" closed="false" origin="XCompDepSieve" type="ee" />
    <tlink event1="ei61" event2="ei62" relation="BEFORE" closed="false" origin="XCompDepSieve" type="ee" />
    <tlink event1="ei62" event2="ei63" relation="BEFORE" closed="false" origin="XCompDepSieve" type="ee" />
    <tlink event1="ei69" event2="ei70" relation="BEFORE" closed="false" origin="XCompDepSieve" type="ee" />
    <tlink event1="ei71" event2="ei72" relation="VAGUE" closed="false" origin="XCompDepSieve" type="ee" />
    <tlink event1="ei74" event2="ei75" relation="VAGUE" closed="false" origin="XCompDepSieve" type="ee" />
    <tlink event1="ei34" event2="ei36" relation="AFTER" closed="true" origin="XCompDepSieve" type="ee" />
    <tlink event1="ei39" event2="ei36" relation="AFTER" closed="true" origin="XCompDepSieve" type="ee" />
    <tlink event1="ei68" event2="ei70" relation="BEFORE" closed="true" origin="XCompDepSieve" type="ee" />
    <tlink event1="ei36" event2="ei37" relation="BEFORE" closed="true" origin="XCompDepSieve" type="ee" />
    <tlink event1="ei60" event2="ei62" relation="BEFORE" closed="true" origin="XCompDepSieve" type="ee" />
    <tlink event1="ei61" event2="ei63" relation="BEFORE" closed="true" origin="XCompDepSieve" type="ee" />
    <tlink event1="ei60" event2="ei63" relation="BEFORE" closed="true" origin="XCompDepSieve" type="ee" />
    <tlink event1="ei13" event2="ei15" relation="VAGUE" closed="false" origin="WordNet209" type="ee" />
    <tlink event1="ei17" event2="ei21" relation="VAGUE" closed="false" origin="WordNet209" type="ee" />
    <tlink event1="ei32" event2="ei33" relation="VAGUE" closed="false" origin="WordNet209" type="ee" />
    <tlink event1="ei53" event2="ei54" relation="VAGUE" closed="false" origin="WordNet209" type="ee" />
    <tlink event1="ei1" event2="t1" relation="INCLUDES" closed="false" origin="MLEventTimeSameSent" type="et" />
    <tlink event1="ei2" event2="t1" relation="VAGUE" closed="false" origin="MLEventTimeSameSent" type="et" />
    <tlink event1="ei30" event2="t3" relation="VAGUE" closed="false" origin="MLEventTimeSameSent" type="et" />
    <tlink event1="ei1" event2="ei2" relation="VAGUE" closed="false" origin="MLEventEventDominates" type="ee" />
    <tlink event1="ei3" event2="ei4" relation="VAGUE" closed="false" origin="MLEventEventDominates" type="ee" />
    <tlink event1="ei3" event2="ei5" relation="VAGUE" closed="false" origin="MLEventEventDominates" type="ee" />
    <tlink event1="ei4" event2="ei5" relation="VAGUE" closed="false" origin="MLEventEventDominates" type="ee" />
    <tlink event1="ei11" event2="ei12" relation="AFTER" closed="false" origin="MLEventEventDominates" type="ee" />
    <tlink event1="ei44" event2="ei45" relation="VAGUE" closed="false" origin="MLEventEventDominates" type="ee" />
    <tlink event1="ei50" event2="ei51" relation="AFTER" closed="false" origin="MLEventEventDominates" type="ee" />
    <tlink event1="ei7" event2="ei9" relation="VAGUE" closed="false" origin="MLEventEventSameSent" type="ee" />
    <tlink event1="ei18" event2="ei20" relation="VAGUE" closed="false" origin="MLEventEventSameSent" type="ee" />
    <tlink event1="ei18" event2="ei21" relation="VAGUE" closed="false" origin="MLEventEventSameSent" type="ee" />
    <tlink event1="ei18" event2="ei22" relation="VAGUE" closed="false" origin="MLEventEventSameSent" type="ee" />
    <tlink event1="ei20" event2="ei21" relation="VAGUE" closed="false" origin="MLEventEventSameSent" type="ee" />
    <tlink event1="ei21" event2="ei22" relation="VAGUE" closed="false" origin="MLEventEventSameSent" type="ee" />
    <tlink event1="ei29" event2="ei30" relation="VAGUE" closed="false" origin="MLEventEventSameSent" type="ee" />
    <tlink event1="ei35" event2="ei38" relation="VAGUE" closed="false" origin="MLEventEventSameSent" type="ee" />
    <tlink event1="ei36" event2="ei38" relation="VAGUE" closed="false" origin="MLEventEventSameSent" type="ee" />
    <tlink event1="ei46" event2="ei47" relation="VAGUE" closed="false" origin="MLEventEventSameSent" type="ee" />
    <tlink event1="ei48" event2="ei49" relation="VAGUE" closed="false" origin="MLEventEventSameSent" type="ee" />
    <tlink event1="ei59" event2="ei60" relation="VAGUE" closed="false" origin="MLEventEventSameSent" type="ee" />
    <tlink event1="ei59" event2="ei61" relation="VAGUE" closed="false" origin="MLEventEventSameSent" type="ee" />
    <tlink event1="ei59" event2="ei62" relation="VAGUE" closed="false" origin="MLEventEventSameSent" type="ee" />
    <tlink event1="ei59" event2="ei63" relation="BEFORE" closed="false" origin="MLEventEventSameSent" type="ee" />
    <tlink event1="ei64" event2="ei66" relation="VAGUE" closed="false" origin="MLEventEventSameSent" type="ee" />
    <tlink event1="ei65" event2="ei66" relation="VAGUE" closed="false" origin="MLEventEventSameSent" type="ee" />
    <tlink event1="ei67" event2="ei68" relation="AFTER" closed="false" origin="MLEventEventSameSent" type="ee" />
    <tlink event1="ei1" event2="ei3" relation="VAGUE" closed="false" origin="AllVagueSieve" type="ee" />
    <tlink event1="ei1" event2="ei4" relation="VAGUE" closed="false" origin="AllVagueSieve" type="ee" />
    <tlink event1="ei1" event2="ei5" relation="VAGUE" closed="false" origin="AllVagueSieve" type="ee" />
    <tlink event1="ei2" event2="ei3" relation="VAGUE" closed="false" origin="AllVagueSieve" type="ee" />
    <tlink event1="ei2" event2="ei4" relation="VAGUE" closed="false" origin="AllVagueSieve" type="ee" />
    <tlink event1="ei2" event2="ei5" relation="VAGUE" closed="false" origin="AllVagueSieve" type="ee" />
    <tlink event1="t1" event2="ei3" relation="VAGUE" closed="false" origin="AllVagueSieve" type="et" />
    <tlink event1="t1" event2="ei4" relation="VAGUE" closed="false" origin="AllVagueSieve" type="et" />
    <tlink event1="t1" event2="ei5" relation="VAGUE" closed="false" origin="AllVagueSieve" type="et" />
    <tlink event1="ei3" event2="ei6" relation="VAGUE" closed="false" origin="AllVagueSieve" type="ee" />
    <tlink event1="ei3" event2="t2" relation="VAGUE" closed="false" origin="AllVagueSieve" type="et" />
    <tlink event1="ei4" event2="ei6" relation="VAGUE" closed="false" origin="AllVagueSieve" type="ee" />
    <tlink event1="ei4" event2="t2" relation="VAGUE" closed="false" origin="AllVagueSieve" type="et" />
    <tlink event1="ei5" event2="ei6" relation="VAGUE" closed="false" origin="AllVagueSieve" type="ee" />
    <tlink event1="ei5" event2="t2" relation="VAGUE" closed="false" origin="AllVagueSieve" type="et" />
    <tlink event1="t2" event2="ei7" relation="VAGUE" closed="false" origin="AllVagueSieve" type="et" />
    <tlink event1="t2" event2="ei8" relation="VAGUE" closed="false" origin="AllVagueSieve" type="et" />
    <tlink event1="t2" event2="ei9" relation="VAGUE" closed="false" origin="AllVagueSieve" type="et" />
    <tlink event1="ei7" event2="ei10" relation="VAGUE" closed="false" origin="AllVagueSieve" type="ee" />
    <tlink event1="ei8" event2="ei10" relation="VAGUE" closed="false" origin="AllVagueSieve" type="ee" />
    <tlink event1="ei9" event2="ei10" relation="VAGUE" closed="false" origin="AllVagueSieve" type="ee" />
    <tlink event1="ei10" event2="ei11" relation="VAGUE" closed="false" origin="AllVagueSieve" type="ee" />
    <tlink event1="ei10" event2="ei12" relation="VAGUE" closed="false" origin="AllVagueSieve" type="ee" />
    <tlink event1="ei11" event2="ei13" relation="VAGUE" closed="false" origin="AllVagueSieve" type="ee" />
    <tlink event1="ei11" event2="ei14" relation="VAGUE" closed="false" origin="AllVagueSieve" type="ee" />
    <tlink event1="ei12" event2="ei13" relation="VAGUE" closed="false" origin="AllVagueSieve" type="ee" />
    <tlink event1="ei12" event2="ei14" relation="VAGUE" closed="false" origin="AllVagueSieve" type="ee" />
    <tlink event1="ei13" event2="ei16" relation="VAGUE" closed="false" origin="AllVagueSieve" type="ee" />
    <tlink event1="ei14" event2="ei15" relation="VAGUE" closed="false" origin="AllVagueSieve" type="ee" />
    <tlink event1="ei14" event2="ei16" relation="VAGUE" closed="false" origin="AllVagueSieve" type="ee" />
    <tlink event1="ei15" event2="ei17" relation="VAGUE" closed="false" origin="AllVagueSieve" type="ee" />
    <tlink event1="ei16" event2="ei17" relation="VAGUE" closed="false" origin="AllVagueSieve" type="ee" />
    <tlink event1="ei17" event2="ei18" relation="VAGUE" closed="false" origin="AllVagueSieve" type="ee" />
    <tlink event1="ei17" event2="ei19" relation="VAGUE" closed="false" origin="AllVagueSieve" type="ee" />
    <tlink event1="ei17" event2="ei20" relation="VAGUE" closed="false" origin="AllVagueSieve" type="ee" />
    <tlink event1="ei17" event2="ei22" relation="VAGUE" closed="false" origin="AllVagueSieve" type="ee" />
    <tlink event1="ei23" event2="ei24" relation="VAGUE" closed="false" origin="AllVagueSieve" type="ee" />
    <tlink event1="ei24" event2="ei25" relation="VAGUE" closed="false" origin="AllVagueSieve" type="ee" />
    <tlink event1="ei24" event2="ei26" relation="VAGUE" closed="false" origin="AllVagueSieve" type="ee" />
    <tlink event1="ei25" event2="ei27" relation="VAGUE" closed="false" origin="AllVagueSieve" type="ee" />
    <tlink event1="ei26" event2="ei27" relation="VAGUE" closed="false" origin="AllVagueSieve" type="ee" />
    <tlink event1="ei27" event2="ei29" relation="VAGUE" closed="false" origin="AllVagueSieve" type="ee" />
    <tlink event1="ei27" event2="ei30" relation="VAGUE" closed="false" origin="AllVagueSieve" type="ee" />
    <tlink event1="ei27" event2="t3" relation="VAGUE" closed="false" origin="AllVagueSieve" type="et" />
    <tlink event1="ei28" event2="t3" relation="VAGUE" closed="false" origin="AllVagueSieve" type="et" />
    <tlink event1="ei29" event2="ei31" relation="VAGUE" closed="false" origin="AllVagueSieve" type="ee" />
    <tlink event1="ei30" event2="ei31" relation="VAGUE" closed="false" origin="AllVagueSieve" type="ee" />
    <tlink event1="t3" event2="ei31" relation="VAGUE" closed="false" origin="AllVagueSieve" type="et" />
    <tlink event1="ei39" event2="ei40" relation="VAGUE" closed="false" origin="AllVagueSieve" type="ee" />
    <tlink event1="ei39" event2="ei41" relation="VAGUE" closed="false" origin="AllVagueSieve" type="ee" />
    <tlink event1="ei42" event2="ei43" relation="VAGUE" closed="false" origin="AllVagueSieve" type="ee" />
    <tlink event1="ei42" event2="t4" relation="VAGUE" closed="false" origin="AllVagueSieve" type="et" />
    <tlink event1="ei43" event2="ei44" relation="VAGUE" closed="false" origin="AllVagueSieve" type="ee" />
    <tlink event1="ei43" event2="ei45" relation="VAGUE" closed="false" origin="AllVagueSieve" type="ee" />
    <tlink event1="t4" event2="ei44" relation="VAGUE" closed="false" origin="AllVagueSieve" type="et" />
    <tlink event1="t4" event2="ei45" relation="VAGUE" closed="false" origin="AllVagueSieve" type="et" />
    <tlink event1="ei46" event2="ei48" relation="VAGUE" closed="false" origin="AllVagueSieve" type="ee" />
    <tlink event1="ei46" event2="ei49" relation="VAGUE" closed="false" origin="AllVagueSieve" type="ee" />
    <tlink event1="ei47" event2="ei48" relation="VAGUE" closed="false" origin="AllVagueSieve" type="ee" />
    <tlink event1="ei47" event2="ei49" relation="VAGUE" closed="false" origin="AllVagueSieve" type="ee" />
    <tlink event1="ei48" event2="ei50" relation="VAGUE" closed="false" origin="AllVagueSieve" type="ee" />
    <tlink event1="ei48" event2="ei51" relation="VAGUE" closed="false" origin="AllVagueSieve" type="ee" />
    <tlink event1="ei49" event2="ei50" relation="VAGUE" closed="false" origin="AllVagueSieve" type="ee" />
    <tlink event1="ei49" event2="ei51" relation="VAGUE" closed="false" origin="AllVagueSieve" type="ee" />
    <tlink event1="ei50" event2="ei52" relation="VAGUE" closed="false" origin="AllVagueSieve" type="ee" />
    <tlink event1="ei51" event2="ei52" relation="VAGUE" closed="false" origin="AllVagueSieve" type="ee" />
    <tlink event1="ei52" event2="ei53" relation="VAGUE" closed="false" origin="AllVagueSieve" type="ee" />
    <tlink event1="ei52" event2="ei54" relation="VAGUE" closed="false" origin="AllVagueSieve" type="ee" />
    <tlink event1="ei53" event2="ei56" relation="VAGUE" closed="false" origin="AllVagueSieve" type="ee" />
    <tlink event1="ei53" event2="ei57" relation="VAGUE" closed="false" origin="AllVagueSieve" type="ee" />
    <tlink event1="ei54" event2="ei56" relation="VAGUE" closed="false" origin="AllVagueSieve" type="ee" />
    <tlink event1="ei54" event2="ei57" relation="VAGUE" closed="false" origin="AllVagueSieve" type="ee" />
    <tlink event1="ei54" event2="ei58" relation="VAGUE" closed="false" origin="AllVagueSieve" type="ee" />
    <tlink event1="ei56" event2="ei59" relation="VAGUE" closed="false" origin="AllVagueSieve" type="ee" />
    <tlink event1="ei56" event2="ei60" relation="VAGUE" closed="false" origin="AllVagueSieve" type="ee" />
    <tlink event1="ei56" event2="ei61" relation="VAGUE" closed="false" origin="AllVagueSieve" type="ee" />
    <tlink event1="ei56" event2="ei62" relation="VAGUE" closed="false" origin="AllVagueSieve" type="ee" />
    <tlink event1="ei56" event2="ei63" relation="VAGUE" closed="false" origin="AllVagueSieve" type="ee" />
    <tlink event1="ei57" event2="ei59" relation="VAGUE" closed="false" origin="AllVagueSieve" type="ee" />
    <tlink event1="ei57" event2="ei60" relation="VAGUE" closed="false" origin="AllVagueSieve" type="ee" />
    <tlink event1="ei57" event2="ei61" relation="VAGUE" closed="false" origin="AllVagueSieve" type="ee" />
    <tlink event1="ei57" event2="ei62" relation="VAGUE" closed="false" origin="AllVagueSieve" type="ee" />
    <tlink event1="ei57" event2="ei63" relation="VAGUE" closed="false" origin="AllVagueSieve" type="ee" />
    <tlink event1="ei58" event2="ei59" relation="VAGUE" closed="false" origin="AllVagueSieve" type="ee" />
    <tlink event1="ei58" event2="ei62" relation="VAGUE" closed="false" origin="AllVagueSieve" type="ee" />
    <tlink event1="ei58" event2="ei63" relation="VAGUE" closed="false" origin="AllVagueSieve" type="ee" />
    <tlink event1="ei59" event2="ei64" relation="VAGUE" closed="false" origin="AllVagueSieve" type="ee" />
    <tlink event1="ei59" event2="ei65" relation="VAGUE" closed="false" origin="AllVagueSieve" type="ee" />
    <tlink event1="ei59" event2="ei66" relation="VAGUE" closed="false" origin="AllVagueSieve" type="ee" />
    <tlink event1="ei60" event2="ei64" relation="VAGUE" closed="false" origin="AllVagueSieve" type="ee" />
    <tlink event1="ei60" event2="ei66" relation="VAGUE" closed="false" origin="AllVagueSieve" type="ee" />
    <tlink event1="ei61" event2="ei64" relation="VAGUE" closed="false" origin="AllVagueSieve" type="ee" />
    <tlink event1="ei61" event2="ei66" relation="VAGUE" closed="false" origin="AllVagueSieve" type="ee" />
    <tlink event1="ei62" event2="ei64" relation="VAGUE" closed="false" origin="AllVagueSieve" type="ee" />
    <tlink event1="ei62" event2="ei65" relation="VAGUE" closed="false" origin="AllVagueSieve" type="ee" />
    <tlink event1="ei62" event2="ei66" relation="VAGUE" closed="false" origin="AllVagueSieve" type="ee" />
    <tlink event1="ei63" event2="ei64" relation="VAGUE" closed="false" origin="AllVagueSieve" type="ee" />
    <tlink event1="ei63" event2="ei65" relation="VAGUE" closed="false" origin="AllVagueSieve" type="ee" />
    <tlink event1="ei63" event2="ei66" relation="VAGUE" closed="false" origin="AllVagueSieve" type="ee" />
    <tlink event1="ei64" event2="ei67" relation="VAGUE" closed="false" origin="AllVagueSieve" type="ee" />
    <tlink event1="ei65" event2="ei67" relation="VAGUE" closed="false" origin="AllVagueSieve" type="ee" />
    <tlink event1="ei66" event2="ei67" relation="VAGUE" closed="false" origin="AllVagueSieve" type="ee" />
    <tlink event1="ei66" event2="ei68" relation="VAGUE" closed="false" origin="AllVagueSieve" type="ee" />
    <tlink event1="ei67" event2="ei69" relation="VAGUE" closed="false" origin="AllVagueSieve" type="ee" />
    <tlink event1="ei67" event2="ei70" relation="VAGUE" closed="false" origin="AllVagueSieve" type="ee" />
    <tlink event1="ei69" event2="ei71" relation="VAGUE" closed="false" origin="AllVagueSieve" type="ee" />
    <tlink event1="ei69" event2="ei72" relation="VAGUE" closed="false" origin="AllVagueSieve" type="ee" />
    <tlink event1="ei70" event2="ei71" relation="VAGUE" closed="false" origin="AllVagueSieve" type="ee" />
    <tlink event1="ei70" event2="ei72" relation="VAGUE" closed="false" origin="AllVagueSieve" type="ee" />
    <tlink event1="ei74" event2="ei76" relation="VAGUE" closed="false" origin="AllVagueSieve" type="ee" />
    <tlink event1="ei75" event2="ei76" relation="VAGUE" closed="false" origin="AllVagueSieve" type="ee" />
  </file>
</root>

