<?xml version="1.0" encoding="UTF-8"?>
<root xmlns="http://chambers.com/corpusinfo">
  <file name="9783732517695_043.txt">
    <entry sid="0" file="9783732517695_043.txt">
      <sentence>When Kathleen visited him at the estate one day , he left his work and went with her to the horse stables .</sentence>
      <tokens>
        <t>"" "When" " "</t>
        <t>" " "Kathleen" " "</t>
        <t>" " "visited" " "</t>
        <t>" " "him" " "</t>
        <t>" " "at" " "</t>
        <t>" " "the" " "</t>
        <t>" " "estate" " "</t>
        <t>" " "one" " "</t>
        <t>" " "day" ""</t>
        <t>"" "," " "</t>
        <t>" " "he" " "</t>
        <t>" " "left" " "</t>
        <t>" " "his" " "</t>
        <t>" " "work" " "</t>
        <t>" " "and" " "</t>
        <t>" " "went" " "</t>
        <t>" " "with" " "</t>
        <t>" " "her" " "</t>
        <t>" " "to" " "</t>
        <t>" " "the" " "</t>
        <t>" " "horse" " "</t>
        <t>" " "stables" ""</t>
        <t>"" "." " "</t>
      </tokens>
      <parse>(ROOT (S (SBAR (WHADVP (WRB When)) (S (NP (NNP Kathleen)) (VP (VBD visited) (NP (PRP him)) (PP (IN at) (NP (NP (DT the) (NN estate)) (NP (CD one) (NN day))))))) (, ,) (NP (PRP he)) (VP (VP (VBD left) (NP (PRP$ his) (NN work))) (CC and) (VP (VBD went) (PP (IN with) (NP (PRP her))) (PP (TO to) (NP (DT the) (NN horse) (NNS stables))))) (. .)))</parse>
      <deps>advmod(visited-3, When-1)
nsubj(visited-3, Kathleen-2)
advcl(left-12, visited-3)
dobj(visited-3, him-4)
det(estate-7, the-6)
prep_at(visited-3, estate-7)
num(day-9, one-8)
dep(estate-7, day-9)
nsubj(left-12, he-11)
nsubj(went-16, he-11)
root(ROOT-0, left-12)
poss(work-14, his-13)
dobj(left-12, work-14)
conj_and(left-12, went-16)
prep_with(went-16, her-18)
det(stables-22, the-20)
nn(stables-22, horse-21)
prep_to(went-16, stables-22)</deps>
      <events>
        <event id="e1" eiid="ei1" offset="3" string="visited" tense="PAST" aspect="NONE" class="OCCURRENCE" polarity="POS" modality="" happen="" lowerBoundDuration="" upperBoundDuration="" />
        <event id="e2" eiid="ei2" offset="12" string="left" tense="PAST" aspect="NONE" class="I_ACTION" polarity="POS" modality="" happen="" lowerBoundDuration="" upperBoundDuration="" />
        <event id="e3" eiid="ei3" offset="16" string="went" tense="PAST" aspect="NONE" class="OCCURRENCE" polarity="POS" modality="" happen="" lowerBoundDuration="" upperBoundDuration="" />
      </events>
      <timexes>
        <timex tid="t1" text="one day" offset="8" length="2" type="DURATION" value="P1D" temporalFunction="false" />
      </timexes>
    </entry>
    <entry sid="1" file="9783732517695_043.txt">
      <sentence>`` What are you up to , Patrick ? ''</sentence>
      <tokens>
        <t>" " """ ""</t>
        <t>"" "What" " "</t>
        <t>" " "are" " "</t>
        <t>" " "you" " "</t>
        <t>" " "up" " "</t>
        <t>" " "to" ""</t>
        <t>"" "," " "</t>
        <t>" " "Patrick" ""</t>
        <t>"" "?" ""</t>
        <t>"" """ " "</t>
      </tokens>
      <parse>(ROOT (SBARQ (`` ``) (WHNP (WP What)) (SQ (VBP are) (NP (PRP you)) (VP (ADVP (RB up) (PP (TO to))) (, ,) (VBN Patrick))) (. ?) ('' '')))</parse>
      <deps>dobj(Patrick-8, What-2)
auxpass(Patrick-8, are-3)
nsubjpass(Patrick-8, you-4)
advmod(Patrick-8, up-5)
prep(up-5, to-6)
root(ROOT-0, Patrick-8)</deps>
      <events />
      <timexes />
    </entry>
    <entry sid="2" file="9783732517695_043.txt">
      <sentence>asked Kathleen .</sentence>
      <tokens>
        <t>" " "asked" " "</t>
        <t>" " "Kathleen" ""</t>
        <t>"" "." " "</t>
      </tokens>
      <parse>(ROOT (S (VP (VBD asked) (NP (NNP Kathleen))) (. .)))</parse>
      <deps>root(ROOT-0, asked-1)
dobj(asked-1, Kathleen-2)</deps>
      <events>
        <event id="e4" eiid="ei4" offset="1" string="asked" tense="PAST" aspect="NONE" class="I_ACTION" polarity="POS" modality="" happen="" lowerBoundDuration="" upperBoundDuration="" />
      </events>
      <timexes />
    </entry>
    <entry sid="3" file="9783732517695_043.txt">
      <sentence>Patrick laughed .</sentence>
      <tokens>
        <t>" " "Patrick" " "</t>
        <t>" " "laughed" ""</t>
        <t>"" "." " "</t>
      </tokens>
      <parse>(ROOT (S (NP (NNP Patrick)) (VP (VBD laughed)) (. .)))</parse>
      <deps>nsubj(laughed-2, Patrick-1)
root(ROOT-0, laughed-2)</deps>
      <events>
        <event id="e5" eiid="ei5" offset="2" string="laughed" tense="PAST" aspect="NONE" class="OCCURRENCE" polarity="POS" modality="" happen="" lowerBoundDuration="" upperBoundDuration="" />
      </events>
      <timexes />
    </entry>
    <entry sid="4" file="9783732517695_043.txt">
      <sentence>`` You 're in riding clothes , are n't you ?</sentence>
      <tokens>
        <t>" " """ ""</t>
        <t>"" "You" ""</t>
        <t>"" "'re" " "</t>
        <t>" " "in" " "</t>
        <t>" " "riding" " "</t>
        <t>" " "clothes" ""</t>
        <t>"" "," " "</t>
        <t>" " "are" ""</t>
        <t>"" "n't" " "</t>
        <t>" " "you" ""</t>
        <t>"" "?" " "</t>
      </tokens>
      <parse>(ROOT (SINV (`` ``) (S (NP (PRP You)) (VP (VBP 're) (PP (IN in) (S (VP (VBG riding) (NP (NNS clothes))))))) (, ,) (VP (VBP are) (RB n't)) (NP (PRP you)) (. ?)))</parse>
      <deps>nsubj('re-3, You-2)
ccomp(are-8, 're-3)
prepc_in('re-3, riding-5)
dobj(riding-5, clothes-6)
root(ROOT-0, are-8)
neg(are-8, n't-9)
nsubj(are-8, you-10)</deps>
      <events />
      <timexes />
    </entry>
    <entry sid="5" file="9783732517695_043.txt">
      <sentence>Do you think I 'll work while you ride out ?</sentence>
      <tokens>
        <t>" " "Do" " "</t>
        <t>" " "you" " "</t>
        <t>" " "think" " "</t>
        <t>" " "I" ""</t>
        <t>"" "'ll" " "</t>
        <t>" " "work" " "</t>
        <t>" " "while" " "</t>
        <t>" " "you" " "</t>
        <t>" " "ride" " "</t>
        <t>" " "out" ""</t>
        <t>"" "?" " "</t>
      </tokens>
      <parse>(ROOT (SQ (VBP Do) (NP (PRP you)) (VP (VB think) (SBAR (S (NP (PRP I)) (VP (MD 'll) (VP (VB work) (SBAR (IN while) (S (NP (PRP you)) (VP (VBP ride) (PRT (RP out)))))))))) (. ?)))</parse>
      <deps>aux(think-3, Do-1)
nsubj(think-3, you-2)
root(ROOT-0, think-3)
nsubj(work-6, I-4)
aux(work-6, 'll-5)
ccomp(think-3, work-6)
mark(ride-9, while-7)
nsubj(ride-9, you-8)
advcl(work-6, ride-9)
prt(ride-9, out-10)</deps>
      <events>
        <event id="e6" eiid="ei6" offset="3" string="think" tense="PRESENT" aspect="NONE" class="OCCURRENCE" polarity="POS" modality="" happen="" lowerBoundDuration="" upperBoundDuration="" />
        <event id="e7" eiid="ei7" offset="6" string="work" tense="FUTURE" aspect="NONE" class="OCCURRENCE" polarity="POS" modality="" happen="" lowerBoundDuration="" upperBoundDuration="" />
        <event id="e8" eiid="ei8" offset="9" string="ride" tense="PRESENT" aspect="NONE" class="OCCURRENCE" polarity="POS" modality="" happen="" lowerBoundDuration="" upperBoundDuration="" />
      </events>
      <timexes />
    </entry>
    <entry sid="6" file="9783732517695_043.txt">
      <sentence>I 'll go with you .</sentence>
      <tokens>
        <t>" " "I" ""</t>
        <t>"" "'ll" " "</t>
        <t>" " "go" " "</t>
        <t>" " "with" " "</t>
        <t>" " "you" ""</t>
        <t>"" "." " "</t>
      </tokens>
      <parse>(ROOT (S (NP (PRP I)) (VP (MD 'll) (VP (VB go) (PP (IN with) (NP (PRP you))))) (. .)))</parse>
      <deps>nsubj(go-3, I-1)
aux(go-3, 'll-2)
root(ROOT-0, go-3)
prep_with(go-3, you-5)</deps>
      <events>
        <event id="e9" eiid="ei9" offset="3" string="go" tense="FUTURE" aspect="NONE" class="OCCURRENCE" polarity="POS" modality="" happen="" lowerBoundDuration="" upperBoundDuration="" />
      </events>
      <timexes />
    </entry>
    <entry sid="7" file="9783732517695_043.txt">
      <sentence>But where we ride , I decide .</sentence>
      <tokens>
        <t>" " "But" " "</t>
        <t>" " "where" " "</t>
        <t>" " "we" " "</t>
        <t>" " "ride" ""</t>
        <t>"" "," " "</t>
        <t>" " "I" " "</t>
        <t>" " "decide" ""</t>
        <t>"" "." " "</t>
      </tokens>
      <parse>(ROOT (S (CC But) (SBAR (WHADVP (WRB where)) (S (NP (PRP we)) (VP (VBP ride)))) (, ,) (NP (PRP I)) (VP (VBP decide)) (. .)))</parse>
      <deps>cc(decide-7, But-1)
advmod(ride-4, where-2)
nsubj(ride-4, we-3)
advcl(decide-7, ride-4)
nsubj(decide-7, I-6)
root(ROOT-0, decide-7)</deps>
      <events>
        <event id="e10" eiid="ei10" offset="4" string="ride" tense="PRESENT" aspect="NONE" class="OCCURRENCE" polarity="POS" modality="" happen="" lowerBoundDuration="" upperBoundDuration="" />
      </events>
      <timexes />
    </entry>
    <entry sid="8" file="9783732517695_043.txt">
      <sentence>And I 'm not telling yet . ''</sentence>
      <tokens>
        <t>" " "And" " "</t>
        <t>" " "I" ""</t>
        <t>"" "'m" " "</t>
        <t>" " "not" " "</t>
        <t>" " "telling" " "</t>
        <t>" " "yet" ""</t>
        <t>"" "." ""</t>
        <t>"" """ " "</t>
      </tokens>
      <parse>(ROOT (S (CC And) (NP (PRP I)) (VP (VBP 'm) (RB not) (VP (VBG telling) (ADVP (RB yet)))) (. .) ('' '')))</parse>
      <deps>cc(telling-5, And-1)
nsubj(telling-5, I-2)
aux(telling-5, 'm-3)
neg(telling-5, not-4)
root(ROOT-0, telling-5)
advmod(telling-5, yet-6)</deps>
      <events>
        <event id="e11" eiid="ei11" offset="5" string="telling" tense="PRESENT" aspect="PROGRESSIVE" class="OCCURRENCE" polarity="POS" modality="" happen="" lowerBoundDuration="" upperBoundDuration="" />
      </events>
      <timexes />
    </entry>
    <entry sid="9" file="9783732517695_043.txt">
      <sentence>He kissed Kathleen exuberantly .</sentence>
      <tokens>
        <t>" " "He" " "</t>
        <t>" " "kissed" " "</t>
        <t>" " "Kathleen" " "</t>
        <t>" " "exuberantly" ""</t>
        <t>"" "." " "</t>
      </tokens>
      <parse>(ROOT (S (NP (PRP He)) (VP (VBD kissed) (NP (NNP Kathleen)) (ADVP (RB exuberantly))) (. .)))</parse>
      <deps>nsubj(kissed-2, He-1)
root(ROOT-0, kissed-2)
dobj(kissed-2, Kathleen-3)
advmod(kissed-2, exuberantly-4)</deps>
      <events>
        <event id="e12" eiid="ei12" offset="2" string="kissed" tense="PAST" aspect="NONE" class="OCCURRENCE" polarity="POS" modality="" happen="" lowerBoundDuration="" upperBoundDuration="" />
      </events>
      <timexes />
    </entry>
    <entry sid="10" file="9783732517695_043.txt">
      <sentence>A little later they left the farm .</sentence>
      <tokens>
        <t>" " "A" " "</t>
        <t>" " "little" " "</t>
        <t>" " "later" " "</t>
        <t>" " "they" " "</t>
        <t>" " "left" " "</t>
        <t>" " "the" " "</t>
        <t>" " "farm" ""</t>
        <t>"" "." " "</t>
      </tokens>
      <parse>(ROOT (S (ADVP (NP (DT A) (RB little)) (RB later)) (NP (PRP they)) (VP (VBD left) (NP (DT the) (NN farm))) (. .)))</parse>
      <deps>det(little-2, A-1)
npadvmod(later-3, little-2)
advmod(left-5, later-3)
nsubj(left-5, they-4)
root(ROOT-0, left-5)
det(farm-7, the-6)
dobj(left-5, farm-7)</deps>
      <events>
        <event id="e13" eiid="ei13" offset="5" string="left" tense="PAST" aspect="NONE" class="OCCURRENCE" polarity="POS" modality="" happen="" lowerBoundDuration="" upperBoundDuration="" />
      </events>
      <timexes />
    </entry>
    <entry sid="11" file="9783732517695_043.txt">
      <sentence>Duke Brian watched them go with satisfaction .</sentence>
      <tokens>
        <t>" " "Duke" " "</t>
        <t>" " "Brian" " "</t>
        <t>" " "watched" " "</t>
        <t>" " "them" " "</t>
        <t>" " "go" " "</t>
        <t>" " "with" " "</t>
        <t>" " "satisfaction" ""</t>
        <t>"" "." " "</t>
      </tokens>
      <parse>(ROOT (S (NP (NNP Duke) (NNP Brian)) (VP (VBD watched) (SBAR (S (NP (PRP them)) (VP (VBP go) (PP (IN with) (NP (NN satisfaction))))))) (. .)))</parse>
      <deps>nn(Brian-2, Duke-1)
nsubj(watched-3, Brian-2)
root(ROOT-0, watched-3)
nsubj(go-5, them-4)
ccomp(watched-3, go-5)
prep_with(go-5, satisfaction-7)</deps>
      <events>
        <event id="e14" eiid="ei14" offset="3" string="watched" tense="PAST" aspect="NONE" class="OCCURRENCE" polarity="POS" modality="" happen="" lowerBoundDuration="" upperBoundDuration="" />
        <event id="e15" eiid="ei15" offset="5" string="go" tense="PRESENT" aspect="NONE" class="OCCURRENCE" polarity="POS" modality="" happen="" lowerBoundDuration="" upperBoundDuration="" />
      </events>
      <timexes />
    </entry>
    <entry sid="12" file="9783732517695_043.txt">
      <sentence>Kathleen pleased him .</sentence>
      <tokens>
        <t>" " "Kathleen" " "</t>
        <t>" " "pleased" " "</t>
        <t>" " "him" ""</t>
        <t>"" "." " "</t>
      </tokens>
      <parse>(ROOT (S (NP (NNP Kathleen)) (VP (VBD pleased) (NP (PRP him))) (. .)))</parse>
      <deps>nsubj(pleased-2, Kathleen-1)
root(ROOT-0, pleased-2)
dobj(pleased-2, him-3)</deps>
      <events>
        <event id="e16" eiid="ei16" offset="2" string="pleased" tense="PAST" aspect="NONE" class="OCCURRENCE" polarity="POS" modality="" happen="" lowerBoundDuration="" upperBoundDuration="" />
      </events>
      <timexes />
    </entry>
    <entry sid="13" file="9783732517695_043.txt">
      <sentence>Making love to her had made Patrick a little more approachable in the castle , too .</sentence>
      <tokens>
        <t>" " "Making" " "</t>
        <t>" " "love" " "</t>
        <t>" " "to" " "</t>
        <t>" " "her" " "</t>
        <t>" " "had" " "</t>
        <t>" " "made" " "</t>
        <t>" " "Patrick" " "</t>
        <t>" " "a" " "</t>
        <t>" " "little" " "</t>
        <t>" " "more" " "</t>
        <t>" " "approachable" " "</t>
        <t>" " "in" " "</t>
        <t>" " "the" " "</t>
        <t>" " "castle" ""</t>
        <t>"" "," " "</t>
        <t>" " "too" ""</t>
        <t>"" "." " "</t>
      </tokens>
      <parse>(ROOT (S (S (VP (VBG Making) (NP (NN love)) (PP (TO to) (NP (PRP her))))) (VP (VBD had) (VP (VBN made) (S (NP (NNP Patrick)) (ADJP (ADJP (NP (DT a) (RB little)) (RBR more) (JJ approachable)) (PP (IN in) (NP (NP (DT the) (NN castle)) (, ,) (ADVP (RB too)))))))) (. .)))</parse>
      <deps>csubj(made-6, Making-1)
dobj(Making-1, love-2)
prep_to(Making-1, her-4)
aux(made-6, had-5)
root(ROOT-0, made-6)
nsubj(approachable-11, Patrick-7)
det(little-9, a-8)
dep(approachable-11, little-9)
advmod(approachable-11, more-10)
xcomp(made-6, approachable-11)
det(castle-14, the-13)
prep_in(approachable-11, castle-14)
advmod(castle-14, too-16)</deps>
      <events>
        <event id="e17" eiid="ei17" offset="1" string="Making" tense="PRESPART" aspect="NONE" class="OCCURRENCE" polarity="POS" modality="" happen="" lowerBoundDuration="" upperBoundDuration="" />
        <event id="e18" eiid="ei18" offset="6" string="made" tense="PAST" aspect="PERFECTIVE" class="OCCURRENCE" polarity="POS" modality="" happen="" lowerBoundDuration="" upperBoundDuration="" />
      </events>
      <timexes />
    </entry>
    <entry sid="14" file="9783732517695_043.txt">
      <sentence>He seemed to avoid friction with Robert .</sentence>
      <tokens>
        <t>" " "He" " "</t>
        <t>" " "seemed" " "</t>
        <t>" " "to" " "</t>
        <t>" " "avoid" " "</t>
        <t>" " "friction" " "</t>
        <t>" " "with" " "</t>
        <t>" " "Robert" ""</t>
        <t>"" "." " "</t>
      </tokens>
      <parse>(ROOT (S (NP (PRP He)) (VP (VBD seemed) (S (VP (TO to) (VP (VB avoid) (NP (NN friction)) (PP (IN with) (NP (NNP Robert))))))) (. .)))</parse>
      <deps>nsubj(seemed-2, He-1)
xsubj(avoid-4, He-1)
root(ROOT-0, seemed-2)
aux(avoid-4, to-3)
xcomp(seemed-2, avoid-4)
dobj(avoid-4, friction-5)
prep_with(avoid-4, Robert-7)</deps>
      <events>
        <event id="e19" eiid="ei19" offset="2" string="seemed" tense="PAST" aspect="NONE" class="I_STATE" polarity="POS" modality="" happen="" lowerBoundDuration="" upperBoundDuration="" />
        <event id="e20" eiid="ei20" offset="4" string="avoid" tense="INFINITIVE" aspect="NONE" class="I_ACTION" polarity="POS" modality="" happen="" lowerBoundDuration="" upperBoundDuration="" />
      </events>
      <timexes />
    </entry>
    <entry sid="15" file="9783732517695_043.txt">
      <sentence>And that was a good thing .</sentence>
      <tokens>
        <t>" " "And" " "</t>
        <t>" " "that" " "</t>
        <t>" " "was" " "</t>
        <t>" " "a" " "</t>
        <t>" " "good" " "</t>
        <t>" " "thing" ""</t>
        <t>"" "." " "</t>
      </tokens>
      <parse>(ROOT (S (CC And) (NP (DT that)) (VP (VBD was) (NP (DT a) (JJ good) (NN thing))) (. .)))</parse>
      <deps>cc(thing-6, And-1)
nsubj(thing-6, that-2)
cop(thing-6, was-3)
det(thing-6, a-4)
amod(thing-6, good-5)
root(ROOT-0, thing-6)</deps>
      <events />
      <timexes />
    </entry>
    <entry sid="16" file="9783732517695_043.txt">
      <sentence>Duke Brian walked across the courtyard with weary steps .</sentence>
      <tokens>
        <t>" " "Duke" " "</t>
        <t>" " "Brian" " "</t>
        <t>" " "walked" " "</t>
        <t>" " "across" " "</t>
        <t>" " "the" " "</t>
        <t>" " "courtyard" " "</t>
        <t>" " "with" " "</t>
        <t>" " "weary" " "</t>
        <t>" " "steps" ""</t>
        <t>"" "." " "</t>
      </tokens>
      <parse>(ROOT (S (NP (NNP Duke) (NNP Brian)) (VP (VBD walked) (PP (IN across) (NP (DT the) (NN courtyard))) (PP (IN with) (NP (JJ weary) (NNS steps)))) (. .)))</parse>
      <deps>nn(Brian-2, Duke-1)
nsubj(walked-3, Brian-2)
root(ROOT-0, walked-3)
det(courtyard-6, the-5)
prep_across(walked-3, courtyard-6)
amod(steps-9, weary-8)
prep_with(walked-3, steps-9)</deps>
      <events>
        <event id="e21" eiid="ei21" offset="3" string="walked" tense="PAST" aspect="NONE" class="OCCURRENCE" polarity="POS" modality="" happen="" lowerBoundDuration="" upperBoundDuration="" />
      </events>
      <timexes />
    </entry>
    <entry sid="17" file="9783732517695_043.txt">
      <sentence>He thought of how unbearable it had been for him to hear about quarrels between Patrick and Robert over and over again .</sentence>
      <tokens>
        <t>" " "He" " "</t>
        <t>" " "thought" " "</t>
        <t>" " "of" " "</t>
        <t>" " "how" " "</t>
        <t>" " "unbearable" " "</t>
        <t>" " "it" " "</t>
        <t>" " "had" " "</t>
        <t>" " "been" " "</t>
        <t>" " "for" " "</t>
        <t>" " "him" " "</t>
        <t>" " "to" " "</t>
        <t>" " "hear" " "</t>
        <t>" " "about" " "</t>
        <t>" " "quarrels" " "</t>
        <t>" " "between" " "</t>
        <t>" " "Patrick" " "</t>
        <t>" " "and" " "</t>
        <t>" " "Robert" " "</t>
        <t>" " "over" " "</t>
        <t>" " "and" " "</t>
        <t>" " "over" " "</t>
        <t>" " "again" ""</t>
        <t>"" "." " "</t>
      </tokens>
      <parse>(ROOT (S (NP (PRP He)) (VP (VBD thought) (PP (IN of) (SBAR (WHADVP (WRB how)) (S (VP (VBP unbearable) (SBAR (S (NP (PRP it)) (VP (VBD had) (VP (VBN been) (SBAR (IN for) (S (NP (PRP him)) (VP (TO to) (VP (VB hear) (PP (IN about) (NP (NP (NNS quarrels)) (PP (IN between) (NP (NNP Patrick) (CC and) (NNP Robert))))) (ADVP (RB over) (CC and) (RB over) (RB again))))))))))))))) (. .)))</parse>
      <deps>nsubj(thought-2, He-1)
root(ROOT-0, thought-2)
advmod(unbearable-5, how-4)
prepc_of(thought-2, unbearable-5)
nsubj(been-8, it-6)
aux(been-8, had-7)
ccomp(unbearable-5, been-8)
mark(hear-12, for-9)
nsubj(hear-12, him-10)
aux(hear-12, to-11)
advcl(been-8, hear-12)
xcomp(been-8, hear-12)
prep_about(hear-12, quarrels-14)
prep_between(quarrels-14, Patrick-16)
prep_between(quarrels-14, Robert-18)
conj_and(Patrick-16, Robert-18)
dep(again-22, over-19)
advmod(hear-12, over-21)
conj_and(again-22, over-21)
advmod(hear-12, again-22)</deps>
      <events>
        <event id="e22" eiid="ei22" offset="2" string="thought" tense="PAST" aspect="NONE" class="OCCURRENCE" polarity="POS" modality="" happen="" lowerBoundDuration="" upperBoundDuration="" />
        <event id="e23" eiid="ei23" offset="5" string="unbearable" tense="PRESENT" aspect="NONE" class="REPORTING" polarity="POS" modality="" happen="" lowerBoundDuration="" upperBoundDuration="" />
        <event id="e24" eiid="ei24" offset="12" string="hear" tense="INFINITIVE" aspect="NONE" class="OCCURRENCE" polarity="POS" modality="" happen="" lowerBoundDuration="" upperBoundDuration="" />
        <event id="e25" eiid="ei25" offset="14" string="quarrels" tense="NONE" aspect="NONE" class="OCCURRENCE" polarity="POS" modality="" happen="" lowerBoundDuration="" upperBoundDuration="" />
      </events>
      <timexes />
    </entry>
    <entry sid="18" file="9783732517695_043.txt">
      <sentence>Of course , Alice always defended her son .</sentence>
      <tokens>
        <t>" " "Of" " "</t>
        <t>" " "course" ""</t>
        <t>"" "," " "</t>
        <t>" " "Alice" " "</t>
        <t>" " "always" " "</t>
        <t>" " "defended" " "</t>
        <t>" " "her" " "</t>
        <t>" " "son" ""</t>
        <t>"" "." " "</t>
      </tokens>
      <parse>(ROOT (S (PP (IN Of) (NP (NN course))) (, ,) (NP (NNP Alice)) (ADVP (RB always)) (VP (VBD defended) (NP (PRP$ her) (NN son))) (. .)))</parse>
      <deps>prep_of(defended-6, course-2)
nsubj(defended-6, Alice-4)
advmod(defended-6, always-5)
root(ROOT-0, defended-6)
poss(son-8, her-7)
dobj(defended-6, son-8)</deps>
      <events>
        <event id="e26" eiid="ei26" offset="6" string="defended" tense="PAST" aspect="NONE" class="OCCURRENCE" polarity="POS" modality="" happen="" lowerBoundDuration="" upperBoundDuration="" />
      </events>
      <timexes />
    </entry>
    <entry sid="19" file="9783732517695_043.txt">
      <sentence>It would also be fine with her if Patrick made a firm commitment soon .</sentence>
      <tokens>
        <t>" " "It" " "</t>
        <t>" " "would" " "</t>
        <t>" " "also" " "</t>
        <t>" " "be" " "</t>
        <t>" " "fine" " "</t>
        <t>" " "with" " "</t>
        <t>" " "her" " "</t>
        <t>" " "if" " "</t>
        <t>" " "Patrick" " "</t>
        <t>" " "made" " "</t>
        <t>" " "a" " "</t>
        <t>" " "firm" " "</t>
        <t>" " "commitment" " "</t>
        <t>" " "soon" ""</t>
        <t>"" "." ""</t>
      </tokens>
      <parse>(ROOT (S (NP (PRP It)) (VP (MD would) (ADVP (RB also)) (VP (VB be) (ADJP (JJ fine) (PP (IN with) (NP (PRP her)))) (SBAR (IN if) (S (NP (NNP Patrick)) (VP (VBD made) (NP (DT a) (NN firm) (NN commitment)) (ADVP (RB soon))))))) (. .)))</parse>
      <deps>nsubj(fine-5, It-1)
aux(fine-5, would-2)
advmod(fine-5, also-3)
cop(fine-5, be-4)
root(ROOT-0, fine-5)
prep_with(fine-5, her-7)
mark(made-10, if-8)
nsubj(made-10, Patrick-9)
advcl(fine-5, made-10)
det(commitment-13, a-11)
nn(commitment-13, firm-12)
dobj(made-10, commitment-13)
advmod(made-10, soon-14)</deps>
      <events>
        <event id="e27" eiid="ei27" offset="5" string="fine" tense="NONE" aspect="NONE" class="STATE" polarity="POS" modality="" happen="" lowerBoundDuration="" upperBoundDuration="" />
        <event id="e28" eiid="ei28" offset="10" string="made" tense="PAST" aspect="NONE" class="OCCURRENCE" polarity="POS" modality="" happen="" lowerBoundDuration="" upperBoundDuration="" />
      </events>
      <timexes />
    </entry>
    <tlink event1="ei6" event2="ei7" relation="BEFORE" closed="false" origin="ReichenbachDG13" type="ee" />
    <tlink event1="ei6" event2="ei9" relation="BEFORE" closed="false" origin="ReichenbachDG13" type="ee" />
    <tlink event1="ei7" event2="ei8" relation="AFTER" closed="false" origin="ReichenbachDG13" type="ee" />
    <tlink event1="ei8" event2="ei9" relation="BEFORE" closed="false" origin="ReichenbachDG13" type="ee" />
    <tlink event1="ei9" event2="ei10" relation="AFTER" closed="false" origin="ReichenbachDG13" type="ee" />
    <tlink event1="ei16" event2="ei18" relation="AFTER" closed="false" origin="ReichenbachDG13" type="ee" />
    <tlink event1="ei18" event2="ei19" relation="BEFORE" closed="false" origin="ReichenbachDG13" type="ee" />
    <tlink event1="ei2" event2="ei1" relation="VAGUE" closed="false" origin="XCompDepSieve" type="ee" />
    <tlink event1="ei2" event2="ei3" relation="VAGUE" closed="false" origin="XCompDepSieve" type="ee" />
    <tlink event1="ei14" event2="ei15" relation="VAGUE" closed="false" origin="XCompDepSieve" type="ee" />
    <tlink event1="ei19" event2="ei20" relation="BEFORE" closed="false" origin="XCompDepSieve" type="ee" />
    <tlink event1="ei18" event2="ei20" relation="BEFORE" closed="true" origin="XCompDepSieve" type="ee" />
    <tlink event1="ei7" event2="ei9" relation="VAGUE" closed="false" origin="WordNet209" type="ee" />
    <tlink event1="ei17" event2="ei18" relation="VAGUE" closed="false" origin="WordNet209" type="ee" />
    <tlink event1="ei1" event2="t1" relation="IS_INCLUDED" closed="false" origin="MLEventTimeSameSent" type="et" />
    <tlink event1="ei2" event2="t1" relation="BEFORE" closed="false" origin="MLEventTimeSameSent" type="et" />
    <tlink event1="ei3" event2="t1" relation="IS_INCLUDED" closed="false" origin="MLEventTimeSameSent" type="et" />
    <tlink event1="ei6" event2="ei8" relation="VAGUE" closed="false" origin="MLEventEventDominates" type="ee" />
    <tlink event1="ei22" event2="ei23" relation="VAGUE" closed="false" origin="MLEventEventDominates" type="ee" />
    <tlink event1="ei22" event2="ei24" relation="VAGUE" closed="false" origin="MLEventEventDominates" type="ee" />
    <tlink event1="ei22" event2="ei25" relation="VAGUE" closed="false" origin="MLEventEventDominates" type="ee" />
    <tlink event1="ei23" event2="ei24" relation="BEFORE" closed="false" origin="MLEventEventDominates" type="ee" />
    <tlink event1="ei23" event2="ei25" relation="BEFORE" closed="false" origin="MLEventEventDominates" type="ee" />
    <tlink event1="ei24" event2="ei25" relation="VAGUE" closed="false" origin="MLEventEventDominates" type="ee" />
    <tlink event1="ei1" event2="ei3" relation="BEFORE" closed="false" origin="MLEventEventSameSent" type="ee" />
    <tlink event1="ei27" event2="ei28" relation="INCLUDES" closed="false" origin="MLEventEventSameSent" type="ee" />
    <tlink event1="ei4" event2="ei5" relation="VAGUE" closed="false" origin="AllVagueSieve" type="ee" />
    <tlink event1="ei10" event2="ei11" relation="VAGUE" closed="false" origin="AllVagueSieve" type="ee" />
    <tlink event1="ei11" event2="ei12" relation="VAGUE" closed="false" origin="AllVagueSieve" type="ee" />
    <tlink event1="ei12" event2="ei13" relation="VAGUE" closed="false" origin="AllVagueSieve" type="ee" />
    <tlink event1="ei13" event2="ei14" relation="VAGUE" closed="false" origin="AllVagueSieve" type="ee" />
    <tlink event1="ei13" event2="ei15" relation="VAGUE" closed="false" origin="AllVagueSieve" type="ee" />
    <tlink event1="ei14" event2="ei16" relation="VAGUE" closed="false" origin="AllVagueSieve" type="ee" />
    <tlink event1="ei15" event2="ei16" relation="VAGUE" closed="false" origin="AllVagueSieve" type="ee" />
    <tlink event1="ei16" event2="ei17" relation="VAGUE" closed="false" origin="AllVagueSieve" type="ee" />
    <tlink event1="ei17" event2="ei19" relation="VAGUE" closed="false" origin="AllVagueSieve" type="ee" />
    <tlink event1="ei17" event2="ei20" relation="VAGUE" closed="false" origin="AllVagueSieve" type="ee" />
    <tlink event1="ei21" event2="ei22" relation="VAGUE" closed="false" origin="AllVagueSieve" type="ee" />
    <tlink event1="ei21" event2="ei23" relation="VAGUE" closed="false" origin="AllVagueSieve" type="ee" />
    <tlink event1="ei21" event2="ei24" relation="VAGUE" closed="false" origin="AllVagueSieve" type="ee" />
    <tlink event1="ei21" event2="ei25" relation="VAGUE" closed="false" origin="AllVagueSieve" type="ee" />
    <tlink event1="ei22" event2="ei26" relation="VAGUE" closed="false" origin="AllVagueSieve" type="ee" />
    <tlink event1="ei23" event2="ei26" relation="VAGUE" closed="false" origin="AllVagueSieve" type="ee" />
    <tlink event1="ei24" event2="ei26" relation="VAGUE" closed="false" origin="AllVagueSieve" type="ee" />
    <tlink event1="ei25" event2="ei26" relation="VAGUE" closed="false" origin="AllVagueSieve" type="ee" />
    <tlink event1="ei26" event2="ei27" relation="VAGUE" closed="false" origin="AllVagueSieve" type="ee" />
    <tlink event1="ei26" event2="ei28" relation="VAGUE" closed="false" origin="AllVagueSieve" type="ee" />
  </file>
</root>

