<?xml version="1.0" encoding="UTF-8"?>
<root xmlns="http://chambers.com/corpusinfo">
  <file name="9783732517695_079.txt">
    <entry sid="0" file="9783732517695_079.txt">
      <sentence>Only when a large area fenced with high barbed wire appeared in front of him did he find his way back to reality .</sentence>
      <tokens>
        <t>"" "Only" " "</t>
        <t>" " "when" " "</t>
        <t>" " "a" " "</t>
        <t>" " "large" " "</t>
        <t>" " "area" " "</t>
        <t>" " "fenced" " "</t>
        <t>" " "with" " "</t>
        <t>" " "high" " "</t>
        <t>" " "barbed" " "</t>
        <t>" " "wire" " "</t>
        <t>" " "appeared" " "</t>
        <t>" " "in" " "</t>
        <t>" " "front" " "</t>
        <t>" " "of" " "</t>
        <t>" " "him" " "</t>
        <t>" " "did" " "</t>
        <t>" " "he" " "</t>
        <t>" " "find" " "</t>
        <t>" " "his" " "</t>
        <t>" " "way" " "</t>
        <t>" " "back" " "</t>
        <t>" " "to" " "</t>
        <t>" " "reality" ""</t>
        <t>"" "." " "</t>
      </tokens>
      <parse>(ROOT (S (SBAR (WHADVP (RB Only) (WRB when)) (S (NP (NP (DT a) (JJ large) (NN area)) (VP (VBN fenced) (PP (IN with) (NP (JJ high) (JJ barbed) (NN wire))))) (VP (VBD appeared) (PP (IN in) (NP (NP (NN front)) (PP (IN of) (NP (PRP him)))))))) (VP (VBD did) (SBAR (S (NP (PRP he)) (VP (VBP find) (NP (PRP$ his) (NN way)) (ADVP (RB back) (PP (TO to) (NP (NN reality)))))))) (. .)))</parse>
      <deps>advmod(when-2, Only-1)
advmod(appeared-11, when-2)
det(area-5, a-3)
amod(area-5, large-4)
nsubj(appeared-11, area-5)
partmod(area-5, fenced-6)
amod(wire-10, high-8)
amod(wire-10, barbed-9)
prep_with(fenced-6, wire-10)
advcl(did-16, appeared-11)
csubj(did-16, appeared-11)
prep_in_front_of(appeared-11, him-15)
root(ROOT-0, did-16)
nsubj(find-18, he-17)
ccomp(did-16, find-18)
poss(way-20, his-19)
dobj(find-18, way-20)
advmod(find-18, back-21)
prep_to(back-21, reality-23)</deps>
      <events>
        <event id="e1" eiid="ei1" offset="11" string="appeared" tense="PAST" aspect="NONE" class="OCCURRENCE" polarity="POS" modality="" happen="" lowerBoundDuration="" upperBoundDuration="" />
        <event id="e2" eiid="ei2" offset="18" string="find" tense="PRESENT" aspect="NONE" class="I_STATE" polarity="POS" modality="" happen="" lowerBoundDuration="" upperBoundDuration="" />
      </events>
      <timexes />
    </entry>
    <entry sid="1" file="9783732517695_079.txt">
      <sentence>He stopped his horse and dismounted .</sentence>
      <tokens>
        <t>" " "He" " "</t>
        <t>" " "stopped" " "</t>
        <t>" " "his" " "</t>
        <t>" " "horse" " "</t>
        <t>" " "and" " "</t>
        <t>" " "dismounted" ""</t>
        <t>"" "." " "</t>
      </tokens>
      <parse>(ROOT (S (NP (PRP He)) (VP (VP (VBD stopped) (NP (PRP$ his) (NN horse))) (CC and) (VP (VBD dismounted))) (. .)))</parse>
      <deps>nsubj(stopped-2, He-1)
nsubj(dismounted-6, He-1)
root(ROOT-0, stopped-2)
poss(horse-4, his-3)
dobj(stopped-2, horse-4)
conj_and(stopped-2, dismounted-6)</deps>
      <events>
        <event id="e3" eiid="ei3" offset="2" string="stopped" tense="PAST" aspect="NONE" class="ASPECTUAL" polarity="POS" modality="" happen="" lowerBoundDuration="" upperBoundDuration="" />
        <event id="e4" eiid="ei4" offset="6" string="dismounted" tense="PAST" aspect="NONE" class="OCCURRENCE" polarity="POS" modality="" happen="" lowerBoundDuration="" upperBoundDuration="" />
      </events>
      <timexes />
    </entry>
    <entry sid="2" file="9783732517695_079.txt">
      <sentence>He led it past the guards at the gate of this camp and along the barbed wire .</sentence>
      <tokens>
        <t>" " "He" " "</t>
        <t>" " "led" " "</t>
        <t>" " "it" " "</t>
        <t>" " "past" " "</t>
        <t>" " "the" " "</t>
        <t>" " "guards" " "</t>
        <t>" " "at" " "</t>
        <t>" " "the" " "</t>
        <t>" " "gate" " "</t>
        <t>" " "of" " "</t>
        <t>" " "this" " "</t>
        <t>" " "camp" " "</t>
        <t>" " "and" " "</t>
        <t>" " "along" " "</t>
        <t>" " "the" " "</t>
        <t>" " "barbed" " "</t>
        <t>" " "wire" ""</t>
        <t>"" "." " "</t>
      </tokens>
      <parse>(ROOT (S (NP (PRP He)) (VP (VBD led) (NP (PRP it)) (PP (IN past) (NP (DT the) (NNS guards))) (PP (PP (IN at) (NP (NP (DT the) (NN gate)) (PP (IN of) (NP (DT this) (NN camp))))) (CC and) (PP (IN along) (NP (DT the) (JJ barbed) (NN wire))))) (. .)))</parse>
      <deps>nsubj(led-2, He-1)
nsubj(led-2', He-1)
root(ROOT-0, led-2)
conj_and(led-2, led-2')
dobj(led-2, it-3)
det(guards-6, the-5)
prep_past(led-2, guards-6)
det(gate-9, the-8)
prep_at(led-2, gate-9)
det(camp-12, this-11)
prep_of(gate-9, camp-12)
det(wire-17, the-15)
amod(wire-17, barbed-16)
prep_along(led-2', wire-17)</deps>
      <events>
        <event id="e5" eiid="ei5" offset="2" string="led" tense="PAST" aspect="NONE" class="I_ACTION" polarity="POS" modality="" happen="" lowerBoundDuration="" upperBoundDuration="" />
      </events>
      <timexes>
        <timex tid="t1" text="past" offset="4" length="1" type="DATE" value="PAST_REF" temporalFunction="false" />
      </timexes>
    </entry>
    <entry sid="3" file="9783732517695_079.txt">
      <sentence>He was in front of the penal colony Lowland .</sentence>
      <tokens>
        <t>" " "He" " "</t>
        <t>" " "was" " "</t>
        <t>" " "in" " "</t>
        <t>" " "front" " "</t>
        <t>" " "of" " "</t>
        <t>" " "the" " "</t>
        <t>" " "penal" " "</t>
        <t>" " "colony" " "</t>
        <t>" " "Lowland" ""</t>
        <t>"" "." " "</t>
      </tokens>
      <parse>(ROOT (S (NP (PRP He)) (VP (VBD was) (PP (IN in) (NP (NP (NN front)) (PP (IN of) (NP (DT the) (JJ penal) (NN colony) (NN Lowland)))))) (. .)))</parse>
      <deps>nsubj(was-2, He-1)
root(ROOT-0, was-2)
det(Lowland-9, the-6)
amod(Lowland-9, penal-7)
nn(Lowland-9, colony-8)
prep_in_front_of(was-2, Lowland-9)</deps>
      <events />
      <timexes />
    </entry>
    <entry sid="4" file="9783732517695_079.txt">
      <sentence>Until now , he had always given this area a wide berth .</sentence>
      <tokens>
        <t>" " "Until" " "</t>
        <t>" " "now" ""</t>
        <t>"" "," " "</t>
        <t>" " "he" " "</t>
        <t>" " "had" " "</t>
        <t>" " "always" " "</t>
        <t>" " "given" " "</t>
        <t>" " "this" " "</t>
        <t>" " "area" " "</t>
        <t>" " "a" " "</t>
        <t>" " "wide" " "</t>
        <t>" " "berth" ""</t>
        <t>"" "." " "</t>
      </tokens>
      <parse>(ROOT (S (PP (IN Until) (NP (RB now))) (, ,) (NP (PRP he)) (VP (VBD had) (ADVP (RB always)) (VP (VBN given) (NP (DT this) (NN area)) (NP (DT a) (JJ wide) (NN berth)))) (. .)))</parse>
      <deps>prep(given-7, Until-1)
pobj(Until-1, now-2)
nsubj(given-7, he-4)
aux(given-7, had-5)
advmod(given-7, always-6)
root(ROOT-0, given-7)
det(area-9, this-8)
iobj(given-7, area-9)
det(berth-12, a-10)
amod(berth-12, wide-11)
dobj(given-7, berth-12)</deps>
      <events>
        <event id="e6" eiid="ei6" offset="5" string="had" tense="PAST" aspect="NONE" class="STATE" polarity="POS" modality="" happen="" lowerBoundDuration="" upperBoundDuration="" />
        <event id="e7" eiid="ei7" offset="7" string="given" tense="PAST" aspect="NONE" class="OCCURRENCE" polarity="POS" modality="" happen="" lowerBoundDuration="" upperBoundDuration="" />
      </events>
      <timexes>
        <timex tid="t2" text="now" offset="2" length="1" type="DATE" value="PRESENT_REF" temporalFunction="false" />
      </timexes>
    </entry>
    <entry sid="5" file="9783732517695_079.txt">
      <sentence>But he knew that only women were imprisoned here .</sentence>
      <tokens>
        <t>" " "But" " "</t>
        <t>" " "he" " "</t>
        <t>" " "knew" " "</t>
        <t>" " "that" " "</t>
        <t>" " "only" " "</t>
        <t>" " "women" " "</t>
        <t>" " "were" " "</t>
        <t>" " "imprisoned" " "</t>
        <t>" " "here" ""</t>
        <t>"" "." " "</t>
      </tokens>
      <parse>(ROOT (S (CC But) (NP (PRP he)) (VP (VBD knew) (SBAR (IN that) (S (NP (JJ only) (NNS women)) (VP (VBD were) (VP (VBN imprisoned) (ADVP (RB here))))))) (. .)))</parse>
      <deps>cc(knew-3, But-1)
nsubj(knew-3, he-2)
root(ROOT-0, knew-3)
mark(imprisoned-8, that-4)
amod(women-6, only-5)
nsubjpass(imprisoned-8, women-6)
auxpass(imprisoned-8, were-7)
ccomp(knew-3, imprisoned-8)
advmod(imprisoned-8, here-9)</deps>
      <events>
        <event id="e8" eiid="ei8" offset="3" string="knew" tense="PAST" aspect="NONE" class="I_ACTION" polarity="POS" modality="" happen="" lowerBoundDuration="" upperBoundDuration="" />
        <event id="e9" eiid="ei9" offset="8" string="imprisoned" tense="PAST" aspect="NONE" class="OCCURRENCE" polarity="POS" modality="" happen="" lowerBoundDuration="" upperBoundDuration="" />
      </events>
      <timexes />
    </entry>
    <entry sid="6" file="9783732517695_079.txt">
      <sentence>Often for minor offenses .</sentence>
      <tokens>
        <t>" " "Often" " "</t>
        <t>" " "for" " "</t>
        <t>" " "minor" " "</t>
        <t>" " "offenses" ""</t>
        <t>"" "." " "</t>
      </tokens>
      <parse>(ROOT (FRAG (PP (ADVP (RB Often)) (IN for) (NP (JJ minor) (NNS offenses))) (. .)))</parse>
      <deps>advmod(for-2, Often-1)
root(ROOT-0, for-2)
amod(offenses-4, minor-3)
pobj(for-2, offenses-4)</deps>
      <events />
      <timexes />
    </entry>
    <entry sid="7" file="9783732517695_079.txt">
      <sentence>The penal colony had a bad reputation , the guards were feared .</sentence>
      <tokens>
        <t>" " "The" " "</t>
        <t>" " "penal" " "</t>
        <t>" " "colony" " "</t>
        <t>" " "had" " "</t>
        <t>" " "a" " "</t>
        <t>" " "bad" " "</t>
        <t>" " "reputation" ""</t>
        <t>"" "," " "</t>
        <t>" " "the" " "</t>
        <t>" " "guards" " "</t>
        <t>" " "were" " "</t>
        <t>" " "feared" ""</t>
        <t>"" "." " "</t>
      </tokens>
      <parse>(ROOT (S (S (NP (DT The) (JJ penal) (NN colony)) (VP (VBD had) (NP (DT a) (JJ bad) (NN reputation)))) (, ,) (NP (DT the) (NNS guards)) (VP (VBD were) (VP (VBN feared))) (. .)))</parse>
      <deps>det(colony-3, The-1)
amod(colony-3, penal-2)
nsubj(had-4, colony-3)
ccomp(feared-12, had-4)
det(reputation-7, a-5)
amod(reputation-7, bad-6)
dobj(had-4, reputation-7)
det(guards-10, the-9)
nsubjpass(feared-12, guards-10)
auxpass(feared-12, were-11)
root(ROOT-0, feared-12)</deps>
      <events>
        <event id="e10" eiid="ei10" offset="4" string="had" tense="PAST" aspect="NONE" class="STATE" polarity="POS" modality="" happen="" lowerBoundDuration="" upperBoundDuration="" />
        <event id="e11" eiid="ei11" offset="12" string="feared" tense="PAST" aspect="NONE" class="OCCURRENCE" polarity="POS" modality="" happen="" lowerBoundDuration="" upperBoundDuration="" />
      </events>
      <timexes />
    </entry>
    <entry sid="8" file="9783732517695_079.txt">
      <sentence>Patrick stopped .</sentence>
      <tokens>
        <t>" " "Patrick" " "</t>
        <t>" " "stopped" ""</t>
        <t>"" "." " "</t>
      </tokens>
      <parse>(ROOT (S (NP (NNP Patrick)) (VP (VBD stopped)) (. .)))</parse>
      <deps>nsubj(stopped-2, Patrick-1)
root(ROOT-0, stopped-2)</deps>
      <events>
        <event id="e12" eiid="ei12" offset="2" string="stopped" tense="PAST" aspect="NONE" class="REPORTING" polarity="POS" modality="" happen="" lowerBoundDuration="" upperBoundDuration="" />
      </events>
      <timexes />
    </entry>
    <entry sid="9" file="9783732517695_079.txt">
      <sentence>In his present mood , he pondered whether many a woman might not have been imprisoned here , wrongly accused of a crime .</sentence>
      <tokens>
        <t>" " "In" " "</t>
        <t>" " "his" " "</t>
        <t>" " "present" " "</t>
        <t>" " "mood" ""</t>
        <t>"" "," " "</t>
        <t>" " "he" " "</t>
        <t>" " "pondered" " "</t>
        <t>" " "whether" " "</t>
        <t>" " "many" " "</t>
        <t>" " "a" " "</t>
        <t>" " "woman" " "</t>
        <t>" " "might" " "</t>
        <t>" " "not" " "</t>
        <t>" " "have" " "</t>
        <t>" " "been" " "</t>
        <t>" " "imprisoned" " "</t>
        <t>" " "here" ""</t>
        <t>"" "," " "</t>
        <t>" " "wrongly" " "</t>
        <t>" " "accused" " "</t>
        <t>" " "of" " "</t>
        <t>" " "a" " "</t>
        <t>" " "crime" ""</t>
        <t>"" "." " "</t>
      </tokens>
      <parse>(ROOT (S (PP (IN In) (NP (PRP$ his) (JJ present) (NN mood))) (, ,) (NP (PRP he)) (VP (VBD pondered) (SBAR (IN whether) (S (NP (JJ many) (DT a) (NN woman)) (VP (MD might) (RB not) (VP (VB have) (VP (VBN been) (VP (VBN imprisoned) (ADVP (RB here)) (, ,) (ADVP (RB wrongly) (S (VP (VBN accused) (PP (IN of) (NP (DT a) (NN crime))))))))))))) (. .)))</parse>
      <deps>poss(mood-4, his-2)
amod(mood-4, present-3)
prep_in(pondered-7, mood-4)
nsubj(pondered-7, he-6)
root(ROOT-0, pondered-7)
mark(imprisoned-16, whether-8)
amod(woman-11, many-9)
det(woman-11, a-10)
nsubjpass(imprisoned-16, woman-11)
aux(imprisoned-16, might-12)
neg(imprisoned-16, not-13)
aux(imprisoned-16, have-14)
auxpass(imprisoned-16, been-15)
ccomp(pondered-7, imprisoned-16)
advmod(imprisoned-16, here-17)
advmod(imprisoned-16, wrongly-19)
dep(wrongly-19, accused-20)
det(crime-23, a-22)
prep_of(accused-20, crime-23)</deps>
      <events>
        <event id="e13" eiid="ei13" offset="7" string="pondered" tense="PAST" aspect="NONE" class="I_ACTION" polarity="POS" modality="" happen="" lowerBoundDuration="" upperBoundDuration="" />
        <event id="e14" eiid="ei14" offset="16" string="imprisoned" tense="PRESENT" aspect="PERFECTIVE" class="OCCURRENCE" polarity="POS" modality="" happen="" lowerBoundDuration="" upperBoundDuration="" />
        <event id="e15" eiid="ei15" offset="20" string="accused" tense="PAST" aspect="NONE" class="OCCURRENCE" polarity="POS" modality="" happen="" lowerBoundDuration="" upperBoundDuration="" />
      </events>
      <timexes>
        <timex tid="t3" text="present" offset="3" length="1" type="DATE" value="PRESENT_REF" temporalFunction="false" />
      </timexes>
    </entry>
    <entry sid="10" file="9783732517695_079.txt">
      <sentence>If he had not succeeded in escaping from Ireland , if Gwendolin had not helped him , he would certainly be in prison today for life .</sentence>
      <tokens>
        <t>" " "If" " "</t>
        <t>" " "he" " "</t>
        <t>" " "had" " "</t>
        <t>" " "not" " "</t>
        <t>" " "succeeded" " "</t>
        <t>" " "in" " "</t>
        <t>" " "escaping" " "</t>
        <t>" " "from" " "</t>
        <t>" " "Ireland" ""</t>
        <t>"" "," " "</t>
        <t>" " "if" " "</t>
        <t>" " "Gwendolin" " "</t>
        <t>" " "had" " "</t>
        <t>" " "not" " "</t>
        <t>" " "helped" " "</t>
        <t>" " "him" ""</t>
        <t>"" "," " "</t>
        <t>" " "he" " "</t>
        <t>" " "would" " "</t>
        <t>" " "certainly" " "</t>
        <t>" " "be" " "</t>
        <t>" " "in" " "</t>
        <t>" " "prison" " "</t>
        <t>" " "today" " "</t>
        <t>" " "for" " "</t>
        <t>" " "life" ""</t>
        <t>"" "." " "</t>
      </tokens>
      <parse>(ROOT (S (SBAR (IN If) (S (NP (PRP he)) (VP (VBD had) (RB not) (VP (VBN succeeded) (PP (IN in) (S (VP (VBG escaping) (PP (IN from) (NP (NNP Ireland)))))))))) (, ,) (SBAR (IN if) (S (NP (NNP Gwendolin)) (VP (VBD had) (RB not) (VP (VBN helped) (NP (PRP him)))))) (, ,) (NP (PRP he)) (VP (MD would) (ADVP (RB certainly)) (VP (VB be) (PP (IN in) (NP (NP (NN prison) (NN today)) (PP (IN for) (NP (NN life))))))) (. .)))</parse>
      <deps>mark(succeeded-5, If-1)
nsubj(succeeded-5, he-2)
aux(succeeded-5, had-3)
neg(succeeded-5, not-4)
advcl(be-21, succeeded-5)
prepc_in(succeeded-5, escaping-7)
prep_from(escaping-7, Ireland-9)
mark(helped-15, if-11)
nsubj(helped-15, Gwendolin-12)
aux(helped-15, had-13)
neg(helped-15, not-14)
advcl(be-21, helped-15)
dobj(helped-15, him-16)
nsubj(be-21, he-18)
aux(be-21, would-19)
advmod(be-21, certainly-20)
root(ROOT-0, be-21)
nn(today-24, prison-23)
prep_in(be-21, today-24)
prep_for(today-24, life-26)</deps>
      <events>
        <event id="e16" eiid="ei16" offset="5" string="succeeded" tense="PAST" aspect="NONE" class="OCCURRENCE" polarity="POS" modality="" happen="" lowerBoundDuration="" upperBoundDuration="" />
        <event id="e17" eiid="ei17" offset="7" string="escaping" tense="PRESPART" aspect="NONE" class="OCCURRENCE" polarity="POS" modality="" happen="" lowerBoundDuration="" upperBoundDuration="" />
        <event id="e18" eiid="ei18" offset="15" string="helped" tense="PAST" aspect="NONE" class="OCCURRENCE" polarity="POS" modality="" happen="" lowerBoundDuration="" upperBoundDuration="" />
      </events>
      <timexes />
    </entry>
    <entry sid="11" file="9783732517695_079.txt">
      <sentence>No one would have believed him innocent .</sentence>
      <tokens>
        <t>" " "No" " "</t>
        <t>" " "one" " "</t>
        <t>" " "would" " "</t>
        <t>" " "have" " "</t>
        <t>" " "believed" " "</t>
        <t>" " "him" " "</t>
        <t>" " "innocent" ""</t>
        <t>"" "." " "</t>
      </tokens>
      <parse>(ROOT (S (NP (DT No) (NN one)) (VP (MD would) (VP (VB have) (VP (VBN believed) (S (NP (PRP him)) (ADJP (JJ innocent)))))) (. .)))</parse>
      <deps>det(one-2, No-1)
nsubj(believed-5, one-2)
aux(believed-5, would-3)
aux(believed-5, have-4)
root(ROOT-0, believed-5)
nsubj(innocent-7, him-6)
xcomp(believed-5, innocent-7)</deps>
      <events>
        <event id="e19" eiid="ei19" offset="5" string="believed" tense="NONE" aspect="PERFECTIVE" class="OCCURRENCE" polarity="POS" modality="" happen="" lowerBoundDuration="" upperBoundDuration="" />
      </events>
      <timexes />
    </entry>
    <entry sid="12" file="9783732517695_079.txt">
      <sentence>He looked at the barracks .</sentence>
      <tokens>
        <t>" " "He" " "</t>
        <t>" " "looked" " "</t>
        <t>" " "at" " "</t>
        <t>" " "the" " "</t>
        <t>" " "barracks" ""</t>
        <t>"" "." " "</t>
      </tokens>
      <parse>(ROOT (S (NP (PRP He)) (VP (VBD looked) (PP (IN at) (NP (DT the) (NNS barracks)))) (. .)))</parse>
      <deps>nsubj(looked-2, He-1)
root(ROOT-0, looked-2)
det(barracks-5, the-4)
prep_at(looked-2, barracks-5)</deps>
      <events>
        <event id="e20" eiid="ei20" offset="2" string="looked" tense="PAST" aspect="NONE" class="OCCURRENCE" polarity="POS" modality="" happen="" lowerBoundDuration="" upperBoundDuration="" />
      </events>
      <timexes />
    </entry>
    <entry sid="13" file="9783732517695_079.txt">
      <sentence>They were illuminated by spotlights .</sentence>
      <tokens>
        <t>" " "They" " "</t>
        <t>" " "were" " "</t>
        <t>" " "illuminated" " "</t>
        <t>" " "by" " "</t>
        <t>" " "spotlights" ""</t>
        <t>"" "." " "</t>
      </tokens>
      <parse>(ROOT (S (NP (PRP They)) (VP (VBD were) (VP (VBN illuminated) (PP (IN by) (NP (NNS spotlights))))) (. .)))</parse>
      <deps>nsubjpass(illuminated-3, They-1)
auxpass(illuminated-3, were-2)
root(ROOT-0, illuminated-3)
agent(illuminated-3, spotlights-5)</deps>
      <events>
        <event id="e21" eiid="ei21" offset="3" string="illuminated" tense="PAST" aspect="NONE" class="OCCURRENCE" polarity="POS" modality="" happen="" lowerBoundDuration="" upperBoundDuration="" />
      </events>
      <timexes />
    </entry>
    <entry sid="14" file="9783732517695_079.txt">
      <sentence>Their beam reached all the way to the barbed wire .</sentence>
      <tokens>
        <t>" " "Their" " "</t>
        <t>" " "beam" " "</t>
        <t>" " "reached" " "</t>
        <t>" " "all" " "</t>
        <t>" " "the" " "</t>
        <t>" " "way" " "</t>
        <t>" " "to" " "</t>
        <t>" " "the" " "</t>
        <t>" " "barbed" " "</t>
        <t>" " "wire" ""</t>
        <t>"" "." " "</t>
      </tokens>
      <parse>(ROOT (S (NP (PRP$ Their) (NN beam)) (VP (VBD reached) (NP (PDT all) (DT the) (NN way)) (PP (TO to) (NP (DT the) (JJ barbed) (NN wire)))) (. .)))</parse>
      <deps>poss(beam-2, Their-1)
nsubj(reached-3, beam-2)
root(ROOT-0, reached-3)
predet(way-6, all-4)
det(way-6, the-5)
dobj(reached-3, way-6)
det(wire-10, the-8)
amod(wire-10, barbed-9)
prep_to(reached-3, wire-10)</deps>
      <events>
        <event id="e22" eiid="ei22" offset="3" string="reached" tense="PAST" aspect="NONE" class="OCCURRENCE" polarity="POS" modality="" happen="" lowerBoundDuration="" upperBoundDuration="" />
      </events>
      <timexes />
    </entry>
    <entry sid="15" file="9783732517695_079.txt">
      <sentence>The entire camp was eerily quiet .</sentence>
      <tokens>
        <t>" " "The" " "</t>
        <t>" " "entire" " "</t>
        <t>" " "camp" " "</t>
        <t>" " "was" " "</t>
        <t>" " "eerily" " "</t>
        <t>" " "quiet" ""</t>
        <t>"" "." " "</t>
      </tokens>
      <parse>(ROOT (S (NP (DT The) (JJ entire) (NN camp)) (VP (VBD was) (ADJP (RB eerily) (JJ quiet))) (. .)))</parse>
      <deps>det(camp-3, The-1)
amod(camp-3, entire-2)
nsubj(quiet-6, camp-3)
cop(quiet-6, was-4)
advmod(quiet-6, eerily-5)
root(ROOT-0, quiet-6)</deps>
      <events />
      <timexes />
    </entry>
    <entry sid="16" file="9783732517695_079.txt">
      <sentence>Only the footsteps and a few words of the guards at the gate could be heard from time to time .</sentence>
      <tokens>
        <t>" " "Only" " "</t>
        <t>" " "the" " "</t>
        <t>" " "footsteps" " "</t>
        <t>" " "and" " "</t>
        <t>" " "a" " "</t>
        <t>" " "few" " "</t>
        <t>" " "words" " "</t>
        <t>" " "of" " "</t>
        <t>" " "the" " "</t>
        <t>" " "guards" " "</t>
        <t>" " "at" " "</t>
        <t>" " "the" " "</t>
        <t>" " "gate" " "</t>
        <t>" " "could" " "</t>
        <t>" " "be" " "</t>
        <t>" " "heard" " "</t>
        <t>" " "from" " "</t>
        <t>" " "time" " "</t>
        <t>" " "to" " "</t>
        <t>" " "time" ""</t>
        <t>"" "." " "</t>
      </tokens>
      <parse>(ROOT (S (NP (NP (RB Only) (DT the) (NNS footsteps)) (CC and) (NP (NP (DT a) (JJ few) (NNS words)) (PP (IN of) (NP (NP (DT the) (NNS guards)) (PP (IN at) (NP (DT the) (NN gate))))))) (VP (MD could) (VP (VB be) (VP (VBN heard) (PP (IN from) (NP (NN time))) (PP (TO to) (NP (NN time)))))) (. .)))</parse>
      <deps>advmod(footsteps-3, Only-1)
det(footsteps-3, the-2)
nsubjpass(heard-16, footsteps-3)
det(words-7, a-5)
amod(words-7, few-6)
conj_and(footsteps-3, words-7)
nsubjpass(heard-16, words-7)
det(guards-10, the-9)
prep_of(words-7, guards-10)
det(gate-13, the-12)
prep_at(guards-10, gate-13)
aux(heard-16, could-14)
auxpass(heard-16, be-15)
root(ROOT-0, heard-16)
prep_from(heard-16, time-18)
prep_to(heard-16, time-20)</deps>
      <events>
        <event id="e23" eiid="ei23" offset="16" string="heard" tense="NONE" aspect="NONE" class="OCCURRENCE" polarity="POS" modality="" happen="" lowerBoundDuration="" upperBoundDuration="" />
      </events>
      <timexes />
    </entry>
    <entry sid="17" file="9783732517695_079.txt">
      <sentence>Patrick wanted to go further , there he heard a quiet voice call `` Hello '' .</sentence>
      <tokens>
        <t>" " "Patrick" " "</t>
        <t>" " "wanted" " "</t>
        <t>" " "to" " "</t>
        <t>" " "go" " "</t>
        <t>" " "further" ""</t>
        <t>"" "," " "</t>
        <t>" " "there" " "</t>
        <t>" " "he" " "</t>
        <t>" " "heard" " "</t>
        <t>" " "a" " "</t>
        <t>" " "quiet" " "</t>
        <t>" " "voice" " "</t>
        <t>" " "call" " "</t>
        <t>" " """ ""</t>
        <t>"" "Hello" ""</t>
        <t>"" """ ""</t>
        <t>"" "." " "</t>
      </tokens>
      <parse>(ROOT (S (S (NP (NNP Patrick)) (VP (VBD wanted) (S (VP (TO to) (VP (VB go) (RBR further)))))) (, ,) (ADVP (RB there)) (S (NP (PRP he)) (VP (VBD heard) (NP (DT a) (JJ quiet) (NN voice)) (VP (VB call) (INTJ (`` ``) (UH Hello) ('' ''))))) (. .)))</parse>
      <deps>nsubj(wanted-2, Patrick-1)
xsubj(go-4, Patrick-1)
root(ROOT-0, wanted-2)
aux(go-4, to-3)
xcomp(wanted-2, go-4)
advmod(go-4, further-5)
advmod(wanted-2, there-7)
nsubj(heard-9, he-8)
ccomp(wanted-2, heard-9)
parataxis(wanted-2, heard-9)
det(voice-12, a-10)
amod(voice-12, quiet-11)
dobj(heard-9, voice-12)
dep(heard-9, call-13)
discourse(call-13, Hello-15)</deps>
      <events>
        <event id="e24" eiid="ei24" offset="2" string="wanted" tense="PAST" aspect="NONE" class="I_ACTION" polarity="POS" modality="" happen="" lowerBoundDuration="" upperBoundDuration="" />
        <event id="e25" eiid="ei25" offset="4" string="go" tense="INFINITIVE" aspect="NONE" class="OCCURRENCE" polarity="POS" modality="" happen="" lowerBoundDuration="" upperBoundDuration="" />
        <event id="e26" eiid="ei26" offset="9" string="heard" tense="PAST" aspect="NONE" class="OCCURRENCE" polarity="POS" modality="" happen="" lowerBoundDuration="" upperBoundDuration="" />
        <event id="e27" eiid="ei27" offset="13" string="call" tense="NONE" aspect="NONE" class="OCCURRENCE" polarity="POS" modality="" happen="" lowerBoundDuration="" upperBoundDuration="" />
      </events>
      <timexes />
    </entry>
    <entry sid="18" file="9783732517695_079.txt">
      <sentence>He looked around in amazement .</sentence>
      <tokens>
        <t>" " "He" " "</t>
        <t>" " "looked" " "</t>
        <t>" " "around" " "</t>
        <t>" " "in" " "</t>
        <t>" " "amazement" ""</t>
        <t>"" "." " "</t>
      </tokens>
      <parse>(ROOT (S (NP (PRP He)) (VP (VBD looked) (PRT (RP around)) (PP (IN in) (NP (NN amazement)))) (. .)))</parse>
      <deps>nsubj(looked-2, He-1)
root(ROOT-0, looked-2)
prt(looked-2, around-3)
prep_in(looked-2, amazement-5)</deps>
      <events>
        <event id="e28" eiid="ei28" offset="2" string="looked" tense="PAST" aspect="NONE" class="OCCURRENCE" polarity="POS" modality="" happen="" lowerBoundDuration="" upperBoundDuration="" />
      </events>
      <timexes />
    </entry>
    <entry sid="19" file="9783732517695_079.txt">
      <sentence>Behind the barbed wire rose a young delicate woman .</sentence>
      <tokens>
        <t>" " "Behind" " "</t>
        <t>" " "the" " "</t>
        <t>" " "barbed" " "</t>
        <t>" " "wire" " "</t>
        <t>" " "rose" " "</t>
        <t>" " "a" " "</t>
        <t>" " "young" " "</t>
        <t>" " "delicate" " "</t>
        <t>" " "woman" ""</t>
        <t>"" "." " "</t>
      </tokens>
      <parse>(ROOT (SINV (PP (IN Behind) (NP (DT the) (JJ barbed) (NN wire))) (VP (VBD rose)) (NP (DT a) (JJ young) (JJ delicate) (NN woman)) (. .)))</parse>
      <deps>det(wire-4, the-2)
amod(wire-4, barbed-3)
prep_behind(rose-5, wire-4)
root(ROOT-0, rose-5)
det(woman-9, a-6)
amod(woman-9, young-7)
amod(woman-9, delicate-8)
nsubj(rose-5, woman-9)</deps>
      <events>
        <event id="e29" eiid="ei29" offset="5" string="rose" tense="PAST" aspect="NONE" class="OCCURRENCE" polarity="POS" modality="" happen="" lowerBoundDuration="" upperBoundDuration="" />
      </events>
      <timexes />
    </entry>
    <entry sid="20" file="9783732517695_079.txt">
      <sentence>She wore the striped convict clothes , her black hair pinned up in a messy knot .</sentence>
      <tokens>
        <t>" " "She" " "</t>
        <t>" " "wore" " "</t>
        <t>" " "the" " "</t>
        <t>" " "striped" " "</t>
        <t>" " "convict" " "</t>
        <t>" " "clothes" ""</t>
        <t>"" "," " "</t>
        <t>" " "her" " "</t>
        <t>" " "black" " "</t>
        <t>" " "hair" " "</t>
        <t>" " "pinned" " "</t>
        <t>" " "up" " "</t>
        <t>" " "in" " "</t>
        <t>" " "a" " "</t>
        <t>" " "messy" " "</t>
        <t>" " "knot" ""</t>
        <t>"" "." " "</t>
      </tokens>
      <parse>(ROOT (S (NP (PRP She)) (VP (VBD wore) (NP (NP (DT the) (JJ striped) (CD convict) (NNS clothes)) (, ,) (NP (NP (PRP$ her) (JJ black) (NN hair)) (VP (VBN pinned) (PRT (RP up)) (PP (IN in) (NP (DT a) (JJ messy) (NN knot))))))) (. .)))</parse>
      <deps>nsubj(wore-2, She-1)
root(ROOT-0, wore-2)
det(clothes-6, the-3)
amod(clothes-6, striped-4)
num(clothes-6, convict-5)
dobj(wore-2, clothes-6)
poss(hair-10, her-8)
amod(hair-10, black-9)
appos(clothes-6, hair-10)
partmod(hair-10, pinned-11)
prt(pinned-11, up-12)
det(knot-16, a-14)
amod(knot-16, messy-15)
prep_in(pinned-11, knot-16)</deps>
      <events>
        <event id="e30" eiid="ei30" offset="2" string="wore" tense="PAST" aspect="NONE" class="OCCURRENCE" polarity="POS" modality="" happen="" lowerBoundDuration="" upperBoundDuration="" />
        <event id="e31" eiid="ei31" offset="11" string="pinned" tense="PAST" aspect="NONE" class="OCCURRENCE" polarity="POS" modality="" happen="" lowerBoundDuration="" upperBoundDuration="" />
      </events>
      <timexes />
    </entry>
    <entry sid="21" file="9783732517695_079.txt">
      <sentence>`` Who are you ?</sentence>
      <tokens>
        <t>" " """ ""</t>
        <t>"" "Who" " "</t>
        <t>" " "are" " "</t>
        <t>" " "you" ""</t>
        <t>"" "?" " "</t>
      </tokens>
      <parse>(ROOT (SBARQ (`` ``) (WHNP (WP Who)) (SQ (VBP are) (NP (PRP you))) (. ?)))</parse>
      <deps>attr(are-3, Who-2)
root(ROOT-0, are-3)
nsubj(are-3, you-4)</deps>
      <events />
      <timexes />
    </entry>
    <entry sid="22" file="9783732517695_079.txt">
      <sentence>Who are you interested in ? ''</sentence>
      <tokens>
        <t>" " "Who" " "</t>
        <t>" " "are" " "</t>
        <t>" " "you" " "</t>
        <t>" " "interested" " "</t>
        <t>" " "in" ""</t>
        <t>"" "?" ""</t>
        <t>"" """ " "</t>
      </tokens>
      <parse>(ROOT (SBARQ (WHNP (WP Who)) (SQ (VBP are) (NP (PRP you)) (ADJP (JJ interested) (PP (IN in)))) (. ?) ('' '')))</parse>
      <deps>attr(interested-4, Who-1)
cop(interested-4, are-2)
nsubj(interested-4, you-3)
root(ROOT-0, interested-4)
prep(interested-4, in-5)</deps>
      <events />
      <timexes />
    </entry>
    <entry sid="23" file="9783732517695_079.txt">
      <sentence>the young woman asked .</sentence>
      <tokens>
        <t>" " "the" " "</t>
        <t>" " "young" " "</t>
        <t>" " "woman" " "</t>
        <t>" " "asked" ""</t>
        <t>"" "." " "</t>
      </tokens>
      <parse>(ROOT (S (NP (DT the) (JJ young) (NN woman)) (VP (VBD asked)) (. .)))</parse>
      <deps>det(woman-3, the-1)
amod(woman-3, young-2)
nsubj(asked-4, woman-3)
root(ROOT-0, asked-4)</deps>
      <events>
        <event id="e32" eiid="ei32" offset="4" string="asked" tense="PAST" aspect="NONE" class="I_ACTION" polarity="POS" modality="" happen="" lowerBoundDuration="" upperBoundDuration="" />
      </events>
      <timexes />
    </entry>
    <entry sid="24" file="9783732517695_079.txt">
      <sentence>She spoke in English .</sentence>
      <tokens>
        <t>" " "She" " "</t>
        <t>" " "spoke" " "</t>
        <t>" " "in" " "</t>
        <t>" " "English" ""</t>
        <t>"" "." " "</t>
      </tokens>
      <parse>(ROOT (S (NP (PRP She)) (VP (VBD spoke) (PP (IN in) (NP (NNP English)))) (. .)))</parse>
      <deps>nsubj(spoke-2, She-1)
root(ROOT-0, spoke-2)
prep_in(spoke-2, English-4)</deps>
      <events>
        <event id="e33" eiid="ei33" offset="2" string="spoke" tense="PAST" aspect="NONE" class="OCCURRENCE" polarity="POS" modality="" happen="" lowerBoundDuration="" upperBoundDuration="" />
      </events>
      <timexes />
    </entry>
    <entry sid="25" file="9783732517695_079.txt">
      <sentence>`` No one , '' Patrick replied , confused .</sentence>
      <tokens>
        <t>" " """ ""</t>
        <t>"" "No" " "</t>
        <t>" " "one" ""</t>
        <t>"" "," ""</t>
        <t>"" """ " "</t>
        <t>" " "Patrick" " "</t>
        <t>" " "replied" ""</t>
        <t>"" "," " "</t>
        <t>" " "confused" ""</t>
        <t>"" "." " "</t>
      </tokens>
      <parse>(ROOT (S (`` ``) (NP (DT No) (NN one)) (PRN (, ,) ('' '') (S (NP (NNP Patrick)) (VP (VBD replied))) (, ,)) (VP (VBD confused)) (. .)))</parse>
      <deps>det(one-3, No-2)
nsubj(confused-9, one-3)
nsubj(replied-7, Patrick-6)
parataxis(confused-9, replied-7)
root(ROOT-0, confused-9)</deps>
      <events>
        <event id="e34" eiid="ei34" offset="7" string="replied" tense="PAST" aspect="NONE" class="OCCURRENCE" polarity="POS" modality="" happen="" lowerBoundDuration="" upperBoundDuration="" />
        <event id="e35" eiid="ei35" offset="9" string="confused" tense="PAST" aspect="NONE" class="OCCURRENCE" polarity="POS" modality="" happen="" lowerBoundDuration="" upperBoundDuration="" />
      </events>
      <timexes />
    </entry>
    <entry sid="26" file="9783732517695_079.txt">
      <sentence>`` Are you English ? ''</sentence>
      <tokens>
        <t>" " """ ""</t>
        <t>"" "Are" " "</t>
        <t>" " "you" " "</t>
        <t>" " "English" ""</t>
        <t>"" "?" ""</t>
        <t>"" """ " "</t>
      </tokens>
      <parse>(ROOT (S (`` ``) (VP (VB Are) (S (NP (PRP you)) (ADJP (JJ English)))) (. ?) ('' '')))</parse>
      <deps>root(ROOT-0, Are-2)
nsubj(English-4, you-3)
xcomp(Are-2, English-4)</deps>
      <events />
      <timexes />
    </entry>
    <entry sid="27" file="9783732517695_079.txt">
      <sentence>`` Yes . ''</sentence>
      <tokens>
        <t>" " """ ""</t>
        <t>"" "Yes" ""</t>
        <t>"" "." ""</t>
        <t>"" """ " "</t>
      </tokens>
      <parse>(ROOT (INTJ (`` ``) (UH Yes) (. .) ('' '')))</parse>
      <deps />
      <events />
      <timexes />
    </entry>
    <entry sid="28" file="9783732517695_079.txt">
      <sentence>The young woman pressed her face against the barbed wire as if she was n't afraid of hurting herself .</sentence>
      <tokens>
        <t>" " "The" " "</t>
        <t>" " "young" " "</t>
        <t>" " "woman" " "</t>
        <t>" " "pressed" " "</t>
        <t>" " "her" " "</t>
        <t>" " "face" " "</t>
        <t>" " "against" " "</t>
        <t>" " "the" " "</t>
        <t>" " "barbed" " "</t>
        <t>" " "wire" " "</t>
        <t>" " "as" " "</t>
        <t>" " "if" " "</t>
        <t>" " "she" " "</t>
        <t>" " "was" ""</t>
        <t>"" "n't" " "</t>
        <t>" " "afraid" " "</t>
        <t>" " "of" " "</t>
        <t>" " "hurting" " "</t>
        <t>" " "herself" ""</t>
        <t>"" "." " "</t>
      </tokens>
      <parse>(ROOT (S (NP (DT The) (JJ young) (NN woman)) (VP (VBD pressed) (NP (PRP$ her) (NN face)) (PP (IN against) (NP (DT the) (JJ barbed) (NN wire))) (SBAR (RB as) (IN if) (S (NP (PRP she)) (VP (VBD was) (RB n't) (ADJP (JJ afraid) (PP (IN of) (S (VP (VBG hurting) (NP (PRP herself)))))))))) (. .)))</parse>
      <deps>det(woman-3, The-1)
amod(woman-3, young-2)
nsubj(pressed-4, woman-3)
root(ROOT-0, pressed-4)
poss(face-6, her-5)
dobj(pressed-4, face-6)
det(wire-10, the-8)
amod(wire-10, barbed-9)
prep_against(pressed-4, wire-10)
advmod(afraid-16, as-11)
mark(afraid-16, if-12)
nsubj(afraid-16, she-13)
cop(afraid-16, was-14)
neg(afraid-16, n't-15)
advcl(pressed-4, afraid-16)
prepc_of(afraid-16, hurting-18)
dobj(hurting-18, herself-19)</deps>
      <events>
        <event id="e36" eiid="ei36" offset="4" string="pressed" tense="PAST" aspect="NONE" class="OCCURRENCE" polarity="POS" modality="" happen="" lowerBoundDuration="" upperBoundDuration="" />
      </events>
      <timexes />
    </entry>
    <entry sid="29" file="9783732517695_079.txt">
      <sentence>`` My name is Sally Smith . ''</sentence>
      <tokens>
        <t>" " """ ""</t>
        <t>"" "My" " "</t>
        <t>" " "name" " "</t>
        <t>" " "is" " "</t>
        <t>" " "Sally" " "</t>
        <t>" " "Smith" ""</t>
        <t>"" "." ""</t>
        <t>"" """ " "</t>
      </tokens>
      <parse>(ROOT (S (`` ``) (NP (PRP$ My) (NN name)) (VP (VBZ is) (NP (NNP Sally) (NNP Smith))) (. .) ('' '')))</parse>
      <deps>poss(name-3, My-2)
nsubj(Smith-6, name-3)
cop(Smith-6, is-4)
nn(Smith-6, Sally-5)
root(ROOT-0, Smith-6)</deps>
      <events />
      <timexes />
    </entry>
    <entry sid="30" file="9783732517695_079.txt">
      <sentence>`` And I 'm Patrick Young , '' Patrick replied as if under duress .</sentence>
      <tokens>
        <t>" " """ ""</t>
        <t>"" "And" " "</t>
        <t>" " "I" ""</t>
        <t>"" "'m" " "</t>
        <t>" " "Patrick" " "</t>
        <t>" " "Young" ""</t>
        <t>"" "," ""</t>
        <t>"" """ " "</t>
        <t>" " "Patrick" " "</t>
        <t>" " "replied" " "</t>
        <t>" " "as" " "</t>
        <t>" " "if" " "</t>
        <t>" " "under" " "</t>
        <t>" " "duress" ""</t>
        <t>"" "." " "</t>
      </tokens>
      <parse>(ROOT (S (`` ``) (S (CC And) (NP (PRP I)) (VP (VBP 'm) (NP (NNP Patrick) (NNP Young)))) (, ,) ('' '') (NP (NNP Patrick)) (VP (VBD replied) (ADJP (RB as) (IN if)) (PP (IN under) (NP (NNS duress)))) (. .)))</parse>
      <deps>cc(Young-6, And-2)
nsubj(Young-6, I-3)
cop(Young-6, 'm-4)
nn(Young-6, Patrick-5)
ccomp(replied-10, Young-6)
nsubj(replied-10, Patrick-9)
root(ROOT-0, replied-10)
advmod(if-12, as-11)
acomp(replied-10, if-12)
prep_under(replied-10, duress-14)</deps>
      <events>
        <event id="e37" eiid="ei37" offset="10" string="replied" tense="PAST" aspect="NONE" class="OCCURRENCE" polarity="POS" modality="" happen="" lowerBoundDuration="" upperBoundDuration="" />
      </events>
      <timexes />
    </entry>
    <entry sid="31" file="9783732517695_079.txt">
      <sentence>`` What are you in the penal colony for ? ''</sentence>
      <tokens>
        <t>" " """ ""</t>
        <t>"" "What" " "</t>
        <t>" " "are" " "</t>
        <t>" " "you" " "</t>
        <t>" " "in" " "</t>
        <t>" " "the" " "</t>
        <t>" " "penal" " "</t>
        <t>" " "colony" " "</t>
        <t>" " "for" ""</t>
        <t>"" "?" ""</t>
        <t>"" """ " "</t>
      </tokens>
      <parse>(ROOT (SBARQ (`` ``) (WHNP (WP What)) (SQ (VBP are) (NP (PRP you)) (PP (IN in) (NP (NP (DT the) (JJ penal) (NN colony)) (PP (IN for))))) (. ?) ('' '')))</parse>
      <deps>attr(are-3, What-2)
root(ROOT-0, are-3)
nsubj(are-3, you-4)
det(colony-8, the-6)
amod(colony-8, penal-7)
prep_in(are-3, colony-8)
prep(colony-8, for-9)</deps>
      <events />
      <timexes />
    </entry>
    <entry sid="32" file="9783732517695_079.txt">
      <sentence>Sally Smith was silent for a few seconds , then said very quickly , `` I 'm being held for fraud , but I have to atone for my husband .</sentence>
      <tokens>
        <t>" " "Sally" " "</t>
        <t>" " "Smith" " "</t>
        <t>" " "was" " "</t>
        <t>" " "silent" " "</t>
        <t>" " "for" " "</t>
        <t>" " "a" " "</t>
        <t>" " "few" " "</t>
        <t>" " "seconds" ""</t>
        <t>"" "," " "</t>
        <t>" " "then" " "</t>
        <t>" " "said" " "</t>
        <t>" " "very" " "</t>
        <t>" " "quickly" ""</t>
        <t>"" "," " "</t>
        <t>" " """ ""</t>
        <t>"" "I" ""</t>
        <t>"" "'m" " "</t>
        <t>" " "being" " "</t>
        <t>" " "held" " "</t>
        <t>" " "for" " "</t>
        <t>" " "fraud" ""</t>
        <t>"" "," " "</t>
        <t>" " "but" " "</t>
        <t>" " "I" " "</t>
        <t>" " "have" " "</t>
        <t>" " "to" " "</t>
        <t>" " "atone" " "</t>
        <t>" " "for" " "</t>
        <t>" " "my" " "</t>
        <t>" " "husband" ""</t>
        <t>"" "." " "</t>
      </tokens>
      <parse>(ROOT (S (S (NP (NNP Sally) (NNP Smith)) (VP (VBD was) (ADJP (JJ silent) (PP (IN for) (NP (DT a) (JJ few) (NNS seconds)))))) (, ,) (NP (RB then)) (VP (VBD said) (SBAR (S (S (ADVP (RB very) (RB quickly)) (, ,) (`` ``) (NP (PRP I)) (VP (VBP 'm) (VP (VBG being) (VP (VBN held) (PP (IN for) (NP (NN fraud))))))) (, ,) (CC but) (S (NP (PRP I)) (VP (VBP have) (S (VP (TO to) (VP (VB atone) (PP (IN for) (NP (PRP$ my) (NN husband))))))))))) (. .)))</parse>
      <deps>nn(Smith-2, Sally-1)
nsubj(silent-4, Smith-2)
cop(silent-4, was-3)
ccomp(said-11, silent-4)
det(seconds-8, a-6)
amod(seconds-8, few-7)
prep_for(silent-4, seconds-8)
nsubj(said-11, then-10)
root(ROOT-0, said-11)
advmod(quickly-13, very-12)
advmod(held-19, quickly-13)
nsubjpass(held-19, I-16)
aux(held-19, 'm-17)
auxpass(held-19, being-18)
dep(said-11, held-19)
prep_for(held-19, fraud-21)
nsubj(have-25, I-24)
xsubj(atone-27, I-24)
dep(said-11, have-25)
conj_but(held-19, have-25)
aux(atone-27, to-26)
xcomp(have-25, atone-27)
poss(husband-30, my-29)
prep_for(atone-27, husband-30)</deps>
      <events>
        <event id="e38" eiid="ei38" offset="11" string="said" tense="PAST" aspect="NONE" class="REPORTING" polarity="POS" modality="" happen="" lowerBoundDuration="" upperBoundDuration="" />
        <event id="e39" eiid="ei39" offset="19" string="held" tense="PRESENT" aspect="PROGRESSIVE" class="OCCURRENCE" polarity="POS" modality="" happen="" lowerBoundDuration="" upperBoundDuration="" />
        <event id="e40" eiid="ei40" offset="27" string="atone" tense="INFINITIVE" aspect="NONE" class="OCCURRENCE" polarity="POS" modality="" happen="" lowerBoundDuration="" upperBoundDuration="" />
      </events>
      <timexes>
        <timex tid="t4" text="a few seconds" offset="6" length="3" type="DURATION" value="PTXS" temporalFunction="false" />
      </timexes>
    </entry>
    <entry sid="33" file="9783732517695_079.txt">
      <sentence>They did n't get him .</sentence>
      <tokens>
        <t>" " "They" " "</t>
        <t>" " "did" ""</t>
        <t>"" "n't" " "</t>
        <t>" " "get" " "</t>
        <t>" " "him" ""</t>
        <t>"" "." " "</t>
      </tokens>
      <parse>(ROOT (S (NP (PRP They)) (VP (VBD did) (RB n't) (VP (VB get) (NP (PRP him)))) (. .)))</parse>
      <deps>nsubj(get-4, They-1)
aux(get-4, did-2)
neg(get-4, n't-3)
root(ROOT-0, get-4)
dobj(get-4, him-5)</deps>
      <events>
        <event id="e41" eiid="ei41" offset="4" string="get" tense="PAST" aspect="NONE" class="OCCURRENCE" polarity="POS" modality="" happen="" lowerBoundDuration="" upperBoundDuration="" />
      </events>
      <timexes />
    </entry>
    <entry sid="34" file="9783732517695_079.txt">
      <sentence>We just emigrated a year ago .</sentence>
      <tokens>
        <t>" " "We" " "</t>
        <t>" " "just" " "</t>
        <t>" " "emigrated" " "</t>
        <t>" " "a" " "</t>
        <t>" " "year" " "</t>
        <t>" " "ago" ""</t>
        <t>"" "." " "</t>
      </tokens>
      <parse>(ROOT (S (NP (PRP We)) (ADVP (RB just)) (VP (VBD emigrated) (ADVP (NP (DT a) (NN year)) (RB ago))) (. .)))</parse>
      <deps>nsubj(emigrated-3, We-1)
advmod(emigrated-3, just-2)
root(ROOT-0, emigrated-3)
det(year-5, a-4)
npadvmod(ago-6, year-5)
advmod(emigrated-3, ago-6)</deps>
      <events>
        <event id="e42" eiid="ei42" offset="3" string="emigrated" tense="PAST" aspect="NONE" class="OCCURRENCE" polarity="POS" modality="" happen="" lowerBoundDuration="" upperBoundDuration="" />
      </events>
      <timexes>
        <timex tid="t5" text="a year" offset="4" length="2" type="DURATION" value="P1Y" temporalFunction="false" />
      </timexes>
    </entry>
    <entry sid="35" file="9783732517695_079.txt">
      <sentence>We could n't get a foothold . ''</sentence>
      <tokens>
        <t>" " "We" " "</t>
        <t>" " "could" ""</t>
        <t>"" "n't" " "</t>
        <t>" " "get" " "</t>
        <t>" " "a" " "</t>
        <t>" " "foothold" ""</t>
        <t>"" "." ""</t>
        <t>"" """ " "</t>
      </tokens>
      <parse>(ROOT (S (NP (PRP We)) (VP (MD could) (RB n't) (VP (VB get) (NP (DT a) (NN foothold)))) (. .) ('' '')))</parse>
      <deps>nsubj(get-4, We-1)
aux(get-4, could-2)
neg(get-4, n't-3)
root(ROOT-0, get-4)
det(foothold-6, a-5)
dobj(get-4, foothold-6)</deps>
      <events>
        <event id="e43" eiid="ei43" offset="4" string="get" tense="FUTURE" aspect="NONE" class="OCCURRENCE" polarity="POS" modality="" happen="" lowerBoundDuration="" upperBoundDuration="" />
      </events>
      <timexes />
    </entry>
    <entry sid="36" file="9783732517695_079.txt">
      <sentence>Her voice was barely intelligible now .</sentence>
      <tokens>
        <t>" " "Her" " "</t>
        <t>" " "voice" " "</t>
        <t>" " "was" " "</t>
        <t>" " "barely" " "</t>
        <t>" " "intelligible" " "</t>
        <t>" " "now" ""</t>
        <t>"" "." " "</t>
      </tokens>
      <parse>(ROOT (S (NP (PRP$ Her) (NN voice)) (VP (VBD was) (ADJP (RB barely) (JJ intelligible)) (ADVP (RB now))) (. .)))</parse>
      <deps>poss(voice-2, Her-1)
nsubj(intelligible-5, voice-2)
cop(intelligible-5, was-3)
advmod(intelligible-5, barely-4)
root(ROOT-0, intelligible-5)
advmod(intelligible-5, now-6)</deps>
      <events />
      <timexes>
        <timex tid="t6" text="now" offset="6" length="1" type="DATE" value="PRESENT_REF" temporalFunction="false" />
      </timexes>
    </entry>
    <entry sid="37" file="9783732517695_079.txt">
      <sentence>Patrick had to move closer to the barbed wire .</sentence>
      <tokens>
        <t>" " "Patrick" " "</t>
        <t>" " "had" " "</t>
        <t>" " "to" " "</t>
        <t>" " "move" " "</t>
        <t>" " "closer" " "</t>
        <t>" " "to" " "</t>
        <t>" " "the" " "</t>
        <t>" " "barbed" " "</t>
        <t>" " "wire" ""</t>
        <t>"" "." " "</t>
      </tokens>
      <parse>(ROOT (S (NP (NNP Patrick)) (VP (VBD had) (S (VP (TO to) (VP (VB move) (ADVP (RBR closer)) (PP (TO to) (NP (DT the) (JJ barbed) (NN wire))))))) (. .)))</parse>
      <deps>nsubj(had-2, Patrick-1)
xsubj(move-4, Patrick-1)
root(ROOT-0, had-2)
aux(move-4, to-3)
xcomp(had-2, move-4)
advmod(move-4, closer-5)
det(wire-9, the-7)
amod(wire-9, barbed-8)
prep_to(move-4, wire-9)</deps>
      <events>
        <event id="e44" eiid="ei44" offset="2" string="had" tense="PAST" aspect="NONE" class="I_ACTION" polarity="POS" modality="" happen="" lowerBoundDuration="" upperBoundDuration="" />
        <event id="e45" eiid="ei45" offset="4" string="move" tense="INFINITIVE" aspect="NONE" class="OCCURRENCE" polarity="POS" modality="" happen="" lowerBoundDuration="" upperBoundDuration="" />
      </events>
      <timexes />
    </entry>
    <entry sid="38" file="9783732517695_079.txt">
      <sentence>`` My husband Charlie became a criminal .</sentence>
      <tokens>
        <t>" " """ ""</t>
        <t>"" "My" " "</t>
        <t>" " "husband" " "</t>
        <t>" " "Charlie" " "</t>
        <t>" " "became" " "</t>
        <t>" " "a" " "</t>
        <t>" " "criminal" ""</t>
        <t>"" "." " "</t>
      </tokens>
      <parse>(ROOT (S (`` ``) (NP (PRP$ My) (NN husband) (NNP Charlie)) (VP (VBD became) (NP (DT a) (JJ criminal))) (. .)))</parse>
      <deps>poss(Charlie-4, My-2)
nn(Charlie-4, husband-3)
nsubj(criminal-7, Charlie-4)
cop(criminal-7, became-5)
det(criminal-7, a-6)
root(ROOT-0, criminal-7)</deps>
      <events>
        <event id="e46" eiid="ei46" offset="5" string="became" tense="PAST" aspect="NONE" class="OCCURRENCE" polarity="POS" modality="" happen="" lowerBoundDuration="" upperBoundDuration="" />
      </events>
      <timexes />
    </entry>
    <entry sid="39" file="9783732517695_079.txt">
      <sentence>Most recently he was involved in a fight .</sentence>
      <tokens>
        <t>" " "Most" " "</t>
        <t>" " "recently" " "</t>
        <t>" " "he" " "</t>
        <t>" " "was" " "</t>
        <t>" " "involved" " "</t>
        <t>" " "in" " "</t>
        <t>" " "a" " "</t>
        <t>" " "fight" ""</t>
        <t>"" "." " "</t>
      </tokens>
      <parse>(ROOT (S (ADVP (RBS Most) (RB recently)) (NP (PRP he)) (VP (VBD was) (VP (VBN involved) (PP (IN in) (NP (DT a) (NN fight))))) (. .)))</parse>
      <deps>advmod(recently-2, Most-1)
advmod(involved-5, recently-2)
nsubjpass(involved-5, he-3)
auxpass(involved-5, was-4)
root(ROOT-0, involved-5)
det(fight-8, a-7)
prep_in(involved-5, fight-8)</deps>
      <events>
        <event id="e47" eiid="ei47" offset="5" string="involved" tense="PAST" aspect="NONE" class="OCCURRENCE" polarity="POS" modality="" happen="" lowerBoundDuration="" upperBoundDuration="" />
      </events>
      <timexes>
        <timex tid="t7" text="recently" offset="2" length="1" type="DATE" value="PAST_REF" temporalFunction="false" />
      </timexes>
    </entry>
    <entry sid="40" file="9783732517695_079.txt">
      <sentence>He was killed in the process .</sentence>
      <tokens>
        <t>" " "He" " "</t>
        <t>" " "was" " "</t>
        <t>" " "killed" " "</t>
        <t>" " "in" " "</t>
        <t>" " "the" " "</t>
        <t>" " "process" ""</t>
        <t>"" "." " "</t>
      </tokens>
      <parse>(ROOT (S (NP (PRP He)) (VP (VBD was) (VP (VBN killed) (PP (IN in) (NP (DT the) (NN process))))) (. .)))</parse>
      <deps>nsubjpass(killed-3, He-1)
auxpass(killed-3, was-2)
root(ROOT-0, killed-3)
det(process-6, the-5)
prep_in(killed-3, process-6)</deps>
      <events>
        <event id="e48" eiid="ei48" offset="3" string="killed" tense="PAST" aspect="NONE" class="OCCURRENCE" polarity="POS" modality="" happen="" lowerBoundDuration="" upperBoundDuration="" />
      </events>
      <timexes />
    </entry>
    <entry sid="41" file="9783732517695_079.txt">
      <sentence>Now I have to pay for him .</sentence>
      <tokens>
        <t>" " "Now" " "</t>
        <t>" " "I" " "</t>
        <t>" " "have" " "</t>
        <t>" " "to" " "</t>
        <t>" " "pay" " "</t>
        <t>" " "for" " "</t>
        <t>" " "him" ""</t>
        <t>"" "." " "</t>
      </tokens>
      <parse>(ROOT (S (ADVP (RB Now)) (NP (PRP I)) (VP (VBP have) (S (VP (TO to) (VP (VB pay) (PP (IN for) (NP (PRP him))))))) (. .)))</parse>
      <deps>advmod(have-3, Now-1)
nsubj(have-3, I-2)
xsubj(pay-5, I-2)
root(ROOT-0, have-3)
aux(pay-5, to-4)
xcomp(have-3, pay-5)
prep_for(pay-5, him-7)</deps>
      <events />
      <timexes>
        <timex tid="t8" text="Now" offset="1" length="1" type="DATE" value="PRESENT_REF" temporalFunction="false" />
      </timexes>
    </entry>
    <entry sid="42" file="9783732517695_079.txt">
      <sentence>No one is going to get me out of here . ''</sentence>
      <tokens>
        <t>" " "No" " "</t>
        <t>" " "one" " "</t>
        <t>" " "is" " "</t>
        <t>" " "going" " "</t>
        <t>" " "to" " "</t>
        <t>" " "get" " "</t>
        <t>" " "me" " "</t>
        <t>" " "out" " "</t>
        <t>" " "of" " "</t>
        <t>" " "here" ""</t>
        <t>"" "." ""</t>
        <t>"" """ " "</t>
      </tokens>
      <parse>(ROOT (S (NP (DT No) (NN one)) (VP (VBZ is) (VP (VBG going) (S (VP (TO to) (VP (VB get) (NP (PRP me)) (PRT (RP out)) (PP (IN of) (NP (RB here)))))))) (. .) ('' '')))</parse>
      <deps>det(one-2, No-1)
nsubj(going-4, one-2)
xsubj(get-6, one-2)
aux(going-4, is-3)
root(ROOT-0, going-4)
aux(get-6, to-5)
xcomp(going-4, get-6)
dobj(get-6, me-7)
prep_out_of(get-6, here-10)</deps>
      <events>
        <event id="e49" eiid="ei49" offset="6" string="get" tense="FUTURE" aspect="NONE" class="OCCURRENCE" polarity="POS" modality="" happen="" lowerBoundDuration="" upperBoundDuration="" />
      </events>
      <timexes />
    </entry>
    <entry sid="43" file="9783732517695_079.txt">
      <sentence>Patrick was shaken , he was moved by the helpless desperate woman .</sentence>
      <tokens>
        <t>" " "Patrick" " "</t>
        <t>" " "was" " "</t>
        <t>" " "shaken" ""</t>
        <t>"" "," " "</t>
        <t>" " "he" " "</t>
        <t>" " "was" " "</t>
        <t>" " "moved" " "</t>
        <t>" " "by" " "</t>
        <t>" " "the" " "</t>
        <t>" " "helpless" " "</t>
        <t>" " "desperate" " "</t>
        <t>" " "woman" ""</t>
        <t>"" "." " "</t>
      </tokens>
      <parse>(ROOT (S (S (NP (NNP Patrick)) (VP (VBD was) (VP (VBN shaken)))) (, ,) (NP (PRP he)) (VP (VBD was) (VP (VBN moved) (PP (IN by) (NP (DT the) (JJ helpless) (JJ desperate) (NN woman))))) (. .)))</parse>
      <deps>nsubjpass(shaken-3, Patrick-1)
auxpass(shaken-3, was-2)
ccomp(moved-7, shaken-3)
nsubjpass(moved-7, he-5)
auxpass(moved-7, was-6)
root(ROOT-0, moved-7)
det(woman-12, the-9)
amod(woman-12, helpless-10)
amod(woman-12, desperate-11)
agent(moved-7, woman-12)</deps>
      <events>
        <event id="e50" eiid="ei50" offset="3" string="shaken" tense="PAST" aspect="NONE" class="OCCURRENCE" polarity="POS" modality="" happen="" lowerBoundDuration="" upperBoundDuration="" />
        <event id="e51" eiid="ei51" offset="7" string="moved" tense="PAST" aspect="NONE" class="OCCURRENCE" polarity="POS" modality="" happen="" lowerBoundDuration="" upperBoundDuration="" />
      </events>
      <timexes />
    </entry>
    <entry sid="44" file="9783732517695_079.txt">
      <sentence>He touched her hand .</sentence>
      <tokens>
        <t>" " "He" " "</t>
        <t>" " "touched" " "</t>
        <t>" " "her" " "</t>
        <t>" " "hand" ""</t>
        <t>"" "." " "</t>
      </tokens>
      <parse>(ROOT (S (NP (PRP He)) (VP (VBD touched) (NP (PRP$ her) (NN hand))) (. .)))</parse>
      <deps>nsubj(touched-2, He-1)
root(ROOT-0, touched-2)
poss(hand-4, her-3)
dobj(touched-2, hand-4)</deps>
      <events>
        <event id="e52" eiid="ei52" offset="2" string="touched" tense="PAST" aspect="NONE" class="OCCURRENCE" polarity="POS" modality="" happen="" lowerBoundDuration="" upperBoundDuration="" />
      </events>
      <timexes />
    </entry>
    <entry sid="45" file="9783732517695_079.txt">
      <sentence>Sally pulled it back in fright and whispered , `` I have to go back , the guard has discovered me '' Already loud shouting sounded , then a sentry appeared , pushed Sally ahead of him to the barracks and threatened Patrick to chase him away .</sentence>
      <tokens>
        <t>" " "Sally" " "</t>
        <t>" " "pulled" " "</t>
        <t>" " "it" " "</t>
        <t>" " "back" " "</t>
        <t>" " "in" " "</t>
        <t>" " "fright" " "</t>
        <t>" " "and" " "</t>
        <t>" " "whispered" ""</t>
        <t>"" "," " "</t>
        <t>" " """ ""</t>
        <t>"" "I" " "</t>
        <t>" " "have" " "</t>
        <t>" " "to" " "</t>
        <t>" " "go" " "</t>
        <t>" " "back" ""</t>
        <t>"" "," " "</t>
        <t>" " "the" " "</t>
        <t>" " "guard" " "</t>
        <t>" " "has" " "</t>
        <t>" " "discovered" " "</t>
        <t>" " "me" ""</t>
        <t>"" """ " "</t>
        <t>" " "Already" " "</t>
        <t>" " "loud" " "</t>
        <t>" " "shouting" " "</t>
        <t>" " "sounded" ""</t>
        <t>"" "," " "</t>
        <t>" " "then" " "</t>
        <t>" " "a" " "</t>
        <t>" " "sentry" " "</t>
        <t>" " "appeared" ""</t>
        <t>"" "," " "</t>
        <t>" " "pushed" " "</t>
        <t>" " "Sally" " "</t>
        <t>" " "ahead" " "</t>
        <t>" " "of" " "</t>
        <t>" " "him" " "</t>
        <t>" " "to" " "</t>
        <t>" " "the" " "</t>
        <t>" " "barracks" " "</t>
        <t>" " "and" " "</t>
        <t>" " "threatened" " "</t>
        <t>" " "Patrick" " "</t>
        <t>" " "to" " "</t>
        <t>" " "chase" " "</t>
        <t>" " "him" " "</t>
        <t>" " "away" ""</t>
        <t>"" "." " "</t>
      </tokens>
      <parse>(ROOT (S (NP (NNP Sally)) (VP (VP (VBD pulled) (NP (PRP it)) (PRT (RP back)) (PP (IN in) (NP (NN fright)))) (CC and) (VP (VBD whispered) (, ,) (`` ``) (S (S (NP (PRP I)) (VP (VBP have) (S (VP (TO to) (VP (VB go) (ADVP (RB back))))))) (, ,) (S (NP (DT the) (NN guard)) (VP (VBZ has) (VP (VBN discovered) (NP (PRP me) ('' '')) (S (ADVP (RB Already)) (VP (ADVP (JJ loud)) (VBG shouting) (VP (VBN sounded))))))) (, ,) (RB then) (S (NP (DT a) (NN sentry)) (VP (VP (VBD appeared)) (, ,) (VP (VBD pushed) (NP (NP (NNP Sally)) (PP (RB ahead) (IN of) (NP (PRP him)))) (PP (TO to) (NP (DT the) (NNS barracks)))) (CC and) (VP (VBD threatened) (S (NP (NNP Patrick)) (VP (TO to) (VP (VB chase) (NP (PRP him)) (ADVP (RB away))))))))))) (. .)))</parse>
      <deps>nsubj(pulled-2, Sally-1)
nsubj(whispered-8, Sally-1)
root(ROOT-0, pulled-2)
dobj(pulled-2, it-3)
prt(pulled-2, back-4)
prep_in(pulled-2, fright-6)
conj_and(pulled-2, whispered-8)
nsubj(have-12, I-11)
xsubj(go-14, I-11)
dep(whispered-8, have-12)
aux(go-14, to-13)
xcomp(have-12, go-14)
advmod(go-14, back-15)
det(guard-18, the-17)
nsubj(discovered-20, guard-18)
aux(discovered-20, has-19)
ccomp(have-12, discovered-20)
parataxis(have-12, discovered-20)
dobj(discovered-20, me-21)
advmod(shouting-25, Already-23)
advmod(shouting-25, loud-24)
xcomp(discovered-20, shouting-25)
dep(shouting-25, sounded-26)
advmod(have-12, then-28)
det(sentry-30, a-29)
nsubj(appeared-31, sentry-30)
nsubj(pushed-33, sentry-30)
nsubj(threatened-42, sentry-30)
parataxis(have-12, appeared-31)
parataxis(have-12, pushed-33)
conj_and(appeared-31, pushed-33)
dobj(pushed-33, Sally-34)
prep_ahead_of(Sally-34, him-37)
det(barracks-40, the-39)
prep_to(pushed-33, barracks-40)
parataxis(have-12, threatened-42)
conj_and(appeared-31, threatened-42)
nsubj(chase-45, Patrick-43)
aux(chase-45, to-44)
xcomp(threatened-42, chase-45)
dobj(chase-45, him-46)
advmod(chase-45, away-47)</deps>
      <events>
        <event id="e53" eiid="ei53" offset="2" string="pulled" tense="PAST" aspect="NONE" class="I_ACTION" polarity="POS" modality="" happen="" lowerBoundDuration="" upperBoundDuration="" />
        <event id="e54" eiid="ei54" offset="8" string="whispered" tense="PAST" aspect="NONE" class="OCCURRENCE" polarity="POS" modality="" happen="" lowerBoundDuration="" upperBoundDuration="" />
        <event id="e55" eiid="ei55" offset="14" string="go" tense="NONE" aspect="NONE" class="OCCURRENCE" polarity="POS" modality="" happen="" lowerBoundDuration="" upperBoundDuration="" />
        <event id="e56" eiid="ei56" offset="20" string="discovered" tense="PRESENT" aspect="PERFECTIVE" class="OCCURRENCE" polarity="POS" modality="" happen="" lowerBoundDuration="" upperBoundDuration="" />
        <event id="e57" eiid="ei57" offset="26" string="sounded" tense="PRESENT" aspect="NONE" class="OCCURRENCE" polarity="POS" modality="" happen="" lowerBoundDuration="" upperBoundDuration="" />
        <event id="e58" eiid="ei58" offset="31" string="appeared" tense="PAST" aspect="NONE" class="OCCURRENCE" polarity="POS" modality="" happen="" lowerBoundDuration="" upperBoundDuration="" />
        <event id="e59" eiid="ei59" offset="33" string="pushed" tense="PAST" aspect="NONE" class="OCCURRENCE" polarity="POS" modality="" happen="" lowerBoundDuration="" upperBoundDuration="" />
        <event id="e60" eiid="ei60" offset="42" string="threatened" tense="PAST" aspect="NONE" class="OCCURRENCE" polarity="POS" modality="" happen="" lowerBoundDuration="" upperBoundDuration="" />
        <event id="e61" eiid="ei61" offset="45" string="chase" tense="INFINITIVE" aspect="NONE" class="OCCURRENCE" polarity="POS" modality="" happen="" lowerBoundDuration="" upperBoundDuration="" />
      </events>
      <timexes />
    </entry>
    <entry sid="46" file="9783732517695_079.txt">
      <sentence>Patrick grabbed the reins of his horse , mounted , and rode back to his bungalow .</sentence>
      <tokens>
        <t>" " "Patrick" " "</t>
        <t>" " "grabbed" " "</t>
        <t>" " "the" " "</t>
        <t>" " "reins" " "</t>
        <t>" " "of" " "</t>
        <t>" " "his" " "</t>
        <t>" " "horse" ""</t>
        <t>"" "," " "</t>
        <t>" " "mounted" ""</t>
        <t>"" "," " "</t>
        <t>" " "and" " "</t>
        <t>" " "rode" " "</t>
        <t>" " "back" " "</t>
        <t>" " "to" " "</t>
        <t>" " "his" " "</t>
        <t>" " "bungalow" ""</t>
        <t>"" "." " "</t>
      </tokens>
      <parse>(ROOT (S (NP (NNP Patrick)) (VP (VP (VBD grabbed) (NP (NP (DT the) (NNS reins)) (PP (IN of) (NP (PRP$ his) (NN horse))))) (, ,) (VP (VBD mounted)) (, ,) (CC and) (VP (VBD rode) (PRT (RP back)) (PP (TO to) (NP (PRP$ his) (NN bungalow))))) (. .)))</parse>
      <deps>nsubj(grabbed-2, Patrick-1)
nsubj(mounted-9, Patrick-1)
nsubj(rode-12, Patrick-1)
root(ROOT-0, grabbed-2)
det(reins-4, the-3)
dobj(grabbed-2, reins-4)
poss(horse-7, his-6)
prep_of(reins-4, horse-7)
conj_and(grabbed-2, mounted-9)
conj_and(grabbed-2, rode-12)
prt(rode-12, back-13)
poss(bungalow-16, his-15)
prep_to(rode-12, bungalow-16)</deps>
      <events>
        <event id="e62" eiid="ei62" offset="2" string="grabbed" tense="PAST" aspect="NONE" class="I_ACTION" polarity="POS" modality="" happen="" lowerBoundDuration="" upperBoundDuration="" />
        <event id="e63" eiid="ei63" offset="9" string="mounted" tense="PAST" aspect="NONE" class="OCCURRENCE" polarity="POS" modality="" happen="" lowerBoundDuration="" upperBoundDuration="" />
        <event id="e64" eiid="ei64" offset="12" string="rode" tense="PAST" aspect="NONE" class="OCCURRENCE" polarity="POS" modality="" happen="" lowerBoundDuration="" upperBoundDuration="" />
      </events>
      <timexes />
    </entry>
    <entry sid="47" file="9783732517695_079.txt">
      <sentence>The wind had died down a bit .</sentence>
      <tokens>
        <t>" " "The" " "</t>
        <t>" " "wind" " "</t>
        <t>" " "had" " "</t>
        <t>" " "died" " "</t>
        <t>" " "down" " "</t>
        <t>" " "a" " "</t>
        <t>" " "bit" ""</t>
        <t>"" "." " "</t>
      </tokens>
      <parse>(ROOT (S (NP (DT The) (NN wind)) (VP (VBD had) (VP (VBN died) (ADVP (RB down) (NP (DT a) (RB bit))))) (. .)))</parse>
      <deps>det(wind-2, The-1)
nsubj(died-4, wind-2)
aux(died-4, had-3)
root(ROOT-0, died-4)
advmod(died-4, down-5)
det(bit-7, a-6)
pobj(down-5, bit-7)</deps>
      <events>
        <event id="e65" eiid="ei65" offset="4" string="died" tense="PAST" aspect="PERFECTIVE" class="OCCURRENCE" polarity="POS" modality="" happen="" lowerBoundDuration="" upperBoundDuration="" />
      </events>
      <timexes />
    </entry>
    <entry sid="48" file="9783732517695_079.txt">
      <sentence>But Patrick 's thoughts were only on Sally Smith 's fate anyway .</sentence>
      <tokens>
        <t>" " "But" " "</t>
        <t>" " "Patrick" ""</t>
        <t>"" "'s" " "</t>
        <t>" " "thoughts" " "</t>
        <t>" " "were" " "</t>
        <t>" " "only" " "</t>
        <t>" " "on" " "</t>
        <t>" " "Sally" " "</t>
        <t>" " "Smith" ""</t>
        <t>"" "'s" " "</t>
        <t>" " "fate" " "</t>
        <t>" " "anyway" ""</t>
        <t>"" "." " "</t>
      </tokens>
      <parse>(ROOT (S (CC But) (NP (NP (NNP Patrick) (POS 's)) (NNS thoughts)) (VP (VBD were) (ADVP (RB only)) (PP (IN on) (NP (NP (NNP Sally) (NNP Smith) (POS 's)) (NN fate)) (ADVP (RB anyway)))) (. .)))</parse>
      <deps>cc(were-5, But-1)
poss(thoughts-4, Patrick-2)
nsubj(were-5, thoughts-4)
root(ROOT-0, were-5)
advmod(were-5, only-6)
nn(Smith-9, Sally-8)
poss(fate-11, Smith-9)
prep_on(were-5, fate-11)
advmod(were-5, anyway-12)</deps>
      <events />
      <timexes />
    </entry>
    <entry sid="49" file="9783732517695_079.txt">
      <sentence>Again and again he saw her big accusing eyes before him , her delicate girlish figure , and he heard the soft voice say , `` Nobody 's going to get me out of here . ''</sentence>
      <tokens>
        <t>" " "Again" " "</t>
        <t>" " "and" " "</t>
        <t>" " "again" " "</t>
        <t>" " "he" " "</t>
        <t>" " "saw" " "</t>
        <t>" " "her" " "</t>
        <t>" " "big" " "</t>
        <t>" " "accusing" " "</t>
        <t>" " "eyes" " "</t>
        <t>" " "before" " "</t>
        <t>" " "him" ""</t>
        <t>"" "," " "</t>
        <t>" " "her" " "</t>
        <t>" " "delicate" " "</t>
        <t>" " "girlish" " "</t>
        <t>" " "figure" ""</t>
        <t>"" "," " "</t>
        <t>" " "and" " "</t>
        <t>" " "he" " "</t>
        <t>" " "heard" " "</t>
        <t>" " "the" " "</t>
        <t>" " "soft" " "</t>
        <t>" " "voice" " "</t>
        <t>" " "say" ""</t>
        <t>"" "," " "</t>
        <t>" " """ ""</t>
        <t>"" "Nobody" ""</t>
        <t>"" "'s" " "</t>
        <t>" " "going" " "</t>
        <t>" " "to" " "</t>
        <t>" " "get" " "</t>
        <t>" " "me" " "</t>
        <t>" " "out" " "</t>
        <t>" " "of" " "</t>
        <t>" " "here" ""</t>
        <t>"" "." ""</t>
        <t>"" """ ""</t>
      </tokens>
      <parse>(ROOT (S (ADVP (RB Again) (CC and) (RB again)) (PRN (S (S (NP (PRP he)) (VP (VBD saw) (NP (PRP$ her) (JJ big) (JJ accusing) (NNS eyes)) (PP (IN before) (NP (PRP him))))) (, ,) (S (NP (PRP$ her) (JJ delicate) (NN girlish)) (VP (VBP figure))) (, ,) (CC and) (S (NP (PRP he)) (VP (VBD heard) (SBAR (S (NP (DT the) (JJ soft) (NN voice)) (VP (VBP say))))))) (, ,)) (`` ``) (NP (NN Nobody)) (VP (VBZ 's) (VP (VBG going) (S (VP (TO to) (VP (VB get) (NP (PRP me)) (PRT (RP out)) (PP (IN of) (NP (RB here)))))))) (. .) ('' '')))</parse>
      <deps>advmod(going-29, Again-1)
conj_and(Again-1, again-3)
advmod(going-29, again-3)
nsubj(saw-5, he-4)
parataxis(going-29, saw-5)
poss(eyes-9, her-6)
amod(eyes-9, big-7)
amod(eyes-9, accusing-8)
dobj(saw-5, eyes-9)
prep_before(saw-5, him-11)
poss(girlish-15, her-13)
amod(girlish-15, delicate-14)
nsubj(figure-16, girlish-15)
ccomp(saw-5, figure-16)
conj_and(saw-5, figure-16)
parataxis(going-29, figure-16)
nsubj(heard-20, he-19)
conj_and(saw-5, heard-20)
parataxis(going-29, heard-20)
det(voice-23, the-21)
amod(voice-23, soft-22)
nsubj(say-24, voice-23)
ccomp(heard-20, say-24)
nsubj(going-29, Nobody-27)
xsubj(get-31, Nobody-27)
aux(going-29, 's-28)
root(ROOT-0, going-29)
aux(get-31, to-30)
xcomp(going-29, get-31)
dobj(get-31, me-32)
prep_out_of(get-31, here-35)</deps>
      <events>
        <event id="e66" eiid="ei66" offset="5" string="saw" tense="PAST" aspect="NONE" class="I_ACTION" polarity="POS" modality="" happen="" lowerBoundDuration="" upperBoundDuration="" />
        <event id="e67" eiid="ei67" offset="16" string="figure" tense="PRESENT" aspect="NONE" class="OCCURRENCE" polarity="POS" modality="" happen="" lowerBoundDuration="" upperBoundDuration="" />
        <event id="e68" eiid="ei68" offset="20" string="heard" tense="PAST" aspect="NONE" class="OCCURRENCE" polarity="POS" modality="" happen="" lowerBoundDuration="" upperBoundDuration="" />
        <event id="e69" eiid="ei69" offset="24" string="say" tense="PRESENT" aspect="NONE" class="REPORTING" polarity="POS" modality="" happen="" lowerBoundDuration="" upperBoundDuration="" />
        <event id="e70" eiid="ei70" offset="31" string="get" tense="FUTURE" aspect="NONE" class="OCCURRENCE" polarity="POS" modality="" happen="" lowerBoundDuration="" upperBoundDuration="" />
      </events>
      <timexes />
    </entry>
    <tlink event1="ei5" event2="t1" relation="IS_INCLUDED" closed="false" origin="AdjacentVerbTimex" type="et" />
    <tlink event1="ei42" event2="t5" relation="IS_INCLUDED" closed="false" origin="AdjacentVerbTimex" type="et" />
    <tlink event1="ei47" event2="t7" relation="IS_INCLUDED" closed="false" origin="AdjacentVerbTimex" type="et" />
    <tlink event1="ei38" event2="ei39" relation="IS_INCLUDED" closed="false" origin="RepEventGovEvent" type="ee" />
    <tlink event1="ei12" event2="ei14" relation="BEFORE" closed="false" origin="ReichenbachDG13" type="ee" />
    <tlink event1="ei13" event2="ei14" relation="BEFORE" closed="false" origin="ReichenbachDG13" type="ee" />
    <tlink event1="ei14" event2="ei15" relation="AFTER" closed="false" origin="ReichenbachDG13" type="ee" />
    <tlink event1="ei14" event2="ei16" relation="AFTER" closed="false" origin="ReichenbachDG13" type="ee" />
    <tlink event1="ei14" event2="ei18" relation="AFTER" closed="false" origin="ReichenbachDG13" type="ee" />
    <tlink event1="ei16" event2="ei19" relation="BEFORE" closed="false" origin="ReichenbachDG13" type="ee" />
    <tlink event1="ei18" event2="ei19" relation="BEFORE" closed="false" origin="ReichenbachDG13" type="ee" />
    <tlink event1="ei19" event2="ei20" relation="AFTER" closed="false" origin="ReichenbachDG13" type="ee" />
    <tlink event1="ei23" event2="ei24" relation="AFTER" closed="false" origin="ReichenbachDG13" type="ee" />
    <tlink event1="ei23" event2="ei26" relation="AFTER" closed="false" origin="ReichenbachDG13" type="ee" />
    <tlink event1="ei42" event2="ei43" relation="BEFORE" closed="false" origin="ReichenbachDG13" type="ee" />
    <tlink event1="ei49" event2="ei50" relation="AFTER" closed="false" origin="ReichenbachDG13" type="ee" />
    <tlink event1="ei49" event2="ei51" relation="AFTER" closed="false" origin="ReichenbachDG13" type="ee" />
    <tlink event1="ei62" event2="ei65" relation="AFTER" closed="false" origin="ReichenbachDG13" type="ee" />
    <tlink event1="ei63" event2="ei65" relation="AFTER" closed="false" origin="ReichenbachDG13" type="ee" />
    <tlink event1="ei64" event2="ei65" relation="AFTER" closed="false" origin="ReichenbachDG13" type="ee" />
    <tlink event1="ei66" event2="ei70" relation="BEFORE" closed="false" origin="ReichenbachDG13" type="ee" />
    <tlink event1="ei67" event2="ei70" relation="BEFORE" closed="false" origin="ReichenbachDG13" type="ee" />
    <tlink event1="ei68" event2="ei70" relation="BEFORE" closed="false" origin="ReichenbachDG13" type="ee" />
    <tlink event1="ei69" event2="ei70" relation="BEFORE" closed="false" origin="ReichenbachDG13" type="ee" />
    <tlink event1="ei3" event2="ei4" relation="VAGUE" closed="false" origin="XCompDepSieve" type="ee" />
    <tlink event1="ei8" event2="ei9" relation="AFTER" closed="false" origin="XCompDepSieve" type="ee" />
    <tlink event1="ei11" event2="ei10" relation="AFTER" closed="false" origin="XCompDepSieve" type="ee" />
    <tlink event1="ei24" event2="ei25" relation="BEFORE" closed="false" origin="XCompDepSieve" type="ee" />
    <tlink event1="ei24" event2="ei26" relation="AFTER" closed="false" origin="XCompDepSieve" type="ee" />
    <tlink event1="ei44" event2="ei45" relation="BEFORE" closed="false" origin="XCompDepSieve" type="ee" />
    <tlink event1="ei51" event2="ei50" relation="AFTER" closed="false" origin="XCompDepSieve" type="ee" />
    <tlink event1="ei53" event2="ei54" relation="VAGUE" closed="false" origin="XCompDepSieve" type="ee" />
    <tlink event1="ei58" event2="ei59" relation="VAGUE" closed="false" origin="XCompDepSieve" type="ee" />
    <tlink event1="ei58" event2="ei60" relation="VAGUE" closed="false" origin="XCompDepSieve" type="ee" />
    <tlink event1="ei60" event2="ei61" relation="BEFORE" closed="false" origin="XCompDepSieve" type="ee" />
    <tlink event1="ei62" event2="ei63" relation="VAGUE" closed="false" origin="XCompDepSieve" type="ee" />
    <tlink event1="ei62" event2="ei64" relation="VAGUE" closed="false" origin="XCompDepSieve" type="ee" />
    <tlink event1="ei66" event2="ei67" relation="VAGUE" closed="false" origin="XCompDepSieve" type="ee" />
    <tlink event1="ei66" event2="ei68" relation="VAGUE" closed="false" origin="XCompDepSieve" type="ee" />
    <tlink event1="ei68" event2="ei69" relation="VAGUE" closed="false" origin="XCompDepSieve" type="ee" />
    <tlink event1="ei25" event2="ei26" relation="AFTER" closed="true" origin="XCompDepSieve" type="ee" />
    <tlink event1="ei6" event2="ei7" relation="VAGUE" closed="false" origin="WordNet209" type="ee" />
    <tlink event1="ei55" event2="ei57" relation="VAGUE" closed="false" origin="WordNet209" type="ee" />
    <tlink event1="ei63" event2="ei64" relation="VAGUE" closed="false" origin="WordNet209" type="ee" />
    <tlink event1="ei6" event2="t2" relation="BEFORE" closed="false" origin="MLEventTimeSameSent" type="et" />
    <tlink event1="ei7" event2="t2" relation="VAGUE" closed="false" origin="MLEventTimeSameSent" type="et" />
    <tlink event1="ei13" event2="t3" relation="BEFORE" closed="false" origin="MLEventTimeSameSent" type="et" />
    <tlink event1="ei14" event2="t3" relation="VAGUE" closed="false" origin="MLEventTimeSameSent" type="et" />
    <tlink event1="ei15" event2="t3" relation="VAGUE" closed="false" origin="MLEventTimeSameSent" type="et" />
    <tlink event1="ei38" event2="t4" relation="BEFORE" closed="false" origin="MLEventTimeSameSent" type="et" />
    <tlink event1="ei39" event2="t4" relation="VAGUE" closed="false" origin="MLEventTimeSameSent" type="et" />
    <tlink event1="ei40" event2="t4" relation="VAGUE" closed="false" origin="MLEventTimeSameSent" type="et" />
    <tlink event1="ei13" event2="ei15" relation="AFTER" closed="false" origin="MLEventEventDominates" type="ee" />
    <tlink event1="ei16" event2="ei17" relation="VAGUE" closed="false" origin="MLEventEventDominates" type="ee" />
    <tlink event1="ei26" event2="ei27" relation="VAGUE" closed="false" origin="MLEventEventDominates" type="ee" />
    <tlink event1="ei30" event2="ei31" relation="AFTER" closed="false" origin="MLEventEventDominates" type="ee" />
    <tlink event1="ei38" event2="ei40" relation="BEFORE" closed="false" origin="MLEventEventDominates" type="ee" />
    <tlink event1="ei54" event2="ei55" relation="BEFORE" closed="false" origin="MLEventEventDominates" type="ee" />
    <tlink event1="ei54" event2="ei56" relation="AFTER" closed="false" origin="MLEventEventDominates" type="ee" />
    <tlink event1="ei54" event2="ei57" relation="AFTER" closed="false" origin="MLEventEventDominates" type="ee" />
    <tlink event1="ei54" event2="ei58" relation="AFTER" closed="false" origin="MLEventEventDominates" type="ee" />
    <tlink event1="ei54" event2="ei59" relation="AFTER" closed="false" origin="MLEventEventDominates" type="ee" />
    <tlink event1="ei54" event2="ei60" relation="AFTER" closed="false" origin="MLEventEventDominates" type="ee" />
    <tlink event1="ei54" event2="ei61" relation="BEFORE" closed="false" origin="MLEventEventDominates" type="ee" />
    <tlink event1="ei56" event2="ei57" relation="VAGUE" closed="false" origin="MLEventEventDominates" type="ee" />
    <tlink event1="ei55" event2="ei56" relation="AFTER" closed="true" origin="MLEventEventDominates" type="ee" />
    <tlink event1="ei55" event2="ei58" relation="AFTER" closed="true" origin="MLEventEventDominates" type="ee" />
    <tlink event1="ei55" event2="ei59" relation="AFTER" closed="true" origin="MLEventEventDominates" type="ee" />
    <tlink event1="ei55" event2="ei60" relation="AFTER" closed="true" origin="MLEventEventDominates" type="ee" />
    <tlink event1="ei56" event2="ei61" relation="BEFORE" closed="true" origin="MLEventEventDominates" type="ee" />
    <tlink event1="ei57" event2="ei61" relation="BEFORE" closed="true" origin="MLEventEventDominates" type="ee" />
    <tlink event1="ei58" event2="ei61" relation="BEFORE" closed="true" origin="MLEventEventDominates" type="ee" />
    <tlink event1="ei59" event2="ei61" relation="BEFORE" closed="true" origin="MLEventEventDominates" type="ee" />
    <tlink event1="ei1" event2="ei2" relation="VAGUE" closed="false" origin="MLEventEventSameSent" type="ee" />
    <tlink event1="ei16" event2="ei18" relation="VAGUE" closed="false" origin="MLEventEventSameSent" type="ee" />
    <tlink event1="ei17" event2="ei18" relation="VAGUE" closed="false" origin="MLEventEventSameSent" type="ee" />
    <tlink event1="ei24" event2="ei27" relation="VAGUE" closed="false" origin="MLEventEventSameSent" type="ee" />
    <tlink event1="ei25" event2="ei27" relation="VAGUE" closed="false" origin="MLEventEventSameSent" type="ee" />
    <tlink event1="ei34" event2="ei35" relation="VAGUE" closed="false" origin="MLEventEventSameSent" type="ee" />
    <tlink event1="ei39" event2="ei40" relation="VAGUE" closed="false" origin="MLEventEventSameSent" type="ee" />
    <tlink event1="ei53" event2="ei55" relation="BEFORE" closed="false" origin="MLEventEventSameSent" type="ee" />
    <tlink event1="ei53" event2="ei56" relation="VAGUE" closed="false" origin="MLEventEventSameSent" type="ee" />
    <tlink event1="ei53" event2="ei57" relation="VAGUE" closed="false" origin="MLEventEventSameSent" type="ee" />
    <tlink event1="ei53" event2="ei58" relation="VAGUE" closed="false" origin="MLEventEventSameSent" type="ee" />
    <tlink event1="ei53" event2="ei59" relation="VAGUE" closed="false" origin="MLEventEventSameSent" type="ee" />
    <tlink event1="ei53" event2="ei60" relation="VAGUE" closed="false" origin="MLEventEventSameSent" type="ee" />
    <tlink event1="ei53" event2="ei61" relation="BEFORE" closed="false" origin="MLEventEventSameSent" type="ee" />
    <tlink event1="ei55" event2="ei61" relation="BEFORE" closed="false" origin="MLEventEventSameSent" type="ee" />
    <tlink event1="ei56" event2="ei58" relation="VAGUE" closed="false" origin="MLEventEventSameSent" type="ee" />
    <tlink event1="ei56" event2="ei59" relation="VAGUE" closed="false" origin="MLEventEventSameSent" type="ee" />
    <tlink event1="ei56" event2="ei60" relation="VAGUE" closed="false" origin="MLEventEventSameSent" type="ee" />
    <tlink event1="ei57" event2="ei58" relation="VAGUE" closed="false" origin="MLEventEventSameSent" type="ee" />
    <tlink event1="ei57" event2="ei59" relation="VAGUE" closed="false" origin="MLEventEventSameSent" type="ee" />
    <tlink event1="ei57" event2="ei60" relation="VAGUE" closed="false" origin="MLEventEventSameSent" type="ee" />
    <tlink event1="ei59" event2="ei60" relation="VAGUE" closed="false" origin="MLEventEventSameSent" type="ee" />
    <tlink event1="ei66" event2="ei69" relation="VAGUE" closed="false" origin="MLEventEventSameSent" type="ee" />
    <tlink event1="ei67" event2="ei68" relation="INCLUDES" closed="false" origin="MLEventEventSameSent" type="ee" />
    <tlink event1="ei67" event2="ei69" relation="VAGUE" closed="false" origin="MLEventEventSameSent" type="ee" />
    <tlink event1="ei1" event2="ei3" relation="VAGUE" closed="false" origin="AllVagueSieve" type="ee" />
    <tlink event1="ei1" event2="ei4" relation="VAGUE" closed="false" origin="AllVagueSieve" type="ee" />
    <tlink event1="ei2" event2="ei3" relation="VAGUE" closed="false" origin="AllVagueSieve" type="ee" />
    <tlink event1="ei2" event2="ei4" relation="VAGUE" closed="false" origin="AllVagueSieve" type="ee" />
    <tlink event1="ei3" event2="ei5" relation="VAGUE" closed="false" origin="AllVagueSieve" type="ee" />
    <tlink event1="ei3" event2="t1" relation="VAGUE" closed="false" origin="AllVagueSieve" type="et" />
    <tlink event1="ei4" event2="ei5" relation="VAGUE" closed="false" origin="AllVagueSieve" type="ee" />
    <tlink event1="ei4" event2="t1" relation="VAGUE" closed="false" origin="AllVagueSieve" type="et" />
    <tlink event1="ei6" event2="ei8" relation="VAGUE" closed="false" origin="AllVagueSieve" type="ee" />
    <tlink event1="ei6" event2="ei9" relation="VAGUE" closed="false" origin="AllVagueSieve" type="ee" />
    <tlink event1="ei7" event2="ei8" relation="VAGUE" closed="false" origin="AllVagueSieve" type="ee" />
    <tlink event1="ei7" event2="ei9" relation="VAGUE" closed="false" origin="AllVagueSieve" type="ee" />
    <tlink event1="t2" event2="ei8" relation="VAGUE" closed="false" origin="AllVagueSieve" type="et" />
    <tlink event1="t2" event2="ei9" relation="VAGUE" closed="false" origin="AllVagueSieve" type="et" />
    <tlink event1="ei10" event2="ei12" relation="VAGUE" closed="false" origin="AllVagueSieve" type="ee" />
    <tlink event1="ei11" event2="ei12" relation="VAGUE" closed="false" origin="AllVagueSieve" type="ee" />
    <tlink event1="ei12" event2="ei13" relation="VAGUE" closed="false" origin="AllVagueSieve" type="ee" />
    <tlink event1="ei12" event2="ei15" relation="VAGUE" closed="false" origin="AllVagueSieve" type="ee" />
    <tlink event1="ei12" event2="t3" relation="VAGUE" closed="false" origin="AllVagueSieve" type="et" />
    <tlink event1="ei13" event2="ei16" relation="VAGUE" closed="false" origin="AllVagueSieve" type="ee" />
    <tlink event1="ei13" event2="ei17" relation="VAGUE" closed="false" origin="AllVagueSieve" type="ee" />
    <tlink event1="ei13" event2="ei18" relation="VAGUE" closed="false" origin="AllVagueSieve" type="ee" />
    <tlink event1="ei14" event2="ei17" relation="VAGUE" closed="false" origin="AllVagueSieve" type="ee" />
    <tlink event1="ei15" event2="ei16" relation="VAGUE" closed="false" origin="AllVagueSieve" type="ee" />
    <tlink event1="ei15" event2="ei17" relation="VAGUE" closed="false" origin="AllVagueSieve" type="ee" />
    <tlink event1="ei15" event2="ei18" relation="VAGUE" closed="false" origin="AllVagueSieve" type="ee" />
    <tlink event1="t3" event2="ei16" relation="VAGUE" closed="false" origin="AllVagueSieve" type="et" />
    <tlink event1="t3" event2="ei17" relation="VAGUE" closed="false" origin="AllVagueSieve" type="et" />
    <tlink event1="t3" event2="ei18" relation="VAGUE" closed="false" origin="AllVagueSieve" type="et" />
    <tlink event1="ei17" event2="ei19" relation="VAGUE" closed="false" origin="AllVagueSieve" type="ee" />
    <tlink event1="ei20" event2="ei21" relation="VAGUE" closed="false" origin="AllVagueSieve" type="ee" />
    <tlink event1="ei21" event2="ei22" relation="VAGUE" closed="false" origin="AllVagueSieve" type="ee" />
    <tlink event1="ei23" event2="ei25" relation="VAGUE" closed="false" origin="AllVagueSieve" type="ee" />
    <tlink event1="ei23" event2="ei27" relation="VAGUE" closed="false" origin="AllVagueSieve" type="ee" />
    <tlink event1="ei24" event2="ei28" relation="VAGUE" closed="false" origin="AllVagueSieve" type="ee" />
    <tlink event1="ei25" event2="ei28" relation="VAGUE" closed="false" origin="AllVagueSieve" type="ee" />
    <tlink event1="ei26" event2="ei28" relation="VAGUE" closed="false" origin="AllVagueSieve" type="ee" />
    <tlink event1="ei27" event2="ei28" relation="VAGUE" closed="false" origin="AllVagueSieve" type="ee" />
    <tlink event1="ei28" event2="ei29" relation="VAGUE" closed="false" origin="AllVagueSieve" type="ee" />
    <tlink event1="ei29" event2="ei30" relation="VAGUE" closed="false" origin="AllVagueSieve" type="ee" />
    <tlink event1="ei29" event2="ei31" relation="VAGUE" closed="false" origin="AllVagueSieve" type="ee" />
    <tlink event1="ei32" event2="ei33" relation="VAGUE" closed="false" origin="AllVagueSieve" type="ee" />
    <tlink event1="ei33" event2="ei34" relation="VAGUE" closed="false" origin="AllVagueSieve" type="ee" />
    <tlink event1="ei33" event2="ei35" relation="VAGUE" closed="false" origin="AllVagueSieve" type="ee" />
    <tlink event1="ei38" event2="ei41" relation="VAGUE" closed="false" origin="AllVagueSieve" type="ee" />
    <tlink event1="ei39" event2="ei41" relation="VAGUE" closed="false" origin="AllVagueSieve" type="ee" />
    <tlink event1="ei40" event2="ei41" relation="VAGUE" closed="false" origin="AllVagueSieve" type="ee" />
    <tlink event1="t4" event2="ei41" relation="VAGUE" closed="false" origin="AllVagueSieve" type="et" />
    <tlink event1="ei41" event2="ei42" relation="VAGUE" closed="false" origin="AllVagueSieve" type="ee" />
    <tlink event1="ei41" event2="t5" relation="VAGUE" closed="false" origin="AllVagueSieve" type="et" />
    <tlink event1="t5" event2="ei43" relation="VAGUE" closed="false" origin="AllVagueSieve" type="et" />
    <tlink event1="ei43" event2="t6" relation="VAGUE" closed="false" origin="AllVagueSieve" type="et" />
    <tlink event1="t6" event2="ei44" relation="VAGUE" closed="false" origin="AllVagueSieve" type="et" />
    <tlink event1="t6" event2="ei45" relation="VAGUE" closed="false" origin="AllVagueSieve" type="et" />
    <tlink event1="ei44" event2="ei46" relation="VAGUE" closed="false" origin="AllVagueSieve" type="ee" />
    <tlink event1="ei45" event2="ei46" relation="VAGUE" closed="false" origin="AllVagueSieve" type="ee" />
    <tlink event1="ei46" event2="ei47" relation="VAGUE" closed="false" origin="AllVagueSieve" type="ee" />
    <tlink event1="ei46" event2="t7" relation="VAGUE" closed="false" origin="AllVagueSieve" type="et" />
    <tlink event1="ei47" event2="ei48" relation="VAGUE" closed="false" origin="AllVagueSieve" type="ee" />
    <tlink event1="t7" event2="ei48" relation="VAGUE" closed="false" origin="AllVagueSieve" type="et" />
    <tlink event1="ei48" event2="t8" relation="VAGUE" closed="false" origin="AllVagueSieve" type="et" />
    <tlink event1="t8" event2="ei49" relation="VAGUE" closed="false" origin="AllVagueSieve" type="et" />
    <tlink event1="ei50" event2="ei52" relation="VAGUE" closed="false" origin="AllVagueSieve" type="ee" />
    <tlink event1="ei51" event2="ei52" relation="VAGUE" closed="false" origin="AllVagueSieve" type="ee" />
    <tlink event1="ei52" event2="ei53" relation="VAGUE" closed="false" origin="AllVagueSieve" type="ee" />
    <tlink event1="ei52" event2="ei54" relation="VAGUE" closed="false" origin="AllVagueSieve" type="ee" />
    <tlink event1="ei52" event2="ei55" relation="VAGUE" closed="false" origin="AllVagueSieve" type="ee" />
    <tlink event1="ei52" event2="ei56" relation="VAGUE" closed="false" origin="AllVagueSieve" type="ee" />
    <tlink event1="ei52" event2="ei57" relation="VAGUE" closed="false" origin="AllVagueSieve" type="ee" />
    <tlink event1="ei52" event2="ei58" relation="VAGUE" closed="false" origin="AllVagueSieve" type="ee" />
    <tlink event1="ei52" event2="ei59" relation="VAGUE" closed="false" origin="AllVagueSieve" type="ee" />
    <tlink event1="ei52" event2="ei60" relation="VAGUE" closed="false" origin="AllVagueSieve" type="ee" />
    <tlink event1="ei52" event2="ei61" relation="VAGUE" closed="false" origin="AllVagueSieve" type="ee" />
    <tlink event1="ei53" event2="ei62" relation="VAGUE" closed="false" origin="AllVagueSieve" type="ee" />
    <tlink event1="ei53" event2="ei63" relation="VAGUE" closed="false" origin="AllVagueSieve" type="ee" />
    <tlink event1="ei53" event2="ei64" relation="VAGUE" closed="false" origin="AllVagueSieve" type="ee" />
    <tlink event1="ei54" event2="ei62" relation="VAGUE" closed="false" origin="AllVagueSieve" type="ee" />
    <tlink event1="ei54" event2="ei63" relation="VAGUE" closed="false" origin="AllVagueSieve" type="ee" />
    <tlink event1="ei54" event2="ei64" relation="VAGUE" closed="false" origin="AllVagueSieve" type="ee" />
    <tlink event1="ei55" event2="ei62" relation="VAGUE" closed="false" origin="AllVagueSieve" type="ee" />
    <tlink event1="ei55" event2="ei63" relation="VAGUE" closed="false" origin="AllVagueSieve" type="ee" />
    <tlink event1="ei55" event2="ei64" relation="VAGUE" closed="false" origin="AllVagueSieve" type="ee" />
    <tlink event1="ei56" event2="ei62" relation="VAGUE" closed="false" origin="AllVagueSieve" type="ee" />
    <tlink event1="ei56" event2="ei63" relation="VAGUE" closed="false" origin="AllVagueSieve" type="ee" />
    <tlink event1="ei56" event2="ei64" relation="VAGUE" closed="false" origin="AllVagueSieve" type="ee" />
    <tlink event1="ei57" event2="ei62" relation="VAGUE" closed="false" origin="AllVagueSieve" type="ee" />
    <tlink event1="ei57" event2="ei63" relation="VAGUE" closed="false" origin="AllVagueSieve" type="ee" />
    <tlink event1="ei57" event2="ei64" relation="VAGUE" closed="false" origin="AllVagueSieve" type="ee" />
    <tlink event1="ei58" event2="ei62" relation="VAGUE" closed="false" origin="AllVagueSieve" type="ee" />
    <tlink event1="ei58" event2="ei63" relation="VAGUE" closed="false" origin="AllVagueSieve" type="ee" />
    <tlink event1="ei58" event2="ei64" relation="VAGUE" closed="false" origin="AllVagueSieve" type="ee" />
    <tlink event1="ei59" event2="ei62" relation="VAGUE" closed="false" origin="AllVagueSieve" type="ee" />
    <tlink event1="ei59" event2="ei63" relation="VAGUE" closed="false" origin="AllVagueSieve" type="ee" />
    <tlink event1="ei59" event2="ei64" relation="VAGUE" closed="false" origin="AllVagueSieve" type="ee" />
    <tlink event1="ei60" event2="ei62" relation="VAGUE" closed="false" origin="AllVagueSieve" type="ee" />
    <tlink event1="ei60" event2="ei63" relation="VAGUE" closed="false" origin="AllVagueSieve" type="ee" />
    <tlink event1="ei60" event2="ei64" relation="VAGUE" closed="false" origin="AllVagueSieve" type="ee" />
    <tlink event1="ei61" event2="ei62" relation="VAGUE" closed="false" origin="AllVagueSieve" type="ee" />
    <tlink event1="ei61" event2="ei63" relation="VAGUE" closed="false" origin="AllVagueSieve" type="ee" />
    <tlink event1="ei61" event2="ei64" relation="VAGUE" closed="false" origin="AllVagueSieve" type="ee" />
  </file>
</root>

