<?xml version="1.0" encoding="UTF-8"?>
<root xmlns="http://chambers.com/corpusinfo">
  <file name="9783732517695_046.txt">
    <entry sid="0" file="9783732517695_046.txt">
      <sentence>Duchess Alice spent many sleepless nights in the next period and often sat with her son for hours during the day .</sentence>
      <tokens>
        <t>" " "Duchess" " "</t>
        <t>" " "Alice" " "</t>
        <t>" " "spent" " "</t>
        <t>" " "many" " "</t>
        <t>" " "sleepless" " "</t>
        <t>" " "nights" " "</t>
        <t>" " "in" " "</t>
        <t>" " "the" " "</t>
        <t>" " "next" " "</t>
        <t>" " "period" " "</t>
        <t>" " "and" " "</t>
        <t>" " "often" " "</t>
        <t>" " "sat" " "</t>
        <t>" " "with" " "</t>
        <t>" " "her" " "</t>
        <t>" " "son" " "</t>
        <t>" " "for" " "</t>
        <t>" " "hours" " "</t>
        <t>" " "during" " "</t>
        <t>" " "the" " "</t>
        <t>" " "day" ""</t>
        <t>"" "." " "</t>
      </tokens>
      <parse>(ROOT (S (NP (NNP Duchess) (NNP Alice)) (VP (VP (VBD spent) (NP (JJ many) (NNS sleepless)) (NP (NNS nights)) (PP (IN in) (NP (DT the) (JJ next) (NN period)))) (CC and) (VP (ADVP (RB often)) (VBD sat) (PP (IN with) (NP (NP (PRP$ her) (NN son)) (PP (IN for) (NP (NNS hours))))) (PP (IN during) (NP (DT the) (NN day))))) (. .)))</parse>
      <deps>nn(Alice-2, Duchess-1)
nsubj(spent-3, Alice-2)
nsubj(sat-13, Alice-2)
root(ROOT-0, spent-3)
amod(sleepless-5, many-4)
dobj(spent-3, sleepless-5)
tmod(spent-3, nights-6)
det(period-10, the-8)
amod(period-10, next-9)
prep_in(spent-3, period-10)
advmod(sat-13, often-12)
conj_and(spent-3, sat-13)
poss(son-16, her-15)
prep_with(sat-13, son-16)
prep_for(son-16, hours-18)
det(day-21, the-20)
prep_during(sat-13, day-21)</deps>
      <events>
        <event id="e1" eiid="ei1" offset="3" string="spent" tense="PAST" aspect="NONE" class="OCCURRENCE" polarity="POS" modality="" happen="" lowerBoundDuration="" upperBoundDuration="" />
        <event id="e2" eiid="ei2" offset="13" string="sat" tense="PAST" aspect="NONE" class="OCCURRENCE" polarity="POS" modality="" happen="" lowerBoundDuration="" upperBoundDuration="" />
      </events>
      <timexes>
        <timex tid="t1" text="nights" offset="6" length="1" type="TIME" value="TNI" temporalFunction="false" />
        <timex tid="t2" text="hours" offset="18" length="1" type="DURATION" value="PTXH" temporalFunction="false" />
        <timex tid="t3" text="day" offset="21" length="1" type="DURATION" value="P1D" temporalFunction="false" />
      </timexes>
    </entry>
    <entry sid="1" file="9783732517695_046.txt">
      <sentence>She first tried to influence her husband against Patrick .</sentence>
      <tokens>
        <t>" " "She" " "</t>
        <t>" " "first" " "</t>
        <t>" " "tried" " "</t>
        <t>" " "to" " "</t>
        <t>" " "influence" " "</t>
        <t>" " "her" " "</t>
        <t>" " "husband" " "</t>
        <t>" " "against" " "</t>
        <t>" " "Patrick" ""</t>
        <t>"" "." " "</t>
      </tokens>
      <parse>(ROOT (S (NP (PRP She)) (ADVP (RB first)) (VP (VBD tried) (S (VP (TO to) (VP (VB influence) (NP (PRP$ her) (NN husband)) (PP (IN against) (NP (NNP Patrick))))))) (. .)))</parse>
      <deps>nsubj(tried-3, She-1)
xsubj(influence-5, She-1)
advmod(tried-3, first-2)
root(ROOT-0, tried-3)
aux(influence-5, to-4)
xcomp(tried-3, influence-5)
poss(husband-7, her-6)
dobj(influence-5, husband-7)
prep_against(influence-5, Patrick-9)</deps>
      <events>
        <event id="e3" eiid="ei3" offset="3" string="tried" tense="PAST" aspect="NONE" class="I_ACTION" polarity="POS" modality="" happen="" lowerBoundDuration="" upperBoundDuration="" />
        <event id="e4" eiid="ei4" offset="5" string="influence" tense="INFINITIVE" aspect="NONE" class="OCCURRENCE" polarity="POS" modality="" happen="" lowerBoundDuration="" upperBoundDuration="" />
      </events>
      <timexes />
    </entry>
    <entry sid="2" file="9783732517695_046.txt">
      <sentence>She very cleverly invented more and more new things with which she belittled Patrick in front of his father .</sentence>
      <tokens>
        <t>" " "She" " "</t>
        <t>" " "very" " "</t>
        <t>" " "cleverly" " "</t>
        <t>" " "invented" " "</t>
        <t>" " "more" " "</t>
        <t>" " "and" " "</t>
        <t>" " "more" " "</t>
        <t>" " "new" " "</t>
        <t>" " "things" " "</t>
        <t>" " "with" " "</t>
        <t>" " "which" " "</t>
        <t>" " "she" " "</t>
        <t>" " "belittled" " "</t>
        <t>" " "Patrick" " "</t>
        <t>" " "in" " "</t>
        <t>" " "front" " "</t>
        <t>" " "of" " "</t>
        <t>" " "his" " "</t>
        <t>" " "father" ""</t>
        <t>"" "." " "</t>
      </tokens>
      <parse>(ROOT (S (NP (PRP She)) (ADVP (RB very) (RB cleverly)) (VP (VBD invented) (NP (ADJP (JJR more) (CC and) (JJR more)) (JJ new) (NNS things)) (PP (IN with) (SBAR (WHNP (WDT which)) (S (NP (PRP she)) (VP (VBD belittled) (NP (NNP Patrick)) (PP (IN in) (NP (NP (NN front)) (PP (IN of) (NP (PRP$ his) (NN father)))))))))) (. .)))</parse>
      <deps>nsubj(invented-4, She-1)
advmod(cleverly-3, very-2)
advmod(invented-4, cleverly-3)
root(ROOT-0, invented-4)
amod(things-9, more-5)
conj_and(more-5, more-7)
amod(things-9, more-7)
amod(things-9, new-8)
dobj(invented-4, things-9)
dobj(belittled-13, which-11)
nsubj(belittled-13, she-12)
prepc_with(invented-4, belittled-13)
dobj(belittled-13, Patrick-14)
poss(father-19, his-18)
prep_in_front_of(belittled-13, father-19)</deps>
      <events>
        <event id="e5" eiid="ei5" offset="4" string="invented" tense="PAST" aspect="NONE" class="OCCURRENCE" polarity="POS" modality="" happen="" lowerBoundDuration="" upperBoundDuration="" />
        <event id="e6" eiid="ei6" offset="13" string="belittled" tense="PAST" aspect="NONE" class="OCCURRENCE" polarity="POS" modality="" happen="" lowerBoundDuration="" upperBoundDuration="" />
      </events>
      <timexes />
    </entry>
    <entry sid="3" file="9783732517695_046.txt">
      <sentence>All her intrigues were aimed at convincing Duke Brian that Patrick would not be a worthy successor to him .</sentence>
      <tokens>
        <t>" " "All" " "</t>
        <t>" " "her" " "</t>
        <t>" " "intrigues" " "</t>
        <t>" " "were" " "</t>
        <t>" " "aimed" " "</t>
        <t>" " "at" " "</t>
        <t>" " "convincing" " "</t>
        <t>" " "Duke" " "</t>
        <t>" " "Brian" " "</t>
        <t>" " "that" " "</t>
        <t>" " "Patrick" " "</t>
        <t>" " "would" " "</t>
        <t>" " "not" " "</t>
        <t>" " "be" " "</t>
        <t>" " "a" " "</t>
        <t>" " "worthy" " "</t>
        <t>" " "successor" " "</t>
        <t>" " "to" " "</t>
        <t>" " "him" ""</t>
        <t>"" "." ""</t>
      </tokens>
      <parse>(ROOT (S (NP (PDT All) (PRP$ her) (NNS intrigues)) (VP (VBD were) (VP (VBN aimed) (PP (IN at) (S (VP (VBG convincing) (NP (NNP Duke) (NNP Brian)) (SBAR (IN that) (S (NP (NNP Patrick)) (VP (MD would) (RB not) (VP (VB be) (NP (NP (DT a) (JJ worthy) (NN successor)) (PP (TO to) (NP (PRP him))))))))))))) (. .)))</parse>
      <deps>predet(intrigues-3, All-1)
poss(intrigues-3, her-2)
nsubjpass(aimed-5, intrigues-3)
auxpass(aimed-5, were-4)
root(ROOT-0, aimed-5)
prepc_at(aimed-5, convincing-7)
nn(Brian-9, Duke-8)
dobj(convincing-7, Brian-9)
mark(successor-17, that-10)
nsubj(successor-17, Patrick-11)
aux(successor-17, would-12)
neg(successor-17, not-13)
cop(successor-17, be-14)
det(successor-17, a-15)
amod(successor-17, worthy-16)
ccomp(convincing-7, successor-17)
prep_to(successor-17, him-19)</deps>
      <events>
        <event id="e7" eiid="ei7" offset="5" string="aimed" tense="PAST" aspect="NONE" class="OCCURRENCE" polarity="POS" modality="" happen="" lowerBoundDuration="" upperBoundDuration="" />
        <event id="e8" eiid="ei8" offset="7" string="convincing" tense="PRESPART" aspect="NONE" class="I_ACTION" polarity="POS" modality="" happen="" lowerBoundDuration="" upperBoundDuration="" />
      </events>
      <timexes />
    </entry>
    <tlink event1="ei1" event2="t1" relation="IS_INCLUDED" closed="false" origin="AdjacentVerbTimex" type="et" />
    <tlink event1="ei2" event2="t3" relation="IS_INCLUDED" closed="false" origin="AdjacentVerbTimex" type="et" />
    <tlink event1="ei1" event2="ei2" relation="VAGUE" closed="false" origin="XCompDepSieve" type="ee" />
    <tlink event1="ei3" event2="ei4" relation="BEFORE" closed="false" origin="XCompDepSieve" type="ee" />
    <tlink event1="ei2" event2="t1" relation="VAGUE" closed="false" origin="MLEventTimeSameSent" type="et" />
    <tlink event1="ei1" event2="t2" relation="IS_INCLUDED" closed="false" origin="MLEventTimeSameSent" type="et" />
    <tlink event1="ei2" event2="t2" relation="IS_INCLUDED" closed="false" origin="MLEventTimeSameSent" type="et" />
    <tlink event1="ei1" event2="t3" relation="IS_INCLUDED" closed="false" origin="MLEventTimeSameSent" type="et" />
    <tlink event1="ei5" event2="ei6" relation="AFTER" closed="false" origin="MLEventEventDominates" type="ee" />
    <tlink event1="ei7" event2="ei8" relation="BEFORE" closed="false" origin="MLEventEventDominates" type="ee" />
    <tlink event1="ei1" event2="ei3" relation="VAGUE" closed="false" origin="AllVagueSieve" type="ee" />
    <tlink event1="ei1" event2="ei4" relation="VAGUE" closed="false" origin="AllVagueSieve" type="ee" />
    <tlink event1="ei2" event2="ei3" relation="VAGUE" closed="false" origin="AllVagueSieve" type="ee" />
    <tlink event1="ei2" event2="ei4" relation="VAGUE" closed="false" origin="AllVagueSieve" type="ee" />
    <tlink event1="t1" event2="t2" relation="VAGUE" closed="false" origin="AllVagueSieve" type="tt" />
    <tlink event1="t1" event2="t3" relation="VAGUE" closed="false" origin="AllVagueSieve" type="tt" />
    <tlink event1="t1" event2="ei3" relation="VAGUE" closed="false" origin="AllVagueSieve" type="et" />
    <tlink event1="t1" event2="ei4" relation="VAGUE" closed="false" origin="AllVagueSieve" type="et" />
    <tlink event1="t2" event2="t3" relation="VAGUE" closed="false" origin="AllVagueSieve" type="tt" />
    <tlink event1="t2" event2="ei3" relation="VAGUE" closed="false" origin="AllVagueSieve" type="et" />
    <tlink event1="t2" event2="ei4" relation="VAGUE" closed="false" origin="AllVagueSieve" type="et" />
    <tlink event1="t3" event2="ei3" relation="VAGUE" closed="false" origin="AllVagueSieve" type="et" />
    <tlink event1="t3" event2="ei4" relation="VAGUE" closed="false" origin="AllVagueSieve" type="et" />
    <tlink event1="ei3" event2="ei5" relation="VAGUE" closed="false" origin="AllVagueSieve" type="ee" />
    <tlink event1="ei3" event2="ei6" relation="VAGUE" closed="false" origin="AllVagueSieve" type="ee" />
    <tlink event1="ei4" event2="ei5" relation="VAGUE" closed="false" origin="AllVagueSieve" type="ee" />
    <tlink event1="ei4" event2="ei6" relation="VAGUE" closed="false" origin="AllVagueSieve" type="ee" />
    <tlink event1="ei5" event2="ei7" relation="VAGUE" closed="false" origin="AllVagueSieve" type="ee" />
    <tlink event1="ei5" event2="ei8" relation="VAGUE" closed="false" origin="AllVagueSieve" type="ee" />
    <tlink event1="ei6" event2="ei7" relation="VAGUE" closed="false" origin="AllVagueSieve" type="ee" />
    <tlink event1="ei6" event2="ei8" relation="VAGUE" closed="false" origin="AllVagueSieve" type="ee" />
  </file>
</root>

