<?xml version="1.0" encoding="UTF-8"?>
<root xmlns="http://chambers.com/corpusinfo">
  <file name="9783732517695_047.txt">
    <entry sid="0" file="9783732517695_047.txt">
      <sentence>Duchess Alice soon felt that she was overstepping the mark with these maneuvers .</sentence>
      <tokens>
        <t>"" "Duchess" " "</t>
        <t>" " "Alice" " "</t>
        <t>" " "soon" " "</t>
        <t>" " "felt" " "</t>
        <t>" " "that" " "</t>
        <t>" " "she" " "</t>
        <t>" " "was" " "</t>
        <t>" " "overstepping" " "</t>
        <t>" " "the" " "</t>
        <t>" " "mark" " "</t>
        <t>" " "with" " "</t>
        <t>" " "these" " "</t>
        <t>" " "maneuvers" ""</t>
        <t>"" "." " "</t>
      </tokens>
      <parse>(ROOT (S (NP (NNP Duchess) (NNP Alice)) (ADVP (RB soon)) (VP (VBD felt) (SBAR (IN that) (S (NP (PRP she)) (VP (VBD was) (VP (VBG overstepping) (NP (DT the) (NN mark)) (PP (IN with) (NP (DT these) (NNS maneuvers)))))))) (. .)))</parse>
      <deps>nn(Alice-2, Duchess-1)
nsubj(felt-4, Alice-2)
advmod(felt-4, soon-3)
root(ROOT-0, felt-4)
mark(overstepping-8, that-5)
nsubj(overstepping-8, she-6)
aux(overstepping-8, was-7)
ccomp(felt-4, overstepping-8)
det(mark-10, the-9)
dobj(overstepping-8, mark-10)
det(maneuvers-13, these-12)
prep_with(overstepping-8, maneuvers-13)</deps>
      <events>
        <event id="e1" eiid="ei1" offset="4" string="felt" tense="PAST" aspect="NONE" class="OCCURRENCE" polarity="POS" modality="" happen="" lowerBoundDuration="" upperBoundDuration="" />
        <event id="e2" eiid="ei2" offset="8" string="overstepping" tense="PAST" aspect="PROGRESSIVE" class="OCCURRENCE" polarity="POS" modality="" happen="" lowerBoundDuration="" upperBoundDuration="" />
      </events>
      <timexes />
    </entry>
    <entry sid="1" file="9783732517695_047.txt">
      <sentence>She had achieved infinite things with her husband , but she would not be able to outmaneuver Patrick .</sentence>
      <tokens>
        <t>" " "She" " "</t>
        <t>" " "had" " "</t>
        <t>" " "achieved" " "</t>
        <t>" " "infinite" " "</t>
        <t>" " "things" " "</t>
        <t>" " "with" " "</t>
        <t>" " "her" " "</t>
        <t>" " "husband" ""</t>
        <t>"" "," " "</t>
        <t>" " "but" " "</t>
        <t>" " "she" " "</t>
        <t>" " "would" " "</t>
        <t>" " "not" " "</t>
        <t>" " "be" " "</t>
        <t>" " "able" " "</t>
        <t>" " "to" " "</t>
        <t>" " "outmaneuver" " "</t>
        <t>" " "Patrick" ""</t>
        <t>"" "." " "</t>
      </tokens>
      <parse>(ROOT (S (S (NP (PRP She)) (VP (VBD had) (VP (VBN achieved) (NP (JJ infinite) (NNS things)) (PP (IN with) (NP (PRP$ her) (NN husband)))))) (, ,) (CC but) (S (NP (PRP she)) (VP (MD would) (RB not) (VP (VB be) (ADJP (JJ able) (S (VP (TO to) (VP (VB outmaneuver) (NP (NNP Patrick))))))))) (. .)))</parse>
      <deps>nsubj(achieved-3, She-1)
aux(achieved-3, had-2)
root(ROOT-0, achieved-3)
amod(things-5, infinite-4)
dobj(achieved-3, things-5)
poss(husband-8, her-7)
prep_with(achieved-3, husband-8)
nsubj(able-15, she-11)
xsubj(outmaneuver-17, she-11)
aux(able-15, would-12)
neg(able-15, not-13)
cop(able-15, be-14)
conj_but(achieved-3, able-15)
aux(outmaneuver-17, to-16)
xcomp(able-15, outmaneuver-17)
dobj(outmaneuver-17, Patrick-18)</deps>
      <events>
        <event id="e3" eiid="ei3" offset="3" string="achieved" tense="PAST" aspect="PERFECTIVE" class="OCCURRENCE" polarity="POS" modality="" happen="" lowerBoundDuration="" upperBoundDuration="" />
        <event id="e4" eiid="ei4" offset="15" string="able" tense="NONE" aspect="NONE" class="I_STATE" polarity="POS" modality="" happen="" lowerBoundDuration="" upperBoundDuration="" />
        <event id="e5" eiid="ei5" offset="17" string="outmaneuver" tense="INFINITIVE" aspect="NONE" class="OCCURRENCE" polarity="POS" modality="" happen="" lowerBoundDuration="" upperBoundDuration="" />
      </events>
      <timexes />
    </entry>
    <entry sid="2" file="9783732517695_047.txt">
      <sentence>Never would Duke Brian agree to make a will in favor of Robert .</sentence>
      <tokens>
        <t>" " "Never" " "</t>
        <t>" " "would" " "</t>
        <t>" " "Duke" " "</t>
        <t>" " "Brian" " "</t>
        <t>" " "agree" " "</t>
        <t>" " "to" " "</t>
        <t>" " "make" " "</t>
        <t>" " "a" " "</t>
        <t>" " "will" " "</t>
        <t>" " "in" " "</t>
        <t>" " "favor" " "</t>
        <t>" " "of" " "</t>
        <t>" " "Robert" ""</t>
        <t>"" "." " "</t>
      </tokens>
      <parse>(ROOT (S (S (NP (NNP Never)) (VP (MD would))) (NP (NNP Duke) (NNP Brian)) (VP (VBP agree) (S (VP (TO to) (VP (VB make) (NP (DT a) (NN will)) (PP (IN in) (NP (NP (NN favor)) (PP (IN of) (NP (NNP Robert))))))))) (. .)))</parse>
      <deps>nsubj(would-2, Never-1)
dep(agree-5, would-2)
nn(Brian-4, Duke-3)
nsubj(agree-5, Brian-4)
xsubj(make-7, Brian-4)
root(ROOT-0, agree-5)
aux(make-7, to-6)
xcomp(agree-5, make-7)
det(will-9, a-8)
dobj(make-7, will-9)
prep_in(make-7, favor-11)
prep_of(favor-11, Robert-13)</deps>
      <events>
        <event id="e6" eiid="ei6" offset="5" string="agree" tense="PRESENT" aspect="NONE" class="I_STATE" polarity="POS" modality="" happen="" lowerBoundDuration="" upperBoundDuration="" />
        <event id="e7" eiid="ei7" offset="7" string="make" tense="INFINITIVE" aspect="NONE" class="OCCURRENCE" polarity="POS" modality="" happen="" lowerBoundDuration="" upperBoundDuration="" />
      </events>
      <timexes />
    </entry>
    <entry sid="3" file="9783732517695_047.txt">
      <sentence>For him , there was only one heir to Windhome , and his name was Patrick .</sentence>
      <tokens>
        <t>" " "For" " "</t>
        <t>" " "him" ""</t>
        <t>"" "," " "</t>
        <t>" " "there" " "</t>
        <t>" " "was" " "</t>
        <t>" " "only" " "</t>
        <t>" " "one" " "</t>
        <t>" " "heir" " "</t>
        <t>" " "to" " "</t>
        <t>" " "Windhome" ""</t>
        <t>"" "," " "</t>
        <t>" " "and" " "</t>
        <t>" " "his" " "</t>
        <t>" " "name" " "</t>
        <t>" " "was" " "</t>
        <t>" " "Patrick" ""</t>
        <t>"" "." " "</t>
      </tokens>
      <parse>(ROOT (S (PP (IN For) (NP (PRP him))) (, ,) (S (NP (EX there)) (VP (VBD was) (NP (NP (RB only) (CD one) (NN heir)) (PP (TO to) (NP (NNP Windhome)))))) (, ,) (CC and) (S (NP (PRP$ his) (NN name)) (VP (VBD was) (NP (NNP Patrick)))) (. .)))</parse>
      <deps>prep_for(was-5, him-2)
expl(was-5, there-4)
root(ROOT-0, was-5)
advmod(heir-8, only-6)
num(heir-8, one-7)
nsubj(was-5, heir-8)
prep_to(heir-8, Windhome-10)
poss(name-14, his-13)
nsubj(Patrick-16, name-14)
cop(Patrick-16, was-15)
conj_and(was-5, Patrick-16)</deps>
      <events />
      <timexes />
    </entry>
    <entry sid="4" file="9783732517695_047.txt">
      <sentence>So Duchess Alice prepared a devious plan ...</sentence>
      <tokens>
        <t>" " "So" " "</t>
        <t>" " "Duchess" " "</t>
        <t>" " "Alice" " "</t>
        <t>" " "prepared" " "</t>
        <t>" " "a" " "</t>
        <t>" " "devious" " "</t>
        <t>" " "plan" " "</t>
        <t>" " "..." ""</t>
      </tokens>
      <parse>(ROOT (S (CC So) (NP (NNP Duchess) (NNP Alice)) (VP (VBD prepared) (NP (DT a) (JJ devious) (NN plan))) (: ...)))</parse>
      <deps>cc(prepared-4, So-1)
nn(Alice-3, Duchess-2)
nsubj(prepared-4, Alice-3)
root(ROOT-0, prepared-4)
det(plan-7, a-5)
amod(plan-7, devious-6)
dobj(prepared-4, plan-7)</deps>
      <events>
        <event id="e8" eiid="ei8" offset="4" string="prepared" tense="PAST" aspect="NONE" class="OCCURRENCE" polarity="POS" modality="" happen="" lowerBoundDuration="" upperBoundDuration="" />
      </events>
      <timexes />
    </entry>
    <tlink event1="ei1" event2="ei3" relation="AFTER" closed="false" origin="ReichenbachDG13" type="ee" />
    <tlink event1="ei3" event2="ei6" relation="BEFORE" closed="false" origin="ReichenbachDG13" type="ee" />
    <tlink event1="ei3" event2="ei4" relation="BEFORE" closed="false" origin="XCompDepSieve" type="ee" />
    <tlink event1="ei4" event2="ei5" relation="BEFORE" closed="false" origin="XCompDepSieve" type="ee" />
    <tlink event1="ei6" event2="ei7" relation="BEFORE" closed="false" origin="XCompDepSieve" type="ee" />
    <tlink event1="ei3" event2="ei7" relation="BEFORE" closed="true" origin="XCompDepSieve" type="ee" />
    <tlink event1="ei3" event2="ei5" relation="BEFORE" closed="true" origin="XCompDepSieve" type="ee" />
    <tlink event1="ei1" event2="ei2" relation="IS_INCLUDED" closed="false" origin="MLEventEventDominates" type="ee" />
    <tlink event1="ei1" event2="ei4" relation="VAGUE" closed="false" origin="AllVagueSieve" type="ee" />
    <tlink event1="ei1" event2="ei5" relation="VAGUE" closed="false" origin="AllVagueSieve" type="ee" />
    <tlink event1="ei2" event2="ei3" relation="VAGUE" closed="false" origin="AllVagueSieve" type="ee" />
    <tlink event1="ei2" event2="ei4" relation="VAGUE" closed="false" origin="AllVagueSieve" type="ee" />
    <tlink event1="ei2" event2="ei5" relation="VAGUE" closed="false" origin="AllVagueSieve" type="ee" />
    <tlink event1="ei4" event2="ei6" relation="VAGUE" closed="false" origin="AllVagueSieve" type="ee" />
    <tlink event1="ei4" event2="ei7" relation="VAGUE" closed="false" origin="AllVagueSieve" type="ee" />
    <tlink event1="ei5" event2="ei6" relation="VAGUE" closed="false" origin="AllVagueSieve" type="ee" />
    <tlink event1="ei5" event2="ei7" relation="VAGUE" closed="false" origin="AllVagueSieve" type="ee" />
  </file>
</root>

