<?xml version="1.0" encoding="UTF-8"?>
<root xmlns="http://chambers.com/corpusinfo">
  <file name="9783732517695_003.txt">
    <entry sid="0" file="9783732517695_003.txt">
      <sentence>The next day , Stella was jubilantly greeted by Emily .</sentence>
      <tokens>
        <t>"" "The" " "</t>
        <t>" " "next" " "</t>
        <t>" " "day" ""</t>
        <t>"" "," " "</t>
        <t>" " "Stella" " "</t>
        <t>" " "was" " "</t>
        <t>" " "jubilantly" " "</t>
        <t>" " "greeted" " "</t>
        <t>" " "by" " "</t>
        <t>" " "Emily" ""</t>
        <t>"" "." " "</t>
      </tokens>
      <parse>(ROOT (S (NP (DT The) (JJ next) (NN day)) (, ,) (NP (NNP Stella)) (VP (VBD was) (ADVP (RB jubilantly)) (VP (VBN greeted) (PP (IN by) (NP (NNP Emily))))) (. .)))</parse>
      <deps>det(day-3, The-1)
amod(day-3, next-2)
nsubjpass(greeted-8, day-3)
tmod(greeted-8, day-3)
nsubjpass(greeted-8, Stella-5)
auxpass(greeted-8, was-6)
advmod(greeted-8, jubilantly-7)
root(ROOT-0, greeted-8)
agent(greeted-8, Emily-10)</deps>
      <events>
        <event id="e1" eiid="ei1" offset="8" string="greeted" tense="PAST" aspect="NONE" class="OCCURRENCE" polarity="POS" modality="" happen="" lowerBoundDuration="" upperBoundDuration="" />
      </events>
      <timexes>
        <timex tid="t1" text="day" offset="3" length="1" type="DURATION" value="P1D" temporalFunction="false" />
      </timexes>
    </entry>
    <entry sid="1" file="9783732517695_003.txt">
      <sentence>The little girl was already standing at the gate to the castle .</sentence>
      <tokens>
        <t>" " "The" " "</t>
        <t>" " "little" " "</t>
        <t>" " "girl" " "</t>
        <t>" " "was" " "</t>
        <t>" " "already" " "</t>
        <t>" " "standing" " "</t>
        <t>" " "at" " "</t>
        <t>" " "the" " "</t>
        <t>" " "gate" " "</t>
        <t>" " "to" " "</t>
        <t>" " "the" " "</t>
        <t>" " "castle" ""</t>
        <t>"" "." " "</t>
      </tokens>
      <parse>(ROOT (S (NP (DT The) (JJ little) (NN girl)) (VP (VBD was) (ADVP (RB already)) (VP (VBG standing) (PP (IN at) (NP (DT the) (NN gate))) (PP (TO to) (NP (DT the) (NN castle))))) (. .)))</parse>
      <deps>det(girl-3, The-1)
amod(girl-3, little-2)
nsubj(standing-6, girl-3)
aux(standing-6, was-4)
advmod(standing-6, already-5)
root(ROOT-0, standing-6)
det(gate-9, the-8)
prep_at(standing-6, gate-9)
det(castle-12, the-11)
prep_to(standing-6, castle-12)</deps>
      <events>
        <event id="e2" eiid="ei2" offset="6" string="standing" tense="PRESENT" aspect="PROGRESSIVE" class="OCCURRENCE" polarity="POS" modality="" happen="" lowerBoundDuration="" upperBoundDuration="" />
      </events>
      <timexes />
    </entry>
    <entry sid="2" file="9783732517695_003.txt">
      <sentence>Old Castellan Graham leaned out of the window of his tower apartment and laughed .</sentence>
      <tokens>
        <t>" " "Old" " "</t>
        <t>" " "Castellan" " "</t>
        <t>" " "Graham" " "</t>
        <t>" " "leaned" " "</t>
        <t>" " "out" " "</t>
        <t>" " "of" " "</t>
        <t>" " "the" " "</t>
        <t>" " "window" " "</t>
        <t>" " "of" " "</t>
        <t>" " "his" " "</t>
        <t>" " "tower" " "</t>
        <t>" " "apartment" " "</t>
        <t>" " "and" " "</t>
        <t>" " "laughed" ""</t>
        <t>"" "." " "</t>
      </tokens>
      <parse>(ROOT (S (NP (NNP Old) (NNP Castellan) (NNP Graham)) (VP (VP (VBD leaned) (PRT (RP out)) (PP (IN of) (NP (NP (DT the) (NN window)) (PP (IN of) (NP (PRP$ his) (NN tower) (NN apartment)))))) (CC and) (VP (VBD laughed))) (. .)))</parse>
      <deps>nn(Graham-3, Old-1)
nn(Graham-3, Castellan-2)
nsubj(leaned-4, Graham-3)
nsubj(laughed-14, Graham-3)
root(ROOT-0, leaned-4)
det(window-8, the-7)
prep_out_of(leaned-4, window-8)
poss(apartment-12, his-10)
nn(apartment-12, tower-11)
prep_of(window-8, apartment-12)
conj_and(leaned-4, laughed-14)</deps>
      <events>
        <event id="e3" eiid="ei3" offset="4" string="leaned" tense="PAST" aspect="NONE" class="OCCURRENCE" polarity="POS" modality="" happen="" lowerBoundDuration="" upperBoundDuration="" />
        <event id="e4" eiid="ei4" offset="14" string="laughed" tense="PAST" aspect="NONE" class="OCCURRENCE" polarity="POS" modality="" happen="" lowerBoundDuration="" upperBoundDuration="" />
      </events>
      <timexes />
    </entry>
    <entry sid="3" file="9783732517695_003.txt">
      <sentence>`` That little impatience , '' he said .</sentence>
      <tokens>
        <t>" " """ ""</t>
        <t>"" "That" " "</t>
        <t>" " "little" " "</t>
        <t>" " "impatience" ""</t>
        <t>"" "," ""</t>
        <t>"" """ " "</t>
        <t>" " "he" " "</t>
        <t>" " "said" ""</t>
        <t>"" "." " "</t>
      </tokens>
      <parse>(ROOT (S (`` ``) (FRAG (NP (DT That) (JJ little) (NN impatience))) (, ,) ('' '') (NP (PRP he)) (VP (VBD said)) (. .)))</parse>
      <deps>det(impatience-4, That-2)
amod(impatience-4, little-3)
dep(said-8, impatience-4)
nsubj(said-8, he-7)
root(ROOT-0, said-8)</deps>
      <events>
        <event id="e5" eiid="ei5" offset="8" string="said" tense="PAST" aspect="NONE" class="REPORTING" polarity="POS" modality="" happen="" lowerBoundDuration="" upperBoundDuration="" />
      </events>
      <timexes />
    </entry>
    <entry sid="4" file="9783732517695_003.txt">
      <sentence>`` She would have loved to run down to the river early in the morning . ''</sentence>
      <tokens>
        <t>" " """ ""</t>
        <t>"" "She" " "</t>
        <t>" " "would" " "</t>
        <t>" " "have" " "</t>
        <t>" " "loved" " "</t>
        <t>" " "to" " "</t>
        <t>" " "run" " "</t>
        <t>" " "down" " "</t>
        <t>" " "to" " "</t>
        <t>" " "the" " "</t>
        <t>" " "river" " "</t>
        <t>" " "early" " "</t>
        <t>" " "in" " "</t>
        <t>" " "the" " "</t>
        <t>" " "morning" ""</t>
        <t>"" "." ""</t>
        <t>"" """ " "</t>
      </tokens>
      <parse>(ROOT (S (`` ``) (NP (PRP She)) (VP (MD would) (VP (VB have) (VP (VBN loved) (S (VP (TO to) (VP (VB run) (PRT (RP down)) (PP (TO to) (NP (NP (DT the) (NN river)) (ADVP (RB early) (PP (IN in) (NP (DT the) (NN morning)))))))))))) (. .) ('' '')))</parse>
      <deps>nsubj(loved-5, She-2)
xsubj(run-7, She-2)
aux(loved-5, would-3)
aux(loved-5, have-4)
root(ROOT-0, loved-5)
aux(run-7, to-6)
xcomp(loved-5, run-7)
prt(run-7, down-8)
det(river-11, the-10)
prep_to(run-7, river-11)
advmod(river-11, early-12)
det(morning-15, the-14)
prep_in(early-12, morning-15)</deps>
      <events>
        <event id="e6" eiid="ei6" offset="5" string="loved" tense="NONE" aspect="PERFECTIVE" class="I_STATE" polarity="POS" modality="" happen="" lowerBoundDuration="" upperBoundDuration="" />
        <event id="e7" eiid="ei7" offset="7" string="run" tense="INFINITIVE" aspect="NONE" class="OCCURRENCE" polarity="POS" modality="" happen="" lowerBoundDuration="" upperBoundDuration="" />
      </events>
      <timexes>
        <timex tid="t2" text="morning" offset="15" length="1" type="TIME" value="TMO" temporalFunction="false" />
      </timexes>
    </entry>
    <entry sid="5" file="9783732517695_003.txt">
      <sentence>Emily snuggled up to Stella .</sentence>
      <tokens>
        <t>" " "Emily" " "</t>
        <t>" " "snuggled" " "</t>
        <t>" " "up" " "</t>
        <t>" " "to" " "</t>
        <t>" " "Stella" ""</t>
        <t>"" "." " "</t>
      </tokens>
      <parse>(ROOT (S (NP (NNP Emily)) (VP (VBD snuggled) (PRT (RP up)) (PP (TO to) (NP (NNP Stella)))) (. .)))</parse>
      <deps>nsubj(snuggled-2, Emily-1)
root(ROOT-0, snuggled-2)
prt(snuggled-2, up-3)
prep_to(snuggled-2, Stella-5)</deps>
      <events>
        <event id="e8" eiid="ei8" offset="2" string="snuggled" tense="PAST" aspect="NONE" class="I_ACTION" polarity="POS" modality="" happen="" lowerBoundDuration="" upperBoundDuration="" />
      </events>
      <timexes />
    </entry>
    <entry sid="6" file="9783732517695_003.txt">
      <sentence>`` When I was so afraid you would n't come at all . ''</sentence>
      <tokens>
        <t>" " """ ""</t>
        <t>"" "When" " "</t>
        <t>" " "I" " "</t>
        <t>" " "was" " "</t>
        <t>" " "so" " "</t>
        <t>" " "afraid" " "</t>
        <t>" " "you" " "</t>
        <t>" " "would" ""</t>
        <t>"" "n't" " "</t>
        <t>" " "come" " "</t>
        <t>" " "at" " "</t>
        <t>" " "all" ""</t>
        <t>"" "." ""</t>
        <t>"" """ " "</t>
      </tokens>
      <parse>(ROOT (S (`` ``) (SBAR (WHADVP (WRB When)) (S (NP (PRP I)) (VP (VBD was) (ADJP (RB so) (JJ afraid))))) (NP (PRP you)) (VP (MD would) (RB n't) (VP (VB come) (ADVP (IN at) (DT all)))) (. .) ('' '')))</parse>
      <deps>advmod(afraid-6, When-2)
nsubj(afraid-6, I-3)
cop(afraid-6, was-4)
advmod(afraid-6, so-5)
advcl(come-10, afraid-6)
nsubj(come-10, you-7)
aux(come-10, would-8)
neg(come-10, n't-9)
root(ROOT-0, come-10)
advmod(come-10, at-11)
pobj(at-11, all-12)</deps>
      <events>
        <event id="e9" eiid="ei9" offset="6" string="afraid" tense="PAST" aspect="NONE" class="STATE" polarity="POS" modality="" happen="" lowerBoundDuration="" upperBoundDuration="" />
        <event id="e10" eiid="ei10" offset="10" string="come" tense="NONE" aspect="NONE" class="OCCURRENCE" polarity="POS" modality="" happen="" lowerBoundDuration="" upperBoundDuration="" />
      </events>
      <timexes />
    </entry>
    <entry sid="7" file="9783732517695_003.txt">
      <sentence>Stella looked at the child affectedly .</sentence>
      <tokens>
        <t>" " "Stella" " "</t>
        <t>" " "looked" " "</t>
        <t>" " "at" " "</t>
        <t>" " "the" " "</t>
        <t>" " "child" " "</t>
        <t>" " "affectedly" ""</t>
        <t>"" "." " "</t>
      </tokens>
      <parse>(ROOT (S (NP (NNP Stella)) (VP (VBD looked) (PP (IN at) (NP (DT the) (NN child) (NN affectedly)))) (. .)))</parse>
      <deps>nsubj(looked-2, Stella-1)
root(ROOT-0, looked-2)
det(affectedly-6, the-4)
nn(affectedly-6, child-5)
prep_at(looked-2, affectedly-6)</deps>
      <events>
        <event id="e11" eiid="ei11" offset="2" string="looked" tense="PAST" aspect="NONE" class="OCCURRENCE" polarity="POS" modality="" happen="" lowerBoundDuration="" upperBoundDuration="" />
      </events>
      <timexes />
    </entry>
    <entry sid="8" file="9783732517695_003.txt">
      <sentence>Had Emily sensed that Patrick did n't like her going to the castle ?</sentence>
      <tokens>
        <t>" " "Had" " "</t>
        <t>" " "Emily" " "</t>
        <t>" " "sensed" " "</t>
        <t>" " "that" " "</t>
        <t>" " "Patrick" " "</t>
        <t>" " "did" ""</t>
        <t>"" "n't" " "</t>
        <t>" " "like" " "</t>
        <t>" " "her" " "</t>
        <t>" " "going" " "</t>
        <t>" " "to" " "</t>
        <t>" " "the" " "</t>
        <t>" " "castle" ""</t>
        <t>"" "?" " "</t>
      </tokens>
      <parse>(ROOT (S (NP (NNP Had) (NNP Emily)) (VP (VBD sensed) (SBAR (IN that) (S (NP (NNP Patrick)) (VP (VBD did) (RB n't) (VP (VB like) (S (NP (PRP her)) (VP (VBG going) (PP (TO to) (NP (DT the) (NN castle)))))))))) (. ?)))</parse>
      <deps>nn(Emily-2, Had-1)
nsubj(sensed-3, Emily-2)
root(ROOT-0, sensed-3)
mark(like-8, that-4)
nsubj(like-8, Patrick-5)
aux(like-8, did-6)
neg(like-8, n't-7)
ccomp(sensed-3, like-8)
nsubj(going-10, her-9)
dep(like-8, going-10)
det(castle-13, the-12)
prep_to(going-10, castle-13)</deps>
      <events>
        <event id="e12" eiid="ei12" offset="3" string="sensed" tense="PAST" aspect="NONE" class="REPORTING" polarity="POS" modality="" happen="" lowerBoundDuration="" upperBoundDuration="" />
        <event id="e13" eiid="ei13" offset="8" string="like" tense="PAST" aspect="NONE" class="OCCURRENCE" polarity="POS" modality="" happen="" lowerBoundDuration="" upperBoundDuration="" />
      </events>
      <timexes />
    </entry>
    <entry sid="9" file="9783732517695_003.txt">
      <sentence>Out of her guilty conscience , she asked , `` Why should n't I come anymore ? ''</sentence>
      <tokens>
        <t>" " "Out" " "</t>
        <t>" " "of" " "</t>
        <t>" " "her" " "</t>
        <t>" " "guilty" " "</t>
        <t>" " "conscience" ""</t>
        <t>"" "," " "</t>
        <t>" " "she" " "</t>
        <t>" " "asked" ""</t>
        <t>"" "," " "</t>
        <t>" " """ ""</t>
        <t>"" "Why" " "</t>
        <t>" " "should" ""</t>
        <t>"" "n't" " "</t>
        <t>" " "I" " "</t>
        <t>" " "come" " "</t>
        <t>" " "anymore" ""</t>
        <t>"" "?" ""</t>
        <t>"" """ " "</t>
      </tokens>
      <parse>(ROOT (S (PP (IN Out) (PP (IN of) (NP (PRP$ her) (JJ guilty) (NN conscience)))) (, ,) (NP (PRP she)) (VP (VBD asked) (, ,) (`` ``) (SBARQ (WHADVP (WRB Why)) (SQ (MD should) (RB n't) (NP (PRP I)) (VP (VB come) (ADVP (RB anymore)))) (. ?)) ('' ''))))</parse>
      <deps>prepc_out_of(asked-8, of-2)
poss(conscience-5, her-3)
amod(conscience-5, guilty-4)
pobj(asked-8, conscience-5)
nsubj(asked-8, she-7)
root(ROOT-0, asked-8)
advmod(come-15, Why-11)
aux(come-15, should-12)
neg(come-15, n't-13)
nsubj(come-15, I-14)
dep(asked-8, come-15)
advmod(come-15, anymore-16)</deps>
      <events>
        <event id="e14" eiid="ei14" offset="8" string="asked" tense="PAST" aspect="NONE" class="OCCURRENCE" polarity="POS" modality="" happen="" lowerBoundDuration="" upperBoundDuration="" />
      </events>
      <timexes />
    </entry>
    <entry sid="10" file="9783732517695_003.txt">
      <sentence>`` Grandmother and Father kept talking about you and the shepherd last night .</sentence>
      <tokens>
        <t>" " """ ""</t>
        <t>"" "Grandmother" " "</t>
        <t>" " "and" " "</t>
        <t>" " "Father" " "</t>
        <t>" " "kept" " "</t>
        <t>" " "talking" " "</t>
        <t>" " "about" " "</t>
        <t>" " "you" " "</t>
        <t>" " "and" " "</t>
        <t>" " "the" " "</t>
        <t>" " "shepherd" " "</t>
        <t>" " "last" " "</t>
        <t>" " "night" ""</t>
        <t>"" "." " "</t>
      </tokens>
      <parse>(ROOT (S (`` ``) (NP (NNP Grandmother) (CC and) (NNP Father)) (VP (VBD kept) (S (VP (VBG talking) (PP (IN about) (NP (NP (PRP you)) (CC and) (NP (DT the) (NN shepherd)))) (NP (JJ last) (NN night))))) (. .)))</parse>
      <deps>nsubj(kept-5, Grandmother-2)
conj_and(Grandmother-2, Father-4)
nsubj(kept-5, Father-4)
root(ROOT-0, kept-5)
xcomp(kept-5, talking-6)
prep_about(talking-6, you-8)
det(shepherd-11, the-10)
prep_about(talking-6, shepherd-11)
conj_and(you-8, shepherd-11)
amod(night-13, last-12)
tmod(talking-6, night-13)</deps>
      <events>
        <event id="e15" eiid="ei15" offset="5" string="kept" tense="PAST" aspect="NONE" class="OCCURRENCE" polarity="POS" modality="" happen="" lowerBoundDuration="" upperBoundDuration="" />
        <event id="e16" eiid="ei16" offset="6" string="talking" tense="PRESPART" aspect="NONE" class="OCCURRENCE" polarity="POS" modality="" happen="" lowerBoundDuration="" upperBoundDuration="" />
      </events>
      <timexes>
        <timex tid="t3" text="night" offset="13" length="1" type="TIME" value="TNI" temporalFunction="false" />
      </timexes>
    </entry>
    <entry sid="11" file="9783732517695_003.txt">
      <sentence>I do n't think father likes the shepherd .</sentence>
      <tokens>
        <t>" " "I" " "</t>
        <t>" " "do" ""</t>
        <t>"" "n't" " "</t>
        <t>" " "think" " "</t>
        <t>" " "father" " "</t>
        <t>" " "likes" " "</t>
        <t>" " "the" " "</t>
        <t>" " "shepherd" ""</t>
        <t>"" "." " "</t>
      </tokens>
      <parse>(ROOT (S (NP (PRP I)) (VP (VBP do) (RB n't) (VP (VB think) (SBAR (S (NP (NN father)) (VP (VBZ likes) (NP (DT the) (NN shepherd))))))) (. .)))</parse>
      <deps>nsubj(think-4, I-1)
aux(think-4, do-2)
neg(think-4, n't-3)
root(ROOT-0, think-4)
nsubj(likes-6, father-5)
ccomp(think-4, likes-6)
det(shepherd-8, the-7)
dobj(likes-6, shepherd-8)</deps>
      <events>
        <event id="e17" eiid="ei17" offset="4" string="think" tense="NONE" aspect="NONE" class="OCCURRENCE" polarity="POS" modality="" happen="" lowerBoundDuration="" upperBoundDuration="" />
        <event id="e18" eiid="ei18" offset="6" string="likes" tense="PRESENT" aspect="NONE" class="OCCURRENCE" polarity="POS" modality="" happen="" lowerBoundDuration="" upperBoundDuration="" />
      </events>
      <timexes />
    </entry>
    <entry sid="12" file="9783732517695_003.txt">
      <sentence>And you belong to him , after all . ''</sentence>
      <tokens>
        <t>" " "And" " "</t>
        <t>" " "you" " "</t>
        <t>" " "belong" " "</t>
        <t>" " "to" " "</t>
        <t>" " "him" ""</t>
        <t>"" "," " "</t>
        <t>" " "after" " "</t>
        <t>" " "all" ""</t>
        <t>"" "." ""</t>
        <t>"" """ " "</t>
      </tokens>
      <parse>(ROOT (S (CC And) (NP (PRP you)) (VP (VBP belong) (PP (TO to) (NP (PRP him))) (, ,) (PP (IN after) (NP (DT all)))) (. .) ('' '')))</parse>
      <deps>cc(belong-3, And-1)
nsubj(belong-3, you-2)
root(ROOT-0, belong-3)
prep_to(belong-3, him-5)
prep_after(belong-3, all-8)</deps>
      <events>
        <event id="e19" eiid="ei19" offset="3" string="belong" tense="PRESENT" aspect="NONE" class="I_STATE" polarity="POS" modality="" happen="" lowerBoundDuration="" upperBoundDuration="" />
      </events>
      <timexes />
    </entry>
    <entry sid="13" file="9783732517695_003.txt">
      <sentence>Stella had to think again of the meeting between Patrick and Duke Robert in Tralee .</sentence>
      <tokens>
        <t>" " "Stella" " "</t>
        <t>" " "had" " "</t>
        <t>" " "to" " "</t>
        <t>" " "think" " "</t>
        <t>" " "again" " "</t>
        <t>" " "of" " "</t>
        <t>" " "the" " "</t>
        <t>" " "meeting" " "</t>
        <t>" " "between" " "</t>
        <t>" " "Patrick" " "</t>
        <t>" " "and" " "</t>
        <t>" " "Duke" " "</t>
        <t>" " "Robert" " "</t>
        <t>" " "in" " "</t>
        <t>" " "Tralee" ""</t>
        <t>"" "." " "</t>
      </tokens>
      <parse>(ROOT (S (NP (NNP Stella)) (VP (VBD had) (S (VP (TO to) (VP (VB think) (ADVP (RB again)) (PP (IN of) (NP (NP (NP (DT the) (NN meeting)) (PP (IN between) (NP (NNP Patrick)))) (CC and) (NP (NP (NNP Duke) (NNP Robert)) (PP (IN in) (NP (NNP Tralee)))))))))) (. .)))</parse>
      <deps>nsubj(had-2, Stella-1)
xsubj(think-4, Stella-1)
root(ROOT-0, had-2)
aux(think-4, to-3)
xcomp(had-2, think-4)
advmod(think-4, again-5)
det(meeting-8, the-7)
prep_of(think-4, meeting-8)
prep_between(meeting-8, Patrick-10)
nn(Robert-13, Duke-12)
prep_of(think-4, Robert-13)
conj_and(meeting-8, Robert-13)
prep_in(Robert-13, Tralee-15)</deps>
      <events>
        <event id="e20" eiid="ei20" offset="2" string="had" tense="PAST" aspect="NONE" class="I_ACTION" polarity="POS" modality="" happen="" lowerBoundDuration="" upperBoundDuration="" />
        <event id="e21" eiid="ei21" offset="4" string="think" tense="INFINITIVE" aspect="NONE" class="OCCURRENCE" polarity="POS" modality="" happen="" lowerBoundDuration="" upperBoundDuration="" />
        <event id="e22" eiid="ei22" offset="8" string="meeting" tense="NONE" aspect="NONE" class="OCCURRENCE" polarity="POS" modality="" happen="" lowerBoundDuration="" upperBoundDuration="" />
      </events>
      <timexes />
    </entry>
    <entry sid="14" file="9783732517695_003.txt">
      <sentence>The two men had faced each other like enemies .</sentence>
      <tokens>
        <t>" " "The" " "</t>
        <t>" " "two" " "</t>
        <t>" " "men" " "</t>
        <t>" " "had" " "</t>
        <t>" " "faced" " "</t>
        <t>" " "each" " "</t>
        <t>" " "other" " "</t>
        <t>" " "like" " "</t>
        <t>" " "enemies" ""</t>
        <t>"" "." " "</t>
      </tokens>
      <parse>(ROOT (S (NP (DT The) (CD two) (NNS men)) (VP (VBD had) (VP (VBN faced) (NP (DT each) (JJ other)) (PP (IN like) (NP (NNS enemies))))) (. .)))</parse>
      <deps>det(men-3, The-1)
num(men-3, two-2)
nsubj(faced-5, men-3)
aux(faced-5, had-4)
root(ROOT-0, faced-5)
det(other-7, each-6)
dobj(faced-5, other-7)
prep_like(faced-5, enemies-9)</deps>
      <events>
        <event id="e23" eiid="ei23" offset="5" string="faced" tense="PAST" aspect="PERFECTIVE" class="OCCURRENCE" polarity="POS" modality="" happen="" lowerBoundDuration="" upperBoundDuration="" />
      </events>
      <timexes />
    </entry>
    <entry sid="15" file="9783732517695_003.txt">
      <sentence>And Duke Robert 's eyes had been full of hatred .</sentence>
      <tokens>
        <t>" " "And" " "</t>
        <t>" " "Duke" " "</t>
        <t>" " "Robert" ""</t>
        <t>"" "'s" " "</t>
        <t>" " "eyes" " "</t>
        <t>" " "had" " "</t>
        <t>" " "been" " "</t>
        <t>" " "full" " "</t>
        <t>" " "of" " "</t>
        <t>" " "hatred" ""</t>
        <t>"" "." " "</t>
      </tokens>
      <parse>(ROOT (S (CC And) (NP (NP (NNP Duke) (NNP Robert) (POS 's)) (NNS eyes)) (VP (VBD had) (VP (VBN been) (ADJP (JJ full)) (PP (IN of) (NP (NN hatred))))) (. .)))</parse>
      <deps>cc(full-8, And-1)
nn(Robert-3, Duke-2)
poss(eyes-5, Robert-3)
nsubj(full-8, eyes-5)
aux(full-8, had-6)
cop(full-8, been-7)
root(ROOT-0, full-8)
prep_of(full-8, hatred-10)</deps>
      <events />
      <timexes />
    </entry>
    <entry sid="16" file="9783732517695_003.txt">
      <sentence>With these thoughts , she walked into the castle today even more excited than usual .</sentence>
      <tokens>
        <t>" " "With" " "</t>
        <t>" " "these" " "</t>
        <t>" " "thoughts" ""</t>
        <t>"" "," " "</t>
        <t>" " "she" " "</t>
        <t>" " "walked" " "</t>
        <t>" " "into" " "</t>
        <t>" " "the" " "</t>
        <t>" " "castle" " "</t>
        <t>" " "today" " "</t>
        <t>" " "even" " "</t>
        <t>" " "more" " "</t>
        <t>" " "excited" " "</t>
        <t>" " "than" " "</t>
        <t>" " "usual" ""</t>
        <t>"" "." " "</t>
      </tokens>
      <parse>(ROOT (S (PP (IN With) (NP (DT these) (NNS thoughts))) (, ,) (NP (PRP she)) (VP (VBD walked) (PP (IN into) (NP (DT the) (NN castle))) (NP (NN today)) (PP (RB even) (ADJP (ADJP (RBR more) (JJ excited)) (PP (IN than) (ADJP (JJ usual)))))) (. .)))</parse>
      <deps>det(thoughts-3, these-2)
prep_with(walked-6, thoughts-3)
nsubj(walked-6, she-5)
root(ROOT-0, walked-6)
det(castle-9, the-8)
prep_into(walked-6, castle-9)
tmod(walked-6, today-10)
prep(walked-6, even-11)
advmod(excited-13, more-12)
pobj(even-11, excited-13)
prep_than(excited-13, usual-15)</deps>
      <events>
        <event id="e24" eiid="ei24" offset="6" string="walked" tense="PAST" aspect="NONE" class="OCCURRENCE" polarity="POS" modality="" happen="" lowerBoundDuration="" upperBoundDuration="" />
      </events>
      <timexes />
    </entry>
    <entry sid="17" file="9783732517695_003.txt">
      <sentence>She wished she did not have to see Duke Robert .</sentence>
      <tokens>
        <t>" " "She" " "</t>
        <t>" " "wished" " "</t>
        <t>" " "she" " "</t>
        <t>" " "did" " "</t>
        <t>" " "not" " "</t>
        <t>" " "have" " "</t>
        <t>" " "to" " "</t>
        <t>" " "see" " "</t>
        <t>" " "Duke" " "</t>
        <t>" " "Robert" ""</t>
        <t>"" "." " "</t>
      </tokens>
      <parse>(ROOT (S (NP (PRP She)) (VP (VBD wished) (SBAR (S (NP (PRP she)) (VP (VBD did) (RB not) (VP (VB have) (S (VP (TO to) (VP (VB see) (NP (NNP Duke) (NNP Robert)))))))))) (. .)))</parse>
      <deps>nsubj(wished-2, She-1)
root(ROOT-0, wished-2)
nsubj(have-6, she-3)
xsubj(see-8, she-3)
aux(have-6, did-4)
neg(have-6, not-5)
ccomp(wished-2, have-6)
aux(see-8, to-7)
xcomp(have-6, see-8)
nn(Robert-10, Duke-9)
dobj(see-8, Robert-10)</deps>
      <events>
        <event id="e25" eiid="ei25" offset="2" string="wished" tense="PAST" aspect="NONE" class="OCCURRENCE" polarity="POS" modality="" happen="" lowerBoundDuration="" upperBoundDuration="" />
        <event id="e26" eiid="ei26" offset="8" string="see" tense="INFINITIVE" aspect="NONE" class="PERCEPTION" polarity="POS" modality="" happen="" lowerBoundDuration="" upperBoundDuration="" />
      </events>
      <timexes />
    </entry>
    <entry sid="18" file="9783732517695_003.txt">
      <sentence>This wish was granted to her .</sentence>
      <tokens>
        <t>" " "This" " "</t>
        <t>" " "wish" " "</t>
        <t>" " "was" " "</t>
        <t>" " "granted" " "</t>
        <t>" " "to" " "</t>
        <t>" " "her" ""</t>
        <t>"" "." " "</t>
      </tokens>
      <parse>(ROOT (S (NP (DT This) (NN wish)) (VP (VBD was) (VP (VBN granted) (PP (TO to) (NP (PRP her))))) (. .)))</parse>
      <deps>det(wish-2, This-1)
nsubjpass(granted-4, wish-2)
auxpass(granted-4, was-3)
root(ROOT-0, granted-4)
prep_to(granted-4, her-6)</deps>
      <events>
        <event id="e27" eiid="ei27" offset="4" string="granted" tense="PAST" aspect="NONE" class="OCCURRENCE" polarity="POS" modality="" happen="" lowerBoundDuration="" upperBoundDuration="" />
      </events>
      <timexes />
    </entry>
    <entry sid="19" file="9783732517695_003.txt">
      <sentence>But she had to stay with Emily for a longer time with Duchess Alice .</sentence>
      <tokens>
        <t>" " "But" " "</t>
        <t>" " "she" " "</t>
        <t>" " "had" " "</t>
        <t>" " "to" " "</t>
        <t>" " "stay" " "</t>
        <t>" " "with" " "</t>
        <t>" " "Emily" " "</t>
        <t>" " "for" " "</t>
        <t>" " "a" " "</t>
        <t>" " "longer" " "</t>
        <t>" " "time" " "</t>
        <t>" " "with" " "</t>
        <t>" " "Duchess" " "</t>
        <t>" " "Alice" ""</t>
        <t>"" "." " "</t>
      </tokens>
      <parse>(ROOT (S (CC But) (NP (PRP she)) (VP (VBD had) (S (VP (TO to) (VP (VB stay) (PP (IN with) (NP (NNP Emily))) (PP (IN for) (NP (NP (DT a) (JJR longer) (NN time)) (PP (IN with) (NP (NNP Duchess) (NNP Alice))))))))) (. .)))</parse>
      <deps>cc(had-3, But-1)
nsubj(had-3, she-2)
xsubj(stay-5, she-2)
root(ROOT-0, had-3)
aux(stay-5, to-4)
xcomp(had-3, stay-5)
prep_with(stay-5, Emily-7)
det(time-11, a-9)
amod(time-11, longer-10)
prep_for(stay-5, time-11)
nn(Alice-14, Duchess-13)
prep_with(time-11, Alice-14)</deps>
      <events>
        <event id="e28" eiid="ei28" offset="3" string="had" tense="PAST" aspect="NONE" class="I_ACTION" polarity="POS" modality="" happen="" lowerBoundDuration="" upperBoundDuration="" />
        <event id="e29" eiid="ei29" offset="5" string="stay" tense="INFINITIVE" aspect="NONE" class="OCCURRENCE" polarity="POS" modality="" happen="" lowerBoundDuration="" upperBoundDuration="" />
      </events>
      <timexes />
    </entry>
    <entry sid="20" file="9783732517695_003.txt">
      <sentence>And she was remarkably kind to her .</sentence>
      <tokens>
        <t>" " "And" " "</t>
        <t>" " "she" " "</t>
        <t>" " "was" " "</t>
        <t>" " "remarkably" " "</t>
        <t>" " "kind" " "</t>
        <t>" " "to" " "</t>
        <t>" " "her" ""</t>
        <t>"" "." " "</t>
      </tokens>
      <parse>(ROOT (S (CC And) (NP (PRP she)) (VP (VBD was) (ADJP (RB remarkably) (JJ kind) (PP (TO to) (NP (PRP her))))) (. .)))</parse>
      <deps>cc(kind-5, And-1)
nsubj(kind-5, she-2)
cop(kind-5, was-3)
advmod(kind-5, remarkably-4)
root(ROOT-0, kind-5)
prep_to(kind-5, her-7)</deps>
      <events />
      <timexes />
    </entry>
    <entry sid="21" file="9783732517695_003.txt">
      <sentence>Today she asked even more thorough questions about Stella 's origins , but it was all too clear that she was using them to cover up her detailed inquiries about Patrick .</sentence>
      <tokens>
        <t>" " "Today" " "</t>
        <t>" " "she" " "</t>
        <t>" " "asked" " "</t>
        <t>" " "even" " "</t>
        <t>" " "more" " "</t>
        <t>" " "thorough" " "</t>
        <t>" " "questions" " "</t>
        <t>" " "about" " "</t>
        <t>" " "Stella" ""</t>
        <t>"" "'s" " "</t>
        <t>" " "origins" ""</t>
        <t>"" "," " "</t>
        <t>" " "but" " "</t>
        <t>" " "it" " "</t>
        <t>" " "was" " "</t>
        <t>" " "all" " "</t>
        <t>" " "too" " "</t>
        <t>" " "clear" " "</t>
        <t>" " "that" " "</t>
        <t>" " "she" " "</t>
        <t>" " "was" " "</t>
        <t>" " "using" " "</t>
        <t>" " "them" " "</t>
        <t>" " "to" " "</t>
        <t>" " "cover" " "</t>
        <t>" " "up" " "</t>
        <t>" " "her" " "</t>
        <t>" " "detailed" " "</t>
        <t>" " "inquiries" " "</t>
        <t>" " "about" " "</t>
        <t>" " "Patrick" ""</t>
        <t>"" "." " "</t>
      </tokens>
      <parse>(ROOT (S (S (NP (NN Today)) (NP (PRP she)) (VP (VBD asked) (NP (RB even) (JJR more) (JJ thorough) (NNS questions)) (PP (IN about) (NP (NP (NNP Stella) (POS 's)) (NNS origins))))) (, ,) (CC but) (S (NP (PRP it)) (VP (VBD was) (RB all) (ADJP (RB too) (JJ clear)) (SBAR (IN that) (S (NP (PRP she)) (VP (VBD was) (VP (VBG using) (S (NP (PRP them)) (VP (TO to) (VP (VB cover) (PRT (RP up)) (NP (PRP$ her) (JJ detailed) (NNS inquiries)) (PP (IN about) (NP (NNP Patrick)))))))))))) (. .)))</parse>
      <deps>tmod(asked-3, Today-1)
nsubj(asked-3, she-2)
root(ROOT-0, asked-3)
advmod(questions-7, even-4)
amod(questions-7, more-5)
amod(questions-7, thorough-6)
dobj(asked-3, questions-7)
poss(origins-11, Stella-9)
prep_about(asked-3, origins-11)
nsubj(clear-18, it-14)
cop(clear-18, was-15)
advmod(clear-18, all-16)
advmod(clear-18, too-17)
conj_but(asked-3, clear-18)
mark(using-22, that-19)
nsubj(using-22, she-20)
aux(using-22, was-21)
ccomp(clear-18, using-22)
nsubj(cover-25, them-23)
aux(cover-25, to-24)
xcomp(using-22, cover-25)
prt(cover-25, up-26)
poss(inquiries-29, her-27)
amod(inquiries-29, detailed-28)
dobj(cover-25, inquiries-29)
prep_about(cover-25, Patrick-31)</deps>
      <events>
        <event id="e30" eiid="ei30" offset="3" string="asked" tense="PAST" aspect="NONE" class="I_ACTION" polarity="POS" modality="" happen="" lowerBoundDuration="" upperBoundDuration="" />
        <event id="e31" eiid="ei31" offset="22" string="using" tense="PAST" aspect="PROGRESSIVE" class="OCCURRENCE" polarity="POS" modality="" happen="" lowerBoundDuration="" upperBoundDuration="" />
        <event id="e32" eiid="ei32" offset="25" string="cover" tense="INFINITIVE" aspect="NONE" class="OCCURRENCE" polarity="POS" modality="" happen="" lowerBoundDuration="" upperBoundDuration="" />
      </events>
      <timexes />
    </entry>
    <entry sid="22" file="9783732517695_003.txt">
      <sentence>Where he came from , how old he was , and whether he had always been just a shepherd , she wanted to know .</sentence>
      <tokens>
        <t>" " "Where" " "</t>
        <t>" " "he" " "</t>
        <t>" " "came" " "</t>
        <t>" " "from" ""</t>
        <t>"" "," " "</t>
        <t>" " "how" " "</t>
        <t>" " "old" " "</t>
        <t>" " "he" " "</t>
        <t>" " "was" ""</t>
        <t>"" "," " "</t>
        <t>" " "and" " "</t>
        <t>" " "whether" " "</t>
        <t>" " "he" " "</t>
        <t>" " "had" " "</t>
        <t>" " "always" " "</t>
        <t>" " "been" " "</t>
        <t>" " "just" " "</t>
        <t>" " "a" " "</t>
        <t>" " "shepherd" ""</t>
        <t>"" "," " "</t>
        <t>" " "she" " "</t>
        <t>" " "wanted" " "</t>
        <t>" " "to" " "</t>
        <t>" " "know" ""</t>
        <t>"" "." " "</t>
      </tokens>
      <parse>(ROOT (S (SBAR (WHADVP (WRB Where)) (S (NP (PRP he)) (VP (VBD came) (PP (IN from)) (, ,) (SBAR (SBAR (WHADJP (WRB how) (JJ old)) (S (NP (PRP he)) (VP (VBD was)))) (, ,) (CC and) (SBAR (IN whether) (S (NP (PRP he)) (VP (VBD had) (ADVP (RB always)) (VP (VBN been) (NP (RB just) (DT a) (NN shepherd)))))))))) (, ,) (NP (PRP she)) (VP (VBD wanted) (S (VP (TO to) (VP (VB know))))) (. .)))</parse>
      <deps>advmod(came-3, Where-1)
nsubj(came-3, he-2)
advcl(wanted-22, came-3)
prep(came-3, from-4)
advmod(old-7, how-6)
dep(was-9, old-7)
nsubj(was-9, he-8)
ccomp(came-3, was-9)
mark(shepherd-19, whether-12)
nsubj(shepherd-19, he-13)
aux(shepherd-19, had-14)
advmod(shepherd-19, always-15)
cop(shepherd-19, been-16)
advmod(shepherd-19, just-17)
det(shepherd-19, a-18)
ccomp(came-3, shepherd-19)
conj_and(was-9, shepherd-19)
nsubj(wanted-22, she-21)
xsubj(know-24, she-21)
root(ROOT-0, wanted-22)
aux(know-24, to-23)
xcomp(wanted-22, know-24)</deps>
      <events>
        <event id="e33" eiid="ei33" offset="3" string="came" tense="PAST" aspect="NONE" class="OCCURRENCE" polarity="POS" modality="" happen="" lowerBoundDuration="" upperBoundDuration="" />
        <event id="e34" eiid="ei34" offset="22" string="wanted" tense="PAST" aspect="NONE" class="OCCURRENCE" polarity="POS" modality="" happen="" lowerBoundDuration="" upperBoundDuration="" />
        <event id="e35" eiid="ei35" offset="24" string="know" tense="INFINITIVE" aspect="NONE" class="OCCURRENCE" polarity="POS" modality="" happen="" lowerBoundDuration="" upperBoundDuration="" />
      </events>
      <timexes />
    </entry>
    <entry sid="23" file="9783732517695_003.txt">
      <sentence>Stella was not ready to confide Patrick 's fate to the Duchess today either .</sentence>
      <tokens>
        <t>" " "Stella" " "</t>
        <t>" " "was" " "</t>
        <t>" " "not" " "</t>
        <t>" " "ready" " "</t>
        <t>" " "to" " "</t>
        <t>" " "confide" " "</t>
        <t>" " "Patrick" ""</t>
        <t>"" "'s" " "</t>
        <t>" " "fate" " "</t>
        <t>" " "to" " "</t>
        <t>" " "the" " "</t>
        <t>" " "Duchess" " "</t>
        <t>" " "today" " "</t>
        <t>" " "either" ""</t>
        <t>"" "." " "</t>
      </tokens>
      <parse>(ROOT (S (NP (NNP Stella)) (VP (VBD was) (RB not) (ADJP (JJ ready) (S (VP (TO to) (VP (VB confide) (NP (NP (NNP Patrick) (POS 's)) (NN fate)) (PP (TO to) (NP (DT the) (NNP Duchess) (NN today))) (ADVP (RB either))))))) (. .)))</parse>
      <deps>nsubj(ready-4, Stella-1)
xsubj(confide-6, Stella-1)
cop(ready-4, was-2)
neg(ready-4, not-3)
root(ROOT-0, ready-4)
aux(confide-6, to-5)
xcomp(ready-4, confide-6)
poss(fate-9, Patrick-7)
dobj(confide-6, fate-9)
det(today-13, the-11)
nn(today-13, Duchess-12)
prep_to(confide-6, today-13)
advmod(confide-6, either-14)</deps>
      <events>
        <event id="e36" eiid="ei36" offset="6" string="confide" tense="INFINITIVE" aspect="NONE" class="OCCURRENCE" polarity="POS" modality="" happen="" lowerBoundDuration="" upperBoundDuration="" />
      </events>
      <timexes />
    </entry>
    <entry sid="24" file="9783732517695_003.txt">
      <sentence>As she gradually became embarrassed , she said in her frank way , `` Why are you so interested in the fate of my future husband ? ''</sentence>
      <tokens>
        <t>" " "As" " "</t>
        <t>" " "she" " "</t>
        <t>" " "gradually" " "</t>
        <t>" " "became" " "</t>
        <t>" " "embarrassed" ""</t>
        <t>"" "," " "</t>
        <t>" " "she" " "</t>
        <t>" " "said" " "</t>
        <t>" " "in" " "</t>
        <t>" " "her" " "</t>
        <t>" " "frank" " "</t>
        <t>" " "way" ""</t>
        <t>"" "," " "</t>
        <t>" " """ ""</t>
        <t>"" "Why" " "</t>
        <t>" " "are" " "</t>
        <t>" " "you" " "</t>
        <t>" " "so" " "</t>
        <t>" " "interested" " "</t>
        <t>" " "in" " "</t>
        <t>" " "the" " "</t>
        <t>" " "fate" " "</t>
        <t>" " "of" " "</t>
        <t>" " "my" " "</t>
        <t>" " "future" " "</t>
        <t>" " "husband" ""</t>
        <t>"" "?" ""</t>
        <t>"" """ " "</t>
      </tokens>
      <parse>(ROOT (S (SBAR (IN As) (S (NP (PRP she)) (ADVP (RB gradually)) (VP (VBD became) (ADJP (JJ embarrassed))))) (, ,) (NP (PRP she)) (VP (VBD said) (PP (IN in) (NP (NP (PRP$ her) (JJ frank) (NN way)) (, ,) (`` ``) (SBARQ (WHADVP (WRB Why)) (SQ (VBP are) (NP (PRP you)) (ADJP (RB so) (JJ interested) (PP (IN in) (NP (NP (DT the) (NN fate)) (PP (IN of) (NP (PRP$ my) (JJ future) (NN husband))))))) (. ?))))) ('' '')))</parse>
      <deps>mark(embarrassed-5, As-1)
nsubj(embarrassed-5, she-2)
advmod(embarrassed-5, gradually-3)
cop(embarrassed-5, became-4)
advcl(said-8, embarrassed-5)
nsubj(said-8, she-7)
root(ROOT-0, said-8)
poss(way-12, her-10)
amod(way-12, frank-11)
prep_in(said-8, way-12)
advmod(interested-19, Why-15)
cop(interested-19, are-16)
nsubj(interested-19, you-17)
advmod(interested-19, so-18)
dep(way-12, interested-19)
det(fate-22, the-21)
prep_in(interested-19, fate-22)
poss(husband-26, my-24)
amod(husband-26, future-25)
prep_of(fate-22, husband-26)</deps>
      <events>
        <event id="e37" eiid="ei37" offset="4" string="became" tense="PAST" aspect="NONE" class="OCCURRENCE" polarity="POS" modality="" happen="" lowerBoundDuration="" upperBoundDuration="" />
        <event id="e38" eiid="ei38" offset="8" string="said" tense="PAST" aspect="NONE" class="REPORTING" polarity="POS" modality="" happen="" lowerBoundDuration="" upperBoundDuration="" />
      </events>
      <timexes>
        <timex tid="t4" text="future" offset="25" length="1" type="DATE" value="FUTURE_REF" temporalFunction="false" />
      </timexes>
    </entry>
    <entry sid="25" file="9783732517695_003.txt">
      <sentence>`` Do n't you sometimes forget that you are a paid employee here at Windhome , Miss Douglas ?</sentence>
      <tokens>
        <t>" " """ ""</t>
        <t>"" "Do" ""</t>
        <t>"" "n't" " "</t>
        <t>" " "you" " "</t>
        <t>" " "sometimes" " "</t>
        <t>" " "forget" " "</t>
        <t>" " "that" " "</t>
        <t>" " "you" " "</t>
        <t>" " "are" " "</t>
        <t>" " "a" " "</t>
        <t>" " "paid" " "</t>
        <t>" " "employee" " "</t>
        <t>" " "here" " "</t>
        <t>" " "at" " "</t>
        <t>" " "Windhome" ""</t>
        <t>"" "," " "</t>
        <t>" " "Miss" " "</t>
        <t>" " "Douglas" ""</t>
        <t>"" "?" " "</t>
      </tokens>
      <parse>(ROOT (SQ (`` ``) (VBP Do) (NP (RB n't)) (ADVP (PRP you) (RB sometimes)) (VP (VB forget) (SBAR (IN that) (S (NP (PRP you)) (VP (VBP are) (NP (NP (DT a) (VBN paid) (NN employee)) (ADVP (RB here)) (PP (IN at) (NP (NNP Windhome) (, ,) (NNP Miss) (NNP Douglas)))))))) (. ?)))</parse>
      <deps>aux(forget-6, Do-2)
nsubj(forget-6, n't-3)
dep(sometimes-5, you-4)
advmod(forget-6, sometimes-5)
root(ROOT-0, forget-6)
mark(employee-12, that-7)
nsubj(employee-12, you-8)
cop(employee-12, are-9)
det(employee-12, a-10)
amod(employee-12, paid-11)
ccomp(forget-6, employee-12)
advmod(employee-12, here-13)
nn(Douglas-18, Windhome-15)
appos(Douglas-18, Miss-17)
prep_at(employee-12, Douglas-18)</deps>
      <events>
        <event id="e39" eiid="ei39" offset="6" string="forget" tense="NONE" aspect="NONE" class="I_ACTION" polarity="POS" modality="" happen="" lowerBoundDuration="" upperBoundDuration="" />
      </events>
      <timexes />
    </entry>
    <entry sid="26" file="9783732517695_003.txt">
      <sentence>You will still have to allow me to inquire about the man with whom Lady Emily 's governess lives . ''</sentence>
      <tokens>
        <t>" " "You" " "</t>
        <t>" " "will" " "</t>
        <t>" " "still" " "</t>
        <t>" " "have" " "</t>
        <t>" " "to" " "</t>
        <t>" " "allow" " "</t>
        <t>" " "me" " "</t>
        <t>" " "to" " "</t>
        <t>" " "inquire" " "</t>
        <t>" " "about" " "</t>
        <t>" " "the" " "</t>
        <t>" " "man" " "</t>
        <t>" " "with" " "</t>
        <t>" " "whom" " "</t>
        <t>" " "Lady" " "</t>
        <t>" " "Emily" ""</t>
        <t>"" "'s" " "</t>
        <t>" " "governess" " "</t>
        <t>" " "lives" ""</t>
        <t>"" "." ""</t>
        <t>"" """ " "</t>
      </tokens>
      <parse>(ROOT (S (NP (PRP You)) (VP (MD will) (ADVP (RB still)) (VP (VB have) (S (VP (TO to) (VP (VB allow) (S (NP (PRP me)) (VP (TO to) (VP (VB inquire) (PP (IN about) (NP (NP (DT the) (NN man)) (PP (IN with) (SBAR (WHNP (WP whom)) (S (NP (NP (NNP Lady) (NNP Emily) (POS 's)) (NNS governess)) (VP (VBZ lives))))))))))))))) (. .) ('' '')))</parse>
      <deps>nsubj(have-4, You-1)
xsubj(allow-6, You-1)
aux(have-4, will-2)
advmod(have-4, still-3)
root(ROOT-0, have-4)
aux(allow-6, to-5)
xcomp(have-4, allow-6)
nsubj(inquire-9, me-7)
aux(inquire-9, to-8)
xcomp(allow-6, inquire-9)
det(man-12, the-11)
prep_about(inquire-9, man-12)
dobj(lives-19, whom-14)
nn(Emily-16, Lady-15)
poss(governess-18, Emily-16)
nsubj(lives-19, governess-18)
prepc_with(man-12, lives-19)</deps>
      <events>
        <event id="e40" eiid="ei40" offset="6" string="allow" tense="INFINITIVE" aspect="NONE" class="OCCURRENCE" polarity="POS" modality="" happen="" lowerBoundDuration="" upperBoundDuration="" />
        <event id="e41" eiid="ei41" offset="9" string="inquire" tense="INFINITIVE" aspect="NONE" class="OCCURRENCE" polarity="POS" modality="" happen="" lowerBoundDuration="" upperBoundDuration="" />
      </events>
      <timexes />
    </entry>
    <entry sid="27" file="9783732517695_003.txt">
      <sentence>`` I have answered all your questions as I think proper , Duchess . ''</sentence>
      <tokens>
        <t>" " """ ""</t>
        <t>"" "I" " "</t>
        <t>" " "have" " "</t>
        <t>" " "answered" " "</t>
        <t>" " "all" " "</t>
        <t>" " "your" " "</t>
        <t>" " "questions" " "</t>
        <t>" " "as" " "</t>
        <t>" " "I" " "</t>
        <t>" " "think" " "</t>
        <t>" " "proper" ""</t>
        <t>"" "," " "</t>
        <t>" " "Duchess" ""</t>
        <t>"" "." ""</t>
        <t>"" """ " "</t>
      </tokens>
      <parse>(ROOT (S (`` ``) (NP (PRP I)) (VP (VBP have) (VP (VBN answered) (NP (PDT all) (PRP$ your) (NNS questions)) (SBAR (IN as) (S (NP (PRP I)) (VP (VBP think) (ADJP (JJ proper)) (, ,) (S (NP (NNP Duchess)))))))) (. .) ('' '')))</parse>
      <deps>nsubj(answered-4, I-2)
aux(answered-4, have-3)
root(ROOT-0, answered-4)
predet(questions-7, all-5)
poss(questions-7, your-6)
dobj(answered-4, questions-7)
mark(think-10, as-8)
nsubj(think-10, I-9)
advcl(answered-4, think-10)
acomp(think-10, proper-11)
dep(think-10, Duchess-13)</deps>
      <events>
        <event id="e42" eiid="ei42" offset="4" string="answered" tense="PRESENT" aspect="PERFECTIVE" class="OCCURRENCE" polarity="POS" modality="" happen="" lowerBoundDuration="" upperBoundDuration="" />
        <event id="e43" eiid="ei43" offset="10" string="think" tense="PRESENT" aspect="NONE" class="I_STATE" polarity="POS" modality="" happen="" lowerBoundDuration="" upperBoundDuration="" />
      </events>
      <timexes />
    </entry>
    <entry sid="28" file="9783732517695_003.txt">
      <sentence>Stella reached for Emily 's hand .</sentence>
      <tokens>
        <t>" " "Stella" " "</t>
        <t>" " "reached" " "</t>
        <t>" " "for" " "</t>
        <t>" " "Emily" ""</t>
        <t>"" "'s" " "</t>
        <t>" " "hand" ""</t>
        <t>"" "." " "</t>
      </tokens>
      <parse>(ROOT (S (NP (NNP Stella)) (VP (VBD reached) (PP (IN for) (NP (NP (NNP Emily) (POS 's)) (NN hand)))) (. .)))</parse>
      <deps>nsubj(reached-2, Stella-1)
root(ROOT-0, reached-2)
poss(hand-6, Emily-4)
prep_for(reached-2, hand-6)</deps>
      <events>
        <event id="e44" eiid="ei44" offset="2" string="reached" tense="PAST" aspect="NONE" class="OCCURRENCE" polarity="POS" modality="" happen="" lowerBoundDuration="" upperBoundDuration="" />
      </events>
      <timexes />
    </entry>
    <entry sid="29" file="9783732517695_003.txt">
      <sentence>`` It 's time for Emily to come to the park .</sentence>
      <tokens>
        <t>" " """ ""</t>
        <t>"" "It" ""</t>
        <t>"" "'s" " "</t>
        <t>" " "time" " "</t>
        <t>" " "for" " "</t>
        <t>" " "Emily" " "</t>
        <t>" " "to" " "</t>
        <t>" " "come" " "</t>
        <t>" " "to" " "</t>
        <t>" " "the" " "</t>
        <t>" " "park" ""</t>
        <t>"" "." " "</t>
      </tokens>
      <parse>(ROOT (S (`` ``) (NP (PRP It)) (VP (VBZ 's) (NP (NP (NN time)) (PP (IN for) (NP (NNP Emily))) (S (VP (TO to) (VP (VB come) (PP (TO to) (NP (DT the) (NN park)))))))) (. .)))</parse>
      <deps>nsubj(time-4, It-2)
cop(time-4, 's-3)
root(ROOT-0, time-4)
prep_for(time-4, Emily-6)
aux(come-8, to-7)
infmod(time-4, come-8)
det(park-11, the-10)
prep_to(come-8, park-11)</deps>
      <events>
        <event id="e45" eiid="ei45" offset="8" string="come" tense="INFINITIVE" aspect="NONE" class="OCCURRENCE" polarity="POS" modality="" happen="" lowerBoundDuration="" upperBoundDuration="" />
      </events>
      <timexes />
    </entry>
    <entry sid="30" file="9783732517695_003.txt">
      <sentence>She 's had to wait two days to have company again , '' Stella said somewhat reproachfully .</sentence>
      <tokens>
        <t>" " "She" ""</t>
        <t>"" "'s" " "</t>
        <t>" " "had" " "</t>
        <t>" " "to" " "</t>
        <t>" " "wait" " "</t>
        <t>" " "two" " "</t>
        <t>" " "days" " "</t>
        <t>" " "to" " "</t>
        <t>" " "have" " "</t>
        <t>" " "company" " "</t>
        <t>" " "again" ""</t>
        <t>"" "," ""</t>
        <t>"" """ " "</t>
        <t>" " "Stella" " "</t>
        <t>" " "said" " "</t>
        <t>" " "somewhat" " "</t>
        <t>" " "reproachfully" ""</t>
        <t>"" "." " "</t>
      </tokens>
      <parse>(ROOT (S (S (NP (PRP She)) (VP (VBZ 's) (VP (VBN had) (S (VP (TO to) (VP (VB wait) (NP (CD two) (NNS days)) (S (VP (TO to) (VP (VB have) (NP (NN company)) (ADVP (RB again))))))))))) (, ,) ('' '') (NP (NNP Stella)) (VP (VBD said) (ADJP (RB somewhat) (JJ reproachfully))) (. .)))</parse>
      <deps>nsubjpass(had-3, She-1)
xsubj(wait-5, She-1)
auxpass(had-3, 's-2)
ccomp(said-15, had-3)
aux(wait-5, to-4)
xcomp(had-3, wait-5)
num(days-7, two-6)
tmod(wait-5, days-7)
aux(have-9, to-8)
xcomp(wait-5, have-9)
dobj(have-9, company-10)
advmod(have-9, again-11)
nsubj(said-15, Stella-14)
root(ROOT-0, said-15)
advmod(reproachfully-17, somewhat-16)
acomp(said-15, reproachfully-17)</deps>
      <events>
        <event id="e46" eiid="ei46" offset="5" string="wait" tense="INFINITIVE" aspect="NONE" class="OCCURRENCE" polarity="POS" modality="" happen="" lowerBoundDuration="" upperBoundDuration="" />
        <event id="e47" eiid="ei47" offset="15" string="said" tense="PAST" aspect="NONE" class="REPORTING" polarity="POS" modality="" happen="" lowerBoundDuration="" upperBoundDuration="" />
      </events>
      <timexes>
        <timex tid="t5" text="two days" offset="6" length="2" type="DURATION" value="P2D" temporalFunction="false" />
      </timexes>
    </entry>
    <entry sid="31" file="9783732517695_003.txt">
      <sentence>`` Are you trying to tell me what to do for the child when you have the day off ?</sentence>
      <tokens>
        <t>" " """ ""</t>
        <t>"" "Are" " "</t>
        <t>" " "you" " "</t>
        <t>" " "trying" " "</t>
        <t>" " "to" " "</t>
        <t>" " "tell" " "</t>
        <t>" " "me" " "</t>
        <t>" " "what" " "</t>
        <t>" " "to" " "</t>
        <t>" " "do" " "</t>
        <t>" " "for" " "</t>
        <t>" " "the" " "</t>
        <t>" " "child" " "</t>
        <t>" " "when" " "</t>
        <t>" " "you" " "</t>
        <t>" " "have" " "</t>
        <t>" " "the" " "</t>
        <t>" " "day" " "</t>
        <t>" " "off" ""</t>
        <t>"" "?" " "</t>
      </tokens>
      <parse>(ROOT (S (`` ``) (VP (VBP Are) (NP (NP (PRP you)) (VP (VBG trying) (S (VP (TO to) (VP (VB tell) (NP (PRP me)))))) (SBAR (WHNP (WP what)) (S (VP (TO to) (VP (VB do) (PP (IN for) (NP (DT the) (NN child))) (SBAR (WHADVP (WRB when)) (S (NP (PRP you)) (VP (VBP have) (NP (DT the) (NN day)) (PP (RP off))))))))))) (. ?)))</parse>
      <deps>cop(you-3, Are-2)
root(ROOT-0, you-3)
nsubj(do-10, you-3)
partmod(you-3, trying-4)
aux(tell-6, to-5)
xcomp(trying-4, tell-6)
dobj(tell-6, me-7)
aux(do-10, to-9)
infmod(you-3, do-10)
rcmod(you-3, do-10)
det(child-13, the-12)
prep_for(do-10, child-13)
advmod(have-16, when-14)
nsubj(have-16, you-15)
advcl(do-10, have-16)
det(day-18, the-17)
tmod(have-16, day-18)
prep(have-16, off-19)</deps>
      <events>
        <event id="e48" eiid="ei48" offset="4" string="trying" tense="PRESPART" aspect="NONE" class="I_ACTION" polarity="POS" modality="" happen="" lowerBoundDuration="" upperBoundDuration="" />
        <event id="e49" eiid="ei49" offset="6" string="tell" tense="INFINITIVE" aspect="NONE" class="OCCURRENCE" polarity="POS" modality="" happen="" lowerBoundDuration="" upperBoundDuration="" />
        <event id="e50" eiid="ei50" offset="10" string="do" tense="INFINITIVE" aspect="NONE" class="OCCURRENCE" polarity="POS" modality="" happen="" lowerBoundDuration="" upperBoundDuration="" />
      </events>
      <timexes>
        <timex tid="t6" text="day" offset="18" length="1" type="DURATION" value="P1D" temporalFunction="false" />
      </timexes>
    </entry>
    <entry sid="32" file="9783732517695_003.txt">
      <sentence>I thought it right for Emily to stay in the room .</sentence>
      <tokens>
        <t>" " "I" " "</t>
        <t>" " "thought" " "</t>
        <t>" " "it" " "</t>
        <t>" " "right" " "</t>
        <t>" " "for" " "</t>
        <t>" " "Emily" " "</t>
        <t>" " "to" " "</t>
        <t>" " "stay" " "</t>
        <t>" " "in" " "</t>
        <t>" " "the" " "</t>
        <t>" " "room" ""</t>
        <t>"" "." " "</t>
      </tokens>
      <parse>(ROOT (S (NP (PRP I)) (VP (VBD thought) (S (NP (PRP it)) (ADJP (JJ right) (PP (IN for) (NP (NNP Emily)))) (S (VP (TO to) (VP (VB stay) (PP (IN in) (NP (DT the) (NN room)))))))) (. .)))</parse>
      <deps>nsubj(thought-2, I-1)
root(ROOT-0, thought-2)
nsubj(stay-8, it-3)
dep(stay-8, right-4)
prep_for(right-4, Emily-6)
aux(stay-8, to-7)
xcomp(thought-2, stay-8)
det(room-11, the-10)
prep_in(stay-8, room-11)</deps>
      <events>
        <event id="e51" eiid="ei51" offset="2" string="thought" tense="PAST" aspect="NONE" class="I_ACTION" polarity="POS" modality="" happen="" lowerBoundDuration="" upperBoundDuration="" />
        <event id="e52" eiid="ei52" offset="8" string="stay" tense="INFINITIVE" aspect="NONE" class="OCCURRENCE" polarity="POS" modality="" happen="" lowerBoundDuration="" upperBoundDuration="" />
      </events>
      <timexes />
    </entry>
    <entry sid="33" file="9783732517695_003.txt">
      <sentence>By the way , I do n't wish you to tell the child to-day about how much you turned out at Tralee , Miss Douglas .</sentence>
      <tokens>
        <t>" " "By" " "</t>
        <t>" " "the" " "</t>
        <t>" " "way" ""</t>
        <t>"" "," " "</t>
        <t>" " "I" " "</t>
        <t>" " "do" ""</t>
        <t>"" "n't" " "</t>
        <t>" " "wish" " "</t>
        <t>" " "you" " "</t>
        <t>" " "to" " "</t>
        <t>" " "tell" " "</t>
        <t>" " "the" " "</t>
        <t>" " "child" " "</t>
        <t>" " "to-day" " "</t>
        <t>" " "about" " "</t>
        <t>" " "how" " "</t>
        <t>" " "much" " "</t>
        <t>" " "you" " "</t>
        <t>" " "turned" " "</t>
        <t>" " "out" " "</t>
        <t>" " "at" " "</t>
        <t>" " "Tralee" ""</t>
        <t>"" "," " "</t>
        <t>" " "Miss" " "</t>
        <t>" " "Douglas" ""</t>
        <t>"" "." " "</t>
      </tokens>
      <parse>(ROOT (S (PP (IN By) (NP (DT the) (NN way))) (, ,) (NP (PRP I)) (VP (VBP do) (RB n't) (VP (VB wish) (S (NP (PRP you)) (VP (TO to) (VP (VB tell) (NP (DT the) (NN child) (NN to-day)) (PP (IN about) (SBAR (WHADJP (WRB how) (JJ much)) (S (NP (PRP you)) (VP (VBD turned) (PRT (RP out)) (PP (IN at) (NP (NP (NNP Tralee)) (, ,) (NP (NNP Miss) (NNP Douglas))))))))))))) (. .)))</parse>
      <deps>det(way-3, the-2)
prep_by(wish-8, way-3)
nsubj(wish-8, I-5)
aux(wish-8, do-6)
neg(wish-8, n't-7)
root(ROOT-0, wish-8)
nsubj(tell-11, you-9)
aux(tell-11, to-10)
xcomp(wish-8, tell-11)
det(to-day-14, the-12)
nn(to-day-14, child-13)
dobj(tell-11, to-day-14)
advmod(much-17, how-16)
dep(turned-19, much-17)
nsubj(turned-19, you-18)
prepc_about(tell-11, turned-19)
prt(turned-19, out-20)
prep_at(turned-19, Tralee-22)
nn(Douglas-25, Miss-24)
appos(Tralee-22, Douglas-25)</deps>
      <events>
        <event id="e53" eiid="ei53" offset="8" string="wish" tense="NONE" aspect="NONE" class="OCCURRENCE" polarity="POS" modality="" happen="" lowerBoundDuration="" upperBoundDuration="" />
        <event id="e54" eiid="ei54" offset="11" string="tell" tense="INFINITIVE" aspect="NONE" class="OCCURRENCE" polarity="POS" modality="" happen="" lowerBoundDuration="" upperBoundDuration="" />
        <event id="e55" eiid="ei55" offset="19" string="turned" tense="PAST" aspect="NONE" class="OCCURRENCE" polarity="POS" modality="" happen="" lowerBoundDuration="" upperBoundDuration="" />
      </events>
      <timexes />
    </entry>
    <entry sid="34" file="9783732517695_003.txt">
      <sentence>I would have forbidden you this frippery of getting yourself elected Rose of Tralee . ''</sentence>
      <tokens>
        <t>" " "I" " "</t>
        <t>" " "would" " "</t>
        <t>" " "have" " "</t>
        <t>" " "forbidden" " "</t>
        <t>" " "you" " "</t>
        <t>" " "this" " "</t>
        <t>" " "frippery" " "</t>
        <t>" " "of" " "</t>
        <t>" " "getting" " "</t>
        <t>" " "yourself" " "</t>
        <t>" " "elected" " "</t>
        <t>" " "Rose" " "</t>
        <t>" " "of" " "</t>
        <t>" " "Tralee" ""</t>
        <t>"" "." ""</t>
        <t>"" """ " "</t>
      </tokens>
      <parse>(ROOT (S (NP (PRP I)) (VP (MD would) (VP (VB have) (VP (VBN forbidden) (S (NP (PRP you)) (NP (NP (DT this) (NN frippery)) (PP (IN of) (S (VP (VBG getting) (SBAR (S (NP (PRP yourself)) (VP (VBD elected) (NP (NP (NNP Rose)) (PP (IN of) (NP (NNP Tralee))))))))))))))) (. .) ('' '')))</parse>
      <deps>nsubj(forbidden-4, I-1)
aux(forbidden-4, would-2)
aux(forbidden-4, have-3)
root(ROOT-0, forbidden-4)
nsubj(frippery-7, you-5)
det(frippery-7, this-6)
xcomp(forbidden-4, frippery-7)
prepc_of(frippery-7, getting-9)
nsubj(elected-11, yourself-10)
ccomp(getting-9, elected-11)
dobj(elected-11, Rose-12)
prep_of(Rose-12, Tralee-14)</deps>
      <events>
        <event id="e56" eiid="ei56" offset="4" string="forbidden" tense="NONE" aspect="PERFECTIVE" class="OCCURRENCE" polarity="POS" modality="" happen="" lowerBoundDuration="" upperBoundDuration="" />
        <event id="e57" eiid="ei57" offset="11" string="elected" tense="PAST" aspect="NONE" class="OCCURRENCE" polarity="POS" modality="" happen="" lowerBoundDuration="" upperBoundDuration="" />
      </events>
      <timexes />
    </entry>
    <entry sid="35" file="9783732517695_003.txt">
      <sentence>Stella was already at the door with Emily .</sentence>
      <tokens>
        <t>" " "Stella" " "</t>
        <t>" " "was" " "</t>
        <t>" " "already" " "</t>
        <t>" " "at" " "</t>
        <t>" " "the" " "</t>
        <t>" " "door" " "</t>
        <t>" " "with" " "</t>
        <t>" " "Emily" ""</t>
        <t>"" "." " "</t>
      </tokens>
      <parse>(ROOT (S (NP (NNP Stella)) (VP (VBD was) (ADVP (RB already)) (PP (IN at) (NP (NP (DT the) (NN door)) (PP (IN with) (NP (NNP Emily)))))) (. .)))</parse>
      <deps>nsubj(was-2, Stella-1)
root(ROOT-0, was-2)
advmod(was-2, already-3)
det(door-6, the-5)
prep_at(was-2, door-6)
prep_with(door-6, Emily-8)</deps>
      <events />
      <timexes />
    </entry>
    <entry sid="36" file="9783732517695_003.txt">
      <sentence>Her face reddened .</sentence>
      <tokens>
        <t>" " "Her" " "</t>
        <t>" " "face" " "</t>
        <t>" " "reddened" ""</t>
        <t>"" "." " "</t>
      </tokens>
      <parse>(ROOT (S (NP (PRP$ Her) (NN face)) (VP (VBZ reddened)) (. .)))</parse>
      <deps>poss(face-2, Her-1)
nsubj(reddened-3, face-2)
root(ROOT-0, reddened-3)</deps>
      <events>
        <event id="e58" eiid="ei58" offset="3" string="reddened" tense="PRESENT" aspect="NONE" class="OCCURRENCE" polarity="POS" modality="" happen="" lowerBoundDuration="" upperBoundDuration="" />
      </events>
      <timexes />
    </entry>
    <entry sid="37" file="9783732517695_003.txt">
      <sentence>`` No one can order me what to do or not do on my days off .</sentence>
      <tokens>
        <t>" " """ ""</t>
        <t>"" "No" " "</t>
        <t>" " "one" " "</t>
        <t>" " "can" " "</t>
        <t>" " "order" " "</t>
        <t>" " "me" " "</t>
        <t>" " "what" " "</t>
        <t>" " "to" " "</t>
        <t>" " "do" " "</t>
        <t>" " "or" " "</t>
        <t>" " "not" " "</t>
        <t>" " "do" " "</t>
        <t>" " "on" " "</t>
        <t>" " "my" " "</t>
        <t>" " "days" " "</t>
        <t>" " "off" ""</t>
        <t>"" "." " "</t>
      </tokens>
      <parse>(ROOT (S (`` ``) (NP (DT No) (NN one)) (VP (MD can) (VP (VB order) (NP (PRP me)) (SBAR (WHNP (WP what)) (S (VP (TO to) (VP (VP (VB do)) (CC or) (RB not) (VP (VB do) (PP (IN on) (NP (PRP$ my) (NNS days))) (ADVP (RB off))))))))) (. .)))</parse>
      <deps>det(one-3, No-2)
nsubj(order-5, one-3)
aux(order-5, can-4)
root(ROOT-0, order-5)
dobj(order-5, me-6)
nsubj(do-9, what-7)
aux(do-9, to-8)
xcomp(order-5, do-9)
xcomp(order-5, not-11)
conj_or(do-9, not-11)
neg(do-9, not-11)
dep(do-9, do-12)
poss(days-15, my-14)
prep_on(do-12, days-15)
advmod(do-12, off-16)</deps>
      <events>
        <event id="e59" eiid="ei59" offset="9" string="do" tense="INFINITIVE" aspect="NONE" class="OCCURRENCE" polarity="POS" modality="" happen="" lowerBoundDuration="" upperBoundDuration="" />
        <event id="e60" eiid="ei60" offset="12" string="do" tense="NONE" aspect="NONE" class="OCCURRENCE" polarity="POS" modality="" happen="" lowerBoundDuration="" upperBoundDuration="" />
      </events>
      <timexes>
        <timex tid="t7" text="days" offset="15" length="1" type="DURATION" value="PXD" temporalFunction="false" />
      </timexes>
    </entry>
    <entry sid="38" file="9783732517695_003.txt">
      <sentence>It was not my intention to be elected Rose of Tralee .</sentence>
      <tokens>
        <t>" " "It" " "</t>
        <t>" " "was" " "</t>
        <t>" " "not" " "</t>
        <t>" " "my" " "</t>
        <t>" " "intention" " "</t>
        <t>" " "to" " "</t>
        <t>" " "be" " "</t>
        <t>" " "elected" " "</t>
        <t>" " "Rose" " "</t>
        <t>" " "of" " "</t>
        <t>" " "Tralee" ""</t>
        <t>"" "." " "</t>
      </tokens>
      <parse>(ROOT (S (NP (PRP It)) (VP (VBD was) (RB not) (NP (PRP$ my) (NN intention) (S (VP (TO to) (VP (VB be) (VP (VBN elected) (NP (NP (NNP Rose)) (PP (IN of) (NP (NNP Tralee)))))))))) (. .)))</parse>
      <deps>nsubj(intention-5, It-1)
cop(intention-5, was-2)
neg(intention-5, not-3)
poss(intention-5, my-4)
root(ROOT-0, intention-5)
aux(elected-8, to-6)
auxpass(elected-8, be-7)
infmod(intention-5, elected-8)
dobj(elected-8, Rose-9)
prep_of(Rose-9, Tralee-11)</deps>
      <events />
      <timexes />
    </entry>
    <entry sid="39" file="9783732517695_003.txt">
      <sentence>And if you call an old world-famous custom of your homeland frippery , Duchess , then for once your son seems to disagree with you .</sentence>
      <tokens>
        <t>" " "And" " "</t>
        <t>" " "if" " "</t>
        <t>" " "you" " "</t>
        <t>" " "call" " "</t>
        <t>" " "an" " "</t>
        <t>" " "old" " "</t>
        <t>" " "world-famous" " "</t>
        <t>" " "custom" " "</t>
        <t>" " "of" " "</t>
        <t>" " "your" " "</t>
        <t>" " "homeland" " "</t>
        <t>" " "frippery" ""</t>
        <t>"" "," " "</t>
        <t>" " "Duchess" ""</t>
        <t>"" "," " "</t>
        <t>" " "then" " "</t>
        <t>" " "for" " "</t>
        <t>" " "once" " "</t>
        <t>" " "your" " "</t>
        <t>" " "son" " "</t>
        <t>" " "seems" " "</t>
        <t>" " "to" " "</t>
        <t>" " "disagree" " "</t>
        <t>" " "with" " "</t>
        <t>" " "you" ""</t>
        <t>"" "." " "</t>
      </tokens>
      <parse>(ROOT (S (CC And) (SBAR (IN if) (S (NP (PRP you)) (VP (VBP call) (NP (NP (DT an) (JJ old) (JJ world-famous) (NN custom)) (PP (IN of) (NP (PRP$ your) (NN homeland) (NN frippery))))))) (, ,) (NP (NP (NNP Duchess)) (, ,) (ADVP (RB then) (PP (IN for) (ADVP (RB once)))) (NP (PRP$ your) (NN son))) (VP (VBZ seems) (S (VP (TO to) (VP (VB disagree) (PP (IN with) (NP (PRP you))))))) (. .)))</parse>
      <deps>cc(seems-21, And-1)
mark(call-4, if-2)
nsubj(call-4, you-3)
advcl(seems-21, call-4)
det(custom-8, an-5)
amod(custom-8, old-6)
amod(custom-8, world-famous-7)
dobj(call-4, custom-8)
poss(frippery-12, your-10)
nn(frippery-12, homeland-11)
prep_of(custom-8, frippery-12)
nsubj(seems-21, Duchess-14)
xsubj(disagree-23, Duchess-14)
advmod(Duchess-14, then-16)
prep(then-16, for-17)
pcomp(for-17, once-18)
poss(son-20, your-19)
dep(Duchess-14, son-20)
root(ROOT-0, seems-21)
aux(disagree-23, to-22)
xcomp(seems-21, disagree-23)
prep_with(disagree-23, you-25)</deps>
      <events>
        <event id="e61" eiid="ei61" offset="4" string="call" tense="PRESENT" aspect="NONE" class="OCCURRENCE" polarity="POS" modality="" happen="" lowerBoundDuration="" upperBoundDuration="" />
        <event id="e62" eiid="ei62" offset="21" string="seems" tense="PRESENT" aspect="NONE" class="I_STATE" polarity="POS" modality="" happen="" lowerBoundDuration="" upperBoundDuration="" />
        <event id="e63" eiid="ei63" offset="23" string="disagree" tense="INFINITIVE" aspect="NONE" class="OCCURRENCE" polarity="POS" modality="" happen="" lowerBoundDuration="" upperBoundDuration="" />
      </events>
      <timexes>
        <timex tid="t8" text="once" offset="18" length="1" type="DATE" value="PAST_REF" temporalFunction="false" />
      </timexes>
    </entry>
    <entry sid="40" file="9783732517695_003.txt">
      <sentence>After all , he did participate in the feast . ''</sentence>
      <tokens>
        <t>" " "After" " "</t>
        <t>" " "all" ""</t>
        <t>"" "," " "</t>
        <t>" " "he" " "</t>
        <t>" " "did" " "</t>
        <t>" " "participate" " "</t>
        <t>" " "in" " "</t>
        <t>" " "the" " "</t>
        <t>" " "feast" ""</t>
        <t>"" "." ""</t>
        <t>"" """ " "</t>
      </tokens>
      <parse>(ROOT (S (PP (IN After) (NP (DT all))) (, ,) (NP (PRP he)) (VP (VBD did) (VP (VB participate) (PP (IN in) (NP (DT the) (NN feast))))) (. .) ('' '')))</parse>
      <deps>prep_after(participate-6, all-2)
nsubj(participate-6, he-4)
aux(participate-6, did-5)
root(ROOT-0, participate-6)
det(feast-9, the-8)
prep_in(participate-6, feast-9)</deps>
      <events>
        <event id="e64" eiid="ei64" offset="5" string="did" tense="PAST" aspect="NONE" class="I_ACTION" polarity="POS" modality="" happen="" lowerBoundDuration="" upperBoundDuration="" />
        <event id="e65" eiid="ei65" offset="6" string="participate" tense="NONE" aspect="NONE" class="OCCURRENCE" polarity="POS" modality="" happen="" lowerBoundDuration="" upperBoundDuration="" />
      </events>
      <timexes />
    </entry>
    <entry sid="41" file="9783732517695_003.txt">
      <sentence>Stella quickly left the room with Emily .</sentence>
      <tokens>
        <t>" " "Stella" " "</t>
        <t>" " "quickly" " "</t>
        <t>" " "left" " "</t>
        <t>" " "the" " "</t>
        <t>" " "room" " "</t>
        <t>" " "with" " "</t>
        <t>" " "Emily" ""</t>
        <t>"" "." ""</t>
      </tokens>
      <parse>(ROOT (S (NP (NNP Stella)) (ADVP (RB quickly)) (VP (VBD left) (NP (DT the) (NN room)) (PP (IN with) (NP (NNP Emily)))) (. .)))</parse>
      <deps>nsubj(left-3, Stella-1)
advmod(left-3, quickly-2)
root(ROOT-0, left-3)
det(room-5, the-4)
dobj(left-3, room-5)
prep_with(left-3, Emily-7)</deps>
      <events>
        <event id="e66" eiid="ei66" offset="3" string="left" tense="PAST" aspect="NONE" class="OCCURRENCE" polarity="POS" modality="" happen="" lowerBoundDuration="" upperBoundDuration="" />
      </events>
      <timexes />
    </entry>
    <tlink event1="ei1" event2="t1" relation="IS_INCLUDED" closed="false" origin="AdjacentVerbTimex" type="et" />
    <tlink event1="ei16" event2="t3" relation="IS_INCLUDED" closed="false" origin="AdjacentVerbTimex" type="et" />
    <tlink event1="ei46" event2="t5" relation="IS_INCLUDED" closed="false" origin="AdjacentVerbTimex" type="et" />
    <tlink event1="ei60" event2="t7" relation="IS_INCLUDED" closed="false" origin="AdjacentVerbTimex" type="et" />
    <tlink event1="ei12" event2="ei13" relation="AFTER" closed="false" origin="RepEventGovEvent" type="ee" />
    <tlink event1="ei5" event2="ei6" relation="BEFORE" closed="false" origin="ReichenbachDG13" type="ee" />
    <tlink event1="ei6" event2="ei8" relation="AFTER" closed="false" origin="ReichenbachDG13" type="ee" />
    <tlink event1="ei8" event2="ei10" relation="BEFORE" closed="false" origin="ReichenbachDG13" type="ee" />
    <tlink event1="ei10" event2="ei11" relation="AFTER" closed="false" origin="ReichenbachDG13" type="ee" />
    <tlink event1="ei20" event2="ei23" relation="AFTER" closed="false" origin="ReichenbachDG13" type="ee" />
    <tlink event1="ei55" event2="ei56" relation="BEFORE" closed="false" origin="ReichenbachDG13" type="ee" />
    <tlink event1="ei56" event2="ei57" relation="AFTER" closed="false" origin="ReichenbachDG13" type="ee" />
    <tlink event1="ei3" event2="ei4" relation="VAGUE" closed="false" origin="XCompDepSieve" type="ee" />
    <tlink event1="ei6" event2="ei7" relation="BEFORE" closed="false" origin="XCompDepSieve" type="ee" />
    <tlink event1="ei15" event2="ei16" relation="SIMULTANEOUS" closed="false" origin="XCompDepSieve" type="ee" />
    <tlink event1="ei17" event2="ei18" relation="VAGUE" closed="false" origin="XCompDepSieve" type="ee" />
    <tlink event1="ei20" event2="ei21" relation="BEFORE" closed="false" origin="XCompDepSieve" type="ee" />
    <tlink event1="ei28" event2="ei29" relation="BEFORE" closed="false" origin="XCompDepSieve" type="ee" />
    <tlink event1="ei31" event2="ei32" relation="BEFORE" closed="false" origin="XCompDepSieve" type="ee" />
    <tlink event1="ei34" event2="ei35" relation="BEFORE" closed="false" origin="XCompDepSieve" type="ee" />
    <tlink event1="ei40" event2="ei41" relation="BEFORE" closed="false" origin="XCompDepSieve" type="ee" />
    <tlink event1="ei42" event2="ei43" relation="SIMULTANEOUS" closed="false" origin="XCompDepSieve" type="ee" />
    <tlink event1="ei48" event2="ei49" relation="BEFORE" closed="false" origin="XCompDepSieve" type="ee" />
    <tlink event1="ei51" event2="ei52" relation="BEFORE" closed="false" origin="XCompDepSieve" type="ee" />
    <tlink event1="ei53" event2="ei54" relation="BEFORE" closed="false" origin="XCompDepSieve" type="ee" />
    <tlink event1="ei62" event2="ei63" relation="BEFORE" closed="false" origin="XCompDepSieve" type="ee" />
    <tlink event1="t3" event2="ei15" relation="INCLUDES" closed="true" origin="XCompDepSieve" type="et" />
    <tlink event1="ei5" event2="ei7" relation="BEFORE" closed="true" origin="XCompDepSieve" type="ee" />
    <tlink event1="ei8" event2="ei7" relation="BEFORE" closed="true" origin="XCompDepSieve" type="ee" />
    <tlink event1="ei23" event2="ei21" relation="BEFORE" closed="true" origin="XCompDepSieve" type="ee" />
    <tlink event1="ei47" event2="ei49" relation="VAGUE" closed="false" origin="WordNet209" type="ee" />
    <tlink event1="ei59" event2="ei60" relation="VAGUE" closed="false" origin="WordNet209" type="ee" />
    <tlink event1="ei6" event2="t2" relation="VAGUE" closed="false" origin="MLEventTimeSameSent" type="et" />
    <tlink event1="ei7" event2="t2" relation="VAGUE" closed="false" origin="MLEventTimeSameSent" type="et" />
    <tlink event1="ei37" event2="t4" relation="VAGUE" closed="false" origin="MLEventTimeSameSent" type="et" />
    <tlink event1="ei38" event2="t4" relation="BEFORE" closed="false" origin="MLEventTimeSameSent" type="et" />
    <tlink event1="ei47" event2="t5" relation="AFTER" closed="false" origin="MLEventTimeSameSent" type="et" />
    <tlink event1="ei48" event2="t6" relation="VAGUE" closed="false" origin="MLEventTimeSameSent" type="et" />
    <tlink event1="ei49" event2="t6" relation="VAGUE" closed="false" origin="MLEventTimeSameSent" type="et" />
    <tlink event1="ei50" event2="t6" relation="AFTER" closed="false" origin="MLEventTimeSameSent" type="et" />
    <tlink event1="ei59" event2="t7" relation="VAGUE" closed="false" origin="MLEventTimeSameSent" type="et" />
    <tlink event1="ei61" event2="t8" relation="IS_INCLUDED" closed="false" origin="MLEventTimeSameSent" type="et" />
    <tlink event1="ei62" event2="t8" relation="VAGUE" closed="false" origin="MLEventTimeSameSent" type="et" />
    <tlink event1="ei63" event2="t8" relation="VAGUE" closed="false" origin="MLEventTimeSameSent" type="et" />
    <tlink event1="ei46" event2="ei47" relation="BEFORE" closed="true" origin="MLEventTimeSameSent" type="ee" />
    <tlink event1="ei20" event2="ei22" relation="VAGUE" closed="false" origin="MLEventEventDominates" type="ee" />
    <tlink event1="ei21" event2="ei22" relation="VAGUE" closed="false" origin="MLEventEventDominates" type="ee" />
    <tlink event1="ei25" event2="ei26" relation="VAGUE" closed="false" origin="MLEventEventDominates" type="ee" />
    <tlink event1="ei53" event2="ei55" relation="VAGUE" closed="false" origin="MLEventEventDominates" type="ee" />
    <tlink event1="ei54" event2="ei55" relation="AFTER" closed="false" origin="MLEventEventDominates" type="ee" />
    <tlink event1="ei64" event2="ei65" relation="VAGUE" closed="false" origin="MLEventEventDominates" type="ee" />
    <tlink event1="ei9" event2="ei10" relation="VAGUE" closed="false" origin="MLEventEventSameSent" type="ee" />
    <tlink event1="ei30" event2="ei31" relation="VAGUE" closed="false" origin="MLEventEventSameSent" type="ee" />
    <tlink event1="ei30" event2="ei32" relation="BEFORE" closed="false" origin="MLEventEventSameSent" type="ee" />
    <tlink event1="ei33" event2="ei34" relation="VAGUE" closed="false" origin="MLEventEventSameSent" type="ee" />
    <tlink event1="ei33" event2="ei35" relation="BEFORE" closed="false" origin="MLEventEventSameSent" type="ee" />
    <tlink event1="ei37" event2="ei38" relation="VAGUE" closed="false" origin="MLEventEventSameSent" type="ee" />
    <tlink event1="ei48" event2="ei50" relation="VAGUE" closed="false" origin="MLEventEventSameSent" type="ee" />
    <tlink event1="ei49" event2="ei50" relation="BEFORE" closed="false" origin="MLEventEventSameSent" type="ee" />
    <tlink event1="ei61" event2="ei62" relation="VAGUE" closed="false" origin="MLEventEventSameSent" type="ee" />
    <tlink event1="ei61" event2="ei63" relation="BEFORE" closed="false" origin="MLEventEventSameSent" type="ee" />
    <tlink event1="ei1" event2="ei2" relation="VAGUE" closed="false" origin="AllVagueSieve" type="ee" />
    <tlink event1="t1" event2="ei2" relation="VAGUE" closed="false" origin="AllVagueSieve" type="et" />
    <tlink event1="ei2" event2="ei3" relation="VAGUE" closed="false" origin="AllVagueSieve" type="ee" />
    <tlink event1="ei2" event2="ei4" relation="VAGUE" closed="false" origin="AllVagueSieve" type="ee" />
    <tlink event1="ei3" event2="ei5" relation="VAGUE" closed="false" origin="AllVagueSieve" type="ee" />
    <tlink event1="ei4" event2="ei5" relation="VAGUE" closed="false" origin="AllVagueSieve" type="ee" />
    <tlink event1="ei5" event2="t2" relation="VAGUE" closed="false" origin="AllVagueSieve" type="et" />
    <tlink event1="t2" event2="ei8" relation="VAGUE" closed="false" origin="AllVagueSieve" type="et" />
    <tlink event1="ei8" event2="ei9" relation="VAGUE" closed="false" origin="AllVagueSieve" type="ee" />
    <tlink event1="ei9" event2="ei11" relation="VAGUE" closed="false" origin="AllVagueSieve" type="ee" />
    <tlink event1="ei11" event2="ei12" relation="VAGUE" closed="false" origin="AllVagueSieve" type="ee" />
    <tlink event1="ei11" event2="ei13" relation="VAGUE" closed="false" origin="AllVagueSieve" type="ee" />
    <tlink event1="ei12" event2="ei14" relation="VAGUE" closed="false" origin="AllVagueSieve" type="ee" />
    <tlink event1="ei13" event2="ei14" relation="VAGUE" closed="false" origin="AllVagueSieve" type="ee" />
    <tlink event1="ei14" event2="ei15" relation="VAGUE" closed="false" origin="AllVagueSieve" type="ee" />
    <tlink event1="ei14" event2="ei16" relation="VAGUE" closed="false" origin="AllVagueSieve" type="ee" />
    <tlink event1="ei14" event2="t3" relation="VAGUE" closed="false" origin="AllVagueSieve" type="et" />
    <tlink event1="ei15" event2="ei17" relation="VAGUE" closed="false" origin="AllVagueSieve" type="ee" />
    <tlink event1="ei15" event2="ei18" relation="VAGUE" closed="false" origin="AllVagueSieve" type="ee" />
    <tlink event1="ei16" event2="ei17" relation="VAGUE" closed="false" origin="AllVagueSieve" type="ee" />
    <tlink event1="ei16" event2="ei18" relation="VAGUE" closed="false" origin="AllVagueSieve" type="ee" />
    <tlink event1="t3" event2="ei17" relation="VAGUE" closed="false" origin="AllVagueSieve" type="et" />
    <tlink event1="t3" event2="ei18" relation="VAGUE" closed="false" origin="AllVagueSieve" type="et" />
    <tlink event1="ei17" event2="ei19" relation="VAGUE" closed="false" origin="AllVagueSieve" type="ee" />
    <tlink event1="ei18" event2="ei19" relation="VAGUE" closed="false" origin="AllVagueSieve" type="ee" />
    <tlink event1="ei19" event2="ei20" relation="VAGUE" closed="false" origin="AllVagueSieve" type="ee" />
    <tlink event1="ei19" event2="ei21" relation="VAGUE" closed="false" origin="AllVagueSieve" type="ee" />
    <tlink event1="ei19" event2="ei22" relation="VAGUE" closed="false" origin="AllVagueSieve" type="ee" />
    <tlink event1="ei22" event2="ei23" relation="VAGUE" closed="false" origin="AllVagueSieve" type="ee" />
    <tlink event1="ei24" event2="ei25" relation="VAGUE" closed="false" origin="AllVagueSieve" type="ee" />
    <tlink event1="ei24" event2="ei26" relation="VAGUE" closed="false" origin="AllVagueSieve" type="ee" />
    <tlink event1="ei25" event2="ei27" relation="VAGUE" closed="false" origin="AllVagueSieve" type="ee" />
    <tlink event1="ei26" event2="ei27" relation="VAGUE" closed="false" origin="AllVagueSieve" type="ee" />
    <tlink event1="ei27" event2="ei28" relation="VAGUE" closed="false" origin="AllVagueSieve" type="ee" />
    <tlink event1="ei27" event2="ei29" relation="VAGUE" closed="false" origin="AllVagueSieve" type="ee" />
    <tlink event1="ei30" event2="ei33" relation="VAGUE" closed="false" origin="AllVagueSieve" type="ee" />
    <tlink event1="ei30" event2="ei34" relation="VAGUE" closed="false" origin="AllVagueSieve" type="ee" />
    <tlink event1="ei30" event2="ei35" relation="VAGUE" closed="false" origin="AllVagueSieve" type="ee" />
    <tlink event1="ei31" event2="ei33" relation="VAGUE" closed="false" origin="AllVagueSieve" type="ee" />
    <tlink event1="ei31" event2="ei34" relation="VAGUE" closed="false" origin="AllVagueSieve" type="ee" />
    <tlink event1="ei31" event2="ei35" relation="VAGUE" closed="false" origin="AllVagueSieve" type="ee" />
    <tlink event1="ei32" event2="ei33" relation="VAGUE" closed="false" origin="AllVagueSieve" type="ee" />
    <tlink event1="ei32" event2="ei34" relation="VAGUE" closed="false" origin="AllVagueSieve" type="ee" />
    <tlink event1="ei32" event2="ei35" relation="VAGUE" closed="false" origin="AllVagueSieve" type="ee" />
    <tlink event1="ei33" event2="ei36" relation="VAGUE" closed="false" origin="AllVagueSieve" type="ee" />
    <tlink event1="ei34" event2="ei36" relation="VAGUE" closed="false" origin="AllVagueSieve" type="ee" />
    <tlink event1="ei35" event2="ei36" relation="VAGUE" closed="false" origin="AllVagueSieve" type="ee" />
    <tlink event1="ei36" event2="ei37" relation="VAGUE" closed="false" origin="AllVagueSieve" type="ee" />
    <tlink event1="ei36" event2="ei38" relation="VAGUE" closed="false" origin="AllVagueSieve" type="ee" />
    <tlink event1="ei36" event2="t4" relation="VAGUE" closed="false" origin="AllVagueSieve" type="et" />
    <tlink event1="ei37" event2="ei39" relation="VAGUE" closed="false" origin="AllVagueSieve" type="ee" />
    <tlink event1="ei38" event2="ei39" relation="VAGUE" closed="false" origin="AllVagueSieve" type="ee" />
    <tlink event1="t4" event2="ei39" relation="VAGUE" closed="false" origin="AllVagueSieve" type="et" />
    <tlink event1="ei39" event2="ei40" relation="VAGUE" closed="false" origin="AllVagueSieve" type="ee" />
    <tlink event1="ei39" event2="ei41" relation="VAGUE" closed="false" origin="AllVagueSieve" type="ee" />
    <tlink event1="ei40" event2="ei42" relation="VAGUE" closed="false" origin="AllVagueSieve" type="ee" />
    <tlink event1="ei40" event2="ei43" relation="VAGUE" closed="false" origin="AllVagueSieve" type="ee" />
    <tlink event1="ei41" event2="ei42" relation="VAGUE" closed="false" origin="AllVagueSieve" type="ee" />
    <tlink event1="ei41" event2="ei43" relation="VAGUE" closed="false" origin="AllVagueSieve" type="ee" />
    <tlink event1="ei42" event2="ei44" relation="VAGUE" closed="false" origin="AllVagueSieve" type="ee" />
    <tlink event1="ei43" event2="ei44" relation="VAGUE" closed="false" origin="AllVagueSieve" type="ee" />
    <tlink event1="ei44" event2="ei45" relation="VAGUE" closed="false" origin="AllVagueSieve" type="ee" />
    <tlink event1="ei45" event2="ei46" relation="VAGUE" closed="false" origin="AllVagueSieve" type="ee" />
    <tlink event1="ei45" event2="ei47" relation="VAGUE" closed="false" origin="AllVagueSieve" type="ee" />
    <tlink event1="ei45" event2="t5" relation="VAGUE" closed="false" origin="AllVagueSieve" type="et" />
    <tlink event1="ei46" event2="ei48" relation="VAGUE" closed="false" origin="AllVagueSieve" type="ee" />
    <tlink event1="ei46" event2="ei49" relation="VAGUE" closed="false" origin="AllVagueSieve" type="ee" />
    <tlink event1="ei46" event2="ei50" relation="VAGUE" closed="false" origin="AllVagueSieve" type="ee" />
    <tlink event1="ei46" event2="t6" relation="VAGUE" closed="false" origin="AllVagueSieve" type="et" />
    <tlink event1="ei47" event2="ei48" relation="VAGUE" closed="false" origin="AllVagueSieve" type="ee" />
    <tlink event1="ei47" event2="ei50" relation="VAGUE" closed="false" origin="AllVagueSieve" type="ee" />
    <tlink event1="ei47" event2="t6" relation="VAGUE" closed="false" origin="AllVagueSieve" type="et" />
    <tlink event1="t5" event2="t6" relation="VAGUE" closed="false" origin="AllVagueSieve" type="tt" />
    <tlink event1="t5" event2="ei48" relation="VAGUE" closed="false" origin="AllVagueSieve" type="et" />
    <tlink event1="t5" event2="ei49" relation="VAGUE" closed="false" origin="AllVagueSieve" type="et" />
    <tlink event1="t5" event2="ei50" relation="VAGUE" closed="false" origin="AllVagueSieve" type="et" />
    <tlink event1="ei48" event2="ei51" relation="VAGUE" closed="false" origin="AllVagueSieve" type="ee" />
    <tlink event1="ei48" event2="ei52" relation="VAGUE" closed="false" origin="AllVagueSieve" type="ee" />
    <tlink event1="ei49" event2="ei51" relation="VAGUE" closed="false" origin="AllVagueSieve" type="ee" />
    <tlink event1="ei49" event2="ei52" relation="VAGUE" closed="false" origin="AllVagueSieve" type="ee" />
    <tlink event1="ei50" event2="ei51" relation="VAGUE" closed="false" origin="AllVagueSieve" type="ee" />
    <tlink event1="ei50" event2="ei52" relation="VAGUE" closed="false" origin="AllVagueSieve" type="ee" />
    <tlink event1="t6" event2="ei51" relation="VAGUE" closed="false" origin="AllVagueSieve" type="et" />
    <tlink event1="t6" event2="ei52" relation="VAGUE" closed="false" origin="AllVagueSieve" type="et" />
    <tlink event1="ei51" event2="ei53" relation="VAGUE" closed="false" origin="AllVagueSieve" type="ee" />
    <tlink event1="ei51" event2="ei54" relation="VAGUE" closed="false" origin="AllVagueSieve" type="ee" />
    <tlink event1="ei51" event2="ei55" relation="VAGUE" closed="false" origin="AllVagueSieve" type="ee" />
    <tlink event1="ei52" event2="ei53" relation="VAGUE" closed="false" origin="AllVagueSieve" type="ee" />
    <tlink event1="ei52" event2="ei54" relation="VAGUE" closed="false" origin="AllVagueSieve" type="ee" />
    <tlink event1="ei52" event2="ei55" relation="VAGUE" closed="false" origin="AllVagueSieve" type="ee" />
    <tlink event1="ei53" event2="ei56" relation="VAGUE" closed="false" origin="AllVagueSieve" type="ee" />
    <tlink event1="ei53" event2="ei57" relation="VAGUE" closed="false" origin="AllVagueSieve" type="ee" />
    <tlink event1="ei54" event2="ei56" relation="VAGUE" closed="false" origin="AllVagueSieve" type="ee" />
    <tlink event1="ei54" event2="ei57" relation="VAGUE" closed="false" origin="AllVagueSieve" type="ee" />
    <tlink event1="ei55" event2="ei57" relation="VAGUE" closed="false" origin="AllVagueSieve" type="ee" />
    <tlink event1="ei58" event2="ei59" relation="VAGUE" closed="false" origin="AllVagueSieve" type="ee" />
    <tlink event1="ei58" event2="ei60" relation="VAGUE" closed="false" origin="AllVagueSieve" type="ee" />
    <tlink event1="ei58" event2="t7" relation="VAGUE" closed="false" origin="AllVagueSieve" type="et" />
    <tlink event1="ei61" event2="ei64" relation="VAGUE" closed="false" origin="AllVagueSieve" type="ee" />
    <tlink event1="ei61" event2="ei65" relation="VAGUE" closed="false" origin="AllVagueSieve" type="ee" />
    <tlink event1="ei62" event2="ei64" relation="VAGUE" closed="false" origin="AllVagueSieve" type="ee" />
    <tlink event1="ei62" event2="ei65" relation="VAGUE" closed="false" origin="AllVagueSieve" type="ee" />
    <tlink event1="ei63" event2="ei64" relation="VAGUE" closed="false" origin="AllVagueSieve" type="ee" />
    <tlink event1="ei63" event2="ei65" relation="VAGUE" closed="false" origin="AllVagueSieve" type="ee" />
    <tlink event1="t8" event2="ei64" relation="VAGUE" closed="false" origin="AllVagueSieve" type="et" />
    <tlink event1="t8" event2="ei65" relation="VAGUE" closed="false" origin="AllVagueSieve" type="et" />
    <tlink event1="ei64" event2="ei66" relation="VAGUE" closed="false" origin="AllVagueSieve" type="ee" />
    <tlink event1="ei65" event2="ei66" relation="VAGUE" closed="false" origin="AllVagueSieve" type="ee" />
  </file>
</root>

