<?xml version="1.0" encoding="UTF-8"?>
<root xmlns="http://chambers.com/corpusinfo">
  <file name="9783732517695_052.txt">
    <entry sid="0" file="9783732517695_052.txt">
      <sentence>In the castle , the servants once again put their heads together .</sentence>
      <tokens>
        <t>"" "In" " "</t>
        <t>" " "the" " "</t>
        <t>" " "castle" ""</t>
        <t>"" "," " "</t>
        <t>" " "the" " "</t>
        <t>" " "servants" " "</t>
        <t>" " "once" " "</t>
        <t>" " "again" " "</t>
        <t>" " "put" " "</t>
        <t>" " "their" " "</t>
        <t>" " "heads" " "</t>
        <t>" " "together" ""</t>
        <t>"" "." " "</t>
      </tokens>
      <parse>(ROOT (S (PP (IN In) (NP (DT the) (NN castle))) (, ,) (NP (DT the) (NNS servants)) (ADVP (RB once) (RB again)) (VP (VBD put) (NP (PRP$ their) (NNS heads)) (ADVP (RB together))) (. .)))</parse>
      <deps>det(castle-3, the-2)
prep_in(put-9, castle-3)
det(servants-6, the-5)
nsubj(put-9, servants-6)
advmod(again-8, once-7)
advmod(put-9, again-8)
root(ROOT-0, put-9)
poss(heads-11, their-10)
dobj(put-9, heads-11)
advmod(put-9, together-12)</deps>
      <events>
        <event id="e1" eiid="ei1" offset="9" string="put" tense="PAST" aspect="NONE" class="OCCURRENCE" polarity="POS" modality="" happen="" lowerBoundDuration="" upperBoundDuration="" />
      </events>
      <timexes>
        <timex tid="t1" text="once" offset="7" length="1" type="DATE" value="PAST_REF" temporalFunction="false" />
      </timexes>
    </entry>
    <entry sid="1" file="9783732517695_052.txt">
      <sentence>They had noticed that Duchess Alice 's influence on her husband was beginning to wane .</sentence>
      <tokens>
        <t>" " "They" " "</t>
        <t>" " "had" " "</t>
        <t>" " "noticed" " "</t>
        <t>" " "that" " "</t>
        <t>" " "Duchess" " "</t>
        <t>" " "Alice" ""</t>
        <t>"" "'s" " "</t>
        <t>" " "influence" " "</t>
        <t>" " "on" " "</t>
        <t>" " "her" " "</t>
        <t>" " "husband" " "</t>
        <t>" " "was" " "</t>
        <t>" " "beginning" " "</t>
        <t>" " "to" " "</t>
        <t>" " "wane" ""</t>
        <t>"" "." " "</t>
      </tokens>
      <parse>(ROOT (S (NP (PRP They)) (VP (VBD had) (VP (VBN noticed) (SBAR (IN that) (S (NP (NP (NP (NNP Duchess) (NNP Alice) (POS 's)) (NN influence)) (PP (IN on) (NP (PRP$ her) (NN husband)))) (VP (VBD was) (VP (VBG beginning) (S (VP (TO to) (VP (VB wane)))))))))) (. .)))</parse>
      <deps>nsubj(noticed-3, They-1)
aux(noticed-3, had-2)
root(ROOT-0, noticed-3)
mark(beginning-13, that-4)
nn(Alice-6, Duchess-5)
poss(influence-8, Alice-6)
nsubj(beginning-13, influence-8)
xsubj(wane-15, influence-8)
poss(husband-11, her-10)
prep_on(influence-8, husband-11)
aux(beginning-13, was-12)
ccomp(noticed-3, beginning-13)
aux(wane-15, to-14)
xcomp(beginning-13, wane-15)</deps>
      <events>
        <event id="e2" eiid="ei2" offset="3" string="noticed" tense="PAST" aspect="PERFECTIVE" class="I_ACTION" polarity="POS" modality="" happen="" lowerBoundDuration="" upperBoundDuration="" />
        <event id="e3" eiid="ei3" offset="13" string="beginning" tense="PAST" aspect="PROGRESSIVE" class="OCCURRENCE" polarity="POS" modality="" happen="" lowerBoundDuration="" upperBoundDuration="" />
        <event id="e4" eiid="ei4" offset="15" string="wane" tense="INFINITIVE" aspect="NONE" class="OCCURRENCE" polarity="POS" modality="" happen="" lowerBoundDuration="" upperBoundDuration="" />
      </events>
      <timexes />
    </entry>
    <entry sid="2" file="9783732517695_052.txt">
      <sentence>She herself noticed it best of all .</sentence>
      <tokens>
        <t>" " "She" " "</t>
        <t>" " "herself" " "</t>
        <t>" " "noticed" " "</t>
        <t>" " "it" " "</t>
        <t>" " "best" " "</t>
        <t>" " "of" " "</t>
        <t>" " "all" ""</t>
        <t>"" "." " "</t>
      </tokens>
      <parse>(ROOT (S (NP (PRP She)) (NP (PRP herself)) (VP (VBD noticed) (S (NP (PRP it)) (NP (NP (JJS best)) (PP (IN of) (NP (DT all)))))) (. .)))</parse>
      <deps>nsubj(noticed-3, She-1)
nsubj(noticed-3, herself-2)
root(ROOT-0, noticed-3)
nsubj(best-5, it-4)
xcomp(noticed-3, best-5)
prep_of(best-5, all-7)</deps>
      <events>
        <event id="e5" eiid="ei5" offset="3" string="noticed" tense="PAST" aspect="NONE" class="OCCURRENCE" polarity="POS" modality="" happen="" lowerBoundDuration="" upperBoundDuration="" />
      </events>
      <timexes />
    </entry>
    <entry sid="3" file="9783732517695_052.txt">
      <sentence>And she knew that she had to act immediately if she did not want to be pushed off her throne .</sentence>
      <tokens>
        <t>" " "And" " "</t>
        <t>" " "she" " "</t>
        <t>" " "knew" " "</t>
        <t>" " "that" " "</t>
        <t>" " "she" " "</t>
        <t>" " "had" " "</t>
        <t>" " "to" " "</t>
        <t>" " "act" " "</t>
        <t>" " "immediately" " "</t>
        <t>" " "if" " "</t>
        <t>" " "she" " "</t>
        <t>" " "did" " "</t>
        <t>" " "not" " "</t>
        <t>" " "want" " "</t>
        <t>" " "to" " "</t>
        <t>" " "be" " "</t>
        <t>" " "pushed" " "</t>
        <t>" " "off" " "</t>
        <t>" " "her" " "</t>
        <t>" " "throne" ""</t>
        <t>"" "." " "</t>
      </tokens>
      <parse>(ROOT (S (CC And) (NP (PRP she)) (VP (VBD knew) (SBAR (IN that) (S (NP (PRP she)) (VP (VBD had) (S (VP (TO to) (VP (VB act) (ADVP (RB immediately)) (SBAR (IN if) (S (NP (PRP she)) (VP (VBD did) (RB not) (VP (VB want) (S (VP (TO to) (VP (VB be) (VP (VBN pushed) (PRT (RP off)) (NP (PRP$ her) (NN throne))))))))))))))))) (. .)))</parse>
      <deps>cc(knew-3, And-1)
nsubj(knew-3, she-2)
root(ROOT-0, knew-3)
mark(had-6, that-4)
nsubj(had-6, she-5)
xsubj(act-8, she-5)
ccomp(knew-3, had-6)
aux(act-8, to-7)
xcomp(had-6, act-8)
advmod(act-8, immediately-9)
mark(want-14, if-10)
nsubj(want-14, she-11)
xsubj(pushed-17, she-11)
aux(want-14, did-12)
neg(want-14, not-13)
advcl(act-8, want-14)
aux(pushed-17, to-15)
auxpass(pushed-17, be-16)
xcomp(want-14, pushed-17)
prt(pushed-17, off-18)
poss(throne-20, her-19)
dobj(pushed-17, throne-20)</deps>
      <events>
        <event id="e6" eiid="ei6" offset="3" string="knew" tense="PAST" aspect="NONE" class="I_ACTION" polarity="POS" modality="" happen="" lowerBoundDuration="" upperBoundDuration="" />
        <event id="e7" eiid="ei7" offset="6" string="had" tense="PAST" aspect="NONE" class="I_ACTION" polarity="POS" modality="" happen="" lowerBoundDuration="" upperBoundDuration="" />
        <event id="e8" eiid="ei8" offset="8" string="act" tense="INFINITIVE" aspect="NONE" class="OCCURRENCE" polarity="POS" modality="" happen="" lowerBoundDuration="" upperBoundDuration="" />
        <event id="e9" eiid="ei9" offset="14" string="want" tense="PAST" aspect="NONE" class="I_STATE" polarity="POS" modality="" happen="" lowerBoundDuration="" upperBoundDuration="" />
        <event id="e10" eiid="ei10" offset="17" string="pushed" tense="INFINITIVE" aspect="NONE" class="OCCURRENCE" polarity="POS" modality="" happen="" lowerBoundDuration="" upperBoundDuration="" />
      </events>
      <timexes />
    </entry>
    <entry sid="4" file="9783732517695_052.txt">
      <sentence>Her husband and Duke Patrick had become closer again .</sentence>
      <tokens>
        <t>" " "Her" " "</t>
        <t>" " "husband" " "</t>
        <t>" " "and" " "</t>
        <t>" " "Duke" " "</t>
        <t>" " "Patrick" " "</t>
        <t>" " "had" " "</t>
        <t>" " "become" " "</t>
        <t>" " "closer" " "</t>
        <t>" " "again" ""</t>
        <t>"" "." " "</t>
      </tokens>
      <parse>(ROOT (S (NP (NP (PRP$ Her) (NN husband)) (CC and) (NP (NNP Duke) (NNP Patrick))) (VP (VBD had) (VP (VBN become) (ADVP (RBR closer) (RB again)))) (. .)))</parse>
      <deps>poss(husband-2, Her-1)
nsubj(become-7, husband-2)
nn(Patrick-5, Duke-4)
conj_and(husband-2, Patrick-5)
nsubj(become-7, Patrick-5)
aux(become-7, had-6)
root(ROOT-0, become-7)
advmod(again-9, closer-8)
advmod(become-7, again-9)</deps>
      <events>
        <event id="e11" eiid="ei11" offset="7" string="become" tense="PAST" aspect="PERFECTIVE" class="OCCURRENCE" polarity="POS" modality="" happen="" lowerBoundDuration="" upperBoundDuration="" />
      </events>
      <timexes />
    </entry>
    <entry sid="5" file="9783732517695_052.txt">
      <sentence>Robert was mainly to blame for this .</sentence>
      <tokens>
        <t>" " "Robert" " "</t>
        <t>" " "was" " "</t>
        <t>" " "mainly" " "</t>
        <t>" " "to" " "</t>
        <t>" " "blame" " "</t>
        <t>" " "for" " "</t>
        <t>" " "this" ""</t>
        <t>"" "." " "</t>
      </tokens>
      <parse>(ROOT (S (NP (NNP Robert)) (VP (VBD was) (ADVP (RB mainly)) (S (VP (TO to) (VP (VB blame) (PP (IN for) (NP (DT this))))))) (. .)))</parse>
      <deps>nsubj(was-2, Robert-1)
xsubj(blame-5, Robert-1)
root(ROOT-0, was-2)
advmod(was-2, mainly-3)
aux(blame-5, to-4)
xcomp(was-2, blame-5)
prep_for(blame-5, this-7)</deps>
      <events>
        <event id="e12" eiid="ei12" offset="5" string="blame" tense="INFINITIVE" aspect="NONE" class="OCCURRENCE" polarity="POS" modality="" happen="" lowerBoundDuration="" upperBoundDuration="" />
      </events>
      <timexes />
    </entry>
    <entry sid="6" file="9783732517695_052.txt">
      <sentence>Duchess Alice could not understand him .</sentence>
      <tokens>
        <t>" " "Duchess" " "</t>
        <t>" " "Alice" " "</t>
        <t>" " "could" " "</t>
        <t>" " "not" " "</t>
        <t>" " "understand" " "</t>
        <t>" " "him" ""</t>
        <t>"" "." " "</t>
      </tokens>
      <parse>(ROOT (S (NP (NNP Duchess) (NNP Alice)) (VP (MD could) (RB not) (VP (VB understand) (NP (PRP him)))) (. .)))</parse>
      <deps>nn(Alice-2, Duchess-1)
nsubj(understand-5, Alice-2)
aux(understand-5, could-3)
neg(understand-5, not-4)
root(ROOT-0, understand-5)
dobj(understand-5, him-6)</deps>
      <events>
        <event id="e13" eiid="ei13" offset="5" string="understand" tense="NONE" aspect="NONE" class="OCCURRENCE" polarity="POS" modality="" happen="" lowerBoundDuration="" upperBoundDuration="" />
      </events>
      <timexes />
    </entry>
    <entry sid="7" file="9783732517695_052.txt">
      <sentence>And she was angry that he had simply left .</sentence>
      <tokens>
        <t>" " "And" " "</t>
        <t>" " "she" " "</t>
        <t>" " "was" " "</t>
        <t>" " "angry" " "</t>
        <t>" " "that" " "</t>
        <t>" " "he" " "</t>
        <t>" " "had" " "</t>
        <t>" " "simply" " "</t>
        <t>" " "left" ""</t>
        <t>"" "." " "</t>
      </tokens>
      <parse>(ROOT (S (CC And) (NP (PRP she)) (VP (VBD was) (ADJP (JJ angry)) (SBAR (IN that) (S (NP (PRP he)) (VP (VBD had) (ADVP (RB simply)) (VP (VBN left)))))) (. .)))</parse>
      <deps>cc(angry-4, And-1)
nsubj(angry-4, she-2)
cop(angry-4, was-3)
root(ROOT-0, angry-4)
mark(left-9, that-5)
nsubj(left-9, he-6)
aux(left-9, had-7)
advmod(left-9, simply-8)
ccomp(angry-4, left-9)</deps>
      <events>
        <event id="e14" eiid="ei14" offset="4" string="angry" tense="PAST" aspect="NONE" class="STATE" polarity="POS" modality="" happen="" lowerBoundDuration="" upperBoundDuration="" />
        <event id="e15" eiid="ei15" offset="9" string="left" tense="PAST" aspect="NONE" class="OCCURRENCE" polarity="POS" modality="" happen="" lowerBoundDuration="" upperBoundDuration="" />
      </events>
      <timexes />
    </entry>
    <entry sid="8" file="9783732517695_052.txt">
      <sentence>For hours she sat on the phone and called all those places he used to visit .</sentence>
      <tokens>
        <t>" " "For" " "</t>
        <t>" " "hours" " "</t>
        <t>" " "she" " "</t>
        <t>" " "sat" " "</t>
        <t>" " "on" " "</t>
        <t>" " "the" " "</t>
        <t>" " "phone" " "</t>
        <t>" " "and" " "</t>
        <t>" " "called" " "</t>
        <t>" " "all" " "</t>
        <t>" " "those" " "</t>
        <t>" " "places" " "</t>
        <t>" " "he" " "</t>
        <t>" " "used" " "</t>
        <t>" " "to" " "</t>
        <t>" " "visit" ""</t>
        <t>"" "." " "</t>
      </tokens>
      <parse>(ROOT (S (PP (IN For) (NP (NNS hours))) (NP (PRP she)) (VP (VP (VBD sat) (PP (IN on) (NP (DT the) (NN phone)))) (CC and) (VP (VBD called) (NP (PDT all) (DT those) (NNS places)) (SBAR (S (NP (PRP he)) (VP (VBD used) (S (VP (TO to) (VP (VB visit))))))))) (. .)))</parse>
      <deps>prep_for(sat-4, hours-2)
nsubj(sat-4, she-3)
nsubj(called-9, she-3)
root(ROOT-0, sat-4)
det(phone-7, the-6)
prep_on(sat-4, phone-7)
conj_and(sat-4, called-9)
predet(places-12, all-10)
det(places-12, those-11)
dobj(called-9, places-12)
nsubj(used-14, he-13)
xsubj(visit-16, he-13)
dep(called-9, used-14)
aux(visit-16, to-15)
xcomp(used-14, visit-16)</deps>
      <events>
        <event id="e16" eiid="ei16" offset="4" string="sat" tense="PAST" aspect="NONE" class="OCCURRENCE" polarity="POS" modality="" happen="" lowerBoundDuration="" upperBoundDuration="" />
        <event id="e17" eiid="ei17" offset="9" string="called" tense="PAST" aspect="NONE" class="I_ACTION" polarity="POS" modality="" happen="" lowerBoundDuration="" upperBoundDuration="" />
        <event id="e18" eiid="ei18" offset="14" string="used" tense="PAST" aspect="NONE" class="OCCURRENCE" polarity="POS" modality="" happen="" lowerBoundDuration="" upperBoundDuration="" />
        <event id="e19" eiid="ei19" offset="16" string="visit" tense="INFINITIVE" aspect="NONE" class="OCCURRENCE" polarity="POS" modality="" happen="" lowerBoundDuration="" upperBoundDuration="" />
      </events>
      <timexes>
        <timex tid="t2" text="hours" offset="2" length="1" type="DURATION" value="PTXH" temporalFunction="false" />
      </timexes>
    </entry>
    <entry sid="9" file="9783732517695_052.txt">
      <sentence>It was n't until the next day that she reached him at a hotel in Killarney .</sentence>
      <tokens>
        <t>" " "It" " "</t>
        <t>" " "was" ""</t>
        <t>"" "n't" " "</t>
        <t>" " "until" " "</t>
        <t>" " "the" " "</t>
        <t>" " "next" " "</t>
        <t>" " "day" " "</t>
        <t>" " "that" " "</t>
        <t>" " "she" " "</t>
        <t>" " "reached" " "</t>
        <t>" " "him" " "</t>
        <t>" " "at" " "</t>
        <t>" " "a" " "</t>
        <t>" " "hotel" " "</t>
        <t>" " "in" " "</t>
        <t>" " "Killarney" ""</t>
        <t>"" "." " "</t>
      </tokens>
      <parse>(ROOT (S (NP (PRP It)) (VP (VBD was) (RB n't) (PP (IN until) (NP (DT the) (JJ next) (NN day))) (SBAR (IN that) (S (NP (PRP she)) (VP (VBD reached) (NP (PRP him)) (PP (IN at) (NP (DT a) (NN hotel))) (PP (IN in) (NP (NNP Killarney))))))) (. .)))</parse>
      <deps>nsubj(was-2, It-1)
root(ROOT-0, was-2)
neg(was-2, n't-3)
det(day-7, the-5)
amod(day-7, next-6)
prep_until(was-2, day-7)
mark(reached-10, that-8)
nsubj(reached-10, she-9)
ccomp(was-2, reached-10)
dobj(reached-10, him-11)
det(hotel-14, a-13)
prep_at(reached-10, hotel-14)
prep_in(reached-10, Killarney-16)</deps>
      <events>
        <event id="e20" eiid="ei20" offset="10" string="reached" tense="PAST" aspect="NONE" class="OCCURRENCE" polarity="POS" modality="" happen="" lowerBoundDuration="" upperBoundDuration="" />
      </events>
      <timexes>
        <timex tid="t3" text="day" offset="7" length="1" type="DURATION" value="P1D" temporalFunction="false" />
      </timexes>
    </entry>
    <entry sid="10" file="9783732517695_052.txt">
      <sentence>Robert admitted that he had wanted to coerce Kathleen into giving herself to him .</sentence>
      <tokens>
        <t>" " "Robert" " "</t>
        <t>" " "admitted" " "</t>
        <t>" " "that" " "</t>
        <t>" " "he" " "</t>
        <t>" " "had" " "</t>
        <t>" " "wanted" " "</t>
        <t>" " "to" " "</t>
        <t>" " "coerce" " "</t>
        <t>" " "Kathleen" " "</t>
        <t>" " "into" " "</t>
        <t>" " "giving" " "</t>
        <t>" " "herself" " "</t>
        <t>" " "to" " "</t>
        <t>" " "him" ""</t>
        <t>"" "." " "</t>
      </tokens>
      <parse>(ROOT (S (NP (NNP Robert)) (VP (VBD admitted) (SBAR (IN that) (S (NP (PRP he)) (VP (VBD had) (VP (VBN wanted) (S (VP (TO to) (VP (VB coerce) (NP (NNP Kathleen)) (PP (IN into) (S (VP (VBG giving) (NP (PRP herself)) (PP (TO to) (NP (PRP him)))))))))))))) (. .)))</parse>
      <deps>nsubj(admitted-2, Robert-1)
root(ROOT-0, admitted-2)
mark(wanted-6, that-3)
nsubj(wanted-6, he-4)
xsubj(coerce-8, he-4)
aux(wanted-6, had-5)
ccomp(admitted-2, wanted-6)
aux(coerce-8, to-7)
xcomp(wanted-6, coerce-8)
dobj(coerce-8, Kathleen-9)
prepc_into(coerce-8, giving-11)
dobj(giving-11, herself-12)
prep_to(giving-11, him-14)</deps>
      <events>
        <event id="e21" eiid="ei21" offset="2" string="admitted" tense="PAST" aspect="NONE" class="REPORTING" polarity="POS" modality="" happen="" lowerBoundDuration="" upperBoundDuration="" />
        <event id="e22" eiid="ei22" offset="6" string="wanted" tense="PAST" aspect="PERFECTIVE" class="OCCURRENCE" polarity="POS" modality="" happen="" lowerBoundDuration="" upperBoundDuration="" />
        <event id="e23" eiid="ei23" offset="8" string="coerce" tense="INFINITIVE" aspect="NONE" class="OCCURRENCE" polarity="POS" modality="" happen="" lowerBoundDuration="" upperBoundDuration="" />
        <event id="e24" eiid="ei24" offset="11" string="giving" tense="PRESPART" aspect="NONE" class="OCCURRENCE" polarity="POS" modality="" happen="" lowerBoundDuration="" upperBoundDuration="" />
      </events>
      <timexes />
    </entry>
    <entry sid="11" file="9783732517695_052.txt">
      <sentence>He acted offended that his mother blamed him .</sentence>
      <tokens>
        <t>" " "He" " "</t>
        <t>" " "acted" " "</t>
        <t>" " "offended" " "</t>
        <t>" " "that" " "</t>
        <t>" " "his" " "</t>
        <t>" " "mother" " "</t>
        <t>" " "blamed" " "</t>
        <t>" " "him" ""</t>
        <t>"" "." " "</t>
      </tokens>
      <parse>(ROOT (S (NP (PRP He)) (VP (VBD acted) (ADJP (JJ offended)) (SBAR (IN that) (S (NP (PRP$ his) (NN mother)) (VP (VBD blamed) (NP (PRP him)))))) (. .)))</parse>
      <deps>nsubj(acted-2, He-1)
root(ROOT-0, acted-2)
acomp(acted-2, offended-3)
mark(blamed-7, that-4)
poss(mother-6, his-5)
nsubj(blamed-7, mother-6)
ccomp(acted-2, blamed-7)
dobj(blamed-7, him-8)</deps>
      <events>
        <event id="e25" eiid="ei25" offset="2" string="acted" tense="PAST" aspect="NONE" class="OCCURRENCE" polarity="POS" modality="" happen="" lowerBoundDuration="" upperBoundDuration="" />
        <event id="e26" eiid="ei26" offset="3" string="offended" tense="PAST" aspect="NONE" class="I_STATE" polarity="POS" modality="" happen="" lowerBoundDuration="" upperBoundDuration="" />
        <event id="e27" eiid="ei27" offset="7" string="blamed" tense="PAST" aspect="NONE" class="OCCURRENCE" polarity="POS" modality="" happen="" lowerBoundDuration="" upperBoundDuration="" />
      </events>
      <timexes />
    </entry>
    <entry sid="12" file="9783732517695_052.txt">
      <sentence>Again and again he tried to teach her that he had wanted to separate Kathleen and Patrick .</sentence>
      <tokens>
        <t>" " "Again" " "</t>
        <t>" " "and" " "</t>
        <t>" " "again" " "</t>
        <t>" " "he" " "</t>
        <t>" " "tried" " "</t>
        <t>" " "to" " "</t>
        <t>" " "teach" " "</t>
        <t>" " "her" " "</t>
        <t>" " "that" " "</t>
        <t>" " "he" " "</t>
        <t>" " "had" " "</t>
        <t>" " "wanted" " "</t>
        <t>" " "to" " "</t>
        <t>" " "separate" " "</t>
        <t>" " "Kathleen" " "</t>
        <t>" " "and" " "</t>
        <t>" " "Patrick" ""</t>
        <t>"" "." " "</t>
      </tokens>
      <parse>(ROOT (S (ADVP (RB Again) (CC and) (RB again)) (NP (PRP he)) (VP (VBD tried) (S (VP (TO to) (VP (VB teach) (NP (PRP her)) (SBAR (IN that) (S (NP (PRP he)) (VP (VBD had) (VP (VBN wanted) (PP (TO to) (NP (JJ separate) (NNP Kathleen) (CC and) (NNP Patrick))))))))))) (. .)))</parse>
      <deps>advmod(tried-5, Again-1)
conj_and(Again-1, again-3)
advmod(tried-5, again-3)
nsubj(tried-5, he-4)
xsubj(teach-7, he-4)
root(ROOT-0, tried-5)
aux(teach-7, to-6)
xcomp(tried-5, teach-7)
dobj(teach-7, her-8)
mark(wanted-12, that-9)
nsubj(wanted-12, he-10)
aux(wanted-12, had-11)
ccomp(teach-7, wanted-12)
amod(Kathleen-15, separate-14)
prep_to(wanted-12, Kathleen-15)
prep_to(wanted-12, Patrick-17)
conj_and(Kathleen-15, Patrick-17)</deps>
      <events>
        <event id="e28" eiid="ei28" offset="5" string="tried" tense="PAST" aspect="NONE" class="I_ACTION" polarity="POS" modality="" happen="" lowerBoundDuration="" upperBoundDuration="" />
        <event id="e29" eiid="ei29" offset="7" string="teach" tense="INFINITIVE" aspect="NONE" class="OCCURRENCE" polarity="POS" modality="" happen="" lowerBoundDuration="" upperBoundDuration="" />
        <event id="e30" eiid="ei30" offset="12" string="wanted" tense="PAST" aspect="PERFECTIVE" class="OCCURRENCE" polarity="POS" modality="" happen="" lowerBoundDuration="" upperBoundDuration="" />
      </events>
      <timexes />
    </entry>
    <entry sid="13" file="9783732517695_052.txt">
      <sentence>In biting words , his mother mocked him .</sentence>
      <tokens>
        <t>" " "In" " "</t>
        <t>" " "biting" " "</t>
        <t>" " "words" ""</t>
        <t>"" "," " "</t>
        <t>" " "his" " "</t>
        <t>" " "mother" " "</t>
        <t>" " "mocked" " "</t>
        <t>" " "him" ""</t>
        <t>"" "." " "</t>
      </tokens>
      <parse>(ROOT (S (PP (IN In) (S (VP (VBG biting) (NP (NNS words))))) (, ,) (NP (PRP$ his) (NN mother)) (VP (VBZ mocked) (NP (PRP him))) (. .)))</parse>
      <deps>prepc_in(mocked-7, biting-2)
dobj(biting-2, words-3)
poss(mother-6, his-5)
nsubj(mocked-7, mother-6)
root(ROOT-0, mocked-7)
dobj(mocked-7, him-8)</deps>
      <events>
        <event id="e31" eiid="ei31" offset="2" string="biting" tense="PRESPART" aspect="NONE" class="OCCURRENCE" polarity="POS" modality="" happen="" lowerBoundDuration="" upperBoundDuration="" />
        <event id="e32" eiid="ei32" offset="7" string="mocked" tense="PRESENT" aspect="NONE" class="OCCURRENCE" polarity="POS" modality="" happen="" lowerBoundDuration="" upperBoundDuration="" />
      </events>
      <timexes />
    </entry>
    <entry sid="14" file="9783732517695_052.txt">
      <sentence>She reproached him that he was not capable of realizing their common plans without her help .</sentence>
      <tokens>
        <t>" " "She" " "</t>
        <t>" " "reproached" " "</t>
        <t>" " "him" " "</t>
        <t>" " "that" " "</t>
        <t>" " "he" " "</t>
        <t>" " "was" " "</t>
        <t>" " "not" " "</t>
        <t>" " "capable" " "</t>
        <t>" " "of" " "</t>
        <t>" " "realizing" " "</t>
        <t>" " "their" " "</t>
        <t>" " "common" " "</t>
        <t>" " "plans" " "</t>
        <t>" " "without" " "</t>
        <t>" " "her" " "</t>
        <t>" " "help" ""</t>
        <t>"" "." " "</t>
      </tokens>
      <parse>(ROOT (S (NP (PRP She)) (VP (VBD reproached) (NP (PRP him)) (SBAR (IN that) (S (NP (PRP he)) (VP (VBD was) (RB not) (ADJP (JJ capable) (PP (IN of) (S (VP (VBG realizing) (NP (PRP$ their) (JJ common) (NNS plans)) (PP (IN without) (NP (PRP$ her) (NN help))))))))))) (. .)))</parse>
      <deps>nsubj(reproached-2, She-1)
root(ROOT-0, reproached-2)
dobj(reproached-2, him-3)
mark(capable-8, that-4)
nsubj(capable-8, he-5)
cop(capable-8, was-6)
neg(capable-8, not-7)
ccomp(reproached-2, capable-8)
prepc_of(capable-8, realizing-10)
poss(plans-13, their-11)
amod(plans-13, common-12)
dobj(realizing-10, plans-13)
poss(help-16, her-15)
prep_without(realizing-10, help-16)</deps>
      <events>
        <event id="e33" eiid="ei33" offset="2" string="reproached" tense="PAST" aspect="NONE" class="OCCURRENCE" polarity="POS" modality="" happen="" lowerBoundDuration="" upperBoundDuration="" />
        <event id="e34" eiid="ei34" offset="10" string="realizing" tense="PRESPART" aspect="NONE" class="OCCURRENCE" polarity="POS" modality="" happen="" lowerBoundDuration="" upperBoundDuration="" />
        <event id="e35" eiid="ei35" offset="16" string="help" tense="NONE" aspect="NONE" class="OCCURRENCE" polarity="POS" modality="" happen="" lowerBoundDuration="" upperBoundDuration="" />
      </events>
      <timexes />
    </entry>
    <entry sid="15" file="9783732517695_052.txt">
      <sentence>After the telephone conversation , she went to see her husband .</sentence>
      <tokens>
        <t>" " "After" " "</t>
        <t>" " "the" " "</t>
        <t>" " "telephone" " "</t>
        <t>" " "conversation" ""</t>
        <t>"" "," " "</t>
        <t>" " "she" " "</t>
        <t>" " "went" " "</t>
        <t>" " "to" " "</t>
        <t>" " "see" " "</t>
        <t>" " "her" " "</t>
        <t>" " "husband" ""</t>
        <t>"" "." ""</t>
      </tokens>
      <parse>(ROOT (S (PP (IN After) (NP (DT the) (NN telephone) (NN conversation))) (, ,) (NP (PRP she)) (VP (VBD went) (S (VP (TO to) (VP (VB see) (NP (PRP$ her) (NN husband)))))) (. .)))</parse>
      <deps>det(conversation-4, the-2)
nn(conversation-4, telephone-3)
prep_after(went-7, conversation-4)
nsubj(went-7, she-6)
xsubj(see-9, she-6)
root(ROOT-0, went-7)
aux(see-9, to-8)
xcomp(went-7, see-9)
poss(husband-11, her-10)
dobj(see-9, husband-11)</deps>
      <events>
        <event id="e36" eiid="ei36" offset="7" string="went" tense="PAST" aspect="NONE" class="OCCURRENCE" polarity="POS" modality="" happen="" lowerBoundDuration="" upperBoundDuration="" />
        <event id="e37" eiid="ei37" offset="9" string="see" tense="INFINITIVE" aspect="NONE" class="PERCEPTION" polarity="POS" modality="" happen="" lowerBoundDuration="" upperBoundDuration="" />
      </events>
      <timexes />
    </entry>
    <tlink event1="ei16" event2="t2" relation="IS_INCLUDED" closed="false" origin="AdjacentVerbTimex" type="et" />
    <tlink event1="ei21" event2="ei22" relation="AFTER" closed="false" origin="RepEventGovEvent" type="ee" />
    <tlink event1="ei1" event2="ei2" relation="AFTER" closed="false" origin="ReichenbachDG13" type="ee" />
    <tlink event1="ei2" event2="ei5" relation="BEFORE" closed="false" origin="ReichenbachDG13" type="ee" />
    <tlink event1="ei6" event2="ei11" relation="AFTER" closed="false" origin="ReichenbachDG13" type="ee" />
    <tlink event1="ei7" event2="ei11" relation="AFTER" closed="false" origin="ReichenbachDG13" type="ee" />
    <tlink event1="ei9" event2="ei11" relation="AFTER" closed="false" origin="ReichenbachDG13" type="ee" />
    <tlink event1="ei13" event2="ei15" relation="AFTER" closed="false" origin="ReichenbachDG13" type="ee" />
    <tlink event1="ei20" event2="ei22" relation="AFTER" closed="false" origin="ReichenbachDG13" type="ee" />
    <tlink event1="ei22" event2="ei25" relation="BEFORE" closed="false" origin="ReichenbachDG13" type="ee" />
    <tlink event1="ei22" event2="ei27" relation="BEFORE" closed="false" origin="ReichenbachDG13" type="ee" />
    <tlink event1="ei25" event2="ei30" relation="AFTER" closed="false" origin="ReichenbachDG13" type="ee" />
    <tlink event1="ei27" event2="ei30" relation="AFTER" closed="false" origin="ReichenbachDG13" type="ee" />
    <tlink event1="ei28" event2="ei30" relation="AFTER" closed="false" origin="ReichenbachDG13" type="ee" />
    <tlink event1="ei30" event2="ei32" relation="BEFORE" closed="false" origin="ReichenbachDG13" type="ee" />
    <tlink event1="ei2" event2="ei3" relation="VAGUE" closed="false" origin="XCompDepSieve" type="ee" />
    <tlink event1="ei3" event2="ei4" relation="BEFORE" closed="false" origin="XCompDepSieve" type="ee" />
    <tlink event1="ei6" event2="ei7" relation="AFTER" closed="false" origin="XCompDepSieve" type="ee" />
    <tlink event1="ei7" event2="ei8" relation="BEFORE" closed="false" origin="XCompDepSieve" type="ee" />
    <tlink event1="ei9" event2="ei10" relation="BEFORE" closed="false" origin="XCompDepSieve" type="ee" />
    <tlink event1="ei14" event2="ei15" relation="AFTER" closed="false" origin="XCompDepSieve" type="ee" />
    <tlink event1="ei16" event2="ei17" relation="VAGUE" closed="false" origin="XCompDepSieve" type="ee" />
    <tlink event1="ei18" event2="ei19" relation="BEFORE" closed="false" origin="XCompDepSieve" type="ee" />
    <tlink event1="ei22" event2="ei23" relation="BEFORE" closed="false" origin="XCompDepSieve" type="ee" />
    <tlink event1="ei25" event2="ei27" relation="AFTER" closed="false" origin="XCompDepSieve" type="ee" />
    <tlink event1="ei28" event2="ei29" relation="BEFORE" closed="false" origin="XCompDepSieve" type="ee" />
    <tlink event1="ei29" event2="ei30" relation="AFTER" closed="false" origin="XCompDepSieve" type="ee" />
    <tlink event1="ei36" event2="ei37" relation="BEFORE" closed="false" origin="XCompDepSieve" type="ee" />
    <tlink event1="ei11" event2="ei8" relation="BEFORE" closed="true" origin="XCompDepSieve" type="ee" />
    <tlink event1="ei11" event2="ei10" relation="BEFORE" closed="true" origin="XCompDepSieve" type="ee" />
    <tlink event1="ei17" event2="ei19" relation="VAGUE" closed="false" origin="WordNet209" type="ee" />
    <tlink event1="ei20" event2="ei24" relation="VAGUE" closed="false" origin="WordNet209" type="ee" />
    <tlink event1="ei34" event2="ei37" relation="VAGUE" closed="false" origin="WordNet209" type="ee" />
    <tlink event1="ei1" event2="t1" relation="IS_INCLUDED" closed="false" origin="MLEventTimeSameSent" type="et" />
    <tlink event1="ei17" event2="t2" relation="IS_INCLUDED" closed="false" origin="MLEventTimeSameSent" type="et" />
    <tlink event1="ei18" event2="t2" relation="BEFORE" closed="false" origin="MLEventTimeSameSent" type="et" />
    <tlink event1="ei19" event2="t2" relation="VAGUE" closed="false" origin="MLEventTimeSameSent" type="et" />
    <tlink event1="ei20" event2="t3" relation="BEFORE" closed="false" origin="MLEventTimeSameSent" type="et" />
    <tlink event1="ei16" event2="ei18" relation="AFTER" closed="true" origin="MLEventTimeSameSent" type="ee" />
    <tlink event1="ei22" event2="t3" relation="BEFORE" closed="true" origin="MLEventTimeSameSent" type="et" />
    <tlink event1="ei17" event2="ei18" relation="AFTER" closed="true" origin="MLEventTimeSameSent" type="ee" />
    <tlink event1="ei2" event2="ei4" relation="BEFORE" closed="false" origin="MLEventEventDominates" type="ee" />
    <tlink event1="ei6" event2="ei8" relation="VAGUE" closed="false" origin="MLEventEventDominates" type="ee" />
    <tlink event1="ei6" event2="ei9" relation="AFTER" closed="false" origin="MLEventEventDominates" type="ee" />
    <tlink event1="ei6" event2="ei10" relation="AFTER" closed="false" origin="MLEventEventDominates" type="ee" />
    <tlink event1="ei7" event2="ei9" relation="VAGUE" closed="false" origin="MLEventEventDominates" type="ee" />
    <tlink event1="ei7" event2="ei10" relation="VAGUE" closed="false" origin="MLEventEventDominates" type="ee" />
    <tlink event1="ei8" event2="ei9" relation="VAGUE" closed="false" origin="MLEventEventDominates" type="ee" />
    <tlink event1="ei8" event2="ei10" relation="VAGUE" closed="false" origin="MLEventEventDominates" type="ee" />
    <tlink event1="ei21" event2="ei23" relation="VAGUE" closed="false" origin="MLEventEventDominates" type="ee" />
    <tlink event1="ei21" event2="ei24" relation="AFTER" closed="false" origin="MLEventEventDominates" type="ee" />
    <tlink event1="ei22" event2="ei24" relation="AFTER" closed="false" origin="MLEventEventDominates" type="ee" />
    <tlink event1="ei23" event2="ei24" relation="VAGUE" closed="false" origin="MLEventEventDominates" type="ee" />
    <tlink event1="ei25" event2="ei26" relation="VAGUE" closed="false" origin="MLEventEventDominates" type="ee" />
    <tlink event1="ei33" event2="ei34" relation="VAGUE" closed="false" origin="MLEventEventDominates" type="ee" />
    <tlink event1="ei33" event2="ei35" relation="AFTER" closed="false" origin="MLEventEventDominates" type="ee" />
    <tlink event1="ei34" event2="ei35" relation="VAGUE" closed="false" origin="MLEventEventDominates" type="ee" />
    <tlink event1="ei25" event2="ei24" relation="AFTER" closed="true" origin="MLEventEventDominates" type="ee" />
    <tlink event1="ei27" event2="ei24" relation="AFTER" closed="true" origin="MLEventEventDominates" type="ee" />
    <tlink event1="t3" event2="ei24" relation="AFTER" closed="true" origin="MLEventEventDominates" type="et" />
    <tlink event1="ei16" event2="ei19" relation="VAGUE" closed="false" origin="MLEventEventSameSent" type="ee" />
    <tlink event1="ei26" event2="ei27" relation="AFTER" closed="false" origin="MLEventEventSameSent" type="ee" />
    <tlink event1="ei31" event2="ei32" relation="VAGUE" closed="false" origin="MLEventEventSameSent" type="ee" />
    <tlink event1="ei22" event2="ei26" relation="BEFORE" closed="true" origin="MLEventEventSameSent" type="ee" />
    <tlink event1="ei30" event2="ei26" relation="BEFORE" closed="true" origin="MLEventEventSameSent" type="ee" />
    <tlink event1="ei24" event2="ei26" relation="BEFORE" closed="true" origin="MLEventEventSameSent" type="ee" />
    <tlink event1="ei1" event2="ei3" relation="VAGUE" closed="false" origin="AllVagueSieve" type="ee" />
    <tlink event1="ei1" event2="ei4" relation="VAGUE" closed="false" origin="AllVagueSieve" type="ee" />
    <tlink event1="t1" event2="ei2" relation="VAGUE" closed="false" origin="AllVagueSieve" type="et" />
    <tlink event1="t1" event2="ei3" relation="VAGUE" closed="false" origin="AllVagueSieve" type="et" />
    <tlink event1="t1" event2="ei4" relation="VAGUE" closed="false" origin="AllVagueSieve" type="et" />
    <tlink event1="ei3" event2="ei5" relation="VAGUE" closed="false" origin="AllVagueSieve" type="ee" />
    <tlink event1="ei4" event2="ei5" relation="VAGUE" closed="false" origin="AllVagueSieve" type="ee" />
    <tlink event1="ei5" event2="ei6" relation="VAGUE" closed="false" origin="AllVagueSieve" type="ee" />
    <tlink event1="ei5" event2="ei7" relation="VAGUE" closed="false" origin="AllVagueSieve" type="ee" />
    <tlink event1="ei5" event2="ei8" relation="VAGUE" closed="false" origin="AllVagueSieve" type="ee" />
    <tlink event1="ei5" event2="ei9" relation="VAGUE" closed="false" origin="AllVagueSieve" type="ee" />
    <tlink event1="ei5" event2="ei10" relation="VAGUE" closed="false" origin="AllVagueSieve" type="ee" />
    <tlink event1="ei11" event2="ei12" relation="VAGUE" closed="false" origin="AllVagueSieve" type="ee" />
    <tlink event1="ei12" event2="ei13" relation="VAGUE" closed="false" origin="AllVagueSieve" type="ee" />
    <tlink event1="ei13" event2="ei14" relation="VAGUE" closed="false" origin="AllVagueSieve" type="ee" />
    <tlink event1="ei14" event2="ei16" relation="VAGUE" closed="false" origin="AllVagueSieve" type="ee" />
    <tlink event1="ei14" event2="ei17" relation="VAGUE" closed="false" origin="AllVagueSieve" type="ee" />
    <tlink event1="ei14" event2="ei18" relation="VAGUE" closed="false" origin="AllVagueSieve" type="ee" />
    <tlink event1="ei14" event2="ei19" relation="VAGUE" closed="false" origin="AllVagueSieve" type="ee" />
    <tlink event1="ei14" event2="t2" relation="VAGUE" closed="false" origin="AllVagueSieve" type="et" />
    <tlink event1="ei15" event2="ei16" relation="VAGUE" closed="false" origin="AllVagueSieve" type="ee" />
    <tlink event1="ei15" event2="ei17" relation="VAGUE" closed="false" origin="AllVagueSieve" type="ee" />
    <tlink event1="ei15" event2="ei18" relation="VAGUE" closed="false" origin="AllVagueSieve" type="ee" />
    <tlink event1="ei15" event2="ei19" relation="VAGUE" closed="false" origin="AllVagueSieve" type="ee" />
    <tlink event1="ei15" event2="t2" relation="VAGUE" closed="false" origin="AllVagueSieve" type="et" />
    <tlink event1="ei16" event2="ei20" relation="VAGUE" closed="false" origin="AllVagueSieve" type="ee" />
    <tlink event1="ei16" event2="t3" relation="VAGUE" closed="false" origin="AllVagueSieve" type="et" />
    <tlink event1="ei17" event2="ei20" relation="VAGUE" closed="false" origin="AllVagueSieve" type="ee" />
    <tlink event1="ei17" event2="t3" relation="VAGUE" closed="false" origin="AllVagueSieve" type="et" />
    <tlink event1="ei18" event2="ei20" relation="VAGUE" closed="false" origin="AllVagueSieve" type="ee" />
    <tlink event1="ei18" event2="t3" relation="VAGUE" closed="false" origin="AllVagueSieve" type="et" />
    <tlink event1="ei19" event2="ei20" relation="VAGUE" closed="false" origin="AllVagueSieve" type="ee" />
    <tlink event1="ei19" event2="t3" relation="VAGUE" closed="false" origin="AllVagueSieve" type="et" />
    <tlink event1="t2" event2="t3" relation="VAGUE" closed="false" origin="AllVagueSieve" type="tt" />
    <tlink event1="t2" event2="ei20" relation="VAGUE" closed="false" origin="AllVagueSieve" type="et" />
    <tlink event1="ei20" event2="ei21" relation="VAGUE" closed="false" origin="AllVagueSieve" type="ee" />
    <tlink event1="ei20" event2="ei23" relation="VAGUE" closed="false" origin="AllVagueSieve" type="ee" />
    <tlink event1="t3" event2="ei21" relation="VAGUE" closed="false" origin="AllVagueSieve" type="et" />
    <tlink event1="t3" event2="ei23" relation="VAGUE" closed="false" origin="AllVagueSieve" type="et" />
    <tlink event1="ei21" event2="ei25" relation="VAGUE" closed="false" origin="AllVagueSieve" type="ee" />
    <tlink event1="ei21" event2="ei26" relation="VAGUE" closed="false" origin="AllVagueSieve" type="ee" />
    <tlink event1="ei21" event2="ei27" relation="VAGUE" closed="false" origin="AllVagueSieve" type="ee" />
    <tlink event1="ei23" event2="ei25" relation="VAGUE" closed="false" origin="AllVagueSieve" type="ee" />
    <tlink event1="ei23" event2="ei26" relation="VAGUE" closed="false" origin="AllVagueSieve" type="ee" />
    <tlink event1="ei23" event2="ei27" relation="VAGUE" closed="false" origin="AllVagueSieve" type="ee" />
    <tlink event1="ei25" event2="ei28" relation="VAGUE" closed="false" origin="AllVagueSieve" type="ee" />
    <tlink event1="ei25" event2="ei29" relation="VAGUE" closed="false" origin="AllVagueSieve" type="ee" />
    <tlink event1="ei26" event2="ei28" relation="VAGUE" closed="false" origin="AllVagueSieve" type="ee" />
    <tlink event1="ei26" event2="ei29" relation="VAGUE" closed="false" origin="AllVagueSieve" type="ee" />
    <tlink event1="ei27" event2="ei28" relation="VAGUE" closed="false" origin="AllVagueSieve" type="ee" />
    <tlink event1="ei27" event2="ei29" relation="VAGUE" closed="false" origin="AllVagueSieve" type="ee" />
    <tlink event1="ei28" event2="ei31" relation="VAGUE" closed="false" origin="AllVagueSieve" type="ee" />
    <tlink event1="ei28" event2="ei32" relation="VAGUE" closed="false" origin="AllVagueSieve" type="ee" />
    <tlink event1="ei29" event2="ei31" relation="VAGUE" closed="false" origin="AllVagueSieve" type="ee" />
    <tlink event1="ei29" event2="ei32" relation="VAGUE" closed="false" origin="AllVagueSieve" type="ee" />
    <tlink event1="ei30" event2="ei31" relation="VAGUE" closed="false" origin="AllVagueSieve" type="ee" />
    <tlink event1="ei31" event2="ei33" relation="VAGUE" closed="false" origin="AllVagueSieve" type="ee" />
    <tlink event1="ei31" event2="ei34" relation="VAGUE" closed="false" origin="AllVagueSieve" type="ee" />
    <tlink event1="ei31" event2="ei35" relation="VAGUE" closed="false" origin="AllVagueSieve" type="ee" />
    <tlink event1="ei32" event2="ei33" relation="VAGUE" closed="false" origin="AllVagueSieve" type="ee" />
    <tlink event1="ei32" event2="ei34" relation="VAGUE" closed="false" origin="AllVagueSieve" type="ee" />
    <tlink event1="ei32" event2="ei35" relation="VAGUE" closed="false" origin="AllVagueSieve" type="ee" />
    <tlink event1="ei33" event2="ei36" relation="VAGUE" closed="false" origin="AllVagueSieve" type="ee" />
    <tlink event1="ei33" event2="ei37" relation="VAGUE" closed="false" origin="AllVagueSieve" type="ee" />
    <tlink event1="ei34" event2="ei36" relation="VAGUE" closed="false" origin="AllVagueSieve" type="ee" />
    <tlink event1="ei35" event2="ei36" relation="VAGUE" closed="false" origin="AllVagueSieve" type="ee" />
    <tlink event1="ei35" event2="ei37" relation="VAGUE" closed="false" origin="AllVagueSieve" type="ee" />
  </file>
</root>

