<?xml version="1.0" encoding="UTF-8"?>
<root xmlns="http://chambers.com/corpusinfo">
  <file name="9783732517695_051.txt">
    <entry sid="0" file="9783732517695_051.txt">
      <sentence>When he entered the room , she lost her temper .</sentence>
      <tokens>
        <t>"" "When" " "</t>
        <t>" " "he" " "</t>
        <t>" " "entered" " "</t>
        <t>" " "the" " "</t>
        <t>" " "room" ""</t>
        <t>"" "," " "</t>
        <t>" " "she" " "</t>
        <t>" " "lost" " "</t>
        <t>" " "her" " "</t>
        <t>" " "temper" ""</t>
        <t>"" "." " "</t>
      </tokens>
      <parse>(ROOT (S (SBAR (WHADVP (WRB When)) (S (NP (PRP he)) (VP (VBD entered) (NP (DT the) (NN room))))) (, ,) (NP (PRP she)) (VP (VBD lost) (NP (PRP$ her) (NN temper))) (. .)))</parse>
      <deps>advmod(entered-3, When-1)
nsubj(entered-3, he-2)
advcl(lost-8, entered-3)
det(room-5, the-4)
dobj(entered-3, room-5)
nsubj(lost-8, she-7)
root(ROOT-0, lost-8)
poss(temper-10, her-9)
dobj(lost-8, temper-10)</deps>
      <events>
        <event id="e1" eiid="ei1" offset="3" string="entered" tense="PAST" aspect="NONE" class="OCCURRENCE" polarity="POS" modality="" happen="" lowerBoundDuration="" upperBoundDuration="" />
        <event id="e2" eiid="ei2" offset="8" string="lost" tense="PAST" aspect="NONE" class="OCCURRENCE" polarity="POS" modality="" happen="" lowerBoundDuration="" upperBoundDuration="" />
      </events>
      <timexes />
    </entry>
    <entry sid="1" file="9783732517695_051.txt">
      <sentence>She no longer thought about her resolution not to tell him about the attack by Robert .</sentence>
      <tokens>
        <t>" " "She" " "</t>
        <t>" " "no" " "</t>
        <t>" " "longer" " "</t>
        <t>" " "thought" " "</t>
        <t>" " "about" " "</t>
        <t>" " "her" " "</t>
        <t>" " "resolution" " "</t>
        <t>" " "not" " "</t>
        <t>" " "to" " "</t>
        <t>" " "tell" " "</t>
        <t>" " "him" " "</t>
        <t>" " "about" " "</t>
        <t>" " "the" " "</t>
        <t>" " "attack" " "</t>
        <t>" " "by" " "</t>
        <t>" " "Robert" ""</t>
        <t>"" "." " "</t>
      </tokens>
      <parse>(ROOT (S (NP (PRP She)) (ADVP (RB no) (RB longer)) (VP (VBD thought) (PP (IN about) (NP (PRP$ her) (NN resolution) (RB not))) (S (VP (TO to) (VP (VB tell) (NP (PRP him)) (PP (IN about) (NP (DT the) (NN attack))) (PP (IN by) (NP (NNP Robert))))))) (. .)))</parse>
      <deps>nsubj(thought-4, She-1)
xsubj(tell-10, She-1)
advmod(longer-3, no-2)
advmod(thought-4, longer-3)
root(ROOT-0, thought-4)
poss(resolution-7, her-6)
prep_about(thought-4, resolution-7)
neg(resolution-7, not-8)
aux(tell-10, to-9)
xcomp(thought-4, tell-10)
dobj(tell-10, him-11)
det(attack-14, the-13)
prep_about(tell-10, attack-14)
prep_by(tell-10, Robert-16)</deps>
      <events>
        <event id="e3" eiid="ei3" offset="4" string="thought" tense="PAST" aspect="NONE" class="OCCURRENCE" polarity="POS" modality="" happen="" lowerBoundDuration="" upperBoundDuration="" />
        <event id="e4" eiid="ei4" offset="10" string="tell" tense="INFINITIVE" aspect="NONE" class="OCCURRENCE" polarity="POS" modality="" happen="" lowerBoundDuration="" upperBoundDuration="" />
        <event id="e5" eiid="ei5" offset="14" string="attack" tense="NONE" aspect="NONE" class="OCCURRENCE" polarity="POS" modality="" happen="" lowerBoundDuration="" upperBoundDuration="" />
      </events>
      <timexes />
    </entry>
    <entry sid="2" file="9783732517695_051.txt">
      <sentence>Weeping , she buried her head against Patrick 's chest .</sentence>
      <tokens>
        <t>" " "Weeping" ""</t>
        <t>"" "," " "</t>
        <t>" " "she" " "</t>
        <t>" " "buried" " "</t>
        <t>" " "her" " "</t>
        <t>" " "head" " "</t>
        <t>" " "against" " "</t>
        <t>" " "Patrick" ""</t>
        <t>"" "'s" " "</t>
        <t>" " "chest" ""</t>
        <t>"" "." " "</t>
      </tokens>
      <parse>(ROOT (S (S (VP (VBG Weeping))) (, ,) (NP (PRP she)) (VP (VBD buried) (NP (PRP$ her) (NN head)) (PP (IN against) (NP (NP (NNP Patrick) (POS 's)) (NN chest)))) (. .)))</parse>
      <deps>partmod(buried-4, Weeping-1)
nsubj(buried-4, she-3)
root(ROOT-0, buried-4)
poss(head-6, her-5)
dobj(buried-4, head-6)
poss(chest-10, Patrick-8)
prep_against(buried-4, chest-10)</deps>
      <events>
        <event id="e6" eiid="ei6" offset="1" string="Weeping" tense="PRESPART" aspect="NONE" class="STATE" polarity="POS" modality="" happen="" lowerBoundDuration="" upperBoundDuration="" />
        <event id="e7" eiid="ei7" offset="4" string="buried" tense="PAST" aspect="NONE" class="OCCURRENCE" polarity="POS" modality="" happen="" lowerBoundDuration="" upperBoundDuration="" />
      </events>
      <timexes />
    </entry>
    <entry sid="3" file="9783732517695_051.txt">
      <sentence>In confused words she said what Robert had wanted to do to her .</sentence>
      <tokens>
        <t>" " "In" " "</t>
        <t>" " "confused" " "</t>
        <t>" " "words" " "</t>
        <t>" " "she" " "</t>
        <t>" " "said" " "</t>
        <t>" " "what" " "</t>
        <t>" " "Robert" " "</t>
        <t>" " "had" " "</t>
        <t>" " "wanted" " "</t>
        <t>" " "to" " "</t>
        <t>" " "do" " "</t>
        <t>" " "to" " "</t>
        <t>" " "her" ""</t>
        <t>"" "." " "</t>
      </tokens>
      <parse>(ROOT (S (PP (IN In) (NP (ADJP (VBN confused)) (NNS words))) (NP (PRP she)) (VP (VBD said) (SBAR (WHNP (WP what)) (S (NP (NNP Robert)) (VP (VBD had) (VP (VBN wanted) (S (VP (TO to) (VP (VB do) (PP (TO to) (NP (PRP her))))))))))) (. .)))</parse>
      <deps>amod(words-3, confused-2)
prep_in(said-5, words-3)
nsubj(said-5, she-4)
root(ROOT-0, said-5)
dobj(wanted-9, what-6)
nsubj(wanted-9, Robert-7)
xsubj(do-11, Robert-7)
aux(wanted-9, had-8)
ccomp(said-5, wanted-9)
aux(do-11, to-10)
xcomp(wanted-9, do-11)
prep_to(do-11, her-13)</deps>
      <events>
        <event id="e8" eiid="ei8" offset="5" string="said" tense="PAST" aspect="NONE" class="REPORTING" polarity="POS" modality="" happen="" lowerBoundDuration="" upperBoundDuration="" />
        <event id="e9" eiid="ei9" offset="9" string="wanted" tense="PAST" aspect="PERFECTIVE" class="I_ACTION" polarity="POS" modality="" happen="" lowerBoundDuration="" upperBoundDuration="" />
        <event id="e10" eiid="ei10" offset="11" string="do" tense="INFINITIVE" aspect="NONE" class="OCCURRENCE" polarity="POS" modality="" happen="" lowerBoundDuration="" upperBoundDuration="" />
      </events>
      <timexes />
    </entry>
    <entry sid="4" file="9783732517695_051.txt">
      <sentence>Patrick hardly let her speak .</sentence>
      <tokens>
        <t>" " "Patrick" " "</t>
        <t>" " "hardly" " "</t>
        <t>" " "let" " "</t>
        <t>" " "her" " "</t>
        <t>" " "speak" ""</t>
        <t>"" "." " "</t>
      </tokens>
      <parse>(ROOT (S (NP (NNP Patrick)) (ADVP (RB hardly)) (VP (VBD let) (SBAR (S (NP (PRP her)) (VP (VBP speak))))) (. .)))</parse>
      <deps>nsubj(let-3, Patrick-1)
advmod(let-3, hardly-2)
root(ROOT-0, let-3)
nsubj(speak-5, her-4)
ccomp(let-3, speak-5)</deps>
      <events>
        <event id="e11" eiid="ei11" offset="3" string="let" tense="PAST" aspect="NONE" class="OCCURRENCE" polarity="POS" modality="" happen="" lowerBoundDuration="" upperBoundDuration="" />
        <event id="e12" eiid="ei12" offset="5" string="speak" tense="PRESENT" aspect="NONE" class="OCCURRENCE" polarity="POS" modality="" happen="" lowerBoundDuration="" upperBoundDuration="" />
      </events>
      <timexes />
    </entry>
    <entry sid="5" file="9783732517695_051.txt">
      <sentence>He rushed out of the room .</sentence>
      <tokens>
        <t>" " "He" " "</t>
        <t>" " "rushed" " "</t>
        <t>" " "out" " "</t>
        <t>" " "of" " "</t>
        <t>" " "the" " "</t>
        <t>" " "room" ""</t>
        <t>"" "." " "</t>
      </tokens>
      <parse>(ROOT (S (NP (PRP He)) (VP (VBD rushed) (PRT (RP out)) (PP (IN of) (NP (DT the) (NN room)))) (. .)))</parse>
      <deps>nsubj(rushed-2, He-1)
root(ROOT-0, rushed-2)
det(room-6, the-5)
prep_out_of(rushed-2, room-6)</deps>
      <events>
        <event id="e13" eiid="ei13" offset="2" string="rushed" tense="PAST" aspect="NONE" class="OCCURRENCE" polarity="POS" modality="" happen="" lowerBoundDuration="" upperBoundDuration="" />
      </events>
      <timexes />
    </entry>
    <entry sid="6" file="9783732517695_051.txt">
      <sentence>In the hall he called loudly for Robert .</sentence>
      <tokens>
        <t>" " "In" " "</t>
        <t>" " "the" " "</t>
        <t>" " "hall" " "</t>
        <t>" " "he" " "</t>
        <t>" " "called" " "</t>
        <t>" " "loudly" " "</t>
        <t>" " "for" " "</t>
        <t>" " "Robert" ""</t>
        <t>"" "." " "</t>
      </tokens>
      <parse>(ROOT (S (PP (IN In) (NP (DT the) (NN hall))) (NP (PRP he)) (VP (VBD called) (ADVP (RB loudly) (PP (IN for) (NP (NNP Robert))))) (. .)))</parse>
      <deps>det(hall-3, the-2)
prep_in(called-5, hall-3)
nsubj(called-5, he-4)
root(ROOT-0, called-5)
advmod(called-5, loudly-6)
prep_for(loudly-6, Robert-8)</deps>
      <events>
        <event id="e14" eiid="ei14" offset="5" string="called" tense="PAST" aspect="NONE" class="I_ACTION" polarity="POS" modality="" happen="" lowerBoundDuration="" upperBoundDuration="" />
      </events>
      <timexes />
    </entry>
    <entry sid="7" file="9783732517695_051.txt">
      <sentence>But only the servants came .</sentence>
      <tokens>
        <t>" " "But" " "</t>
        <t>" " "only" " "</t>
        <t>" " "the" " "</t>
        <t>" " "servants" " "</t>
        <t>" " "came" ""</t>
        <t>"" "." " "</t>
      </tokens>
      <parse>(ROOT (S (CC But) (NP (RB only) (DT the) (NNS servants)) (VP (VBD came)) (. .)))</parse>
      <deps>cc(came-5, But-1)
advmod(servants-4, only-2)
det(servants-4, the-3)
nsubj(came-5, servants-4)
root(ROOT-0, came-5)</deps>
      <events>
        <event id="e15" eiid="ei15" offset="5" string="came" tense="PAST" aspect="NONE" class="OCCURRENCE" polarity="POS" modality="" happen="" lowerBoundDuration="" upperBoundDuration="" />
      </events>
      <timexes />
    </entry>
    <entry sid="8" file="9783732517695_051.txt">
      <sentence>They said that Duke Robert was not in the castle , that he had wanted to leave today .</sentence>
      <tokens>
        <t>" " "They" " "</t>
        <t>" " "said" " "</t>
        <t>" " "that" " "</t>
        <t>" " "Duke" " "</t>
        <t>" " "Robert" " "</t>
        <t>" " "was" " "</t>
        <t>" " "not" " "</t>
        <t>" " "in" " "</t>
        <t>" " "the" " "</t>
        <t>" " "castle" ""</t>
        <t>"" "," " "</t>
        <t>" " "that" " "</t>
        <t>" " "he" " "</t>
        <t>" " "had" " "</t>
        <t>" " "wanted" " "</t>
        <t>" " "to" " "</t>
        <t>" " "leave" " "</t>
        <t>" " "today" ""</t>
        <t>"" "." " "</t>
      </tokens>
      <parse>(ROOT (S (NP (PRP They)) (VP (VBD said) (SBAR (IN that) (S (NP (NNP Duke) (NNP Robert)) (VP (VBD was) (RB not) (PP (IN in) (NP (DT the) (NN castle))) (, ,) (SBAR (IN that) (S (NP (PRP he)) (VP (VBD had) (VP (VBN wanted) (S (VP (TO to) (VP (VB leave) (NP (NN today))))))))))))) (. .)))</parse>
      <deps>nsubj(said-2, They-1)
root(ROOT-0, said-2)
mark(was-6, that-3)
nn(Robert-5, Duke-4)
nsubj(was-6, Robert-5)
ccomp(said-2, was-6)
neg(was-6, not-7)
det(castle-10, the-9)
prep_in(was-6, castle-10)
mark(wanted-15, that-12)
nsubj(wanted-15, he-13)
xsubj(leave-17, he-13)
aux(wanted-15, had-14)
ccomp(was-6, wanted-15)
aux(leave-17, to-16)
xcomp(wanted-15, leave-17)
tmod(leave-17, today-18)</deps>
      <events>
        <event id="e16" eiid="ei16" offset="2" string="said" tense="PAST" aspect="NONE" class="REPORTING" polarity="POS" modality="" happen="" lowerBoundDuration="" upperBoundDuration="" />
        <event id="e17" eiid="ei17" offset="15" string="wanted" tense="PAST" aspect="PERFECTIVE" class="I_ACTION" polarity="POS" modality="" happen="" lowerBoundDuration="" upperBoundDuration="" />
        <event id="e18" eiid="ei18" offset="17" string="leave" tense="INFINITIVE" aspect="NONE" class="OCCURRENCE" polarity="POS" modality="" happen="" lowerBoundDuration="" upperBoundDuration="" />
      </events>
      <timexes />
    </entry>
    <entry sid="9" file="9783732517695_051.txt">
      <sentence>`` Then he has not returned from the river , '' Kathleen said .</sentence>
      <tokens>
        <t>" " """ ""</t>
        <t>"" "Then" " "</t>
        <t>" " "he" " "</t>
        <t>" " "has" " "</t>
        <t>" " "not" " "</t>
        <t>" " "returned" " "</t>
        <t>" " "from" " "</t>
        <t>" " "the" " "</t>
        <t>" " "river" ""</t>
        <t>"" "," ""</t>
        <t>"" """ " "</t>
        <t>" " "Kathleen" " "</t>
        <t>" " "said" ""</t>
        <t>"" "." " "</t>
      </tokens>
      <parse>(ROOT (S (`` ``) (S (ADVP (RB Then)) (NP (PRP he)) (VP (VBZ has) (RB not) (VP (VBN returned) (PP (IN from) (NP (DT the) (NN river)))))) (, ,) ('' '') (NP (NNP Kathleen)) (VP (VBD said)) (. .)))</parse>
      <deps>advmod(returned-6, Then-2)
nsubj(returned-6, he-3)
aux(returned-6, has-4)
neg(returned-6, not-5)
ccomp(said-13, returned-6)
det(river-9, the-8)
prep_from(returned-6, river-9)
nsubj(said-13, Kathleen-12)
root(ROOT-0, said-13)</deps>
      <events>
        <event id="e19" eiid="ei19" offset="6" string="returned" tense="PRESENT" aspect="PERFECTIVE" class="OCCURRENCE" polarity="POS" modality="" happen="" lowerBoundDuration="" upperBoundDuration="" />
        <event id="e20" eiid="ei20" offset="13" string="said" tense="PAST" aspect="NONE" class="REPORTING" polarity="POS" modality="" happen="" lowerBoundDuration="" upperBoundDuration="" />
      </events>
      <timexes />
    </entry>
    <entry sid="10" file="9783732517695_051.txt">
      <sentence>`` I 'll still bring him to justice . ''</sentence>
      <tokens>
        <t>" " """ ""</t>
        <t>"" "I" ""</t>
        <t>"" "'ll" " "</t>
        <t>" " "still" " "</t>
        <t>" " "bring" " "</t>
        <t>" " "him" " "</t>
        <t>" " "to" " "</t>
        <t>" " "justice" ""</t>
        <t>"" "." ""</t>
        <t>"" """ " "</t>
      </tokens>
      <parse>(ROOT (S (`` ``) (NP (PRP I)) (VP (MD 'll) (ADVP (RB still)) (VP (VB bring) (NP (PRP him)) (PP (TO to) (NP (NN justice))))) (. .) ('' '')))</parse>
      <deps>nsubj(bring-5, I-2)
aux(bring-5, 'll-3)
advmod(bring-5, still-4)
root(ROOT-0, bring-5)
dobj(bring-5, him-6)
prep_to(bring-5, justice-8)</deps>
      <events>
        <event id="e21" eiid="ei21" offset="5" string="bring" tense="NONE" aspect="NONE" class="OCCURRENCE" polarity="POS" modality="" happen="" lowerBoundDuration="" upperBoundDuration="" />
      </events>
      <timexes />
    </entry>
    <entry sid="11" file="9783732517695_051.txt">
      <sentence>Patrick asked a maid , `` Is my father in the castle yet ? ''</sentence>
      <tokens>
        <t>" " "Patrick" " "</t>
        <t>" " "asked" " "</t>
        <t>" " "a" " "</t>
        <t>" " "maid" ""</t>
        <t>"" "," " "</t>
        <t>" " """ ""</t>
        <t>"" "Is" " "</t>
        <t>" " "my" " "</t>
        <t>" " "father" " "</t>
        <t>" " "in" " "</t>
        <t>" " "the" " "</t>
        <t>" " "castle" " "</t>
        <t>" " "yet" ""</t>
        <t>"" "?" ""</t>
        <t>"" """ " "</t>
      </tokens>
      <parse>(ROOT (SBARQ (WHNP (WP Patrick)) (SQ (VP (VBD asked) (NP (DT a) (NN maid)) (, ,) (`` ``) (SQ (VBZ Is) (NP (NP (PRP$ my) (NN father)) (PP (IN in) (NP (NP (DT the) (NN castle)) (ADVP (RB yet)))))))) (. ?) ('' '')))</parse>
      <deps>nsubj(asked-2, Patrick-1)
root(ROOT-0, asked-2)
det(maid-4, a-3)
dobj(asked-2, maid-4)
dep(asked-2, Is-7)
poss(father-9, my-8)
nsubj(Is-7, father-9)
det(castle-12, the-11)
prep_in(father-9, castle-12)
advmod(castle-12, yet-13)</deps>
      <events>
        <event id="e22" eiid="ei22" offset="2" string="asked" tense="PAST" aspect="NONE" class="I_ACTION" polarity="POS" modality="" happen="" lowerBoundDuration="" upperBoundDuration="" />
      </events>
      <timexes />
    </entry>
    <entry sid="12" file="9783732517695_051.txt">
      <sentence>`` Yes , Duke Patrick .</sentence>
      <tokens>
        <t>" " """ ""</t>
        <t>"" "Yes" ""</t>
        <t>"" "," " "</t>
        <t>" " "Duke" " "</t>
        <t>" " "Patrick" ""</t>
        <t>"" "." " "</t>
      </tokens>
      <parse>(ROOT (FRAG (INTJ (`` ``) (UH Yes)) (, ,) (NP (NNP Duke) (NNP Patrick)) (. .)))</parse>
      <deps>discourse(Patrick-5, Yes-2)
nn(Patrick-5, Duke-4)
root(ROOT-0, Patrick-5)</deps>
      <events />
      <timexes />
    </entry>
    <entry sid="13" file="9783732517695_051.txt">
      <sentence>He is having tea with the Duchess in the pavilion . ''</sentence>
      <tokens>
        <t>" " "He" " "</t>
        <t>" " "is" " "</t>
        <t>" " "having" " "</t>
        <t>" " "tea" " "</t>
        <t>" " "with" " "</t>
        <t>" " "the" " "</t>
        <t>" " "Duchess" " "</t>
        <t>" " "in" " "</t>
        <t>" " "the" " "</t>
        <t>" " "pavilion" ""</t>
        <t>"" "." ""</t>
        <t>"" """ " "</t>
      </tokens>
      <parse>(ROOT (S (NP (PRP He)) (VP (VBZ is) (VP (VBG having) (NP (NP (NN tea)) (PP (IN with) (NP (NP (DT the) (NNPS Duchess)) (PP (IN in) (NP (DT the) (NN pavilion)))))))) (. .) ('' '')))</parse>
      <deps>nsubj(having-3, He-1)
aux(having-3, is-2)
root(ROOT-0, having-3)
dobj(having-3, tea-4)
det(Duchess-7, the-6)
prep_with(tea-4, Duchess-7)
det(pavilion-10, the-9)
prep_in(Duchess-7, pavilion-10)</deps>
      <events>
        <event id="e23" eiid="ei23" offset="3" string="having" tense="PRESENT" aspect="PROGRESSIVE" class="OCCURRENCE" polarity="POS" modality="" happen="" lowerBoundDuration="" upperBoundDuration="" />
      </events>
      <timexes />
    </entry>
    <entry sid="14" file="9783732517695_051.txt">
      <sentence>`` Please , stay here , Kathleen .</sentence>
      <tokens>
        <t>" " """ ""</t>
        <t>"" "Please" ""</t>
        <t>"" "," " "</t>
        <t>" " "stay" " "</t>
        <t>" " "here" ""</t>
        <t>"" "," " "</t>
        <t>" " "Kathleen" ""</t>
        <t>"" "." " "</t>
      </tokens>
      <parse>(ROOT (S (`` ``) (S (INTJ (UH Please)) (, ,) (VP (VB stay) (ADVP (RB here)))) (, ,) (VP (VBZ Kathleen)) (. .)))</parse>
      <deps>discourse(stay-4, Please-2)
ccomp(Kathleen-7, stay-4)
advmod(stay-4, here-5)
root(ROOT-0, Kathleen-7)</deps>
      <events>
        <event id="e24" eiid="ei24" offset="4" string="stay" tense="PRESENT" aspect="NONE" class="OCCURRENCE" polarity="POS" modality="" happen="" lowerBoundDuration="" upperBoundDuration="" />
        <event id="e25" eiid="ei25" offset="7" string="Kathleen" tense="PRESENT" aspect="NONE" class="OCCURRENCE" polarity="POS" modality="" happen="" lowerBoundDuration="" upperBoundDuration="" />
      </events>
      <timexes />
    </entry>
    <entry sid="15" file="9783732517695_051.txt">
      <sentence>Try to get some rest .</sentence>
      <tokens>
        <t>" " "Try" " "</t>
        <t>" " "to" " "</t>
        <t>" " "get" " "</t>
        <t>" " "some" " "</t>
        <t>" " "rest" ""</t>
        <t>"" "." " "</t>
      </tokens>
      <parse>(ROOT (S (VP (VB Try) (S (VP (TO to) (VP (VB get) (NP (DT some) (NN rest)))))) (. .)))</parse>
      <deps>root(ROOT-0, Try-1)
aux(get-3, to-2)
xcomp(Try-1, get-3)
det(rest-5, some-4)
dobj(get-3, rest-5)</deps>
      <events>
        <event id="e26" eiid="ei26" offset="3" string="get" tense="INFINITIVE" aspect="NONE" class="OCCURRENCE" polarity="POS" modality="" happen="" lowerBoundDuration="" upperBoundDuration="" />
      </events>
      <timexes />
    </entry>
    <entry sid="16" file="9783732517695_051.txt">
      <sentence>I 'm going to see my father . ''</sentence>
      <tokens>
        <t>" " "I" ""</t>
        <t>"" "'m" " "</t>
        <t>" " "going" " "</t>
        <t>" " "to" " "</t>
        <t>" " "see" " "</t>
        <t>" " "my" " "</t>
        <t>" " "father" ""</t>
        <t>"" "." ""</t>
        <t>"" """ " "</t>
      </tokens>
      <parse>(ROOT (S (NP (PRP I)) (VP (VBP 'm) (VP (VBG going) (S (VP (TO to) (VP (VB see) (NP (PRP$ my) (NN father))))))) (. .) ('' '')))</parse>
      <deps>nsubj(going-3, I-1)
xsubj(see-5, I-1)
aux(going-3, 'm-2)
root(ROOT-0, going-3)
aux(see-5, to-4)
xcomp(going-3, see-5)
poss(father-7, my-6)
dobj(see-5, father-7)</deps>
      <events>
        <event id="e27" eiid="ei27" offset="5" string="see" tense="INFINITIVE" aspect="NONE" class="PERCEPTION" polarity="POS" modality="" happen="" lowerBoundDuration="" upperBoundDuration="" />
      </events>
      <timexes />
    </entry>
    <entry sid="17" file="9783732517695_051.txt">
      <sentence>Patrick was already running out of the castle .</sentence>
      <tokens>
        <t>" " "Patrick" " "</t>
        <t>" " "was" " "</t>
        <t>" " "already" " "</t>
        <t>" " "running" " "</t>
        <t>" " "out" " "</t>
        <t>" " "of" " "</t>
        <t>" " "the" " "</t>
        <t>" " "castle" ""</t>
        <t>"" "." " "</t>
      </tokens>
      <parse>(ROOT (S (NP (NNP Patrick)) (VP (VBD was) (ADVP (RB already)) (VP (VBG running) (PRT (RP out)) (PP (IN of) (NP (DT the) (NN castle))))) (. .)))</parse>
      <deps>nsubj(running-4, Patrick-1)
aux(running-4, was-2)
advmod(running-4, already-3)
root(ROOT-0, running-4)
det(castle-8, the-7)
prep_out_of(running-4, castle-8)</deps>
      <events>
        <event id="e28" eiid="ei28" offset="4" string="running" tense="PRESENT" aspect="PROGRESSIVE" class="OCCURRENCE" polarity="POS" modality="" happen="" lowerBoundDuration="" upperBoundDuration="" />
      </events>
      <timexes />
    </entry>
    <entry sid="18" file="9783732517695_051.txt">
      <sentence>In broad leaps he ran through the park , tore open the door of the pavilion , and shouted in the hall , `` Father ! ''</sentence>
      <tokens>
        <t>" " "In" " "</t>
        <t>" " "broad" " "</t>
        <t>" " "leaps" " "</t>
        <t>" " "he" " "</t>
        <t>" " "ran" " "</t>
        <t>" " "through" " "</t>
        <t>" " "the" " "</t>
        <t>" " "park" ""</t>
        <t>"" "," " "</t>
        <t>" " "tore" " "</t>
        <t>" " "open" " "</t>
        <t>" " "the" " "</t>
        <t>" " "door" " "</t>
        <t>" " "of" " "</t>
        <t>" " "the" " "</t>
        <t>" " "pavilion" ""</t>
        <t>"" "," " "</t>
        <t>" " "and" " "</t>
        <t>" " "shouted" " "</t>
        <t>" " "in" " "</t>
        <t>" " "the" " "</t>
        <t>" " "hall" ""</t>
        <t>"" "," " "</t>
        <t>" " """ ""</t>
        <t>"" "Father" ""</t>
        <t>"" "!" ""</t>
        <t>"" """ " "</t>
      </tokens>
      <parse>(ROOT (S (PP (IN In) (NP (JJ broad) (NNS leaps))) (PRN (S (NP (PRP he)) (VP (VP (VBD ran) (PP (IN through) (NP (DT the) (NN park)))) (, ,) (VP (VBD tore) (PRT (RP open)) (NP (NP (DT the) (NN door)) (PP (IN of) (NP (DT the) (NN pavilion))))) (, ,) (CC and) (VP (VBD shouted) (PP (IN in) (NP (DT the) (NN hall)))))) (, ,)) (`` ``) (VP (VBZ Father)) (. !) ('' '')))</parse>
      <deps>amod(leaps-3, broad-2)
prep_in(Father-25, leaps-3)
nsubj(ran-5, he-4)
nsubj(tore-10, he-4)
nsubj(shouted-19, he-4)
parataxis(Father-25, ran-5)
det(park-8, the-7)
prep_through(ran-5, park-8)
conj_and(ran-5, tore-10)
parataxis(Father-25, tore-10)
prt(tore-10, open-11)
det(door-13, the-12)
dobj(tore-10, door-13)
det(pavilion-16, the-15)
prep_of(door-13, pavilion-16)
conj_and(ran-5, shouted-19)
parataxis(Father-25, shouted-19)
det(hall-22, the-21)
prep_in(shouted-19, hall-22)
root(ROOT-0, Father-25)</deps>
      <events>
        <event id="e29" eiid="ei29" offset="5" string="ran" tense="PAST" aspect="NONE" class="OCCURRENCE" polarity="POS" modality="" happen="" lowerBoundDuration="" upperBoundDuration="" />
        <event id="e30" eiid="ei30" offset="10" string="tore" tense="PAST" aspect="NONE" class="OCCURRENCE" polarity="POS" modality="" happen="" lowerBoundDuration="" upperBoundDuration="" />
        <event id="e31" eiid="ei31" offset="19" string="shouted" tense="PAST" aspect="NONE" class="OCCURRENCE" polarity="POS" modality="" happen="" lowerBoundDuration="" upperBoundDuration="" />
        <event id="e32" eiid="ei32" offset="25" string="Father" tense="PRESENT" aspect="NONE" class="OCCURRENCE" polarity="POS" modality="" happen="" lowerBoundDuration="" upperBoundDuration="" />
      </events>
      <timexes />
    </entry>
    <entry sid="19" file="9783732517695_051.txt">
      <sentence>The door of the largest room was opened , Duchess Alice stood on the threshold .</sentence>
      <tokens>
        <t>" " "The" " "</t>
        <t>" " "door" " "</t>
        <t>" " "of" " "</t>
        <t>" " "the" " "</t>
        <t>" " "largest" " "</t>
        <t>" " "room" " "</t>
        <t>" " "was" " "</t>
        <t>" " "opened" ""</t>
        <t>"" "," " "</t>
        <t>" " "Duchess" " "</t>
        <t>" " "Alice" " "</t>
        <t>" " "stood" " "</t>
        <t>" " "on" " "</t>
        <t>" " "the" " "</t>
        <t>" " "threshold" ""</t>
        <t>"" "." " "</t>
      </tokens>
      <parse>(ROOT (S (S (NP (NP (DT The) (NN door)) (PP (IN of) (NP (DT the) (JJS largest) (NN room)))) (VP (VBD was) (VP (VBN opened)))) (, ,) (NP (NNP Duchess) (NNP Alice)) (VP (VBD stood) (PP (IN on) (NP (DT the) (NN threshold)))) (. .)))</parse>
      <deps>det(door-2, The-1)
nsubjpass(opened-8, door-2)
det(room-6, the-4)
amod(room-6, largest-5)
prep_of(door-2, room-6)
auxpass(opened-8, was-7)
ccomp(stood-12, opened-8)
nn(Alice-11, Duchess-10)
nsubj(stood-12, Alice-11)
root(ROOT-0, stood-12)
det(threshold-15, the-14)
prep_on(stood-12, threshold-15)</deps>
      <events>
        <event id="e33" eiid="ei33" offset="8" string="opened" tense="PAST" aspect="NONE" class="OCCURRENCE" polarity="POS" modality="" happen="" lowerBoundDuration="" upperBoundDuration="" />
        <event id="e34" eiid="ei34" offset="12" string="stood" tense="PAST" aspect="NONE" class="OCCURRENCE" polarity="POS" modality="" happen="" lowerBoundDuration="" upperBoundDuration="" />
      </events>
      <timexes />
    </entry>
    <entry sid="20" file="9783732517695_051.txt">
      <sentence>`` How dare you frighten us like that ! ''</sentence>
      <tokens>
        <t>" " """ ""</t>
        <t>"" "How" " "</t>
        <t>" " "dare" " "</t>
        <t>" " "you" " "</t>
        <t>" " "frighten" " "</t>
        <t>" " "us" " "</t>
        <t>" " "like" " "</t>
        <t>" " "that" ""</t>
        <t>"" "!" ""</t>
        <t>"" """ " "</t>
      </tokens>
      <parse>(ROOT (S (`` ``) (SBAR (WHADVP (WRB How)) (S (VP (VBP dare) (S (NP (PRP you)) (VP (VB frighten) (NP (PRP us))))))) (VP (VBP like) (NP (DT that))) (. !) ('' '')))</parse>
      <deps>advmod(dare-3, How-2)
csubj(like-7, dare-3)
nsubj(frighten-5, you-4)
ccomp(dare-3, frighten-5)
dobj(frighten-5, us-6)
root(ROOT-0, like-7)
dobj(like-7, that-8)</deps>
      <events>
        <event id="e35" eiid="ei35" offset="3" string="dare" tense="PRESENT" aspect="NONE" class="I_STATE" polarity="POS" modality="" happen="" lowerBoundDuration="" upperBoundDuration="" />
        <event id="e36" eiid="ei36" offset="5" string="frighten" tense="PRESENT" aspect="NONE" class="OCCURRENCE" polarity="POS" modality="" happen="" lowerBoundDuration="" upperBoundDuration="" />
        <event id="e37" eiid="ei37" offset="7" string="like" tense="PRESENT" aspect="NONE" class="I_STATE" polarity="POS" modality="" happen="" lowerBoundDuration="" upperBoundDuration="" />
      </events>
      <timexes />
    </entry>
    <entry sid="21" file="9783732517695_051.txt">
      <sentence>she said intemperately .</sentence>
      <tokens>
        <t>" " "she" " "</t>
        <t>" " "said" " "</t>
        <t>" " "intemperately" ""</t>
        <t>"" "." " "</t>
      </tokens>
      <parse>(ROOT (S (NP (PRP she)) (VP (VBD said) (ADVP (RB intemperately))) (. .)))</parse>
      <deps>nsubj(said-2, she-1)
root(ROOT-0, said-2)
advmod(said-2, intemperately-3)</deps>
      <events>
        <event id="e38" eiid="ei38" offset="2" string="said" tense="PAST" aspect="NONE" class="REPORTING" polarity="POS" modality="" happen="" lowerBoundDuration="" upperBoundDuration="" />
      </events>
      <timexes />
    </entry>
    <entry sid="22" file="9783732517695_051.txt">
      <sentence>Duke Brian appeared behind her .</sentence>
      <tokens>
        <t>" " "Duke" " "</t>
        <t>" " "Brian" " "</t>
        <t>" " "appeared" " "</t>
        <t>" " "behind" " "</t>
        <t>" " "her" ""</t>
        <t>"" "." " "</t>
      </tokens>
      <parse>(ROOT (S (NP (NNP Duke) (NNP Brian)) (VP (VBD appeared) (PP (IN behind) (NP (PRP her)))) (. .)))</parse>
      <deps>nn(Brian-2, Duke-1)
nsubj(appeared-3, Brian-2)
root(ROOT-0, appeared-3)
prep_behind(appeared-3, her-5)</deps>
      <events>
        <event id="e39" eiid="ei39" offset="3" string="appeared" tense="PAST" aspect="NONE" class="OCCURRENCE" polarity="POS" modality="" happen="" lowerBoundDuration="" upperBoundDuration="" />
      </events>
      <timexes />
    </entry>
    <entry sid="23" file="9783732517695_051.txt">
      <sentence>`` Patrick will surely have a reason for seeking me here .</sentence>
      <tokens>
        <t>" " """ ""</t>
        <t>"" "Patrick" " "</t>
        <t>" " "will" " "</t>
        <t>" " "surely" " "</t>
        <t>" " "have" " "</t>
        <t>" " "a" " "</t>
        <t>" " "reason" " "</t>
        <t>" " "for" " "</t>
        <t>" " "seeking" " "</t>
        <t>" " "me" " "</t>
        <t>" " "here" ""</t>
        <t>"" "." " "</t>
      </tokens>
      <parse>(ROOT (S (`` ``) (NP (NNP Patrick)) (VP (MD will) (ADVP (RB surely)) (VP (VB have) (NP (NP (DT a) (NN reason)) (PP (IN for) (S (VP (VBG seeking) (NP (PRP me)) (ADVP (RB here)))))))) (. .)))</parse>
      <deps>nsubj(have-5, Patrick-2)
aux(have-5, will-3)
advmod(have-5, surely-4)
root(ROOT-0, have-5)
det(reason-7, a-6)
dobj(have-5, reason-7)
prepc_for(reason-7, seeking-9)
dobj(seeking-9, me-10)
advmod(seeking-9, here-11)</deps>
      <events>
        <event id="e40" eiid="ei40" offset="9" string="seeking" tense="PRESPART" aspect="NONE" class="OCCURRENCE" polarity="POS" modality="" happen="" lowerBoundDuration="" upperBoundDuration="" />
      </events>
      <timexes />
    </entry>
    <entry sid="24" file="9783732517695_051.txt">
      <sentence>Come in , Patrick . ''</sentence>
      <tokens>
        <t>" " "Come" " "</t>
        <t>" " "in" ""</t>
        <t>"" "," " "</t>
        <t>" " "Patrick" ""</t>
        <t>"" "." ""</t>
        <t>"" """ " "</t>
      </tokens>
      <parse>(ROOT (S (VP (VB Come) (ADVP (RB in)) (, ,) (NP (NNP Patrick))) (. .) ('' '')))</parse>
      <deps>root(ROOT-0, Come-1)
advmod(Come-1, in-2)
dobj(Come-1, Patrick-4)</deps>
      <events />
      <timexes />
    </entry>
    <entry sid="25" file="9783732517695_051.txt">
      <sentence>Patrick had to push past Duchess Alice .</sentence>
      <tokens>
        <t>" " "Patrick" " "</t>
        <t>" " "had" " "</t>
        <t>" " "to" " "</t>
        <t>" " "push" " "</t>
        <t>" " "past" " "</t>
        <t>" " "Duchess" " "</t>
        <t>" " "Alice" ""</t>
        <t>"" "." " "</t>
      </tokens>
      <parse>(ROOT (S (NP (NNP Patrick)) (VP (VBD had) (S (VP (TO to) (VP (VB push) (PP (IN past) (NP (NNP Duchess) (NNP Alice))))))) (. .)))</parse>
      <deps>nsubj(had-2, Patrick-1)
xsubj(push-4, Patrick-1)
root(ROOT-0, had-2)
aux(push-4, to-3)
xcomp(had-2, push-4)
nn(Alice-7, Duchess-6)
prep_past(push-4, Alice-7)</deps>
      <events>
        <event id="e41" eiid="ei41" offset="2" string="had" tense="PAST" aspect="NONE" class="I_ACTION" polarity="POS" modality="" happen="" lowerBoundDuration="" upperBoundDuration="" />
        <event id="e42" eiid="ei42" offset="4" string="push" tense="INFINITIVE" aspect="NONE" class="OCCURRENCE" polarity="POS" modality="" happen="" lowerBoundDuration="" upperBoundDuration="" />
      </events>
      <timexes>
        <timex tid="t1" text="past" offset="5" length="1" type="DATE" value="PAST_REF" temporalFunction="false" />
      </timexes>
    </entry>
    <entry sid="26" file="9783732517695_051.txt">
      <sentence>She stopped on the threshold as if to block his path .</sentence>
      <tokens>
        <t>" " "She" " "</t>
        <t>" " "stopped" " "</t>
        <t>" " "on" " "</t>
        <t>" " "the" " "</t>
        <t>" " "threshold" " "</t>
        <t>" " "as" " "</t>
        <t>" " "if" " "</t>
        <t>" " "to" " "</t>
        <t>" " "block" " "</t>
        <t>" " "his" " "</t>
        <t>" " "path" ""</t>
        <t>"" "." " "</t>
      </tokens>
      <parse>(ROOT (S (NP (PRP She)) (VP (VBD stopped) (PP (IN on) (NP (DT the) (NN threshold))) (SBAR (RB as) (IN if) (S (VP (TO to) (VP (VB block) (NP (PRP$ his) (NN path))))))) (. .)))</parse>
      <deps>nsubj(stopped-2, She-1)
xsubj(block-9, She-1)
root(ROOT-0, stopped-2)
det(threshold-5, the-4)
prep_on(stopped-2, threshold-5)
advmod(block-9, as-6)
mark(block-9, if-7)
aux(block-9, to-8)
advcl(stopped-2, block-9)
ccomp(stopped-2, block-9)
xcomp(stopped-2, block-9)
poss(path-11, his-10)
dobj(block-9, path-11)</deps>
      <events>
        <event id="e43" eiid="ei43" offset="2" string="stopped" tense="PAST" aspect="NONE" class="OCCURRENCE" polarity="POS" modality="" happen="" lowerBoundDuration="" upperBoundDuration="" />
        <event id="e44" eiid="ei44" offset="9" string="block" tense="INFINITIVE" aspect="NONE" class="I_ACTION" polarity="POS" modality="" happen="" lowerBoundDuration="" upperBoundDuration="" />
      </events>
      <timexes />
    </entry>
    <entry sid="27" file="9783732517695_051.txt">
      <sentence>With her lips pressed together and her eyes sparkling with excitement , she looked at the two men .</sentence>
      <tokens>
        <t>" " "With" " "</t>
        <t>" " "her" " "</t>
        <t>" " "lips" " "</t>
        <t>" " "pressed" " "</t>
        <t>" " "together" " "</t>
        <t>" " "and" " "</t>
        <t>" " "her" " "</t>
        <t>" " "eyes" " "</t>
        <t>" " "sparkling" " "</t>
        <t>" " "with" " "</t>
        <t>" " "excitement" ""</t>
        <t>"" "," " "</t>
        <t>" " "she" " "</t>
        <t>" " "looked" " "</t>
        <t>" " "at" " "</t>
        <t>" " "the" " "</t>
        <t>" " "two" " "</t>
        <t>" " "men" ""</t>
        <t>"" "." " "</t>
      </tokens>
      <parse>(ROOT (S (PP (IN With) (NP (NP (NP (PRP$ her) (NNS lips)) (VP (VBN pressed) (ADVP (RB together)))) (CC and) (NP (NP (PRP$ her) (NNS eyes)) (VP (VBN sparkling) (PP (IN with) (NP (NN excitement))))))) (, ,) (NP (PRP she)) (VP (VBD looked) (PP (IN at) (NP (DT the) (CD two) (NNS men)))) (. .)))</parse>
      <deps>poss(lips-3, her-2)
prep_with(looked-14, lips-3)
partmod(lips-3, pressed-4)
advmod(pressed-4, together-5)
poss(eyes-8, her-7)
conj_and(lips-3, eyes-8)
prep_with(looked-14, eyes-8)
partmod(eyes-8, sparkling-9)
prep_with(sparkling-9, excitement-11)
nsubj(looked-14, she-13)
root(ROOT-0, looked-14)
det(men-18, the-16)
num(men-18, two-17)
prep_at(looked-14, men-18)</deps>
      <events>
        <event id="e45" eiid="ei45" offset="14" string="looked" tense="PAST" aspect="NONE" class="OCCURRENCE" polarity="POS" modality="" happen="" lowerBoundDuration="" upperBoundDuration="" />
      </events>
      <timexes />
    </entry>
    <entry sid="28" file="9783732517695_051.txt">
      <sentence>While Duke Brian sat down , Patrick stopped .</sentence>
      <tokens>
        <t>" " "While" " "</t>
        <t>" " "Duke" " "</t>
        <t>" " "Brian" " "</t>
        <t>" " "sat" " "</t>
        <t>" " "down" ""</t>
        <t>"" "," " "</t>
        <t>" " "Patrick" " "</t>
        <t>" " "stopped" ""</t>
        <t>"" "." " "</t>
      </tokens>
      <parse>(ROOT (S (SBAR (IN While) (S (NP (NNP Duke) (NNP Brian)) (VP (VBD sat) (PRT (RP down))))) (, ,) (NP (NNP Patrick)) (VP (VBD stopped)) (. .)))</parse>
      <deps>mark(sat-4, While-1)
nn(Brian-3, Duke-2)
nsubj(sat-4, Brian-3)
advcl(stopped-8, sat-4)
prt(sat-4, down-5)
nsubj(stopped-8, Patrick-7)
root(ROOT-0, stopped-8)</deps>
      <events>
        <event id="e46" eiid="ei46" offset="4" string="sat" tense="PAST" aspect="NONE" class="OCCURRENCE" polarity="POS" modality="" happen="" lowerBoundDuration="" upperBoundDuration="" />
        <event id="e47" eiid="ei47" offset="8" string="stopped" tense="PAST" aspect="NONE" class="OCCURRENCE" polarity="POS" modality="" happen="" lowerBoundDuration="" upperBoundDuration="" />
      </events>
      <timexes />
    </entry>
    <entry sid="29" file="9783732517695_051.txt">
      <sentence>`` Father , you are the master at Windhome .</sentence>
      <tokens>
        <t>" " """ ""</t>
        <t>"" "Father" ""</t>
        <t>"" "," " "</t>
        <t>" " "you" " "</t>
        <t>" " "are" " "</t>
        <t>" " "the" " "</t>
        <t>" " "master" " "</t>
        <t>" " "at" " "</t>
        <t>" " "Windhome" ""</t>
        <t>"" "." " "</t>
      </tokens>
      <parse>(ROOT (S (`` ``) (INTJ (UH Father)) (, ,) (NP (PRP you)) (VP (VBP are) (NP (NP (DT the) (NN master)) (PP (IN at) (NP (NNP Windhome))))) (. .)))</parse>
      <deps>discourse(master-7, Father-2)
nsubj(master-7, you-4)
cop(master-7, are-5)
det(master-7, the-6)
root(ROOT-0, master-7)
prep_at(master-7, Windhome-9)</deps>
      <events />
      <timexes />
    </entry>
    <entry sid="30" file="9783732517695_051.txt">
      <sentence>You I must ask to keep order here .</sentence>
      <tokens>
        <t>" " "You" " "</t>
        <t>" " "I" " "</t>
        <t>" " "must" " "</t>
        <t>" " "ask" " "</t>
        <t>" " "to" " "</t>
        <t>" " "keep" " "</t>
        <t>" " "order" " "</t>
        <t>" " "here" ""</t>
        <t>"" "." " "</t>
      </tokens>
      <parse>(ROOT (S (NP (PRP You)) (NP (PRP I)) (VP (MD must) (VP (VB ask) (S (VP (TO to) (VP (VB keep) (NP (NN order)) (ADVP (RB here))))))) (. .)))</parse>
      <deps>nsubj(ask-4, You-1)
xsubj(keep-6, You-1)
nsubj(ask-4, I-2)
xsubj(keep-6, I-2)
aux(ask-4, must-3)
root(ROOT-0, ask-4)
aux(keep-6, to-5)
xcomp(ask-4, keep-6)
dobj(keep-6, order-7)
advmod(keep-6, here-8)</deps>
      <events>
        <event id="e48" eiid="ei48" offset="4" string="ask" tense="NONE" aspect="NONE" class="I_ACTION" polarity="POS" modality="" happen="" lowerBoundDuration="" upperBoundDuration="" />
        <event id="e49" eiid="ei49" offset="6" string="keep" tense="INFINITIVE" aspect="NONE" class="OCCURRENCE" polarity="POS" modality="" happen="" lowerBoundDuration="" upperBoundDuration="" />
      </events>
      <timexes />
    </entry>
    <entry sid="31" file="9783732517695_051.txt">
      <sentence>Things are happening as I have always feared since that woman has so much power in the castle .</sentence>
      <tokens>
        <t>" " "Things" " "</t>
        <t>" " "are" " "</t>
        <t>" " "happening" " "</t>
        <t>" " "as" " "</t>
        <t>" " "I" " "</t>
        <t>" " "have" " "</t>
        <t>" " "always" " "</t>
        <t>" " "feared" " "</t>
        <t>" " "since" " "</t>
        <t>" " "that" " "</t>
        <t>" " "woman" " "</t>
        <t>" " "has" " "</t>
        <t>" " "so" " "</t>
        <t>" " "much" " "</t>
        <t>" " "power" " "</t>
        <t>" " "in" " "</t>
        <t>" " "the" " "</t>
        <t>" " "castle" ""</t>
        <t>"" "." " "</t>
      </tokens>
      <parse>(ROOT (S (NP (NNS Things)) (VP (VBP are) (VP (VBG happening) (SBAR (IN as) (S (NP (PRP I)) (VP (VBP have) (ADVP (RB always)) (VP (VBN feared) (SBAR (IN since) (S (NP (DT that) (NN woman)) (VP (VBZ has) (NP (NP (ADJP (RB so) (JJ much)) (NN power)) (PP (IN in) (NP (DT the) (NN castle))))))))))))) (. .)))</parse>
      <deps>nsubj(happening-3, Things-1)
aux(happening-3, are-2)
root(ROOT-0, happening-3)
mark(feared-8, as-4)
nsubj(feared-8, I-5)
aux(feared-8, have-6)
advmod(feared-8, always-7)
advcl(happening-3, feared-8)
mark(has-12, since-9)
det(woman-11, that-10)
nsubj(has-12, woman-11)
advcl(feared-8, has-12)
advmod(much-14, so-13)
amod(power-15, much-14)
dobj(has-12, power-15)
det(castle-18, the-17)
prep_in(power-15, castle-18)</deps>
      <events>
        <event id="e50" eiid="ei50" offset="3" string="happening" tense="PRESENT" aspect="PROGRESSIVE" class="OCCURRENCE" polarity="POS" modality="" happen="" lowerBoundDuration="" upperBoundDuration="" />
        <event id="e51" eiid="ei51" offset="8" string="feared" tense="PRESENT" aspect="NONE" class="OCCURRENCE" polarity="POS" modality="" happen="" lowerBoundDuration="" upperBoundDuration="" />
      </events>
      <timexes />
    </entry>
    <entry sid="32" file="9783732517695_051.txt">
      <sentence>She and her son are besmirching our name . ''</sentence>
      <tokens>
        <t>" " "She" " "</t>
        <t>" " "and" " "</t>
        <t>" " "her" " "</t>
        <t>" " "son" " "</t>
        <t>" " "are" " "</t>
        <t>" " "besmirching" " "</t>
        <t>" " "our" " "</t>
        <t>" " "name" ""</t>
        <t>"" "." ""</t>
        <t>"" """ " "</t>
      </tokens>
      <parse>(ROOT (S (NP (NP (PRP She)) (CC and) (NP (PRP$ her) (NN son))) (VP (VBP are) (VP (VBG besmirching) (NP (PRP$ our) (NN name)))) (. .) ('' '')))</parse>
      <deps>nsubj(besmirching-6, She-1)
poss(son-4, her-3)
conj_and(She-1, son-4)
nsubj(besmirching-6, son-4)
aux(besmirching-6, are-5)
root(ROOT-0, besmirching-6)
poss(name-8, our-7)
dobj(besmirching-6, name-8)</deps>
      <events>
        <event id="e52" eiid="ei52" offset="6" string="besmirching" tense="PRESENT" aspect="PROGRESSIVE" class="I_ACTION" polarity="POS" modality="" happen="" lowerBoundDuration="" upperBoundDuration="" />
      </events>
      <timexes />
    </entry>
    <entry sid="33" file="9783732517695_051.txt">
      <sentence>`` Patrick ! ''</sentence>
      <tokens>
        <t>" " """ ""</t>
        <t>"" "Patrick" ""</t>
        <t>"" "!" ""</t>
        <t>"" """ " "</t>
      </tokens>
      <parse>(ROOT (INTJ (`` ``) (UH Patrick) (. !) ('' '')))</parse>
      <deps />
      <events />
      <timexes />
    </entry>
    <entry sid="34" file="9783732517695_051.txt">
      <sentence>This shout from Duke Brian was lost in Duchess Alice 's angry outcry .</sentence>
      <tokens>
        <t>" " "This" " "</t>
        <t>" " "shout" " "</t>
        <t>" " "from" " "</t>
        <t>" " "Duke" " "</t>
        <t>" " "Brian" " "</t>
        <t>" " "was" " "</t>
        <t>" " "lost" " "</t>
        <t>" " "in" " "</t>
        <t>" " "Duchess" " "</t>
        <t>" " "Alice" ""</t>
        <t>"" "'s" " "</t>
        <t>" " "angry" " "</t>
        <t>" " "outcry" ""</t>
        <t>"" "." " "</t>
      </tokens>
      <parse>(ROOT (S (NP (NP (DT This) (NN shout)) (PP (IN from) (NP (NNP Duke) (NNP Brian)))) (VP (VBD was) (VP (VBN lost) (PP (IN in) (NP (NP (NNP Duchess) (NNP Alice) (POS 's)) (JJ angry) (NN outcry))))) (. .)))</parse>
      <deps>det(shout-2, This-1)
nsubjpass(lost-7, shout-2)
nn(Brian-5, Duke-4)
prep_from(shout-2, Brian-5)
auxpass(lost-7, was-6)
root(ROOT-0, lost-7)
nn(Alice-10, Duchess-9)
poss(outcry-13, Alice-10)
amod(outcry-13, angry-12)
prep_in(lost-7, outcry-13)</deps>
      <events>
        <event id="e53" eiid="ei53" offset="7" string="lost" tense="PAST" aspect="NONE" class="OCCURRENCE" polarity="POS" modality="" happen="" lowerBoundDuration="" upperBoundDuration="" />
      </events>
      <timexes />
    </entry>
    <entry sid="35" file="9783732517695_051.txt">
      <sentence>She grabbed Patrick by the upper arms .</sentence>
      <tokens>
        <t>" " "She" " "</t>
        <t>" " "grabbed" " "</t>
        <t>" " "Patrick" " "</t>
        <t>" " "by" " "</t>
        <t>" " "the" " "</t>
        <t>" " "upper" " "</t>
        <t>" " "arms" ""</t>
        <t>"" "." " "</t>
      </tokens>
      <parse>(ROOT (S (NP (PRP She)) (VP (VBD grabbed) (NP (NNP Patrick)) (PP (IN by) (NP (DT the) (JJ upper) (NNS arms)))) (. .)))</parse>
      <deps>nsubj(grabbed-2, She-1)
root(ROOT-0, grabbed-2)
dobj(grabbed-2, Patrick-3)
det(arms-7, the-5)
amod(arms-7, upper-6)
prep_by(grabbed-2, arms-7)</deps>
      <events>
        <event id="e54" eiid="ei54" offset="2" string="grabbed" tense="PAST" aspect="NONE" class="OCCURRENCE" polarity="POS" modality="" happen="" lowerBoundDuration="" upperBoundDuration="" />
      </events>
      <timexes />
    </entry>
    <entry sid="36" file="9783732517695_051.txt">
      <sentence>`` Do n't say that again ! ''</sentence>
      <tokens>
        <t>" " """ ""</t>
        <t>"" "Do" ""</t>
        <t>"" "n't" " "</t>
        <t>" " "say" " "</t>
        <t>" " "that" " "</t>
        <t>" " "again" ""</t>
        <t>"" "!" ""</t>
        <t>"" """ " "</t>
      </tokens>
      <parse>(ROOT (S (`` ``) (VP (VB Do) (RB n't) (VP (VB say) (NP (DT that)) (ADVP (RB again)))) (. !) ('' '')))</parse>
      <deps>aux(say-4, Do-2)
neg(say-4, n't-3)
root(ROOT-0, say-4)
dobj(say-4, that-5)
advmod(say-4, again-6)</deps>
      <events>
        <event id="e55" eiid="ei55" offset="4" string="say" tense="NONE" aspect="NONE" class="REPORTING" polarity="POS" modality="" happen="" lowerBoundDuration="" upperBoundDuration="" />
      </events>
      <timexes />
    </entry>
    <entry sid="37" file="9783732517695_051.txt">
      <sentence>Patrick freed himself from her hands .</sentence>
      <tokens>
        <t>" " "Patrick" " "</t>
        <t>" " "freed" " "</t>
        <t>" " "himself" " "</t>
        <t>" " "from" " "</t>
        <t>" " "her" " "</t>
        <t>" " "hands" ""</t>
        <t>"" "." " "</t>
      </tokens>
      <parse>(ROOT (S (NP (NNP Patrick)) (VP (VBD freed) (NP (PRP himself)) (PP (IN from) (NP (PRP$ her) (NNS hands)))) (. .)))</parse>
      <deps>nsubj(freed-2, Patrick-1)
root(ROOT-0, freed-2)
dobj(freed-2, himself-3)
poss(hands-6, her-5)
prep_from(freed-2, hands-6)</deps>
      <events>
        <event id="e56" eiid="ei56" offset="2" string="freed" tense="PAST" aspect="NONE" class="OCCURRENCE" polarity="POS" modality="" happen="" lowerBoundDuration="" upperBoundDuration="" />
      </events>
      <timexes />
    </entry>
    <entry sid="38" file="9783732517695_051.txt">
      <sentence>`` You 're going to have to put up with me repeating what I said .</sentence>
      <tokens>
        <t>" " """ ""</t>
        <t>"" "You" ""</t>
        <t>"" "'re" " "</t>
        <t>" " "going" " "</t>
        <t>" " "to" " "</t>
        <t>" " "have" " "</t>
        <t>" " "to" " "</t>
        <t>" " "put" " "</t>
        <t>" " "up" " "</t>
        <t>" " "with" " "</t>
        <t>" " "me" " "</t>
        <t>" " "repeating" " "</t>
        <t>" " "what" " "</t>
        <t>" " "I" " "</t>
        <t>" " "said" ""</t>
        <t>"" "." " "</t>
      </tokens>
      <parse>(ROOT (S (`` ``) (NP (PRP You)) (VP (VBP 're) (VP (VBG going) (S (VP (TO to) (VP (VB have) (S (VP (TO to) (VP (VB put) (PRT (RP up)) (PP (IN with) (S (NP (PRP me)) (VP (VBG repeating) (SBAR (WHNP (WP what)) (S (NP (PRP I)) (VP (VBD said))))))))))))))) (. .)))</parse>
      <deps>nsubj(going-4, You-2)
xsubj(have-6, You-2)
aux(going-4, 're-3)
root(ROOT-0, going-4)
aux(have-6, to-5)
xcomp(going-4, have-6)
aux(put-8, to-7)
xcomp(have-6, put-8)
prt(put-8, up-9)
nsubj(repeating-12, me-11)
prepc_with(put-8, repeating-12)
dobj(said-15, what-13)
nsubj(said-15, I-14)
ccomp(repeating-12, said-15)</deps>
      <events>
        <event id="e57" eiid="ei57" offset="6" string="have" tense="FUTURE" aspect="NONE" class="I_ACTION" polarity="POS" modality="" happen="" lowerBoundDuration="" upperBoundDuration="" />
        <event id="e58" eiid="ei58" offset="8" string="put" tense="INFINITIVE" aspect="NONE" class="OCCURRENCE" polarity="POS" modality="" happen="" lowerBoundDuration="" upperBoundDuration="" />
        <event id="e59" eiid="ei59" offset="12" string="repeating" tense="PRESPART" aspect="NONE" class="OCCURRENCE" polarity="POS" modality="" happen="" lowerBoundDuration="" upperBoundDuration="" />
        <event id="e60" eiid="ei60" offset="15" string="said" tense="PAST" aspect="NONE" class="REPORTING" polarity="POS" modality="" happen="" lowerBoundDuration="" upperBoundDuration="" />
      </events>
      <timexes />
    </entry>
    <entry sid="39" file="9783732517695_051.txt">
      <sentence>Your son just tried to rape Kathleen .</sentence>
      <tokens>
        <t>" " "Your" " "</t>
        <t>" " "son" " "</t>
        <t>" " "just" " "</t>
        <t>" " "tried" " "</t>
        <t>" " "to" " "</t>
        <t>" " "rape" " "</t>
        <t>" " "Kathleen" ""</t>
        <t>"" "." " "</t>
      </tokens>
      <parse>(ROOT (S (NP (PRP$ Your) (NN son)) (ADVP (RB just)) (VP (VBD tried) (PP (TO to) (NP (NN rape) (NNS Kathleen)))) (. .)))</parse>
      <deps>poss(son-2, Your-1)
nsubj(tried-4, son-2)
advmod(tried-4, just-3)
root(ROOT-0, tried-4)
nn(Kathleen-7, rape-6)
prep_to(tried-4, Kathleen-7)</deps>
      <events>
        <event id="e61" eiid="ei61" offset="4" string="tried" tense="PAST" aspect="NONE" class="I_ACTION" polarity="POS" modality="" happen="" lowerBoundDuration="" upperBoundDuration="" />
      </events>
      <timexes />
    </entry>
    <entry sid="40" file="9783732517695_051.txt">
      <sentence>My fiancée ! ''</sentence>
      <tokens>
        <t>" " "My" " "</t>
        <t>" " "fiancée" ""</t>
        <t>"" "!" ""</t>
        <t>"" """ " "</t>
      </tokens>
      <parse>(ROOT (S (NP (PRP$ My)) (VP (VBP fiancée)) (. !) ('' '')))</parse>
      <deps>nsubj(fiancée-2, My-1)
root(ROOT-0, fiancée-2)</deps>
      <events />
      <timexes />
    </entry>
    <entry sid="41" file="9783732517695_051.txt">
      <sentence>`` That 's not true ! ''</sentence>
      <tokens>
        <t>" " """ ""</t>
        <t>"" "That" ""</t>
        <t>"" "'s" " "</t>
        <t>" " "not" " "</t>
        <t>" " "true" ""</t>
        <t>"" "!" ""</t>
        <t>"" """ " "</t>
      </tokens>
      <parse>(ROOT (S (`` ``) (NP (DT That)) (VP (VBZ 's) (RB not) (ADJP (JJ true))) (. !) ('' '')))</parse>
      <deps>nsubj(true-5, That-2)
cop(true-5, 's-3)
neg(true-5, not-4)
root(ROOT-0, true-5)</deps>
      <events />
      <timexes />
    </entry>
    <entry sid="42" file="9783732517695_051.txt">
      <sentence>For once , these words might have come from Duchess Alice 's lips in full conviction .</sentence>
      <tokens>
        <t>" " "For" " "</t>
        <t>" " "once" ""</t>
        <t>"" "," " "</t>
        <t>" " "these" " "</t>
        <t>" " "words" " "</t>
        <t>" " "might" " "</t>
        <t>" " "have" " "</t>
        <t>" " "come" " "</t>
        <t>" " "from" " "</t>
        <t>" " "Duchess" " "</t>
        <t>" " "Alice" ""</t>
        <t>"" "'s" " "</t>
        <t>" " "lips" " "</t>
        <t>" " "in" " "</t>
        <t>" " "full" " "</t>
        <t>" " "conviction" ""</t>
        <t>"" "." " "</t>
      </tokens>
      <parse>(ROOT (S (PP (IN For) (NP (RB once))) (, ,) (NP (DT these) (NNS words)) (VP (MD might) (VP (VB have) (VP (VBN come) (PP (IN from) (NP (NP (NNP Duchess) (NNP Alice) (POS 's)) (NNS lips))) (PP (IN in) (NP (JJ full) (NN conviction)))))) (. .)))</parse>
      <deps>prep(come-8, For-1)
pobj(For-1, once-2)
det(words-5, these-4)
nsubj(come-8, words-5)
aux(come-8, might-6)
aux(come-8, have-7)
root(ROOT-0, come-8)
nn(Alice-11, Duchess-10)
poss(lips-13, Alice-11)
prep_from(come-8, lips-13)
amod(conviction-16, full-15)
prep_in(come-8, conviction-16)</deps>
      <events>
        <event id="e62" eiid="ei62" offset="8" string="come" tense="NONE" aspect="PERFECTIVE" class="OCCURRENCE" polarity="POS" modality="" happen="" lowerBoundDuration="" upperBoundDuration="" />
      </events>
      <timexes>
        <timex tid="t2" text="once" offset="2" length="1" type="DATE" value="PAST_REF" temporalFunction="false" />
      </timexes>
    </entry>
    <entry sid="43" file="9783732517695_051.txt">
      <sentence>She did not know her son 's disposition to take by force what he called love .</sentence>
      <tokens>
        <t>" " "She" " "</t>
        <t>" " "did" " "</t>
        <t>" " "not" " "</t>
        <t>" " "know" " "</t>
        <t>" " "her" " "</t>
        <t>" " "son" ""</t>
        <t>"" "'s" " "</t>
        <t>" " "disposition" " "</t>
        <t>" " "to" " "</t>
        <t>" " "take" " "</t>
        <t>" " "by" " "</t>
        <t>" " "force" " "</t>
        <t>" " "what" " "</t>
        <t>" " "he" " "</t>
        <t>" " "called" " "</t>
        <t>" " "love" ""</t>
        <t>"" "." " "</t>
      </tokens>
      <parse>(ROOT (S (NP (PRP She)) (VP (VBD did) (RB not) (VP (VB know) (NP (NP (PRP$ her) (NN son) (POS 's)) (NN disposition) (S (VP (TO to) (VP (VB take) (PP (IN by) (NP (NP (NN force)) (SBAR (WHNP (WP what)) (S (NP (PRP he)) (VP (VBD called) (NP (NN love))))))))))))) (. .)))</parse>
      <deps>nsubj(know-4, She-1)
aux(know-4, did-2)
neg(know-4, not-3)
root(ROOT-0, know-4)
poss(son-6, her-5)
poss(disposition-8, son-6)
dobj(know-4, disposition-8)
aux(take-10, to-9)
infmod(disposition-8, take-10)
prep_by(take-10, force-12)
dobj(called-15, force-12)
rel(called-15, what-13)
nsubj(called-15, he-14)
rcmod(force-12, called-15)
dobj(called-15, love-16)</deps>
      <events>
        <event id="e63" eiid="ei63" offset="4" string="know" tense="PAST" aspect="NONE" class="OCCURRENCE" polarity="POS" modality="" happen="" lowerBoundDuration="" upperBoundDuration="" />
        <event id="e64" eiid="ei64" offset="10" string="take" tense="INFINITIVE" aspect="NONE" class="OCCURRENCE" polarity="POS" modality="" happen="" lowerBoundDuration="" upperBoundDuration="" />
        <event id="e65" eiid="ei65" offset="15" string="called" tense="PAST" aspect="NONE" class="I_ACTION" polarity="POS" modality="" happen="" lowerBoundDuration="" upperBoundDuration="" />
      </events>
      <timexes />
    </entry>
    <entry sid="44" file="9783732517695_051.txt">
      <sentence>And she did n't think him foolish enough to try to take Kathleen , of all people .</sentence>
      <tokens>
        <t>" " "And" " "</t>
        <t>" " "she" " "</t>
        <t>" " "did" ""</t>
        <t>"" "n't" " "</t>
        <t>" " "think" " "</t>
        <t>" " "him" " "</t>
        <t>" " "foolish" " "</t>
        <t>" " "enough" " "</t>
        <t>" " "to" " "</t>
        <t>" " "try" " "</t>
        <t>" " "to" " "</t>
        <t>" " "take" " "</t>
        <t>" " "Kathleen" ""</t>
        <t>"" "," " "</t>
        <t>" " "of" " "</t>
        <t>" " "all" " "</t>
        <t>" " "people" ""</t>
        <t>"" "." " "</t>
      </tokens>
      <parse>(ROOT (S (CC And) (NP (PRP she)) (VP (VBD did) (RB n't) (VP (VB think) (NP (PRP him)) (ADJP (JJ foolish) (RB enough) (S (VP (TO to) (VP (VB try) (S (VP (TO to) (VP (VB take) (NP (NP (NNP Kathleen)) (, ,) (PP (IN of) (NP (DT all) (NNS people))))))))))))) (. .)))</parse>
      <deps>cc(think-5, And-1)
nsubj(think-5, she-2)
aux(think-5, did-3)
neg(think-5, n't-4)
root(ROOT-0, think-5)
dobj(think-5, him-6)
dep(think-5, foolish-7)
advmod(foolish-7, enough-8)
aux(try-10, to-9)
xcomp(foolish-7, try-10)
aux(take-12, to-11)
xcomp(try-10, take-12)
dobj(take-12, Kathleen-13)
det(people-17, all-16)
prep_of(Kathleen-13, people-17)</deps>
      <events>
        <event id="e66" eiid="ei66" offset="5" string="think" tense="PAST" aspect="NONE" class="OCCURRENCE" polarity="POS" modality="" happen="" lowerBoundDuration="" upperBoundDuration="" />
        <event id="e67" eiid="ei67" offset="10" string="try" tense="INFINITIVE" aspect="NONE" class="I_ACTION" polarity="POS" modality="" happen="" lowerBoundDuration="" upperBoundDuration="" />
        <event id="e68" eiid="ei68" offset="12" string="take" tense="INFINITIVE" aspect="NONE" class="OCCURRENCE" polarity="POS" modality="" happen="" lowerBoundDuration="" upperBoundDuration="" />
      </events>
      <timexes />
    </entry>
    <entry sid="45" file="9783732517695_051.txt">
      <sentence>`` It 's true , '' Patrick said .</sentence>
      <tokens>
        <t>" " """ ""</t>
        <t>"" "It" ""</t>
        <t>"" "'s" " "</t>
        <t>" " "true" ""</t>
        <t>"" "," ""</t>
        <t>"" """ " "</t>
        <t>" " "Patrick" " "</t>
        <t>" " "said" ""</t>
        <t>"" "." " "</t>
      </tokens>
      <parse>(ROOT (S (`` ``) (S (NP (PRP It)) (VP (VBZ 's) (ADJP (JJ true)))) (, ,) ('' '') (NP (NNP Patrick)) (VP (VBD said)) (. .)))</parse>
      <deps>nsubj(true-4, It-2)
cop(true-4, 's-3)
ccomp(said-8, true-4)
nsubj(said-8, Patrick-7)
root(ROOT-0, said-8)</deps>
      <events>
        <event id="e69" eiid="ei69" offset="8" string="said" tense="PAST" aspect="NONE" class="REPORTING" polarity="POS" modality="" happen="" lowerBoundDuration="" upperBoundDuration="" />
      </events>
      <timexes />
    </entry>
    <entry sid="46" file="9783732517695_051.txt">
      <sentence>`` That 's all I have to tell you , Father .</sentence>
      <tokens>
        <t>" " """ ""</t>
        <t>"" "That" ""</t>
        <t>"" "'s" " "</t>
        <t>" " "all" " "</t>
        <t>" " "I" " "</t>
        <t>" " "have" " "</t>
        <t>" " "to" " "</t>
        <t>" " "tell" " "</t>
        <t>" " "you" ""</t>
        <t>"" "," " "</t>
        <t>" " "Father" ""</t>
        <t>"" "." " "</t>
      </tokens>
      <parse>(ROOT (S (`` ``) (NP (DT That)) (VP (VBZ 's) (NP (NP (DT all)) (SBAR (S (NP (PRP I)) (VP (VBP have) (S (VP (TO to) (VP (VB tell) (NP (PRP you)) (, ,) (NP (NNP Father)))))))))) (. .)))</parse>
      <deps>nsubj(all-4, That-2)
cop(all-4, 's-3)
root(ROOT-0, all-4)
dobj(have-6, all-4)
nsubj(have-6, I-5)
xsubj(tell-8, I-5)
rcmod(all-4, have-6)
aux(tell-8, to-7)
xcomp(have-6, tell-8)
dobj(tell-8, you-9)
dobj(tell-8, Father-11)</deps>
      <events>
        <event id="e70" eiid="ei70" offset="8" string="tell" tense="INFINITIVE" aspect="NONE" class="OCCURRENCE" polarity="POS" modality="" happen="" lowerBoundDuration="" upperBoundDuration="" />
      </events>
      <timexes />
    </entry>
    <entry sid="47" file="9783732517695_051.txt">
      <sentence>I will know how to protect Kathleen from this fiend in the future .</sentence>
      <tokens>
        <t>" " "I" " "</t>
        <t>" " "will" " "</t>
        <t>" " "know" " "</t>
        <t>" " "how" " "</t>
        <t>" " "to" " "</t>
        <t>" " "protect" " "</t>
        <t>" " "Kathleen" " "</t>
        <t>" " "from" " "</t>
        <t>" " "this" " "</t>
        <t>" " "fiend" " "</t>
        <t>" " "in" " "</t>
        <t>" " "the" " "</t>
        <t>" " "future" ""</t>
        <t>"" "." " "</t>
      </tokens>
      <parse>(ROOT (S (NP (PRP I)) (VP (MD will) (VP (VB know) (SBAR (WHADVP (WRB how)) (S (VP (TO to) (VP (VB protect) (NP (NNP Kathleen)) (PP (IN from) (NP (NP (DT this) (NN fiend)) (PP (IN in) (NP (DT the) (NN future))))))))))) (. .)))</parse>
      <deps>nsubj(know-3, I-1)
xsubj(protect-6, I-1)
aux(know-3, will-2)
root(ROOT-0, know-3)
advmod(protect-6, how-4)
aux(protect-6, to-5)
ccomp(know-3, protect-6)
xcomp(know-3, protect-6)
dobj(protect-6, Kathleen-7)
det(fiend-10, this-9)
prep_from(protect-6, fiend-10)
det(future-13, the-12)
prep_in(fiend-10, future-13)</deps>
      <events>
        <event id="e71" eiid="ei71" offset="3" string="know" tense="FUTURE" aspect="NONE" class="OCCURRENCE" polarity="POS" modality="" happen="" lowerBoundDuration="" upperBoundDuration="" />
        <event id="e72" eiid="ei72" offset="6" string="protect" tense="INFINITIVE" aspect="NONE" class="OCCURRENCE" polarity="POS" modality="" happen="" lowerBoundDuration="" upperBoundDuration="" />
      </events>
      <timexes>
        <timex tid="t3" text="the future" offset="12" length="2" type="DATE" value="FUTURE_REF" temporalFunction="false" />
      </timexes>
    </entry>
    <entry sid="48" file="9783732517695_051.txt">
      <sentence>It is left to you to bring him to justice .</sentence>
      <tokens>
        <t>" " "It" " "</t>
        <t>" " "is" " "</t>
        <t>" " "left" " "</t>
        <t>" " "to" " "</t>
        <t>" " "you" " "</t>
        <t>" " "to" " "</t>
        <t>" " "bring" " "</t>
        <t>" " "him" " "</t>
        <t>" " "to" " "</t>
        <t>" " "justice" ""</t>
        <t>"" "." " "</t>
      </tokens>
      <parse>(ROOT (S (NP (PRP It)) (VP (VBZ is) (VP (VBN left) (PP (TO to) (NP (PRP you))) (S (VP (TO to) (VP (VB bring) (NP (PRP him)) (PP (TO to) (NP (NN justice)))))))) (. .)))</parse>
      <deps>nsubjpass(left-3, It-1)
xsubj(bring-7, It-1)
auxpass(left-3, is-2)
root(ROOT-0, left-3)
prep_to(left-3, you-5)
aux(bring-7, to-6)
xcomp(left-3, bring-7)
dobj(bring-7, him-8)
prep_to(bring-7, justice-10)</deps>
      <events>
        <event id="e73" eiid="ei73" offset="3" string="left" tense="PRESENT" aspect="NONE" class="I_STATE" polarity="POS" modality="" happen="" lowerBoundDuration="" upperBoundDuration="" />
        <event id="e74" eiid="ei74" offset="7" string="bring" tense="INFINITIVE" aspect="NONE" class="OCCURRENCE" polarity="POS" modality="" happen="" lowerBoundDuration="" upperBoundDuration="" />
      </events>
      <timexes />
    </entry>
    <entry sid="49" file="9783732517695_051.txt">
      <sentence>It was your mistake to make this wretch a Duke Young of Windhome .</sentence>
      <tokens>
        <t>" " "It" " "</t>
        <t>" " "was" " "</t>
        <t>" " "your" " "</t>
        <t>" " "mistake" " "</t>
        <t>" " "to" " "</t>
        <t>" " "make" " "</t>
        <t>" " "this" " "</t>
        <t>" " "wretch" " "</t>
        <t>" " "a" " "</t>
        <t>" " "Duke" " "</t>
        <t>" " "Young" " "</t>
        <t>" " "of" " "</t>
        <t>" " "Windhome" ""</t>
        <t>"" "." " "</t>
      </tokens>
      <parse>(ROOT (S (NP (PRP It)) (VP (VBD was) (NP (PRP$ your) (NN mistake) (S (VP (TO to) (VP (VB make) (S (NP (DT this)) (VP (VB wretch) (NP (NP (DT a) (NNP Duke) (NNP Young)) (PP (IN of) (NP (NNP Windhome))))))))))) (. .)))</parse>
      <deps>nsubj(mistake-4, It-1)
cop(mistake-4, was-2)
poss(mistake-4, your-3)
root(ROOT-0, mistake-4)
aux(make-6, to-5)
infmod(mistake-4, make-6)
nsubj(wretch-8, this-7)
ccomp(make-6, wretch-8)
det(Young-11, a-9)
nn(Young-11, Duke-10)
dobj(wretch-8, Young-11)
prep_of(Young-11, Windhome-13)</deps>
      <events>
        <event id="e75" eiid="ei75" offset="4" string="mistake" tense="NONE" aspect="NONE" class="OCCURRENCE" polarity="POS" modality="" happen="" lowerBoundDuration="" upperBoundDuration="" />
        <event id="e76" eiid="ei76" offset="6" string="make" tense="INFINITIVE" aspect="NONE" class="OCCURRENCE" polarity="POS" modality="" happen="" lowerBoundDuration="" upperBoundDuration="" />
        <event id="e77" eiid="ei77" offset="8" string="wretch" tense="NONE" aspect="NONE" class="OCCURRENCE" polarity="POS" modality="" happen="" lowerBoundDuration="" upperBoundDuration="" />
      </events>
      <timexes />
    </entry>
    <entry sid="50" file="9783732517695_051.txt">
      <sentence>I wish you with all my heart that you will not have to regret this bitterly .</sentence>
      <tokens>
        <t>" " "I" " "</t>
        <t>" " "wish" " "</t>
        <t>" " "you" " "</t>
        <t>" " "with" " "</t>
        <t>" " "all" " "</t>
        <t>" " "my" " "</t>
        <t>" " "heart" " "</t>
        <t>" " "that" " "</t>
        <t>" " "you" " "</t>
        <t>" " "will" " "</t>
        <t>" " "not" " "</t>
        <t>" " "have" " "</t>
        <t>" " "to" " "</t>
        <t>" " "regret" " "</t>
        <t>" " "this" " "</t>
        <t>" " "bitterly" ""</t>
        <t>"" "." " "</t>
      </tokens>
      <parse>(ROOT (S (NP (PRP I)) (VP (VBP wish) (NP (PRP you)) (PP (IN with) (NP (PDT all) (PRP$ my) (NN heart))) (SBAR (IN that) (S (NP (PRP you)) (VP (MD will) (RB not) (VP (VB have) (S (VP (TO to) (VP (VB regret) (NP (DT this)) (ADVP (RB bitterly)))))))))) (. .)))</parse>
      <deps>nsubj(wish-2, I-1)
root(ROOT-0, wish-2)
dobj(wish-2, you-3)
predet(heart-7, all-5)
poss(heart-7, my-6)
prep_with(wish-2, heart-7)
mark(have-12, that-8)
nsubj(have-12, you-9)
xsubj(regret-14, you-9)
aux(have-12, will-10)
neg(have-12, not-11)
ccomp(wish-2, have-12)
aux(regret-14, to-13)
xcomp(have-12, regret-14)
dobj(regret-14, this-15)
advmod(regret-14, bitterly-16)</deps>
      <events>
        <event id="e78" eiid="ei78" offset="2" string="wish" tense="PRESENT" aspect="NONE" class="I_STATE" polarity="POS" modality="" happen="" lowerBoundDuration="" upperBoundDuration="" />
        <event id="e79" eiid="ei79" offset="14" string="regret" tense="INFINITIVE" aspect="NONE" class="OCCURRENCE" polarity="POS" modality="" happen="" lowerBoundDuration="" upperBoundDuration="" />
      </events>
      <timexes />
    </entry>
    <entry sid="51" file="9783732517695_051.txt">
      <sentence>I would be very sorry for you . ''</sentence>
      <tokens>
        <t>" " "I" " "</t>
        <t>" " "would" " "</t>
        <t>" " "be" " "</t>
        <t>" " "very" " "</t>
        <t>" " "sorry" " "</t>
        <t>" " "for" " "</t>
        <t>" " "you" ""</t>
        <t>"" "." ""</t>
        <t>"" """ " "</t>
      </tokens>
      <parse>(ROOT (S (NP (PRP I)) (VP (MD would) (VP (VB be) (ADJP (RB very) (JJ sorry) (PP (IN for) (NP (PRP you)))))) (. .) ('' '')))</parse>
      <deps>nsubj(sorry-5, I-1)
aux(sorry-5, would-2)
cop(sorry-5, be-3)
advmod(sorry-5, very-4)
root(ROOT-0, sorry-5)
prep_for(sorry-5, you-7)</deps>
      <events>
        <event id="e80" eiid="ei80" offset="5" string="sorry" tense="PRESENT" aspect="NONE" class="I_STATE" polarity="POS" modality="" happen="" lowerBoundDuration="" upperBoundDuration="" />
      </events>
      <timexes />
    </entry>
    <entry sid="52" file="9783732517695_051.txt">
      <sentence>Quietly he added , `` You would feel very sorry for my mother , too . ''</sentence>
      <tokens>
        <t>" " "Quietly" " "</t>
        <t>" " "he" " "</t>
        <t>" " "added" ""</t>
        <t>"" "," " "</t>
        <t>" " """ ""</t>
        <t>"" "You" " "</t>
        <t>" " "would" " "</t>
        <t>" " "feel" " "</t>
        <t>" " "very" " "</t>
        <t>" " "sorry" " "</t>
        <t>" " "for" " "</t>
        <t>" " "my" " "</t>
        <t>" " "mother" ""</t>
        <t>"" "," " "</t>
        <t>" " "too" ""</t>
        <t>"" "." ""</t>
        <t>"" """ " "</t>
      </tokens>
      <parse>(ROOT (S (ADVP (RB Quietly)) (PRN (S (NP (PRP he)) (VP (VBD added))) (, ,)) (`` ``) (NP (PRP You)) (VP (MD would) (VP (VB feel) (ADJP (RB very) (JJ sorry)) (PP (IN for) (NP (PRP$ my) (NN mother))) (, ,) (ADVP (RB too)))) (. .) ('' '')))</parse>
      <deps>advmod(feel-8, Quietly-1)
nsubj(added-3, he-2)
parataxis(feel-8, added-3)
nsubj(feel-8, You-6)
aux(feel-8, would-7)
root(ROOT-0, feel-8)
advmod(sorry-10, very-9)
acomp(feel-8, sorry-10)
poss(mother-13, my-12)
prep_for(feel-8, mother-13)
advmod(feel-8, too-15)</deps>
      <events>
        <event id="e81" eiid="ei81" offset="3" string="added" tense="PAST" aspect="NONE" class="REPORTING" polarity="POS" modality="" happen="" lowerBoundDuration="" upperBoundDuration="" />
        <event id="e82" eiid="ei82" offset="8" string="feel" tense="NONE" aspect="NONE" class="OCCURRENCE" polarity="POS" modality="" happen="" lowerBoundDuration="" upperBoundDuration="" />
        <event id="e83" eiid="ei83" offset="10" string="sorry" tense="PRESENT" aspect="NONE" class="I_STATE" polarity="POS" modality="" happen="" lowerBoundDuration="" upperBoundDuration="" />
      </events>
      <timexes />
    </entry>
    <entry sid="53" file="9783732517695_051.txt">
      <sentence>He left the pavilion .</sentence>
      <tokens>
        <t>" " "He" " "</t>
        <t>" " "left" " "</t>
        <t>" " "the" " "</t>
        <t>" " "pavilion" ""</t>
        <t>"" "." ""</t>
      </tokens>
      <parse>(ROOT (S (NP (PRP He)) (VP (VBD left) (NP (DT the) (NN pavilion))) (. .)))</parse>
      <deps>nsubj(left-2, He-1)
root(ROOT-0, left-2)
det(pavilion-4, the-3)
dobj(left-2, pavilion-4)</deps>
      <events>
        <event id="e84" eiid="ei84" offset="2" string="left" tense="PAST" aspect="NONE" class="OCCURRENCE" polarity="POS" modality="" happen="" lowerBoundDuration="" upperBoundDuration="" />
      </events>
      <timexes />
    </entry>
    <tlink event1="ei41" event2="t1" relation="IS_INCLUDED" closed="false" origin="AdjacentVerbTimex" type="et" />
    <tlink event1="ei42" event2="t1" relation="IS_INCLUDED" closed="false" origin="AdjacentVerbTimex" type="et" />
    <tlink event1="ei8" event2="ei9" relation="AFTER" closed="false" origin="RepEventGovEvent" type="ee" />
    <tlink event1="ei16" event2="ei17" relation="AFTER" closed="false" origin="RepEventGovEvent" type="ee" />
    <tlink event1="ei20" event2="ei19" relation="AFTER" closed="false" origin="RepEventGovEvent" type="ee" />
    <tlink event1="ei7" event2="ei9" relation="AFTER" closed="false" origin="ReichenbachDG13" type="ee" />
    <tlink event1="ei9" event2="ei11" relation="BEFORE" closed="false" origin="ReichenbachDG13" type="ee" />
    <tlink event1="ei9" event2="ei12" relation="BEFORE" closed="false" origin="ReichenbachDG13" type="ee" />
    <tlink event1="ei15" event2="ei17" relation="AFTER" closed="false" origin="ReichenbachDG13" type="ee" />
    <tlink event1="ei17" event2="ei19" relation="BEFORE" closed="false" origin="ReichenbachDG13" type="ee" />
    <tlink event1="ei17" event2="ei20" relation="BEFORE" closed="false" origin="ReichenbachDG13" type="ee" />
    <tlink event1="ei56" event2="ei57" relation="BEFORE" closed="false" origin="ReichenbachDG13" type="ee" />
    <tlink event1="ei57" event2="ei60" relation="AFTER" closed="false" origin="ReichenbachDG13" type="ee" />
    <tlink event1="ei57" event2="ei61" relation="AFTER" closed="false" origin="ReichenbachDG13" type="ee" />
    <tlink event1="ei62" event2="ei63" relation="AFTER" closed="false" origin="ReichenbachDG13" type="ee" />
    <tlink event1="ei62" event2="ei65" relation="AFTER" closed="false" origin="ReichenbachDG13" type="ee" />
    <tlink event1="ei71" event2="ei73" relation="AFTER" closed="false" origin="ReichenbachDG13" type="ee" />
    <tlink event1="ei81" event2="ei82" relation="BEFORE" closed="false" origin="ReichenbachDG13" type="ee" />
    <tlink event1="ei82" event2="ei84" relation="AFTER" closed="false" origin="ReichenbachDG13" type="ee" />
    <tlink event1="ei2" event2="ei1" relation="VAGUE" closed="false" origin="XCompDepSieve" type="ee" />
    <tlink event1="ei3" event2="ei4" relation="BEFORE" closed="false" origin="XCompDepSieve" type="ee" />
    <tlink event1="ei9" event2="ei10" relation="BEFORE" closed="false" origin="XCompDepSieve" type="ee" />
    <tlink event1="ei11" event2="ei12" relation="VAGUE" closed="false" origin="XCompDepSieve" type="ee" />
    <tlink event1="ei17" event2="ei18" relation="BEFORE" closed="false" origin="XCompDepSieve" type="ee" />
    <tlink event1="ei25" event2="ei24" relation="VAGUE" closed="false" origin="XCompDepSieve" type="ee" />
    <tlink event1="ei29" event2="ei30" relation="VAGUE" closed="false" origin="XCompDepSieve" type="ee" />
    <tlink event1="ei29" event2="ei31" relation="VAGUE" closed="false" origin="XCompDepSieve" type="ee" />
    <tlink event1="ei34" event2="ei33" relation="AFTER" closed="false" origin="XCompDepSieve" type="ee" />
    <tlink event1="ei35" event2="ei36" relation="VAGUE" closed="false" origin="XCompDepSieve" type="ee" />
    <tlink event1="ei41" event2="ei42" relation="BEFORE" closed="false" origin="XCompDepSieve" type="ee" />
    <tlink event1="ei43" event2="ei44" relation="BEFORE" closed="false" origin="XCompDepSieve" type="ee" />
    <tlink event1="ei48" event2="ei49" relation="BEFORE" closed="false" origin="XCompDepSieve" type="ee" />
    <tlink event1="ei50" event2="ei51" relation="SIMULTANEOUS" closed="false" origin="XCompDepSieve" type="ee" />
    <tlink event1="ei57" event2="ei58" relation="BEFORE" closed="false" origin="XCompDepSieve" type="ee" />
    <tlink event1="ei67" event2="ei68" relation="BEFORE" closed="false" origin="XCompDepSieve" type="ee" />
    <tlink event1="ei71" event2="ei72" relation="BEFORE" closed="false" origin="XCompDepSieve" type="ee" />
    <tlink event1="ei73" event2="ei74" relation="BEFORE" closed="false" origin="XCompDepSieve" type="ee" />
    <tlink event1="ei56" event2="ei58" relation="BEFORE" closed="true" origin="XCompDepSieve" type="ee" />
    <tlink event1="ei60" event2="ei58" relation="BEFORE" closed="true" origin="XCompDepSieve" type="ee" />
    <tlink event1="ei61" event2="ei58" relation="BEFORE" closed="true" origin="XCompDepSieve" type="ee" />
    <tlink event1="ei73" event2="ei72" relation="BEFORE" closed="true" origin="XCompDepSieve" type="ee" />
    <tlink event1="ei16" event2="ei20" relation="VAGUE" closed="false" origin="WordNet209" type="ee" />
    <tlink event1="ei28" event2="ei29" relation="VAGUE" closed="false" origin="WordNet209" type="ee" />
    <tlink event1="ei64" event2="ei68" relation="VAGUE" closed="false" origin="WordNet209" type="ee" />
    <tlink event1="ei69" event2="ei70" relation="VAGUE" closed="false" origin="WordNet209" type="ee" />
    <tlink event1="ei80" event2="ei83" relation="VAGUE" closed="false" origin="WordNet209" type="ee" />
    <tlink event1="ei62" event2="t2" relation="VAGUE" closed="false" origin="MLEventTimeSameSent" type="et" />
    <tlink event1="ei71" event2="t3" relation="AFTER" closed="false" origin="MLEventTimeSameSent" type="et" />
    <tlink event1="ei72" event2="t3" relation="VAGUE" closed="false" origin="MLEventTimeSameSent" type="et" />
    <tlink event1="ei3" event2="ei5" relation="BEFORE" closed="false" origin="MLEventEventDominates" type="ee" />
    <tlink event1="ei4" event2="ei5" relation="VAGUE" closed="false" origin="MLEventEventDominates" type="ee" />
    <tlink event1="ei8" event2="ei10" relation="VAGUE" closed="false" origin="MLEventEventDominates" type="ee" />
    <tlink event1="ei16" event2="ei18" relation="VAGUE" closed="false" origin="MLEventEventDominates" type="ee" />
    <tlink event1="ei57" event2="ei59" relation="VAGUE" closed="false" origin="MLEventEventDominates" type="ee" />
    <tlink event1="ei58" event2="ei59" relation="VAGUE" closed="false" origin="MLEventEventDominates" type="ee" />
    <tlink event1="ei59" event2="ei60" relation="VAGUE" closed="false" origin="MLEventEventDominates" type="ee" />
    <tlink event1="ei63" event2="ei64" relation="VAGUE" closed="false" origin="MLEventEventDominates" type="ee" />
    <tlink event1="ei63" event2="ei65" relation="VAGUE" closed="false" origin="MLEventEventDominates" type="ee" />
    <tlink event1="ei64" event2="ei65" relation="VAGUE" closed="false" origin="MLEventEventDominates" type="ee" />
    <tlink event1="ei66" event2="ei67" relation="VAGUE" closed="false" origin="MLEventEventDominates" type="ee" />
    <tlink event1="ei66" event2="ei68" relation="VAGUE" closed="false" origin="MLEventEventDominates" type="ee" />
    <tlink event1="ei75" event2="ei76" relation="BEFORE" closed="false" origin="MLEventEventDominates" type="ee" />
    <tlink event1="ei75" event2="ei77" relation="VAGUE" closed="false" origin="MLEventEventDominates" type="ee" />
    <tlink event1="ei76" event2="ei77" relation="VAGUE" closed="false" origin="MLEventEventDominates" type="ee" />
    <tlink event1="ei78" event2="ei79" relation="VAGUE" closed="false" origin="MLEventEventDominates" type="ee" />
    <tlink event1="ei82" event2="ei83" relation="VAGUE" closed="false" origin="MLEventEventDominates" type="ee" />
    <tlink event1="ei6" event2="ei7" relation="VAGUE" closed="false" origin="MLEventEventSameSent" type="ee" />
    <tlink event1="ei29" event2="ei32" relation="VAGUE" closed="false" origin="MLEventEventSameSent" type="ee" />
    <tlink event1="ei30" event2="ei31" relation="VAGUE" closed="false" origin="MLEventEventSameSent" type="ee" />
    <tlink event1="ei30" event2="ei32" relation="VAGUE" closed="false" origin="MLEventEventSameSent" type="ee" />
    <tlink event1="ei31" event2="ei32" relation="BEFORE" closed="false" origin="MLEventEventSameSent" type="ee" />
    <tlink event1="ei35" event2="ei37" relation="VAGUE" closed="false" origin="MLEventEventSameSent" type="ee" />
    <tlink event1="ei36" event2="ei37" relation="VAGUE" closed="false" origin="MLEventEventSameSent" type="ee" />
    <tlink event1="ei46" event2="ei47" relation="VAGUE" closed="false" origin="MLEventEventSameSent" type="ee" />
    <tlink event1="ei81" event2="ei83" relation="VAGUE" closed="false" origin="MLEventEventSameSent" type="ee" />
    <tlink event1="ei1" event2="ei3" relation="VAGUE" closed="false" origin="AllVagueSieve" type="ee" />
    <tlink event1="ei1" event2="ei4" relation="VAGUE" closed="false" origin="AllVagueSieve" type="ee" />
    <tlink event1="ei1" event2="ei5" relation="VAGUE" closed="false" origin="AllVagueSieve" type="ee" />
    <tlink event1="ei2" event2="ei3" relation="VAGUE" closed="false" origin="AllVagueSieve" type="ee" />
    <tlink event1="ei2" event2="ei4" relation="VAGUE" closed="false" origin="AllVagueSieve" type="ee" />
    <tlink event1="ei2" event2="ei5" relation="VAGUE" closed="false" origin="AllVagueSieve" type="ee" />
    <tlink event1="ei3" event2="ei6" relation="VAGUE" closed="false" origin="AllVagueSieve" type="ee" />
    <tlink event1="ei3" event2="ei7" relation="VAGUE" closed="false" origin="AllVagueSieve" type="ee" />
    <tlink event1="ei4" event2="ei6" relation="VAGUE" closed="false" origin="AllVagueSieve" type="ee" />
    <tlink event1="ei4" event2="ei7" relation="VAGUE" closed="false" origin="AllVagueSieve" type="ee" />
    <tlink event1="ei5" event2="ei6" relation="VAGUE" closed="false" origin="AllVagueSieve" type="ee" />
    <tlink event1="ei5" event2="ei7" relation="VAGUE" closed="false" origin="AllVagueSieve" type="ee" />
    <tlink event1="ei6" event2="ei8" relation="VAGUE" closed="false" origin="AllVagueSieve" type="ee" />
    <tlink event1="ei6" event2="ei9" relation="VAGUE" closed="false" origin="AllVagueSieve" type="ee" />
    <tlink event1="ei6" event2="ei10" relation="VAGUE" closed="false" origin="AllVagueSieve" type="ee" />
    <tlink event1="ei7" event2="ei8" relation="VAGUE" closed="false" origin="AllVagueSieve" type="ee" />
    <tlink event1="ei7" event2="ei10" relation="VAGUE" closed="false" origin="AllVagueSieve" type="ee" />
    <tlink event1="ei8" event2="ei11" relation="VAGUE" closed="false" origin="AllVagueSieve" type="ee" />
    <tlink event1="ei8" event2="ei12" relation="VAGUE" closed="false" origin="AllVagueSieve" type="ee" />
    <tlink event1="ei10" event2="ei11" relation="VAGUE" closed="false" origin="AllVagueSieve" type="ee" />
    <tlink event1="ei10" event2="ei12" relation="VAGUE" closed="false" origin="AllVagueSieve" type="ee" />
    <tlink event1="ei11" event2="ei13" relation="VAGUE" closed="false" origin="AllVagueSieve" type="ee" />
    <tlink event1="ei12" event2="ei13" relation="VAGUE" closed="false" origin="AllVagueSieve" type="ee" />
    <tlink event1="ei13" event2="ei14" relation="VAGUE" closed="false" origin="AllVagueSieve" type="ee" />
    <tlink event1="ei14" event2="ei15" relation="VAGUE" closed="false" origin="AllVagueSieve" type="ee" />
    <tlink event1="ei15" event2="ei16" relation="VAGUE" closed="false" origin="AllVagueSieve" type="ee" />
    <tlink event1="ei15" event2="ei18" relation="VAGUE" closed="false" origin="AllVagueSieve" type="ee" />
    <tlink event1="ei16" event2="ei19" relation="VAGUE" closed="false" origin="AllVagueSieve" type="ee" />
    <tlink event1="ei18" event2="ei19" relation="VAGUE" closed="false" origin="AllVagueSieve" type="ee" />
    <tlink event1="ei18" event2="ei20" relation="VAGUE" closed="false" origin="AllVagueSieve" type="ee" />
    <tlink event1="ei19" event2="ei21" relation="VAGUE" closed="false" origin="AllVagueSieve" type="ee" />
    <tlink event1="ei20" event2="ei21" relation="VAGUE" closed="false" origin="AllVagueSieve" type="ee" />
    <tlink event1="ei21" event2="ei22" relation="VAGUE" closed="false" origin="AllVagueSieve" type="ee" />
    <tlink event1="ei23" event2="ei24" relation="VAGUE" closed="false" origin="AllVagueSieve" type="ee" />
    <tlink event1="ei23" event2="ei25" relation="VAGUE" closed="false" origin="AllVagueSieve" type="ee" />
    <tlink event1="ei24" event2="ei26" relation="VAGUE" closed="false" origin="AllVagueSieve" type="ee" />
    <tlink event1="ei25" event2="ei26" relation="VAGUE" closed="false" origin="AllVagueSieve" type="ee" />
    <tlink event1="ei26" event2="ei27" relation="VAGUE" closed="false" origin="AllVagueSieve" type="ee" />
    <tlink event1="ei27" event2="ei28" relation="VAGUE" closed="false" origin="AllVagueSieve" type="ee" />
    <tlink event1="ei28" event2="ei30" relation="VAGUE" closed="false" origin="AllVagueSieve" type="ee" />
    <tlink event1="ei28" event2="ei31" relation="VAGUE" closed="false" origin="AllVagueSieve" type="ee" />
    <tlink event1="ei28" event2="ei32" relation="VAGUE" closed="false" origin="AllVagueSieve" type="ee" />
    <tlink event1="ei29" event2="ei33" relation="VAGUE" closed="false" origin="AllVagueSieve" type="ee" />
    <tlink event1="ei29" event2="ei34" relation="VAGUE" closed="false" origin="AllVagueSieve" type="ee" />
    <tlink event1="ei30" event2="ei33" relation="VAGUE" closed="false" origin="AllVagueSieve" type="ee" />
    <tlink event1="ei30" event2="ei34" relation="VAGUE" closed="false" origin="AllVagueSieve" type="ee" />
    <tlink event1="ei31" event2="ei33" relation="VAGUE" closed="false" origin="AllVagueSieve" type="ee" />
    <tlink event1="ei31" event2="ei34" relation="VAGUE" closed="false" origin="AllVagueSieve" type="ee" />
    <tlink event1="ei32" event2="ei33" relation="VAGUE" closed="false" origin="AllVagueSieve" type="ee" />
    <tlink event1="ei32" event2="ei34" relation="VAGUE" closed="false" origin="AllVagueSieve" type="ee" />
    <tlink event1="ei33" event2="ei35" relation="VAGUE" closed="false" origin="AllVagueSieve" type="ee" />
    <tlink event1="ei33" event2="ei36" relation="VAGUE" closed="false" origin="AllVagueSieve" type="ee" />
    <tlink event1="ei33" event2="ei37" relation="VAGUE" closed="false" origin="AllVagueSieve" type="ee" />
    <tlink event1="ei34" event2="ei35" relation="VAGUE" closed="false" origin="AllVagueSieve" type="ee" />
    <tlink event1="ei34" event2="ei36" relation="VAGUE" closed="false" origin="AllVagueSieve" type="ee" />
    <tlink event1="ei34" event2="ei37" relation="VAGUE" closed="false" origin="AllVagueSieve" type="ee" />
    <tlink event1="ei35" event2="ei38" relation="VAGUE" closed="false" origin="AllVagueSieve" type="ee" />
    <tlink event1="ei36" event2="ei38" relation="VAGUE" closed="false" origin="AllVagueSieve" type="ee" />
    <tlink event1="ei37" event2="ei38" relation="VAGUE" closed="false" origin="AllVagueSieve" type="ee" />
    <tlink event1="ei38" event2="ei39" relation="VAGUE" closed="false" origin="AllVagueSieve" type="ee" />
    <tlink event1="ei39" event2="ei40" relation="VAGUE" closed="false" origin="AllVagueSieve" type="ee" />
    <tlink event1="ei41" event2="ei43" relation="VAGUE" closed="false" origin="AllVagueSieve" type="ee" />
    <tlink event1="ei41" event2="ei44" relation="VAGUE" closed="false" origin="AllVagueSieve" type="ee" />
    <tlink event1="ei42" event2="ei43" relation="VAGUE" closed="false" origin="AllVagueSieve" type="ee" />
    <tlink event1="ei42" event2="ei44" relation="VAGUE" closed="false" origin="AllVagueSieve" type="ee" />
    <tlink event1="t1" event2="ei43" relation="VAGUE" closed="false" origin="AllVagueSieve" type="et" />
    <tlink event1="t1" event2="ei44" relation="VAGUE" closed="false" origin="AllVagueSieve" type="et" />
    <tlink event1="ei43" event2="ei45" relation="VAGUE" closed="false" origin="AllVagueSieve" type="ee" />
    <tlink event1="ei44" event2="ei45" relation="VAGUE" closed="false" origin="AllVagueSieve" type="ee" />
    <tlink event1="ei45" event2="ei46" relation="VAGUE" closed="false" origin="AllVagueSieve" type="ee" />
    <tlink event1="ei45" event2="ei47" relation="VAGUE" closed="false" origin="AllVagueSieve" type="ee" />
    <tlink event1="ei48" event2="ei50" relation="VAGUE" closed="false" origin="AllVagueSieve" type="ee" />
    <tlink event1="ei48" event2="ei51" relation="VAGUE" closed="false" origin="AllVagueSieve" type="ee" />
    <tlink event1="ei49" event2="ei50" relation="VAGUE" closed="false" origin="AllVagueSieve" type="ee" />
    <tlink event1="ei49" event2="ei51" relation="VAGUE" closed="false" origin="AllVagueSieve" type="ee" />
    <tlink event1="ei50" event2="ei52" relation="VAGUE" closed="false" origin="AllVagueSieve" type="ee" />
    <tlink event1="ei51" event2="ei52" relation="VAGUE" closed="false" origin="AllVagueSieve" type="ee" />
    <tlink event1="ei53" event2="ei54" relation="VAGUE" closed="false" origin="AllVagueSieve" type="ee" />
    <tlink event1="ei54" event2="ei55" relation="VAGUE" closed="false" origin="AllVagueSieve" type="ee" />
    <tlink event1="ei55" event2="ei56" relation="VAGUE" closed="false" origin="AllVagueSieve" type="ee" />
    <tlink event1="ei56" event2="ei59" relation="VAGUE" closed="false" origin="AllVagueSieve" type="ee" />
    <tlink event1="ei56" event2="ei60" relation="VAGUE" closed="false" origin="AllVagueSieve" type="ee" />
    <tlink event1="ei59" event2="ei61" relation="VAGUE" closed="false" origin="AllVagueSieve" type="ee" />
    <tlink event1="ei60" event2="ei61" relation="VAGUE" closed="false" origin="AllVagueSieve" type="ee" />
    <tlink event1="ei62" event2="ei64" relation="VAGUE" closed="false" origin="AllVagueSieve" type="ee" />
    <tlink event1="t2" event2="ei63" relation="VAGUE" closed="false" origin="AllVagueSieve" type="et" />
    <tlink event1="t2" event2="ei64" relation="VAGUE" closed="false" origin="AllVagueSieve" type="et" />
    <tlink event1="t2" event2="ei65" relation="VAGUE" closed="false" origin="AllVagueSieve" type="et" />
    <tlink event1="ei63" event2="ei66" relation="VAGUE" closed="false" origin="AllVagueSieve" type="ee" />
    <tlink event1="ei63" event2="ei67" relation="VAGUE" closed="false" origin="AllVagueSieve" type="ee" />
    <tlink event1="ei63" event2="ei68" relation="VAGUE" closed="false" origin="AllVagueSieve" type="ee" />
    <tlink event1="ei64" event2="ei66" relation="VAGUE" closed="false" origin="AllVagueSieve" type="ee" />
    <tlink event1="ei64" event2="ei67" relation="VAGUE" closed="false" origin="AllVagueSieve" type="ee" />
    <tlink event1="ei65" event2="ei66" relation="VAGUE" closed="false" origin="AllVagueSieve" type="ee" />
    <tlink event1="ei65" event2="ei67" relation="VAGUE" closed="false" origin="AllVagueSieve" type="ee" />
    <tlink event1="ei65" event2="ei68" relation="VAGUE" closed="false" origin="AllVagueSieve" type="ee" />
    <tlink event1="ei66" event2="ei69" relation="VAGUE" closed="false" origin="AllVagueSieve" type="ee" />
    <tlink event1="ei67" event2="ei69" relation="VAGUE" closed="false" origin="AllVagueSieve" type="ee" />
    <tlink event1="ei68" event2="ei69" relation="VAGUE" closed="false" origin="AllVagueSieve" type="ee" />
    <tlink event1="ei70" event2="ei71" relation="VAGUE" closed="false" origin="AllVagueSieve" type="ee" />
    <tlink event1="ei70" event2="ei72" relation="VAGUE" closed="false" origin="AllVagueSieve" type="ee" />
    <tlink event1="ei70" event2="t3" relation="VAGUE" closed="false" origin="AllVagueSieve" type="et" />
    <tlink event1="ei71" event2="ei74" relation="VAGUE" closed="false" origin="AllVagueSieve" type="ee" />
    <tlink event1="ei72" event2="ei74" relation="VAGUE" closed="false" origin="AllVagueSieve" type="ee" />
    <tlink event1="t3" event2="ei73" relation="VAGUE" closed="false" origin="AllVagueSieve" type="et" />
    <tlink event1="t3" event2="ei74" relation="VAGUE" closed="false" origin="AllVagueSieve" type="et" />
    <tlink event1="ei73" event2="ei75" relation="VAGUE" closed="false" origin="AllVagueSieve" type="ee" />
    <tlink event1="ei73" event2="ei76" relation="VAGUE" closed="false" origin="AllVagueSieve" type="ee" />
    <tlink event1="ei73" event2="ei77" relation="VAGUE" closed="false" origin="AllVagueSieve" type="ee" />
    <tlink event1="ei74" event2="ei75" relation="VAGUE" closed="false" origin="AllVagueSieve" type="ee" />
    <tlink event1="ei74" event2="ei76" relation="VAGUE" closed="false" origin="AllVagueSieve" type="ee" />
    <tlink event1="ei74" event2="ei77" relation="VAGUE" closed="false" origin="AllVagueSieve" type="ee" />
    <tlink event1="ei75" event2="ei78" relation="VAGUE" closed="false" origin="AllVagueSieve" type="ee" />
    <tlink event1="ei75" event2="ei79" relation="VAGUE" closed="false" origin="AllVagueSieve" type="ee" />
    <tlink event1="ei76" event2="ei78" relation="VAGUE" closed="false" origin="AllVagueSieve" type="ee" />
    <tlink event1="ei76" event2="ei79" relation="VAGUE" closed="false" origin="AllVagueSieve" type="ee" />
    <tlink event1="ei77" event2="ei78" relation="VAGUE" closed="false" origin="AllVagueSieve" type="ee" />
    <tlink event1="ei77" event2="ei79" relation="VAGUE" closed="false" origin="AllVagueSieve" type="ee" />
    <tlink event1="ei78" event2="ei80" relation="VAGUE" closed="false" origin="AllVagueSieve" type="ee" />
    <tlink event1="ei79" event2="ei80" relation="VAGUE" closed="false" origin="AllVagueSieve" type="ee" />
    <tlink event1="ei80" event2="ei81" relation="VAGUE" closed="false" origin="AllVagueSieve" type="ee" />
    <tlink event1="ei80" event2="ei82" relation="VAGUE" closed="false" origin="AllVagueSieve" type="ee" />
    <tlink event1="ei81" event2="ei84" relation="VAGUE" closed="false" origin="AllVagueSieve" type="ee" />
    <tlink event1="ei83" event2="ei84" relation="VAGUE" closed="false" origin="AllVagueSieve" type="ee" />
  </file>
</root>

