<?xml version="1.0" encoding="UTF-8"?>
<root xmlns="http://chambers.com/corpusinfo">
  <file name="9783732517695_037.txt">
    <entry sid="0" file="9783732517695_037.txt">
      <sentence>Patrick left Robert , got a horse and rode to the estate .</sentence>
      <tokens>
        <t>"" "Patrick" " "</t>
        <t>" " "left" " "</t>
        <t>" " "Robert" ""</t>
        <t>"" "," " "</t>
        <t>" " "got" " "</t>
        <t>" " "a" " "</t>
        <t>" " "horse" " "</t>
        <t>" " "and" " "</t>
        <t>" " "rode" " "</t>
        <t>" " "to" " "</t>
        <t>" " "the" " "</t>
        <t>" " "estate" ""</t>
        <t>"" "." " "</t>
      </tokens>
      <parse>(ROOT (S (NP (NNP Patrick)) (VP (VP (VBD left) (NP (NNP Robert))) (, ,) (VP (VBD got) (NP (DT a) (NN horse))) (CC and) (VP (VBD rode) (PP (TO to) (NP (DT the) (NN estate))))) (. .)))</parse>
      <deps>nsubj(left-2, Patrick-1)
nsubj(got-5, Patrick-1)
nsubj(rode-9, Patrick-1)
root(ROOT-0, left-2)
dobj(left-2, Robert-3)
conj_and(left-2, got-5)
det(horse-7, a-6)
dobj(got-5, horse-7)
conj_and(left-2, rode-9)
det(estate-12, the-11)
prep_to(rode-9, estate-12)</deps>
      <events>
        <event id="e1" eiid="ei1" offset="2" string="left" tense="PAST" aspect="NONE" class="OCCURRENCE" polarity="POS" modality="" happen="" lowerBoundDuration="" upperBoundDuration="" />
        <event id="e2" eiid="ei2" offset="5" string="got" tense="PAST" aspect="NONE" class="OCCURRENCE" polarity="POS" modality="" happen="" lowerBoundDuration="" upperBoundDuration="" />
        <event id="e3" eiid="ei3" offset="9" string="rode" tense="PAST" aspect="NONE" class="OCCURRENCE" polarity="POS" modality="" happen="" lowerBoundDuration="" upperBoundDuration="" />
      </events>
      <timexes />
    </entry>
    <entry sid="1" file="9783732517695_037.txt">
      <sentence>There he met his father at the farm .</sentence>
      <tokens>
        <t>" " "There" " "</t>
        <t>" " "he" " "</t>
        <t>" " "met" " "</t>
        <t>" " "his" " "</t>
        <t>" " "father" " "</t>
        <t>" " "at" " "</t>
        <t>" " "the" " "</t>
        <t>" " "farm" ""</t>
        <t>"" "." " "</t>
      </tokens>
      <parse>(ROOT (S (ADVP (RB There)) (NP (PRP he)) (VP (VBD met) (NP (PRP$ his) (NN father)) (PP (IN at) (NP (DT the) (NN farm)))) (. .)))</parse>
      <deps>advmod(met-3, There-1)
nsubj(met-3, he-2)
root(ROOT-0, met-3)
poss(father-5, his-4)
dobj(met-3, father-5)
det(farm-8, the-7)
prep_at(met-3, farm-8)</deps>
      <events>
        <event id="e4" eiid="ei4" offset="3" string="met" tense="PAST" aspect="NONE" class="OCCURRENCE" polarity="POS" modality="" happen="" lowerBoundDuration="" upperBoundDuration="" />
      </events>
      <timexes />
    </entry>
    <entry sid="2" file="9783732517695_037.txt">
      <sentence>He asked him , `` Is there somewhere I can speak to you undisturbed , Father ? ''</sentence>
      <tokens>
        <t>" " "He" " "</t>
        <t>" " "asked" " "</t>
        <t>" " "him" ""</t>
        <t>"" "," " "</t>
        <t>" " """ ""</t>
        <t>"" "Is" " "</t>
        <t>" " "there" " "</t>
        <t>" " "somewhere" " "</t>
        <t>" " "I" " "</t>
        <t>" " "can" " "</t>
        <t>" " "speak" " "</t>
        <t>" " "to" " "</t>
        <t>" " "you" " "</t>
        <t>" " "undisturbed" ""</t>
        <t>"" "," " "</t>
        <t>" " "Father" ""</t>
        <t>"" "?" ""</t>
        <t>"" """ " "</t>
      </tokens>
      <parse>(ROOT (S (NP (PRP He)) (VP (VP (VBD asked) (NP (PRP him)) (, ,) (`` ``) (SQ (SQ (VBZ Is) (NP (EX there)) (ADVP (RB somewhere)) (NP (PRP I))) (SQ (MD can) (VP (VB speak) (PP (TO to) (NP (PRP you))))) (FRAG (ADJP (JJ undisturbed))))) (, ,) (VP (VBZ Father))) (. ?) ('' '')))</parse>
      <deps>nsubj(asked-2, He-1)
root(ROOT-0, asked-2)
dobj(asked-2, him-3)
dep(asked-2, Is-6)
expl(Is-6, there-7)
advmod(Is-6, somewhere-8)
nsubj(Is-6, I-9)
aux(speak-11, can-10)
dep(Is-6, speak-11)
prep_to(speak-11, you-13)
dep(Is-6, undisturbed-14)
dep(asked-2, Father-16)</deps>
      <events>
        <event id="e5" eiid="ei5" offset="2" string="asked" tense="PAST" aspect="NONE" class="I_ACTION" polarity="POS" modality="" happen="" lowerBoundDuration="" upperBoundDuration="" />
        <event id="e6" eiid="ei6" offset="11" string="speak" tense="NONE" aspect="NONE" class="I_STATE" polarity="POS" modality="" happen="" lowerBoundDuration="" upperBoundDuration="" />
      </events>
      <timexes />
    </entry>
    <entry sid="3" file="9783732517695_037.txt">
      <sentence>Duke Brian looked at his son in wonder .</sentence>
      <tokens>
        <t>" " "Duke" " "</t>
        <t>" " "Brian" " "</t>
        <t>" " "looked" " "</t>
        <t>" " "at" " "</t>
        <t>" " "his" " "</t>
        <t>" " "son" " "</t>
        <t>" " "in" " "</t>
        <t>" " "wonder" ""</t>
        <t>"" "." " "</t>
      </tokens>
      <parse>(ROOT (S (NP (NNP Duke) (NNP Brian)) (VP (VBD looked) (PP (IN at) (NP (PRP$ his) (NN son))) (PP (IN in) (NP (NN wonder)))) (. .)))</parse>
      <deps>nn(Brian-2, Duke-1)
nsubj(looked-3, Brian-2)
root(ROOT-0, looked-3)
poss(son-6, his-5)
prep_at(looked-3, son-6)
prep_in(looked-3, wonder-8)</deps>
      <events>
        <event id="e7" eiid="ei7" offset="3" string="looked" tense="PAST" aspect="NONE" class="OCCURRENCE" polarity="POS" modality="" happen="" lowerBoundDuration="" upperBoundDuration="" />
      </events>
      <timexes />
    </entry>
    <entry sid="4" file="9783732517695_037.txt">
      <sentence>`` Could n't that have waited until evening ? ''</sentence>
      <tokens>
        <t>" " """ ""</t>
        <t>"" "Could" ""</t>
        <t>"" "n't" " "</t>
        <t>" " "that" " "</t>
        <t>" " "have" " "</t>
        <t>" " "waited" " "</t>
        <t>" " "until" " "</t>
        <t>" " "evening" ""</t>
        <t>"" "?" ""</t>
        <t>"" """ " "</t>
      </tokens>
      <parse>(ROOT (FRAG (`` ``) (ADJP (RB Could) (RB n't) (SBAR (WHNP (WDT that)) (S (VP (VBP have) (VP (VBN waited) (PP (IN until) (NP (NN evening)))))))) (. ?) ('' '')))</parse>
      <deps>advmod(n't-3, Could-2)
root(ROOT-0, n't-3)
nsubj(waited-6, that-4)
aux(waited-6, have-5)
ccomp(n't-3, waited-6)
prep_until(waited-6, evening-8)</deps>
      <events>
        <event id="e8" eiid="ei8" offset="6" string="waited" tense="PRESENT" aspect="PERFECTIVE" class="OCCURRENCE" polarity="POS" modality="" happen="" lowerBoundDuration="" upperBoundDuration="" />
      </events>
      <timexes>
        <timex tid="t1" text="evening" offset="8" length="1" type="TIME" value="TEV" temporalFunction="false" />
      </timexes>
    </entry>
    <entry sid="5" file="9783732517695_037.txt">
      <sentence>`` No , father . ''</sentence>
      <tokens>
        <t>" " """ ""</t>
        <t>"" "No" ""</t>
        <t>"" "," " "</t>
        <t>" " "father" ""</t>
        <t>"" "." ""</t>
        <t>"" """ " "</t>
      </tokens>
      <parse>(ROOT (FRAG (INTJ (`` ``) (UH No)) (, ,) (NP (NN father)) (. .) ('' '')))</parse>
      <deps>discourse(father-4, No-2)
root(ROOT-0, father-4)</deps>
      <events />
      <timexes />
    </entry>
    <entry sid="6" file="9783732517695_037.txt">
      <sentence>`` Very well , then , let us go to my room in the steward 's house . ''</sentence>
      <tokens>
        <t>" " """ ""</t>
        <t>"" "Very" " "</t>
        <t>" " "well" ""</t>
        <t>"" "," " "</t>
        <t>" " "then" ""</t>
        <t>"" "," " "</t>
        <t>" " "let" " "</t>
        <t>" " "us" " "</t>
        <t>" " "go" " "</t>
        <t>" " "to" " "</t>
        <t>" " "my" " "</t>
        <t>" " "room" " "</t>
        <t>" " "in" " "</t>
        <t>" " "the" " "</t>
        <t>" " "steward" ""</t>
        <t>"" "'s" " "</t>
        <t>" " "house" ""</t>
        <t>"" "." ""</t>
        <t>"" """ " "</t>
      </tokens>
      <parse>(ROOT (S (`` ``) (ADVP (NP (NNP Very)) (RB well)) (, ,) (ADVP (RB then)) (, ,) (VP (VBD let) (SBAR (S (NP (PRP us)) (VP (VBP go) (PP (TO to) (NP (NP (PRP$ my) (NN room)) (PP (IN in) (NP (NP (DT the) (NN steward) (POS 's)) (NN house))))))))) (. .) ('' '')))</parse>
      <deps>dep(well-3, Very-2)
advmod(let-7, well-3)
advmod(let-7, then-5)
root(ROOT-0, let-7)
nsubj(go-9, us-8)
ccomp(let-7, go-9)
poss(room-12, my-11)
prep_to(go-9, room-12)
det(steward-15, the-14)
poss(house-17, steward-15)
prep_in(room-12, house-17)</deps>
      <events>
        <event id="e9" eiid="ei9" offset="7" string="let" tense="PAST" aspect="NONE" class="OCCURRENCE" polarity="POS" modality="" happen="" lowerBoundDuration="" upperBoundDuration="" />
        <event id="e10" eiid="ei10" offset="9" string="go" tense="PRESENT" aspect="NONE" class="I_STATE" polarity="POS" modality="" happen="" lowerBoundDuration="" upperBoundDuration="" />
      </events>
      <timexes />
    </entry>
    <entry sid="7" file="9783732517695_037.txt">
      <sentence>Patrick handed his horse to a groom and followed his father .</sentence>
      <tokens>
        <t>" " "Patrick" " "</t>
        <t>" " "handed" " "</t>
        <t>" " "his" " "</t>
        <t>" " "horse" " "</t>
        <t>" " "to" " "</t>
        <t>" " "a" " "</t>
        <t>" " "groom" " "</t>
        <t>" " "and" " "</t>
        <t>" " "followed" " "</t>
        <t>" " "his" " "</t>
        <t>" " "father" ""</t>
        <t>"" "." " "</t>
      </tokens>
      <parse>(ROOT (S (NP (NNP Patrick)) (VP (VP (VBD handed) (NP (PRP$ his) (NN horse)) (PP (TO to) (NP (DT a) (NN groom)))) (CC and) (VP (VBD followed) (NP (PRP$ his) (NN father)))) (. .)))</parse>
      <deps>nsubj(handed-2, Patrick-1)
nsubj(followed-9, Patrick-1)
root(ROOT-0, handed-2)
poss(horse-4, his-3)
dobj(handed-2, horse-4)
det(groom-7, a-6)
prep_to(handed-2, groom-7)
conj_and(handed-2, followed-9)
poss(father-11, his-10)
dobj(followed-9, father-11)</deps>
      <events>
        <event id="e11" eiid="ei11" offset="2" string="handed" tense="PAST" aspect="NONE" class="OCCURRENCE" polarity="POS" modality="" happen="" lowerBoundDuration="" upperBoundDuration="" />
        <event id="e12" eiid="ei12" offset="9" string="followed" tense="PAST" aspect="NONE" class="OCCURRENCE" polarity="POS" modality="" happen="" lowerBoundDuration="" upperBoundDuration="" />
      </events>
      <timexes />
    </entry>
    <entry sid="8" file="9783732517695_037.txt">
      <sentence>No sooner had the door closed behind them than he asked , `` Is it true that you want to marry Mrs. Murray ? ''</sentence>
      <tokens>
        <t>" " "No" " "</t>
        <t>" " "sooner" " "</t>
        <t>" " "had" " "</t>
        <t>" " "the" " "</t>
        <t>" " "door" " "</t>
        <t>" " "closed" " "</t>
        <t>" " "behind" " "</t>
        <t>" " "them" " "</t>
        <t>" " "than" " "</t>
        <t>" " "he" " "</t>
        <t>" " "asked" ""</t>
        <t>"" "," " "</t>
        <t>" " """ ""</t>
        <t>"" "Is" " "</t>
        <t>" " "it" " "</t>
        <t>" " "true" " "</t>
        <t>" " "that" " "</t>
        <t>" " "you" " "</t>
        <t>" " "want" " "</t>
        <t>" " "to" " "</t>
        <t>" " "marry" " "</t>
        <t>" " "Mrs." " "</t>
        <t>" " "Murray" ""</t>
        <t>"" "?" ""</t>
        <t>"" """ " "</t>
      </tokens>
      <parse>(ROOT (SINV (ADVP (RB No) (RB sooner)) (VP (VBD had) (NP (NP (DT the) (NN door)) (VP (VBN closed) (PP (IN behind) (NP (PRP them))) (SBAR (IN than) (S (NP (PRP he)) (VP (VBD asked) (, ,) (`` ``) (SQ (VBZ Is) (NP (PRP it)) (ADJP (JJ true))))))))) (SBAR (IN that) (S (NP (PRP you)) (VP (VBP want) (S (VP (TO to) (VP (VB marry) (NP (NNP Mrs.) (NNP Murray))))))) (. ?) ('' ''))))</parse>
      <deps>advmod(sooner-2, No-1)
advmod(had-3, sooner-2)
root(ROOT-0, had-3)
det(door-5, the-4)
dobj(had-3, door-5)
partmod(door-5, closed-6)
prep_behind(closed-6, them-8)
mark(asked-11, than-9)
nsubj(asked-11, he-10)
advcl(closed-6, asked-11)
cop(true-16, Is-14)
nsubj(true-16, it-15)
dep(asked-11, true-16)
mark(want-19, that-17)
nsubj(want-19, you-18)
xsubj(marry-21, you-18)
dep(had-3, want-19)
aux(marry-21, to-20)
xcomp(want-19, marry-21)
nn(Murray-23, Mrs.-22)
dobj(marry-21, Murray-23)</deps>
      <events>
        <event id="e13" eiid="ei13" offset="11" string="asked" tense="PAST" aspect="NONE" class="OCCURRENCE" polarity="POS" modality="" happen="" lowerBoundDuration="" upperBoundDuration="" />
        <event id="e14" eiid="ei14" offset="19" string="want" tense="PRESENT" aspect="NONE" class="I_STATE" polarity="POS" modality="" happen="" lowerBoundDuration="" upperBoundDuration="" />
        <event id="e15" eiid="ei15" offset="21" string="marry" tense="INFINITIVE" aspect="NONE" class="OCCURRENCE" polarity="POS" modality="" happen="" lowerBoundDuration="" upperBoundDuration="" />
      </events>
      <timexes />
    </entry>
    <entry sid="9" file="9783732517695_037.txt">
      <sentence>Duke Brian 's face reddened with displeasure .</sentence>
      <tokens>
        <t>" " "Duke" " "</t>
        <t>" " "Brian" ""</t>
        <t>"" "'s" " "</t>
        <t>" " "face" " "</t>
        <t>" " "reddened" " "</t>
        <t>" " "with" " "</t>
        <t>" " "displeasure" ""</t>
        <t>"" "." " "</t>
      </tokens>
      <parse>(ROOT (S (NP (NP (NNP Duke) (NNP Brian) (POS 's)) (NN face)) (VP (VB reddened) (PP (IN with) (NP (NN displeasure)))) (. .)))</parse>
      <deps>nn(Brian-2, Duke-1)
poss(face-4, Brian-2)
nsubj(reddened-5, face-4)
root(ROOT-0, reddened-5)
prep_with(reddened-5, displeasure-7)</deps>
      <events>
        <event id="e16" eiid="ei16" offset="5" string="reddened" tense="NONE" aspect="NONE" class="OCCURRENCE" polarity="POS" modality="" happen="" lowerBoundDuration="" upperBoundDuration="" />
      </events>
      <timexes />
    </entry>
    <entry sid="10" file="9783732517695_037.txt">
      <sentence>`` You have made a habit of speaking to me in a manner I will not always tolerate , Patrick . ''</sentence>
      <tokens>
        <t>" " """ ""</t>
        <t>"" "You" " "</t>
        <t>" " "have" " "</t>
        <t>" " "made" " "</t>
        <t>" " "a" " "</t>
        <t>" " "habit" " "</t>
        <t>" " "of" " "</t>
        <t>" " "speaking" " "</t>
        <t>" " "to" " "</t>
        <t>" " "me" " "</t>
        <t>" " "in" " "</t>
        <t>" " "a" " "</t>
        <t>" " "manner" " "</t>
        <t>" " "I" " "</t>
        <t>" " "will" " "</t>
        <t>" " "not" " "</t>
        <t>" " "always" " "</t>
        <t>" " "tolerate" ""</t>
        <t>"" "," " "</t>
        <t>" " "Patrick" ""</t>
        <t>"" "." ""</t>
        <t>"" """ " "</t>
      </tokens>
      <parse>(ROOT (S (`` ``) (NP (PRP You)) (VP (VBP have) (VP (VBN made) (NP (NP (DT a) (NN habit)) (PP (IN of) (S (VP (VBG speaking) (PP (TO to) (NP (PRP me))) (PP (IN in) (NP (NP (NP (DT a) (NN manner)) (SBAR (S (NP (PRP I)) (VP (MD will) (RB not) (ADVP (RB always)) (VP (VB tolerate)))))) (, ,) (NP (NNP Patrick)))))))))) (. .) ('' '')))</parse>
      <deps>nsubj(made-4, You-2)
aux(made-4, have-3)
root(ROOT-0, made-4)
det(habit-6, a-5)
dobj(made-4, habit-6)
prepc_of(habit-6, speaking-8)
prep_to(speaking-8, me-10)
det(manner-13, a-12)
prep_in(speaking-8, manner-13)
dobj(tolerate-18, manner-13)
nsubj(tolerate-18, I-14)
aux(tolerate-18, will-15)
neg(tolerate-18, not-16)
advmod(tolerate-18, always-17)
rcmod(manner-13, tolerate-18)
appos(manner-13, Patrick-20)</deps>
      <events>
        <event id="e17" eiid="ei17" offset="4" string="made" tense="PRESENT" aspect="PERFECTIVE" class="OCCURRENCE" polarity="POS" modality="" happen="" lowerBoundDuration="" upperBoundDuration="" />
        <event id="e18" eiid="ei18" offset="8" string="speaking" tense="PRESPART" aspect="NONE" class="OCCURRENCE" polarity="POS" modality="" happen="" lowerBoundDuration="" upperBoundDuration="" />
        <event id="e19" eiid="ei19" offset="18" string="tolerate" tense="NONE" aspect="NONE" class="OCCURRENCE" polarity="POS" modality="" happen="" lowerBoundDuration="" upperBoundDuration="" />
      </events>
      <timexes />
    </entry>
    <entry sid="11" file="9783732517695_037.txt">
      <sentence>`` I am waiting for your answer , father . ''</sentence>
      <tokens>
        <t>" " """ ""</t>
        <t>"" "I" " "</t>
        <t>" " "am" " "</t>
        <t>" " "waiting" " "</t>
        <t>" " "for" " "</t>
        <t>" " "your" " "</t>
        <t>" " "answer" ""</t>
        <t>"" "," " "</t>
        <t>" " "father" ""</t>
        <t>"" "." ""</t>
        <t>"" """ " "</t>
      </tokens>
      <parse>(ROOT (S (`` ``) (NP (PRP I)) (VP (VBP am) (VP (VBG waiting) (PP (IN for) (NP (NP (PRP$ your) (NN answer)) (, ,) (NP (NN father)))))) (. .) ('' '')))</parse>
      <deps>nsubj(waiting-4, I-2)
aux(waiting-4, am-3)
root(ROOT-0, waiting-4)
poss(answer-7, your-6)
prep_for(waiting-4, answer-7)
appos(answer-7, father-9)</deps>
      <events>
        <event id="e20" eiid="ei20" offset="4" string="waiting" tense="PRESENT" aspect="PROGRESSIVE" class="OCCURRENCE" polarity="POS" modality="" happen="" lowerBoundDuration="" upperBoundDuration="" />
      </events>
      <timexes />
    </entry>
    <entry sid="12" file="9783732517695_037.txt">
      <sentence>`` Very well , then , you shall have it .</sentence>
      <tokens>
        <t>" " """ ""</t>
        <t>"" "Very" " "</t>
        <t>" " "well" ""</t>
        <t>"" "," " "</t>
        <t>" " "then" ""</t>
        <t>"" "," " "</t>
        <t>" " "you" " "</t>
        <t>" " "shall" " "</t>
        <t>" " "have" " "</t>
        <t>" " "it" ""</t>
        <t>"" "." " "</t>
      </tokens>
      <parse>(ROOT (S (`` ``) (ADVP (NP (NNP Very)) (RB well)) (, ,) (ADVP (RB then)) (, ,) (NP (PRP you)) (VP (MD shall) (VP (VB have) (NP (PRP it)))) (. .)))</parse>
      <deps>dep(well-3, Very-2)
advmod(have-9, well-3)
advmod(have-9, then-5)
nsubj(have-9, you-7)
aux(have-9, shall-8)
root(ROOT-0, have-9)
dobj(have-9, it-10)</deps>
      <events>
        <event id="e21" eiid="ei21" offset="9" string="have" tense="FUTURE" aspect="NONE" class="OCCURRENCE" polarity="POS" modality="" happen="" lowerBoundDuration="" upperBoundDuration="" />
      </events>
      <timexes />
    </entry>
    <entry sid="13" file="9783732517695_037.txt">
      <sentence>Yes , I am going to marry Alice Murray .</sentence>
      <tokens>
        <t>" " "Yes" ""</t>
        <t>"" "," " "</t>
        <t>" " "I" " "</t>
        <t>" " "am" " "</t>
        <t>" " "going" " "</t>
        <t>" " "to" " "</t>
        <t>" " "marry" " "</t>
        <t>" " "Alice" " "</t>
        <t>" " "Murray" ""</t>
        <t>"" "." " "</t>
      </tokens>
      <parse>(ROOT (S (INTJ (UH Yes)) (, ,) (NP (PRP I)) (VP (VBP am) (VP (VBG going) (S (VP (TO to) (VP (VB marry) (NP (NNP Alice) (NNP Murray))))))) (. .)))</parse>
      <deps>discourse(going-5, Yes-1)
nsubj(going-5, I-3)
xsubj(marry-7, I-3)
aux(going-5, am-4)
root(ROOT-0, going-5)
aux(marry-7, to-6)
xcomp(going-5, marry-7)
nn(Murray-9, Alice-8)
dobj(marry-7, Murray-9)</deps>
      <events>
        <event id="e22" eiid="ei22" offset="5" string="going" tense="PRESENT" aspect="PROGRESSIVE" class="OCCURRENCE" polarity="POS" modality="" happen="" lowerBoundDuration="" upperBoundDuration="" />
        <event id="e23" eiid="ei23" offset="7" string="marry" tense="INFINITIVE" aspect="NONE" class="OCCURRENCE" polarity="POS" modality="" happen="" lowerBoundDuration="" upperBoundDuration="" />
      </events>
      <timexes />
    </entry>
    <entry sid="14" file="9783732517695_037.txt">
      <sentence>And you will have to put up with it . ''</sentence>
      <tokens>
        <t>" " "And" " "</t>
        <t>" " "you" " "</t>
        <t>" " "will" " "</t>
        <t>" " "have" " "</t>
        <t>" " "to" " "</t>
        <t>" " "put" " "</t>
        <t>" " "up" " "</t>
        <t>" " "with" " "</t>
        <t>" " "it" ""</t>
        <t>"" "." ""</t>
        <t>"" """ " "</t>
      </tokens>
      <parse>(ROOT (S (CC And) (NP (PRP you)) (VP (MD will) (VP (VB have) (S (VP (TO to) (VP (VB put) (PRT (RP up)) (PP (IN with) (NP (PRP it)))))))) (. .) ('' '')))</parse>
      <deps>cc(have-4, And-1)
nsubj(have-4, you-2)
xsubj(put-6, you-2)
aux(have-4, will-3)
root(ROOT-0, have-4)
aux(put-6, to-5)
xcomp(have-4, put-6)
prt(put-6, up-7)
prep_with(put-6, it-9)</deps>
      <events>
        <event id="e24" eiid="ei24" offset="4" string="have" tense="FUTURE" aspect="NONE" class="STATE" polarity="POS" modality="" happen="" lowerBoundDuration="" upperBoundDuration="" />
        <event id="e25" eiid="ei25" offset="6" string="put" tense="INFINITIVE" aspect="NONE" class="OCCURRENCE" polarity="POS" modality="" happen="" lowerBoundDuration="" upperBoundDuration="" />
      </events>
      <timexes />
    </entry>
    <entry sid="15" file="9783732517695_037.txt">
      <sentence>`` That my mother should have a successor barely out of the ground ?</sentence>
      <tokens>
        <t>" " """ ""</t>
        <t>"" "That" " "</t>
        <t>" " "my" " "</t>
        <t>" " "mother" " "</t>
        <t>" " "should" " "</t>
        <t>" " "have" " "</t>
        <t>" " "a" " "</t>
        <t>" " "successor" " "</t>
        <t>" " "barely" " "</t>
        <t>" " "out" " "</t>
        <t>" " "of" " "</t>
        <t>" " "the" " "</t>
        <t>" " "ground" ""</t>
        <t>"" "?" " "</t>
      </tokens>
      <parse>(ROOT (S (`` ``) (NP (DT That) (JJ my) (NN mother)) (VP (MD should) (VP (VB have) (NP (NP (DT a) (NN successor)) (ADJP (RB barely) (JJ out)) (PP (IN of) (NP (DT the) (NN ground)))))) (. ?)))</parse>
      <deps>det(mother-4, That-2)
amod(mother-4, my-3)
nsubj(have-6, mother-4)
aux(have-6, should-5)
root(ROOT-0, have-6)
det(successor-8, a-7)
dobj(have-6, successor-8)
advmod(out-10, barely-9)
amod(successor-8, out-10)
det(ground-13, the-12)
prep_of(successor-8, ground-13)</deps>
      <events />
      <timexes />
    </entry>
    <entry sid="16" file="9783732517695_037.txt">
      <sentence>You mean to marry a woman who was not above being your mistress while my mother was still alive ? ''</sentence>
      <tokens>
        <t>" " "You" " "</t>
        <t>" " "mean" " "</t>
        <t>" " "to" " "</t>
        <t>" " "marry" " "</t>
        <t>" " "a" " "</t>
        <t>" " "woman" " "</t>
        <t>" " "who" " "</t>
        <t>" " "was" " "</t>
        <t>" " "not" " "</t>
        <t>" " "above" " "</t>
        <t>" " "being" " "</t>
        <t>" " "your" " "</t>
        <t>" " "mistress" " "</t>
        <t>" " "while" " "</t>
        <t>" " "my" " "</t>
        <t>" " "mother" " "</t>
        <t>" " "was" " "</t>
        <t>" " "still" " "</t>
        <t>" " "alive" ""</t>
        <t>"" "?" ""</t>
        <t>"" """ " "</t>
      </tokens>
      <parse>(ROOT (S (NP (PRP You)) (VP (VBP mean) (S (VP (TO to) (VP (VB marry) (NP (NP (DT a) (NN woman)) (SBAR (WHNP (WP who)) (S (VP (VBD was) (RB not) (PP (IN above) (S (VP (VBG being) (NP (PRP$ your) (NN mistress))))) (SBAR (IN while) (S (NP (PRP$ my) (NN mother)) (VP (VBD was) (ADVP (RB still)) (ADJP (JJ alive))))))))))))) (. ?) ('' '')))</parse>
      <deps>nsubj(mean-2, You-1)
xsubj(marry-4, You-1)
root(ROOT-0, mean-2)
aux(marry-4, to-3)
xcomp(mean-2, marry-4)
det(woman-6, a-5)
dobj(marry-4, woman-6)
nsubj(was-8, woman-6)
rcmod(woman-6, was-8)
neg(was-8, not-9)
cop(mistress-13, being-11)
poss(mistress-13, your-12)
prepc_above(was-8, mistress-13)
mark(alive-19, while-14)
poss(mother-16, my-15)
nsubj(alive-19, mother-16)
cop(alive-19, was-17)
advmod(alive-19, still-18)
advcl(was-8, alive-19)</deps>
      <events>
        <event id="e26" eiid="ei26" offset="4" string="marry" tense="INFINITIVE" aspect="NONE" class="OCCURRENCE" polarity="POS" modality="" happen="" lowerBoundDuration="" upperBoundDuration="" />
      </events>
      <timexes />
    </entry>
    <entry sid="17" file="9783732517695_037.txt">
      <sentence>`` I forbid you to speak of Alice Murray in that tone , Patrick !</sentence>
      <tokens>
        <t>" " """ ""</t>
        <t>"" "I" " "</t>
        <t>" " "forbid" " "</t>
        <t>" " "you" " "</t>
        <t>" " "to" " "</t>
        <t>" " "speak" " "</t>
        <t>" " "of" " "</t>
        <t>" " "Alice" " "</t>
        <t>" " "Murray" " "</t>
        <t>" " "in" " "</t>
        <t>" " "that" " "</t>
        <t>" " "tone" ""</t>
        <t>"" "," " "</t>
        <t>" " "Patrick" ""</t>
        <t>"" "!" " "</t>
      </tokens>
      <parse>(ROOT (S (`` ``) (NP (PRP I)) (VP (VBD forbid) (S (NP (PRP you)) (VP (TO to) (VP (VB speak) (PP (IN of) (NP (NP (NNP Alice) (NNP Murray)) (PP (IN in) (NP (NP (DT that) (NN tone)) (, ,) (NP (NNP Patrick)))))))))) (. !)))</parse>
      <deps>nsubj(forbid-3, I-2)
root(ROOT-0, forbid-3)
nsubj(speak-6, you-4)
aux(speak-6, to-5)
xcomp(forbid-3, speak-6)
nn(Murray-9, Alice-8)
prep_of(speak-6, Murray-9)
det(tone-12, that-11)
prep_in(Murray-9, tone-12)
appos(tone-12, Patrick-14)</deps>
      <events>
        <event id="e27" eiid="ei27" offset="3" string="forbid" tense="PAST" aspect="NONE" class="I_ACTION" polarity="POS" modality="" happen="" lowerBoundDuration="" upperBoundDuration="" />
        <event id="e28" eiid="ei28" offset="6" string="speak" tense="INFINITIVE" aspect="NONE" class="OCCURRENCE" polarity="POS" modality="" happen="" lowerBoundDuration="" upperBoundDuration="" />
      </events>
      <timexes />
    </entry>
    <entry sid="18" file="9783732517695_037.txt">
      <sentence>You must approve of my decision , nor am I master at Windhome . ''</sentence>
      <tokens>
        <t>" " "You" " "</t>
        <t>" " "must" " "</t>
        <t>" " "approve" " "</t>
        <t>" " "of" " "</t>
        <t>" " "my" " "</t>
        <t>" " "decision" ""</t>
        <t>"" "," " "</t>
        <t>" " "nor" " "</t>
        <t>" " "am" " "</t>
        <t>" " "I" " "</t>
        <t>" " "master" " "</t>
        <t>" " "at" " "</t>
        <t>" " "Windhome" ""</t>
        <t>"" "." ""</t>
        <t>"" """ " "</t>
      </tokens>
      <parse>(ROOT (S (NP (PRP You)) (VP (VP (MD must) (VP (VB approve) (PP (IN of) (NP (PRP$ my) (NN decision))))) (, ,) (CC nor) (VP (VBP am) (NP (NP (NN I) (NN master)) (PP (IN at) (NP (NNP Windhome)))))) (. .) ('' '')))</parse>
      <deps>nsubj(approve-3, You-1)
aux(approve-3, must-2)
root(ROOT-0, approve-3)
poss(decision-6, my-5)
prep_of(approve-3, decision-6)
cop(master-11, am-9)
nn(master-11, I-10)
conj_nor(approve-3, master-11)
prep_at(master-11, Windhome-13)</deps>
      <events>
        <event id="e29" eiid="ei29" offset="3" string="approve" tense="NONE" aspect="NONE" class="OCCURRENCE" polarity="POS" modality="" happen="" lowerBoundDuration="" upperBoundDuration="" />
        <event id="e30" eiid="ei30" offset="6" string="decision" tense="NONE" aspect="NONE" class="OCCURRENCE" polarity="POS" modality="" happen="" lowerBoundDuration="" upperBoundDuration="" />
      </events>
      <timexes />
    </entry>
    <entry sid="19" file="9783732517695_037.txt">
      <sentence>Although Duke Brian spoke in such an agitated manner , his face was already becoming calmer .</sentence>
      <tokens>
        <t>" " "Although" " "</t>
        <t>" " "Duke" " "</t>
        <t>" " "Brian" " "</t>
        <t>" " "spoke" " "</t>
        <t>" " "in" " "</t>
        <t>" " "such" " "</t>
        <t>" " "an" " "</t>
        <t>" " "agitated" " "</t>
        <t>" " "manner" ""</t>
        <t>"" "," " "</t>
        <t>" " "his" " "</t>
        <t>" " "face" " "</t>
        <t>" " "was" " "</t>
        <t>" " "already" " "</t>
        <t>" " "becoming" " "</t>
        <t>" " "calmer" ""</t>
        <t>"" "." " "</t>
      </tokens>
      <parse>(ROOT (S (SBAR (IN Although) (S (NP (NNP Duke) (NNP Brian)) (VP (VBD spoke) (PP (IN in) (NP (PDT such) (DT an) (JJ agitated) (NN manner)))))) (, ,) (NP (PRP$ his) (NN face)) (VP (VBD was) (ADVP (RB already)) (VP (VBG becoming) (NP (JJR calmer)))) (. .)))</parse>
      <deps>mark(spoke-4, Although-1)
nn(Brian-3, Duke-2)
nsubj(spoke-4, Brian-3)
advcl(becoming-15, spoke-4)
predet(manner-9, such-6)
det(manner-9, an-7)
amod(manner-9, agitated-8)
prep_in(spoke-4, manner-9)
poss(face-12, his-11)
nsubj(becoming-15, face-12)
aux(becoming-15, was-13)
advmod(becoming-15, already-14)
root(ROOT-0, becoming-15)
attr(becoming-15, calmer-16)</deps>
      <events>
        <event id="e31" eiid="ei31" offset="4" string="spoke" tense="PAST" aspect="NONE" class="OCCURRENCE" polarity="POS" modality="" happen="" lowerBoundDuration="" upperBoundDuration="" />
        <event id="e32" eiid="ei32" offset="15" string="becoming" tense="PRESENT" aspect="PROGRESSIVE" class="OCCURRENCE" polarity="POS" modality="" happen="" lowerBoundDuration="" upperBoundDuration="" />
      </events>
      <timexes />
    </entry>
    <entry sid="20" file="9783732517695_037.txt">
      <sentence>He came up to Patrick now .</sentence>
      <tokens>
        <t>" " "He" " "</t>
        <t>" " "came" " "</t>
        <t>" " "up" " "</t>
        <t>" " "to" " "</t>
        <t>" " "Patrick" " "</t>
        <t>" " "now" ""</t>
        <t>"" "." " "</t>
      </tokens>
      <parse>(ROOT (S (NP (PRP He)) (VP (VBD came) (ADVP (RB up) (PP (TO to) (NP (NNP Patrick)))) (ADVP (RB now))) (. .)))</parse>
      <deps>nsubj(came-2, He-1)
root(ROOT-0, came-2)
advmod(came-2, up-3)
prep_to(up-3, Patrick-5)
advmod(came-2, now-6)</deps>
      <events>
        <event id="e33" eiid="ei33" offset="2" string="came" tense="PAST" aspect="NONE" class="OCCURRENCE" polarity="POS" modality="" happen="" lowerBoundDuration="" upperBoundDuration="" />
      </events>
      <timexes>
        <timex tid="t2" text="now" offset="6" length="1" type="DATE" value="PRESENT_REF" temporalFunction="false" />
      </timexes>
    </entry>
    <entry sid="21" file="9783732517695_037.txt">
      <sentence>`` I beseech you , come to your senses .</sentence>
      <tokens>
        <t>" " """ ""</t>
        <t>"" "I" " "</t>
        <t>" " "beseech" " "</t>
        <t>" " "you" ""</t>
        <t>"" "," " "</t>
        <t>" " "come" " "</t>
        <t>" " "to" " "</t>
        <t>" " "your" " "</t>
        <t>" " "senses" ""</t>
        <t>"" "." " "</t>
      </tokens>
      <parse>(ROOT (S (`` ``) (NP (PRP I)) (VP (VBP beseech) (NP (PRP you))) (, ,) (VP (VBN come) (PP (TO to) (NP (PRP$ your) (NNS senses)))) (. .)))</parse>
      <deps>nsubj(beseech-3, I-2)
root(ROOT-0, beseech-3)
dobj(beseech-3, you-4)
dep(beseech-3, come-6)
poss(senses-9, your-8)
prep_to(come-6, senses-9)</deps>
      <events>
        <event id="e34" eiid="ei34" offset="3" string="beseech" tense="PRESENT" aspect="NONE" class="I_STATE" polarity="POS" modality="" happen="" lowerBoundDuration="" upperBoundDuration="" />
      </events>
      <timexes />
    </entry>
    <entry sid="22" file="9783732517695_037.txt">
      <sentence>Grant thy father that he may not be alone all the time .</sentence>
      <tokens>
        <t>" " "Grant" " "</t>
        <t>" " "thy" " "</t>
        <t>" " "father" " "</t>
        <t>" " "that" " "</t>
        <t>" " "he" " "</t>
        <t>" " "may" " "</t>
        <t>" " "not" " "</t>
        <t>" " "be" " "</t>
        <t>" " "alone" " "</t>
        <t>" " "all" " "</t>
        <t>" " "the" " "</t>
        <t>" " "time" ""</t>
        <t>"" "." " "</t>
      </tokens>
      <parse>(ROOT (S (NP (NNP Grant)) (VP (VBP thy) (NP (NN father)) (SBAR (IN that) (S (NP (PRP he)) (VP (MD may) (RB not) (VP (VB be) (ADVP (RB alone)) (NP (PDT all) (DT the) (NN time))))))) (. .)))</parse>
      <deps>nsubj(thy-2, Grant-1)
root(ROOT-0, thy-2)
dobj(thy-2, father-3)
mark(time-12, that-4)
nsubj(time-12, he-5)
aux(time-12, may-6)
neg(time-12, not-7)
cop(time-12, be-8)
advmod(time-12, alone-9)
predet(time-12, all-10)
det(time-12, the-11)
ccomp(thy-2, time-12)</deps>
      <events />
      <timexes />
    </entry>
    <entry sid="23" file="9783732517695_037.txt">
      <sentence>You shall not be diminished in your rights in any way if I remarry .</sentence>
      <tokens>
        <t>" " "You" " "</t>
        <t>" " "shall" " "</t>
        <t>" " "not" " "</t>
        <t>" " "be" " "</t>
        <t>" " "diminished" " "</t>
        <t>" " "in" " "</t>
        <t>" " "your" " "</t>
        <t>" " "rights" " "</t>
        <t>" " "in" " "</t>
        <t>" " "any" " "</t>
        <t>" " "way" " "</t>
        <t>" " "if" " "</t>
        <t>" " "I" " "</t>
        <t>" " "remarry" ""</t>
        <t>"" "." " "</t>
      </tokens>
      <parse>(ROOT (S (NP (PRP You)) (VP (MD shall) (RB not) (VP (VB be) (VP (VBN diminished) (PP (IN in) (NP (NP (PRP$ your) (NNS rights)) (PP (IN in) (NP (DT any) (NN way))))) (SBAR (IN if) (S (NP (PRP I)) (VP (VBP remarry))))))) (. .)))</parse>
      <deps>nsubjpass(diminished-5, You-1)
aux(diminished-5, shall-2)
neg(diminished-5, not-3)
auxpass(diminished-5, be-4)
root(ROOT-0, diminished-5)
poss(rights-8, your-7)
prep_in(diminished-5, rights-8)
det(way-11, any-10)
prep_in(rights-8, way-11)
mark(remarry-14, if-12)
nsubj(remarry-14, I-13)
advcl(diminished-5, remarry-14)</deps>
      <events>
        <event id="e35" eiid="ei35" offset="5" string="diminished" tense="NONE" aspect="NONE" class="OCCURRENCE" polarity="POS" modality="" happen="" lowerBoundDuration="" upperBoundDuration="" />
        <event id="e36" eiid="ei36" offset="14" string="remarry" tense="PRESENT" aspect="NONE" class="I_STATE" polarity="POS" modality="" happen="" lowerBoundDuration="" upperBoundDuration="" />
      </events>
      <timexes />
    </entry>
    <entry sid="24" file="9783732517695_037.txt">
      <sentence>You shall remain the heir of Windhome . ''</sentence>
      <tokens>
        <t>" " "You" " "</t>
        <t>" " "shall" " "</t>
        <t>" " "remain" " "</t>
        <t>" " "the" " "</t>
        <t>" " "heir" " "</t>
        <t>" " "of" " "</t>
        <t>" " "Windhome" ""</t>
        <t>"" "." ""</t>
        <t>"" """ " "</t>
      </tokens>
      <parse>(ROOT (S (NP (PRP You)) (VP (MD shall) (VP (VB remain) (NP (NP (DT the) (NN heir)) (PP (IN of) (NP (NNP Windhome)))))) (. .) ('' '')))</parse>
      <deps>nsubj(heir-5, You-1)
aux(heir-5, shall-2)
cop(heir-5, remain-3)
det(heir-5, the-4)
root(ROOT-0, heir-5)
prep_of(heir-5, Windhome-7)</deps>
      <events>
        <event id="e37" eiid="ei37" offset="3" string="remain" tense="NONE" aspect="NONE" class="OCCURRENCE" polarity="POS" modality="" happen="" lowerBoundDuration="" upperBoundDuration="" />
      </events>
      <timexes />
    </entry>
    <entry sid="25" file="9783732517695_037.txt">
      <sentence>`` That is not what I am concerned with now , father .</sentence>
      <tokens>
        <t>" " """ ""</t>
        <t>"" "That" " "</t>
        <t>" " "is" " "</t>
        <t>" " "not" " "</t>
        <t>" " "what" " "</t>
        <t>" " "I" " "</t>
        <t>" " "am" " "</t>
        <t>" " "concerned" " "</t>
        <t>" " "with" " "</t>
        <t>" " "now" ""</t>
        <t>"" "," " "</t>
        <t>" " "father" ""</t>
        <t>"" "." " "</t>
      </tokens>
      <parse>(ROOT (S (`` ``) (NP (DT That)) (VP (VBZ is) (RB not) (SBAR (WHNP (WP what)) (S (NP (PRP I)) (VP (VBP am) (VP (VBN concerned) (PP (IN with) (NP (NP (RB now)) (, ,) (NP (NN father))))))))) (. .)))</parse>
      <deps>nsubj(is-3, That-2)
root(ROOT-0, is-3)
neg(is-3, not-4)
dobj(concerned-8, what-5)
nsubjpass(concerned-8, I-6)
auxpass(concerned-8, am-7)
ccomp(is-3, concerned-8)
prep(concerned-8, with-9)
pobj(with-9, now-10)
appos(now-10, father-12)</deps>
      <events>
        <event id="e38" eiid="ei38" offset="8" string="concerned" tense="PRESENT" aspect="NONE" class="OCCURRENCE" polarity="POS" modality="" happen="" lowerBoundDuration="" upperBoundDuration="" />
      </events>
      <timexes>
        <timex tid="t3" text="now" offset="10" length="1" type="DATE" value="PRESENT_REF" temporalFunction="false" />
      </timexes>
    </entry>
    <entry sid="26" file="9783732517695_037.txt">
      <sentence>I just ca n't bear the thought of another woman taking my mother 's place .</sentence>
      <tokens>
        <t>" " "I" " "</t>
        <t>" " "just" " "</t>
        <t>" " "ca" ""</t>
        <t>"" "n't" " "</t>
        <t>" " "bear" " "</t>
        <t>" " "the" " "</t>
        <t>" " "thought" " "</t>
        <t>" " "of" " "</t>
        <t>" " "another" " "</t>
        <t>" " "woman" " "</t>
        <t>" " "taking" " "</t>
        <t>" " "my" " "</t>
        <t>" " "mother" ""</t>
        <t>"" "'s" " "</t>
        <t>" " "place" ""</t>
        <t>"" "." " "</t>
      </tokens>
      <parse>(ROOT (S (NP (PRP I)) (ADVP (RB just)) (VP (MD ca) (RB n't) (VP (VB bear) (NP (NP (DT the) (NN thought)) (PP (IN of) (NP (NP (DT another) (NN woman)) (VP (VBG taking) (NP (NP (PRP$ my) (NN mother) (POS 's)) (NN place)))))))) (. .)))</parse>
      <deps>nsubj(bear-5, I-1)
advmod(bear-5, just-2)
aux(bear-5, ca-3)
neg(bear-5, n't-4)
root(ROOT-0, bear-5)
det(thought-7, the-6)
dobj(bear-5, thought-7)
det(woman-10, another-9)
prep_of(thought-7, woman-10)
partmod(woman-10, taking-11)
poss(mother-13, my-12)
poss(place-15, mother-13)
dobj(taking-11, place-15)</deps>
      <events>
        <event id="e39" eiid="ei39" offset="5" string="bear" tense="FUTURE" aspect="NONE" class="OCCURRENCE" polarity="POS" modality="" happen="" lowerBoundDuration="" upperBoundDuration="" />
      </events>
      <timexes />
    </entry>
    <entry sid="27" file="9783732517695_037.txt">
      <sentence>And I do n't understand your liking for Mrs. Murray .</sentence>
      <tokens>
        <t>" " "And" " "</t>
        <t>" " "I" " "</t>
        <t>" " "do" ""</t>
        <t>"" "n't" " "</t>
        <t>" " "understand" " "</t>
        <t>" " "your" " "</t>
        <t>" " "liking" " "</t>
        <t>" " "for" " "</t>
        <t>" " "Mrs." " "</t>
        <t>" " "Murray" ""</t>
        <t>"" "." " "</t>
      </tokens>
      <parse>(ROOT (S (CC And) (NP (PRP I)) (VP (VBP do) (RB n't) (VP (VB understand) (NP (PRP$ your) (NN liking)) (PP (IN for) (NP (NNP Mrs.) (NNP Murray))))) (. .)))</parse>
      <deps>cc(understand-5, And-1)
nsubj(understand-5, I-2)
aux(understand-5, do-3)
neg(understand-5, n't-4)
root(ROOT-0, understand-5)
poss(liking-7, your-6)
dobj(understand-5, liking-7)
nn(Murray-10, Mrs.-9)
prep_for(understand-5, Murray-10)</deps>
      <events>
        <event id="e40" eiid="ei40" offset="5" string="understand" tense="NONE" aspect="NONE" class="OCCURRENCE" polarity="POS" modality="" happen="" lowerBoundDuration="" upperBoundDuration="" />
      </events>
      <timexes />
    </entry>
    <entry sid="28" file="9783732517695_037.txt">
      <sentence>She has remained a perfect stranger to me . ''</sentence>
      <tokens>
        <t>" " "She" " "</t>
        <t>" " "has" " "</t>
        <t>" " "remained" " "</t>
        <t>" " "a" " "</t>
        <t>" " "perfect" " "</t>
        <t>" " "stranger" " "</t>
        <t>" " "to" " "</t>
        <t>" " "me" ""</t>
        <t>"" "." ""</t>
        <t>"" """ " "</t>
      </tokens>
      <parse>(ROOT (S (NP (PRP She)) (VP (VBZ has) (VP (VBN remained) (NP (DT a) (JJ perfect) (NN stranger)) (PP (TO to) (NP (PRP me))))) (. .) ('' '')))</parse>
      <deps>nsubj(stranger-6, She-1)
aux(stranger-6, has-2)
cop(stranger-6, remained-3)
det(stranger-6, a-4)
amod(stranger-6, perfect-5)
root(ROOT-0, stranger-6)
prep_to(stranger-6, me-8)</deps>
      <events>
        <event id="e41" eiid="ei41" offset="3" string="remained" tense="PRESENT" aspect="PERFECTIVE" class="I_ACTION" polarity="POS" modality="" happen="" lowerBoundDuration="" upperBoundDuration="" />
      </events>
      <timexes />
    </entry>
    <entry sid="29" file="9783732517695_037.txt">
      <sentence>`` That would change if you were a little more approachable , Patrick .</sentence>
      <tokens>
        <t>" " """ ""</t>
        <t>"" "That" " "</t>
        <t>" " "would" " "</t>
        <t>" " "change" " "</t>
        <t>" " "if" " "</t>
        <t>" " "you" " "</t>
        <t>" " "were" " "</t>
        <t>" " "a" " "</t>
        <t>" " "little" " "</t>
        <t>" " "more" " "</t>
        <t>" " "approachable" ""</t>
        <t>"" "," " "</t>
        <t>" " "Patrick" ""</t>
        <t>"" "." " "</t>
      </tokens>
      <parse>(ROOT (S (`` ``) (NP (DT That)) (VP (MD would) (VP (VB change) (SBAR (IN if) (S (NP (PRP you)) (VP (VBD were) (ADJP (ADJP (NP (DT a) (RB little)) (RBR more) (JJ approachable)) (, ,) (ADJP (JJ Patrick)))))))) (. .)))</parse>
      <deps>nsubj(change-4, That-2)
aux(change-4, would-3)
root(ROOT-0, change-4)
mark(approachable-11, if-5)
nsubj(approachable-11, you-6)
cop(approachable-11, were-7)
det(little-9, a-8)
dep(approachable-11, little-9)
advmod(approachable-11, more-10)
advcl(change-4, approachable-11)
dep(approachable-11, Patrick-13)</deps>
      <events>
        <event id="e42" eiid="ei42" offset="4" string="change" tense="NONE" aspect="NONE" class="OCCURRENCE" polarity="POS" modality="" happen="" lowerBoundDuration="" upperBoundDuration="" />
      </events>
      <timexes />
    </entry>
    <entry sid="30" file="9783732517695_037.txt">
      <sentence>Alice complains very much of your unfriendly nature .</sentence>
      <tokens>
        <t>" " "Alice" " "</t>
        <t>" " "complains" " "</t>
        <t>" " "very" " "</t>
        <t>" " "much" " "</t>
        <t>" " "of" " "</t>
        <t>" " "your" " "</t>
        <t>" " "unfriendly" " "</t>
        <t>" " "nature" ""</t>
        <t>"" "." " "</t>
      </tokens>
      <parse>(ROOT (S (NP (NNP Alice)) (VP (VBZ complains) (ADJP (RB very) (JJ much) (PP (IN of) (NP (PRP$ your) (JJ unfriendly) (NN nature))))) (. .)))</parse>
      <deps>nsubj(complains-2, Alice-1)
root(ROOT-0, complains-2)
advmod(much-4, very-3)
acomp(complains-2, much-4)
poss(nature-8, your-6)
amod(nature-8, unfriendly-7)
prep_of(much-4, nature-8)</deps>
      <events />
      <timexes />
    </entry>
    <entry sid="31" file="9783732517695_037.txt">
      <sentence>I 'm convinced that if you did n't stand up to her , she 'd make an effort to be with you . ''</sentence>
      <tokens>
        <t>" " "I" ""</t>
        <t>"" "'m" " "</t>
        <t>" " "convinced" " "</t>
        <t>" " "that" " "</t>
        <t>" " "if" " "</t>
        <t>" " "you" " "</t>
        <t>" " "did" ""</t>
        <t>"" "n't" " "</t>
        <t>" " "stand" " "</t>
        <t>" " "up" " "</t>
        <t>" " "to" " "</t>
        <t>" " "her" ""</t>
        <t>"" "," " "</t>
        <t>" " "she" ""</t>
        <t>"" "'d" " "</t>
        <t>" " "make" " "</t>
        <t>" " "an" " "</t>
        <t>" " "effort" " "</t>
        <t>" " "to" " "</t>
        <t>" " "be" " "</t>
        <t>" " "with" " "</t>
        <t>" " "you" ""</t>
        <t>"" "." ""</t>
        <t>"" """ " "</t>
      </tokens>
      <parse>(ROOT (S (NP (PRP I)) (VP (VBP 'm) (ADJP (VBN convinced) (SBAR (IN that) (S (SBAR (IN if) (S (NP (PRP you)) (VP (VBD did) (RB n't) (VP (VB stand) (PRT (RP up)) (PP (TO to) (NP (PRP her))))))) (, ,) (NP (PRP she)) (VP (MD 'd) (VP (VB make) (NP (DT an) (NN effort) (S (VP (TO to) (VP (VB be) (PP (IN with) (NP (PRP you))))))))))))) (. .) ('' '')))</parse>
      <deps>nsubjpass(convinced-3, I-1)
auxpass(convinced-3, 'm-2)
root(ROOT-0, convinced-3)
mark(make-16, that-4)
mark(stand-9, if-5)
nsubj(stand-9, you-6)
aux(stand-9, did-7)
neg(stand-9, n't-8)
advcl(make-16, stand-9)
prt(stand-9, up-10)
prep_to(stand-9, her-12)
nsubj(make-16, she-14)
aux(make-16, 'd-15)
ccomp(convinced-3, make-16)
det(effort-18, an-17)
dobj(make-16, effort-18)
aux(be-20, to-19)
infmod(effort-18, be-20)
prep_with(be-20, you-22)</deps>
      <events>
        <event id="e43" eiid="ei43" offset="9" string="stand" tense="PAST" aspect="NONE" class="I_ACTION" polarity="POS" modality="" happen="" lowerBoundDuration="" upperBoundDuration="" />
        <event id="e44" eiid="ei44" offset="16" string="make" tense="NONE" aspect="NONE" class="OCCURRENCE" polarity="POS" modality="" happen="" lowerBoundDuration="" upperBoundDuration="" />
      </events>
      <timexes />
    </entry>
    <entry sid="32" file="9783732517695_037.txt">
      <sentence>Patrick looked at his father long and searchingly .</sentence>
      <tokens>
        <t>" " "Patrick" " "</t>
        <t>" " "looked" " "</t>
        <t>" " "at" " "</t>
        <t>" " "his" " "</t>
        <t>" " "father" " "</t>
        <t>" " "long" " "</t>
        <t>" " "and" " "</t>
        <t>" " "searchingly" ""</t>
        <t>"" "." " "</t>
      </tokens>
      <parse>(ROOT (S (NP (NNP Patrick)) (VP (VBD looked) (PP (IN at) (NP (NP (PRP$ his) (NN father)) (ADJP (JJ long) (CC and) (JJ searchingly))))) (. .)))</parse>
      <deps>nsubj(looked-2, Patrick-1)
root(ROOT-0, looked-2)
poss(father-5, his-4)
prep_at(looked-2, father-5)
amod(father-5, long-6)
amod(father-5, searchingly-8)
conj_and(long-6, searchingly-8)</deps>
      <events>
        <event id="e45" eiid="ei45" offset="2" string="looked" tense="PAST" aspect="NONE" class="OCCURRENCE" polarity="POS" modality="" happen="" lowerBoundDuration="" upperBoundDuration="" />
      </events>
      <timexes />
    </entry>
    <entry sid="33" file="9783732517695_037.txt">
      <sentence>`` I see that I can not change your mind , father .</sentence>
      <tokens>
        <t>" " """ ""</t>
        <t>"" "I" " "</t>
        <t>" " "see" " "</t>
        <t>" " "that" " "</t>
        <t>" " "I" " "</t>
        <t>" " "can" ""</t>
        <t>"" "not" " "</t>
        <t>" " "change" " "</t>
        <t>" " "your" " "</t>
        <t>" " "mind" ""</t>
        <t>"" "," " "</t>
        <t>" " "father" ""</t>
        <t>"" "." " "</t>
      </tokens>
      <parse>(ROOT (S (`` ``) (NP (PRP I)) (VP (VBP see) (SBAR (IN that) (S (NP (PRP I)) (VP (MD can) (RB not) (VP (VB change) (NP (NP (PRP$ your) (NN mind)) (, ,) (NP (NN father)))))))) (. .)))</parse>
      <deps>nsubj(see-3, I-2)
root(ROOT-0, see-3)
mark(change-8, that-4)
nsubj(change-8, I-5)
aux(change-8, can-6)
neg(change-8, not-7)
ccomp(see-3, change-8)
poss(mind-10, your-9)
dobj(change-8, mind-10)
appos(mind-10, father-12)</deps>
      <events>
        <event id="e46" eiid="ei46" offset="3" string="see" tense="PRESENT" aspect="NONE" class="PERCEPTION" polarity="POS" modality="" happen="" lowerBoundDuration="" upperBoundDuration="" />
        <event id="e47" eiid="ei47" offset="8" string="change" tense="NONE" aspect="NONE" class="OCCURRENCE" polarity="POS" modality="" happen="" lowerBoundDuration="" upperBoundDuration="" />
      </events>
      <timexes />
    </entry>
    <entry sid="34" file="9783732517695_037.txt">
      <sentence>I do n't want to break with you .</sentence>
      <tokens>
        <t>" " "I" " "</t>
        <t>" " "do" ""</t>
        <t>"" "n't" " "</t>
        <t>" " "want" " "</t>
        <t>" " "to" " "</t>
        <t>" " "break" " "</t>
        <t>" " "with" " "</t>
        <t>" " "you" ""</t>
        <t>"" "." " "</t>
      </tokens>
      <parse>(ROOT (S (NP (PRP I)) (VP (VBP do) (RB n't) (VP (VB want) (S (VP (TO to) (VP (VB break) (PP (IN with) (NP (PRP you)))))))) (. .)))</parse>
      <deps>nsubj(want-4, I-1)
xsubj(break-6, I-1)
aux(want-4, do-2)
neg(want-4, n't-3)
root(ROOT-0, want-4)
aux(break-6, to-5)
xcomp(want-4, break-6)
prep_with(break-6, you-8)</deps>
      <events>
        <event id="e48" eiid="ei48" offset="4" string="want" tense="NONE" aspect="NONE" class="I_STATE" polarity="POS" modality="" happen="" lowerBoundDuration="" upperBoundDuration="" />
        <event id="e49" eiid="ei49" offset="6" string="break" tense="INFINITIVE" aspect="NONE" class="OCCURRENCE" polarity="POS" modality="" happen="" lowerBoundDuration="" upperBoundDuration="" />
      </events>
      <timexes />
    </entry>
    <entry sid="35" file="9783732517695_037.txt">
      <sentence>I love you too much for that .</sentence>
      <tokens>
        <t>" " "I" " "</t>
        <t>" " "love" " "</t>
        <t>" " "you" " "</t>
        <t>" " "too" " "</t>
        <t>" " "much" " "</t>
        <t>" " "for" " "</t>
        <t>" " "that" ""</t>
        <t>"" "." " "</t>
      </tokens>
      <parse>(ROOT (S (NP (PRP I)) (VP (VBP love) (S (NP (PRP you)) (ADJP (RB too) (JJ much) (PP (IN for) (NP (DT that)))))) (. .)))</parse>
      <deps>nsubj(love-2, I-1)
root(ROOT-0, love-2)
nsubj(much-5, you-3)
advmod(much-5, too-4)
xcomp(love-2, much-5)
prep_for(much-5, that-7)</deps>
      <events>
        <event id="e50" eiid="ei50" offset="2" string="love" tense="PRESENT" aspect="NONE" class="I_STATE" polarity="POS" modality="" happen="" lowerBoundDuration="" upperBoundDuration="" />
      </events>
      <timexes />
    </entry>
    <entry sid="36" file="9783732517695_037.txt">
      <sentence>But do n't ask me to come back to Windhome next year , when you 'll be married by then . ''</sentence>
      <tokens>
        <t>" " "But" " "</t>
        <t>" " "do" ""</t>
        <t>"" "n't" " "</t>
        <t>" " "ask" " "</t>
        <t>" " "me" " "</t>
        <t>" " "to" " "</t>
        <t>" " "come" " "</t>
        <t>" " "back" " "</t>
        <t>" " "to" " "</t>
        <t>" " "Windhome" " "</t>
        <t>" " "next" " "</t>
        <t>" " "year" ""</t>
        <t>"" "," " "</t>
        <t>" " "when" " "</t>
        <t>" " "you" ""</t>
        <t>"" "'ll" " "</t>
        <t>" " "be" " "</t>
        <t>" " "married" " "</t>
        <t>" " "by" " "</t>
        <t>" " "then" ""</t>
        <t>"" "." ""</t>
        <t>"" """ " "</t>
      </tokens>
      <parse>(ROOT (S (CC But) (S (VP (VBP do) (RB n't) (VP (VB ask) (S (NP (PRP me)) (VP (TO to) (VP (VB come) (ADVP (RB back)) (PP (TO to) (NP (NNP Windhome))) (NP (JJ next) (NN year)) (, ,) (SBAR (WHADVP (WRB when)) (S (NP (PRP you)))))))))) (VP (MD 'll) (VP (VB be) (VP (VBN married) (PP (IN by) (NP (RB then)))))) (. .) ('' '')))</parse>
      <deps>cc(married-18, But-1)
aux(ask-4, do-2)
neg(ask-4, n't-3)
csubjpass(married-18, ask-4)
nsubj(come-7, me-5)
aux(come-7, to-6)
xcomp(ask-4, come-7)
advmod(come-7, back-8)
prep_to(come-7, Windhome-10)
amod(year-12, next-11)
tmod(come-7, year-12)
advmod(you-15, when-14)
advcl(come-7, you-15)
aux(married-18, 'll-16)
auxpass(married-18, be-17)
root(ROOT-0, married-18)
prep(married-18, by-19)
pobj(by-19, then-20)</deps>
      <events>
        <event id="e51" eiid="ei51" offset="4" string="ask" tense="NONE" aspect="NONE" class="OCCURRENCE" polarity="POS" modality="" happen="" lowerBoundDuration="" upperBoundDuration="" />
        <event id="e52" eiid="ei52" offset="7" string="come" tense="INFINITIVE" aspect="NONE" class="OCCURRENCE" polarity="POS" modality="" happen="" lowerBoundDuration="" upperBoundDuration="" />
        <event id="e53" eiid="ei53" offset="18" string="married" tense="NONE" aspect="NONE" class="OCCURRENCE" polarity="POS" modality="" happen="" lowerBoundDuration="" upperBoundDuration="" />
      </events>
      <timexes>
        <timex tid="t4" text="year" offset="12" length="1" type="DURATION" value="P1Y" temporalFunction="false" />
      </timexes>
    </entry>
    <entry sid="37" file="9783732517695_037.txt">
      <sentence>Duke Brian smiled .</sentence>
      <tokens>
        <t>" " "Duke" " "</t>
        <t>" " "Brian" " "</t>
        <t>" " "smiled" ""</t>
        <t>"" "." " "</t>
      </tokens>
      <parse>(ROOT (S (NP (NNP Duke) (NNP Brian)) (VP (VBD smiled)) (. .)))</parse>
      <deps>nn(Brian-2, Duke-1)
nsubj(smiled-3, Brian-2)
root(ROOT-0, smiled-3)</deps>
      <events>
        <event id="e54" eiid="ei54" offset="3" string="smiled" tense="PAST" aspect="NONE" class="OCCURRENCE" polarity="POS" modality="" happen="" lowerBoundDuration="" upperBoundDuration="" />
      </events>
      <timexes />
    </entry>
    <entry sid="38" file="9783732517695_037.txt">
      <sentence>`` You will come , Patrick .</sentence>
      <tokens>
        <t>" " """ ""</t>
        <t>"" "You" " "</t>
        <t>" " "will" " "</t>
        <t>" " "come" ""</t>
        <t>"" "," " "</t>
        <t>" " "Patrick" ""</t>
        <t>"" "." " "</t>
      </tokens>
      <parse>(ROOT (S (`` ``) (NP (PRP You)) (VP (MD will) (VP (VB come) (, ,) (NP (NNP Patrick)))) (. .)))</parse>
      <deps>nsubj(come-4, You-2)
aux(come-4, will-3)
root(ROOT-0, come-4)
dobj(come-4, Patrick-6)</deps>
      <events>
        <event id="e55" eiid="ei55" offset="4" string="come" tense="FUTURE" aspect="NONE" class="OCCURRENCE" polarity="POS" modality="" happen="" lowerBoundDuration="" upperBoundDuration="" />
      </events>
      <timexes />
    </entry>
    <entry sid="39" file="9783732517695_037.txt">
      <sentence>I know you , and I know how rooted you are to your home .</sentence>
      <tokens>
        <t>" " "I" " "</t>
        <t>" " "know" " "</t>
        <t>" " "you" ""</t>
        <t>"" "," " "</t>
        <t>" " "and" " "</t>
        <t>" " "I" " "</t>
        <t>" " "know" " "</t>
        <t>" " "how" " "</t>
        <t>" " "rooted" " "</t>
        <t>" " "you" " "</t>
        <t>" " "are" " "</t>
        <t>" " "to" " "</t>
        <t>" " "your" " "</t>
        <t>" " "home" ""</t>
        <t>"" "." " "</t>
      </tokens>
      <parse>(ROOT (S (S (NP (PRP I)) (VP (VBP know) (NP (PRP you)))) (, ,) (CC and) (S (NP (PRP I)) (VP (VBP know) (SBAR (WHADJP (WRB how) (JJ rooted)) (S (NP (PRP you)) (VP (VBP are) (PP (TO to) (NP (PRP$ your) (NN home)))))))) (. .)))</parse>
      <deps>nsubj(know-2, I-1)
root(ROOT-0, know-2)
dobj(know-2, you-3)
nsubj(know-7, I-6)
conj_and(know-2, know-7)
advmod(rooted-9, how-8)
dep(are-11, rooted-9)
nsubj(are-11, you-10)
ccomp(know-7, are-11)
poss(home-14, your-13)
prep_to(are-11, home-14)</deps>
      <events>
        <event id="e56" eiid="ei56" offset="2" string="know" tense="PRESENT" aspect="NONE" class="I_STATE" polarity="POS" modality="" happen="" lowerBoundDuration="" upperBoundDuration="" />
        <event id="e57" eiid="ei57" offset="7" string="know" tense="PRESENT" aspect="NONE" class="I_STATE" polarity="POS" modality="" happen="" lowerBoundDuration="" upperBoundDuration="" />
      </events>
      <timexes />
    </entry>
    <entry sid="40" file="9783732517695_037.txt">
      <sentence>You wo n't be comfortable in any other place in the world .</sentence>
      <tokens>
        <t>" " "You" " "</t>
        <t>" " "wo" ""</t>
        <t>"" "n't" " "</t>
        <t>" " "be" " "</t>
        <t>" " "comfortable" " "</t>
        <t>" " "in" " "</t>
        <t>" " "any" " "</t>
        <t>" " "other" " "</t>
        <t>" " "place" " "</t>
        <t>" " "in" " "</t>
        <t>" " "the" " "</t>
        <t>" " "world" ""</t>
        <t>"" "." " "</t>
      </tokens>
      <parse>(ROOT (S (NP (PRP You)) (VP (MD wo) (RB n't) (VP (VB be) (ADJP (JJ comfortable) (PP (IN in) (NP (NP (DT any) (JJ other) (NN place)) (PP (IN in) (NP (DT the) (NN world)))))))) (. .)))</parse>
      <deps>nsubj(comfortable-5, You-1)
aux(comfortable-5, wo-2)
neg(comfortable-5, n't-3)
cop(comfortable-5, be-4)
root(ROOT-0, comfortable-5)
det(place-9, any-7)
amod(place-9, other-8)
prep_in(comfortable-5, place-9)
det(world-12, the-11)
prep_in(place-9, world-12)</deps>
      <events>
        <event id="e58" eiid="ei58" offset="5" string="comfortable" tense="NONE" aspect="NONE" class="STATE" polarity="POS" modality="" happen="" lowerBoundDuration="" upperBoundDuration="" />
      </events>
      <timexes />
    </entry>
    <entry sid="41" file="9783732517695_037.txt">
      <sentence>And believe me , I will do everything I can to make sure we can live in peace in the castle . ''</sentence>
      <tokens>
        <t>" " "And" " "</t>
        <t>" " "believe" " "</t>
        <t>" " "me" ""</t>
        <t>"" "," " "</t>
        <t>" " "I" " "</t>
        <t>" " "will" " "</t>
        <t>" " "do" " "</t>
        <t>" " "everything" " "</t>
        <t>" " "I" " "</t>
        <t>" " "can" " "</t>
        <t>" " "to" " "</t>
        <t>" " "make" " "</t>
        <t>" " "sure" " "</t>
        <t>" " "we" " "</t>
        <t>" " "can" " "</t>
        <t>" " "live" " "</t>
        <t>" " "in" " "</t>
        <t>" " "peace" " "</t>
        <t>" " "in" " "</t>
        <t>" " "the" " "</t>
        <t>" " "castle" ""</t>
        <t>"" "." ""</t>
        <t>"" """ ""</t>
      </tokens>
      <parse>(ROOT (S (S (CC And) (VP (VB believe) (NP (PRP me)))) (, ,) (NP (PRP I)) (VP (MD will) (VP (VB do) (NP (NP (NN everything)) (SBAR (S (NP (PRP I)) (VP (MD can) (S (VP (TO to) (VP (VB make) (ADJP (JJ sure) (SBAR (S (NP (PRP we)) (VP (MD can) (VP (VB live) (PP (IN in) (NP (NP (NN peace)) (PP (IN in) (NP (DT the) (NN castle))))))))))))))))))) (. .) ('' '')))</parse>
      <deps>cc(believe-2, And-1)
ccomp(do-7, believe-2)
dobj(believe-2, me-3)
nsubj(do-7, I-5)
aux(do-7, will-6)
root(ROOT-0, do-7)
dobj(do-7, everything-8)
dobj(can-10, everything-8)
nsubj(can-10, I-9)
xsubj(make-12, I-9)
rcmod(everything-8, can-10)
aux(make-12, to-11)
xcomp(can-10, make-12)
acomp(make-12, sure-13)
nsubj(live-16, we-14)
aux(live-16, can-15)
ccomp(sure-13, live-16)
prep_in(live-16, peace-18)
det(castle-21, the-20)
prep_in(peace-18, castle-21)</deps>
      <events>
        <event id="e59" eiid="ei59" offset="2" string="believe" tense="PRESENT" aspect="NONE" class="OCCURRENCE" polarity="POS" modality="" happen="" lowerBoundDuration="" upperBoundDuration="" />
        <event id="e60" eiid="ei60" offset="7" string="do" tense="FUTURE" aspect="NONE" class="OCCURRENCE" polarity="POS" modality="" happen="" lowerBoundDuration="" upperBoundDuration="" />
        <event id="e61" eiid="ei61" offset="12" string="make" tense="INFINITIVE" aspect="NONE" class="OCCURRENCE" polarity="POS" modality="" happen="" lowerBoundDuration="" upperBoundDuration="" />
        <event id="e62" eiid="ei62" offset="16" string="live" tense="NONE" aspect="NONE" class="OCCURRENCE" polarity="POS" modality="" happen="" lowerBoundDuration="" upperBoundDuration="" />
      </events>
      <timexes />
    </entry>
    <tlink event1="ei8" event2="t1" relation="BEFORE" closed="false" origin="AdjacentVerbTimex" type="et" />
    <tlink event1="ei33" event2="t2" relation="VAGUE" closed="false" origin="AdjacentVerbTimex" type="et" />
    <tlink event1="ei38" event2="t3" relation="IS_INCLUDED" closed="false" origin="AdjacentVerbTimex" type="et" />
    <tlink event1="ei52" event2="t4" relation="IS_INCLUDED" closed="false" origin="AdjacentVerbTimex" type="et" />
    <tlink event1="ei17" event2="ei19" relation="BEFORE" closed="false" origin="ReichenbachDG13" type="ee" />
    <tlink event1="ei38" event2="ei39" relation="BEFORE" closed="false" origin="ReichenbachDG13" type="ee" />
    <tlink event1="ei41" event2="ei42" relation="BEFORE" closed="false" origin="ReichenbachDG13" type="ee" />
    <tlink event1="ei43" event2="ei44" relation="BEFORE" closed="false" origin="ReichenbachDG13" type="ee" />
    <tlink event1="ei44" event2="ei45" relation="AFTER" closed="false" origin="ReichenbachDG13" type="ee" />
    <tlink event1="ei54" event2="ei55" relation="BEFORE" closed="false" origin="ReichenbachDG13" type="ee" />
    <tlink event1="ei55" event2="ei56" relation="AFTER" closed="false" origin="ReichenbachDG13" type="ee" />
    <tlink event1="ei55" event2="ei57" relation="AFTER" closed="false" origin="ReichenbachDG13" type="ee" />
    <tlink event1="ei59" event2="ei60" relation="BEFORE" closed="false" origin="ReichenbachDG13" type="ee" />
    <tlink event1="ei1" event2="ei2" relation="VAGUE" closed="false" origin="XCompDepSieve" type="ee" />
    <tlink event1="ei1" event2="ei3" relation="VAGUE" closed="false" origin="XCompDepSieve" type="ee" />
    <tlink event1="ei9" event2="ei10" relation="VAGUE" closed="false" origin="XCompDepSieve" type="ee" />
    <tlink event1="ei11" event2="ei12" relation="VAGUE" closed="false" origin="XCompDepSieve" type="ee" />
    <tlink event1="ei14" event2="ei15" relation="BEFORE" closed="false" origin="XCompDepSieve" type="ee" />
    <tlink event1="ei22" event2="ei23" relation="BEFORE" closed="false" origin="XCompDepSieve" type="ee" />
    <tlink event1="ei24" event2="ei25" relation="BEFORE" closed="false" origin="XCompDepSieve" type="ee" />
    <tlink event1="ei27" event2="ei28" relation="BEFORE" closed="false" origin="XCompDepSieve" type="ee" />
    <tlink event1="ei48" event2="ei49" relation="BEFORE" closed="false" origin="XCompDepSieve" type="ee" />
    <tlink event1="ei51" event2="ei52" relation="BEFORE" closed="false" origin="XCompDepSieve" type="ee" />
    <tlink event1="ei56" event2="ei57" relation="VAGUE" closed="false" origin="XCompDepSieve" type="ee" />
    <tlink event1="ei7" event2="ei8" relation="VAGUE" closed="false" origin="WordNet209" type="ee" />
    <tlink event1="ei45" event2="ei46" relation="VAGUE" closed="false" origin="WordNet209" type="ee" />
    <tlink event1="ei60" event2="ei61" relation="VAGUE" closed="false" origin="WordNet209" type="ee" />
    <tlink event1="ei51" event2="t4" relation="VAGUE" closed="false" origin="MLEventTimeSameSent" type="et" />
    <tlink event1="ei53" event2="t4" relation="VAGUE" closed="false" origin="MLEventTimeSameSent" type="et" />
    <tlink event1="ei5" event2="ei6" relation="BEFORE" closed="false" origin="MLEventEventDominates" type="ee" />
    <tlink event1="ei17" event2="ei18" relation="INCLUDES" closed="false" origin="MLEventEventDominates" type="ee" />
    <tlink event1="ei18" event2="ei19" relation="VAGUE" closed="false" origin="MLEventEventDominates" type="ee" />
    <tlink event1="ei29" event2="ei30" relation="AFTER" closed="false" origin="MLEventEventDominates" type="ee" />
    <tlink event1="ei35" event2="ei36" relation="VAGUE" closed="false" origin="MLEventEventDominates" type="ee" />
    <tlink event1="ei46" event2="ei47" relation="VAGUE" closed="false" origin="MLEventEventDominates" type="ee" />
    <tlink event1="ei60" event2="ei62" relation="BEFORE" closed="false" origin="MLEventEventDominates" type="ee" />
    <tlink event1="ei61" event2="ei62" relation="BEFORE" closed="false" origin="MLEventEventDominates" type="ee" />
    <tlink event1="ei59" event2="ei62" relation="BEFORE" closed="true" origin="MLEventEventDominates" type="ee" />
    <tlink event1="ei2" event2="ei3" relation="VAGUE" closed="false" origin="MLEventEventSameSent" type="ee" />
    <tlink event1="ei13" event2="ei14" relation="VAGUE" closed="false" origin="MLEventEventSameSent" type="ee" />
    <tlink event1="ei13" event2="ei15" relation="BEFORE" closed="false" origin="MLEventEventSameSent" type="ee" />
    <tlink event1="ei31" event2="ei32" relation="VAGUE" closed="false" origin="MLEventEventSameSent" type="ee" />
    <tlink event1="ei51" event2="ei53" relation="VAGUE" closed="false" origin="MLEventEventSameSent" type="ee" />
    <tlink event1="ei52" event2="ei53" relation="VAGUE" closed="false" origin="MLEventEventSameSent" type="ee" />
    <tlink event1="ei59" event2="ei61" relation="VAGUE" closed="false" origin="MLEventEventSameSent" type="ee" />
    <tlink event1="ei1" event2="ei4" relation="VAGUE" closed="false" origin="AllVagueSieve" type="ee" />
    <tlink event1="ei2" event2="ei4" relation="VAGUE" closed="false" origin="AllVagueSieve" type="ee" />
    <tlink event1="ei3" event2="ei4" relation="VAGUE" closed="false" origin="AllVagueSieve" type="ee" />
    <tlink event1="ei4" event2="ei5" relation="VAGUE" closed="false" origin="AllVagueSieve" type="ee" />
    <tlink event1="ei4" event2="ei6" relation="VAGUE" closed="false" origin="AllVagueSieve" type="ee" />
    <tlink event1="ei5" event2="ei7" relation="VAGUE" closed="false" origin="AllVagueSieve" type="ee" />
    <tlink event1="ei6" event2="ei7" relation="VAGUE" closed="false" origin="AllVagueSieve" type="ee" />
    <tlink event1="ei7" event2="t1" relation="VAGUE" closed="false" origin="AllVagueSieve" type="et" />
    <tlink event1="ei9" event2="ei11" relation="VAGUE" closed="false" origin="AllVagueSieve" type="ee" />
    <tlink event1="ei9" event2="ei12" relation="VAGUE" closed="false" origin="AllVagueSieve" type="ee" />
    <tlink event1="ei10" event2="ei11" relation="VAGUE" closed="false" origin="AllVagueSieve" type="ee" />
    <tlink event1="ei10" event2="ei12" relation="VAGUE" closed="false" origin="AllVagueSieve" type="ee" />
    <tlink event1="ei11" event2="ei13" relation="VAGUE" closed="false" origin="AllVagueSieve" type="ee" />
    <tlink event1="ei11" event2="ei14" relation="VAGUE" closed="false" origin="AllVagueSieve" type="ee" />
    <tlink event1="ei11" event2="ei15" relation="VAGUE" closed="false" origin="AllVagueSieve" type="ee" />
    <tlink event1="ei12" event2="ei13" relation="VAGUE" closed="false" origin="AllVagueSieve" type="ee" />
    <tlink event1="ei12" event2="ei14" relation="VAGUE" closed="false" origin="AllVagueSieve" type="ee" />
    <tlink event1="ei12" event2="ei15" relation="VAGUE" closed="false" origin="AllVagueSieve" type="ee" />
    <tlink event1="ei13" event2="ei16" relation="VAGUE" closed="false" origin="AllVagueSieve" type="ee" />
    <tlink event1="ei14" event2="ei16" relation="VAGUE" closed="false" origin="AllVagueSieve" type="ee" />
    <tlink event1="ei15" event2="ei16" relation="VAGUE" closed="false" origin="AllVagueSieve" type="ee" />
    <tlink event1="ei16" event2="ei17" relation="VAGUE" closed="false" origin="AllVagueSieve" type="ee" />
    <tlink event1="ei16" event2="ei18" relation="VAGUE" closed="false" origin="AllVagueSieve" type="ee" />
    <tlink event1="ei16" event2="ei19" relation="VAGUE" closed="false" origin="AllVagueSieve" type="ee" />
    <tlink event1="ei17" event2="ei20" relation="VAGUE" closed="false" origin="AllVagueSieve" type="ee" />
    <tlink event1="ei18" event2="ei20" relation="VAGUE" closed="false" origin="AllVagueSieve" type="ee" />
    <tlink event1="ei19" event2="ei20" relation="VAGUE" closed="false" origin="AllVagueSieve" type="ee" />
    <tlink event1="ei20" event2="ei21" relation="VAGUE" closed="false" origin="AllVagueSieve" type="ee" />
    <tlink event1="ei21" event2="ei22" relation="VAGUE" closed="false" origin="AllVagueSieve" type="ee" />
    <tlink event1="ei21" event2="ei23" relation="VAGUE" closed="false" origin="AllVagueSieve" type="ee" />
    <tlink event1="ei22" event2="ei24" relation="VAGUE" closed="false" origin="AllVagueSieve" type="ee" />
    <tlink event1="ei22" event2="ei25" relation="VAGUE" closed="false" origin="AllVagueSieve" type="ee" />
    <tlink event1="ei23" event2="ei24" relation="VAGUE" closed="false" origin="AllVagueSieve" type="ee" />
    <tlink event1="ei23" event2="ei25" relation="VAGUE" closed="false" origin="AllVagueSieve" type="ee" />
    <tlink event1="ei26" event2="ei27" relation="VAGUE" closed="false" origin="AllVagueSieve" type="ee" />
    <tlink event1="ei26" event2="ei28" relation="VAGUE" closed="false" origin="AllVagueSieve" type="ee" />
    <tlink event1="ei27" event2="ei29" relation="VAGUE" closed="false" origin="AllVagueSieve" type="ee" />
    <tlink event1="ei27" event2="ei30" relation="VAGUE" closed="false" origin="AllVagueSieve" type="ee" />
    <tlink event1="ei28" event2="ei29" relation="VAGUE" closed="false" origin="AllVagueSieve" type="ee" />
    <tlink event1="ei28" event2="ei30" relation="VAGUE" closed="false" origin="AllVagueSieve" type="ee" />
    <tlink event1="ei29" event2="ei31" relation="VAGUE" closed="false" origin="AllVagueSieve" type="ee" />
    <tlink event1="ei29" event2="ei32" relation="VAGUE" closed="false" origin="AllVagueSieve" type="ee" />
    <tlink event1="ei30" event2="ei31" relation="VAGUE" closed="false" origin="AllVagueSieve" type="ee" />
    <tlink event1="ei30" event2="ei32" relation="VAGUE" closed="false" origin="AllVagueSieve" type="ee" />
    <tlink event1="ei31" event2="ei33" relation="VAGUE" closed="false" origin="AllVagueSieve" type="ee" />
    <tlink event1="ei31" event2="t2" relation="VAGUE" closed="false" origin="AllVagueSieve" type="et" />
    <tlink event1="ei32" event2="ei33" relation="VAGUE" closed="false" origin="AllVagueSieve" type="ee" />
    <tlink event1="ei32" event2="t2" relation="VAGUE" closed="false" origin="AllVagueSieve" type="et" />
    <tlink event1="ei33" event2="ei34" relation="VAGUE" closed="false" origin="AllVagueSieve" type="ee" />
    <tlink event1="t2" event2="ei34" relation="VAGUE" closed="false" origin="AllVagueSieve" type="et" />
    <tlink event1="ei35" event2="ei37" relation="VAGUE" closed="false" origin="AllVagueSieve" type="ee" />
    <tlink event1="ei36" event2="ei37" relation="VAGUE" closed="false" origin="AllVagueSieve" type="ee" />
    <tlink event1="ei37" event2="ei38" relation="VAGUE" closed="false" origin="AllVagueSieve" type="ee" />
    <tlink event1="ei37" event2="t3" relation="VAGUE" closed="false" origin="AllVagueSieve" type="et" />
    <tlink event1="t3" event2="ei39" relation="VAGUE" closed="false" origin="AllVagueSieve" type="et" />
    <tlink event1="ei39" event2="ei40" relation="VAGUE" closed="false" origin="AllVagueSieve" type="ee" />
    <tlink event1="ei40" event2="ei41" relation="VAGUE" closed="false" origin="AllVagueSieve" type="ee" />
    <tlink event1="ei43" event2="ei45" relation="VAGUE" closed="false" origin="AllVagueSieve" type="ee" />
    <tlink event1="ei45" event2="ei47" relation="VAGUE" closed="false" origin="AllVagueSieve" type="ee" />
    <tlink event1="ei46" event2="ei48" relation="VAGUE" closed="false" origin="AllVagueSieve" type="ee" />
    <tlink event1="ei46" event2="ei49" relation="VAGUE" closed="false" origin="AllVagueSieve" type="ee" />
    <tlink event1="ei47" event2="ei48" relation="VAGUE" closed="false" origin="AllVagueSieve" type="ee" />
    <tlink event1="ei47" event2="ei49" relation="VAGUE" closed="false" origin="AllVagueSieve" type="ee" />
    <tlink event1="ei48" event2="ei50" relation="VAGUE" closed="false" origin="AllVagueSieve" type="ee" />
    <tlink event1="ei49" event2="ei50" relation="VAGUE" closed="false" origin="AllVagueSieve" type="ee" />
    <tlink event1="ei50" event2="ei51" relation="VAGUE" closed="false" origin="AllVagueSieve" type="ee" />
    <tlink event1="ei50" event2="ei52" relation="VAGUE" closed="false" origin="AllVagueSieve" type="ee" />
    <tlink event1="ei50" event2="ei53" relation="VAGUE" closed="false" origin="AllVagueSieve" type="ee" />
    <tlink event1="ei50" event2="t4" relation="VAGUE" closed="false" origin="AllVagueSieve" type="et" />
    <tlink event1="ei51" event2="ei54" relation="VAGUE" closed="false" origin="AllVagueSieve" type="ee" />
    <tlink event1="ei52" event2="ei54" relation="VAGUE" closed="false" origin="AllVagueSieve" type="ee" />
    <tlink event1="ei53" event2="ei54" relation="VAGUE" closed="false" origin="AllVagueSieve" type="ee" />
    <tlink event1="t4" event2="ei54" relation="VAGUE" closed="false" origin="AllVagueSieve" type="et" />
    <tlink event1="ei56" event2="ei58" relation="VAGUE" closed="false" origin="AllVagueSieve" type="ee" />
    <tlink event1="ei57" event2="ei58" relation="VAGUE" closed="false" origin="AllVagueSieve" type="ee" />
    <tlink event1="ei58" event2="ei59" relation="VAGUE" closed="false" origin="AllVagueSieve" type="ee" />
    <tlink event1="ei58" event2="ei60" relation="VAGUE" closed="false" origin="AllVagueSieve" type="ee" />
    <tlink event1="ei58" event2="ei61" relation="VAGUE" closed="false" origin="AllVagueSieve" type="ee" />
    <tlink event1="ei58" event2="ei62" relation="VAGUE" closed="false" origin="AllVagueSieve" type="ee" />
  </file>
</root>

