<?xml version="1.0" encoding="UTF-8"?>
<root xmlns="http://chambers.com/corpusinfo">
  <file name="9783732517695_075.txt">
    <entry sid="0" file="9783732517695_075.txt">
      <sentence>Patrick was sitting slumped in his father 's study when a constable ushered Kathleen in .</sentence>
      <tokens>
        <t>"" "Patrick" " "</t>
        <t>" " "was" " "</t>
        <t>" " "sitting" " "</t>
        <t>" " "slumped" " "</t>
        <t>" " "in" " "</t>
        <t>" " "his" " "</t>
        <t>" " "father" ""</t>
        <t>"" "'s" " "</t>
        <t>" " "study" " "</t>
        <t>" " "when" " "</t>
        <t>" " "a" " "</t>
        <t>" " "constable" " "</t>
        <t>" " "ushered" " "</t>
        <t>" " "Kathleen" " "</t>
        <t>" " "in" ""</t>
        <t>"" "." " "</t>
      </tokens>
      <parse>(ROOT (S (NP (NNP Patrick)) (VP (VBD was) (VP (VBG sitting) (VP (VBN slumped) (PP (IN in) (NP (NP (PRP$ his) (NN father) (POS 's)) (NN study))) (SBAR (WHADVP (WRB when)) (S (NP (DT a) (NN constable)) (VP (VBD ushered) (NP (NNP Kathleen)) (PP (IN in)))))))) (. .)))</parse>
      <deps>nsubj(sitting-3, Patrick-1)
aux(sitting-3, was-2)
root(ROOT-0, sitting-3)
dep(sitting-3, slumped-4)
poss(father-7, his-6)
poss(study-9, father-7)
prep_in(slumped-4, study-9)
advmod(ushered-13, when-10)
det(constable-12, a-11)
nsubj(ushered-13, constable-12)
advcl(slumped-4, ushered-13)
dobj(ushered-13, Kathleen-14)
prep(ushered-13, in-15)</deps>
      <events>
        <event id="e1" eiid="ei1" offset="3" string="sitting" tense="PAST" aspect="PROGRESSIVE" class="OCCURRENCE" polarity="POS" modality="" happen="" lowerBoundDuration="" upperBoundDuration="" />
        <event id="e2" eiid="ei2" offset="4" string="slumped" tense="PASTPART" aspect="NONE" class="OCCURRENCE" polarity="POS" modality="" happen="" lowerBoundDuration="" upperBoundDuration="" />
        <event id="e3" eiid="ei3" offset="13" string="ushered" tense="PAST" aspect="NONE" class="OCCURRENCE" polarity="POS" modality="" happen="" lowerBoundDuration="" upperBoundDuration="" />
      </events>
      <timexes />
    </entry>
    <entry sid="1" file="9783732517695_075.txt">
      <sentence>She was barely recognizable , so distraught did she look .</sentence>
      <tokens>
        <t>" " "She" " "</t>
        <t>" " "was" " "</t>
        <t>" " "barely" " "</t>
        <t>" " "recognizable" ""</t>
        <t>"" "," " "</t>
        <t>" " "so" " "</t>
        <t>" " "distraught" " "</t>
        <t>" " "did" " "</t>
        <t>" " "she" " "</t>
        <t>" " "look" ""</t>
        <t>"" "." " "</t>
      </tokens>
      <parse>(ROOT (S (NP (PRP She)) (VP (VBD was) (ADJP (RB barely) (JJ recognizable) (, ,) (RB so) (JJ distraught) (SBAR (S (VP (VBD did) (SBAR (S (NP (PRP she)) (VP (VBP look))))))))) (. .)))</parse>
      <deps>nsubj(distraught-7, She-1)
cop(distraught-7, was-2)
advmod(distraught-7, barely-3)
amod(distraught-7, recognizable-4)
advmod(distraught-7, so-6)
root(ROOT-0, distraught-7)
ccomp(distraught-7, did-8)
nsubj(look-10, she-9)
ccomp(did-8, look-10)</deps>
      <events>
        <event id="e4" eiid="ei4" offset="10" string="look" tense="PRESENT" aspect="NONE" class="OCCURRENCE" polarity="POS" modality="" happen="" lowerBoundDuration="" upperBoundDuration="" />
      </events>
      <timexes />
    </entry>
    <entry sid="2" file="9783732517695_075.txt">
      <sentence>She could not exonerate Patrick .</sentence>
      <tokens>
        <t>" " "She" " "</t>
        <t>" " "could" " "</t>
        <t>" " "not" " "</t>
        <t>" " "exonerate" " "</t>
        <t>" " "Patrick" ""</t>
        <t>"" "." " "</t>
      </tokens>
      <parse>(ROOT (S (NP (PRP She)) (VP (MD could) (RB not) (VP (VB exonerate) (NP (NNP Patrick)))) (. .)))</parse>
      <deps>nsubj(exonerate-4, She-1)
aux(exonerate-4, could-2)
neg(exonerate-4, not-3)
root(ROOT-0, exonerate-4)
dobj(exonerate-4, Patrick-5)</deps>
      <events>
        <event id="e5" eiid="ei5" offset="4" string="exonerate" tense="NONE" aspect="NONE" class="OCCURRENCE" polarity="POS" modality="" happen="" lowerBoundDuration="" upperBoundDuration="" />
      </events>
      <timexes />
    </entry>
    <entry sid="3" file="9783732517695_075.txt">
      <sentence>Everything seemed to be conspiring against him .</sentence>
      <tokens>
        <t>" " "Everything" " "</t>
        <t>" " "seemed" " "</t>
        <t>" " "to" " "</t>
        <t>" " "be" " "</t>
        <t>" " "conspiring" " "</t>
        <t>" " "against" " "</t>
        <t>" " "him" ""</t>
        <t>"" "." " "</t>
      </tokens>
      <parse>(ROOT (S (NP (NNP Everything)) (VP (VBD seemed) (S (VP (TO to) (VP (VB be) (VP (VBG conspiring) (PP (IN against) (NP (PRP him)))))))) (. .)))</parse>
      <deps>nsubj(seemed-2, Everything-1)
xsubj(conspiring-5, Everything-1)
root(ROOT-0, seemed-2)
aux(conspiring-5, to-3)
aux(conspiring-5, be-4)
xcomp(seemed-2, conspiring-5)
prep_against(conspiring-5, him-7)</deps>
      <events>
        <event id="e6" eiid="ei6" offset="2" string="seemed" tense="PAST" aspect="NONE" class="I_STATE" polarity="POS" modality="" happen="" lowerBoundDuration="" upperBoundDuration="" />
        <event id="e7" eiid="ei7" offset="5" string="conspiring" tense="PRESPART" aspect="NONE" class="OCCURRENCE" polarity="POS" modality="" happen="" lowerBoundDuration="" upperBoundDuration="" />
      </events>
      <timexes />
    </entry>
    <entry sid="4" file="9783732517695_075.txt">
      <sentence>For minutes they were alone in the room as the interrogation concluded .</sentence>
      <tokens>
        <t>" " "For" " "</t>
        <t>" " "minutes" " "</t>
        <t>" " "they" " "</t>
        <t>" " "were" " "</t>
        <t>" " "alone" " "</t>
        <t>" " "in" " "</t>
        <t>" " "the" " "</t>
        <t>" " "room" " "</t>
        <t>" " "as" " "</t>
        <t>" " "the" " "</t>
        <t>" " "interrogation" " "</t>
        <t>" " "concluded" ""</t>
        <t>"" "." " "</t>
      </tokens>
      <parse>(ROOT (S (PP (IN For) (NP (NNS minutes))) (NP (PRP they)) (VP (VBD were) (ADVP (RB alone)) (PP (IN in) (NP (DT the) (NN room))) (SBAR (IN as) (S (NP (DT the) (NN interrogation)) (VP (VBD concluded))))) (. .)))</parse>
      <deps>prep_for(were-4, minutes-2)
nsubj(were-4, they-3)
root(ROOT-0, were-4)
advmod(were-4, alone-5)
det(room-8, the-7)
prep_in(were-4, room-8)
mark(concluded-12, as-9)
det(interrogation-11, the-10)
nsubj(concluded-12, interrogation-11)
advcl(were-4, concluded-12)</deps>
      <events>
        <event id="e8" eiid="ei8" offset="12" string="concluded" tense="PAST" aspect="NONE" class="OCCURRENCE" polarity="POS" modality="" happen="" lowerBoundDuration="" upperBoundDuration="" />
      </events>
      <timexes>
        <timex tid="t1" text="minutes" offset="2" length="1" type="DURATION" value="PTXM" temporalFunction="false" />
      </timexes>
    </entry>
    <entry sid="5" file="9783732517695_075.txt">
      <sentence>But outside the door stood a constable .</sentence>
      <tokens>
        <t>" " "But" " "</t>
        <t>" " "outside" " "</t>
        <t>" " "the" " "</t>
        <t>" " "door" " "</t>
        <t>" " "stood" " "</t>
        <t>" " "a" " "</t>
        <t>" " "constable" ""</t>
        <t>"" "." " "</t>
      </tokens>
      <parse>(ROOT (S (CC But) (ADVP (RB outside)) (NP (DT the) (NN door)) (VP (VBD stood) (NP (DT a) (NN constable))) (. .)))</parse>
      <deps>cc(stood-5, But-1)
advmod(stood-5, outside-2)
det(door-4, the-3)
nsubj(stood-5, door-4)
root(ROOT-0, stood-5)
det(constable-7, a-6)
dobj(stood-5, constable-7)</deps>
      <events>
        <event id="e9" eiid="ei9" offset="5" string="stood" tense="PAST" aspect="NONE" class="OCCURRENCE" polarity="POS" modality="" happen="" lowerBoundDuration="" upperBoundDuration="" />
      </events>
      <timexes />
    </entry>
    <entry sid="6" file="9783732517695_075.txt">
      <sentence>`` You could n't have done that , Patrick , '' Kathleen said .</sentence>
      <tokens>
        <t>" " """ ""</t>
        <t>"" "You" " "</t>
        <t>" " "could" ""</t>
        <t>"" "n't" " "</t>
        <t>" " "have" " "</t>
        <t>" " "done" " "</t>
        <t>" " "that" ""</t>
        <t>"" "," " "</t>
        <t>" " "Patrick" ""</t>
        <t>"" "," ""</t>
        <t>"" """ " "</t>
        <t>" " "Kathleen" " "</t>
        <t>" " "said" ""</t>
        <t>"" "." " "</t>
      </tokens>
      <parse>(ROOT (S (`` ``) (S (NP (PRP You)) (VP (MD could) (RB n't) (VP (VB have) (VP (VBN done) (NP (NP (DT that)) (, ,) (NP (NNP Patrick))))))) (, ,) ('' '') (NP (NNP Kathleen)) (VP (VBD said)) (. .)))</parse>
      <deps>nsubj(done-6, You-2)
aux(done-6, could-3)
neg(done-6, n't-4)
aux(done-6, have-5)
ccomp(said-13, done-6)
dobj(done-6, that-7)
appos(that-7, Patrick-9)
nsubj(said-13, Kathleen-12)
root(ROOT-0, said-13)</deps>
      <events>
        <event id="e10" eiid="ei10" offset="6" string="done" tense="PRESENT" aspect="PERFECTIVE" class="OCCURRENCE" polarity="POS" modality="" happen="" lowerBoundDuration="" upperBoundDuration="" />
        <event id="e11" eiid="ei11" offset="13" string="said" tense="PAST" aspect="NONE" class="REPORTING" polarity="POS" modality="" happen="" lowerBoundDuration="" upperBoundDuration="" />
      </events>
      <timexes />
    </entry>
    <entry sid="7" file="9783732517695_075.txt">
      <sentence>`` Or was everything you told me not true ?</sentence>
      <tokens>
        <t>" " """ ""</t>
        <t>"" "Or" " "</t>
        <t>" " "was" " "</t>
        <t>" " "everything" " "</t>
        <t>" " "you" " "</t>
        <t>" " "told" " "</t>
        <t>" " "me" " "</t>
        <t>" " "not" " "</t>
        <t>" " "true" ""</t>
        <t>"" "?" " "</t>
      </tokens>
      <parse>(ROOT (SBARQ (`` ``) (WHADVP (WRB Or)) (SQ (VBD was) (NP (NP (NN everything)) (SBAR (S (NP (PRP you)) (VP (VBD told) (S (NP (PRP me)) (ADJP (RB not) (JJ true)))))))) (. ?)))</parse>
      <deps>advmod(was-3, Or-2)
root(ROOT-0, was-3)
nsubj(was-3, everything-4)
dobj(told-6, everything-4)
nsubj(told-6, you-5)
rcmod(everything-4, told-6)
nsubj(true-9, me-7)
neg(true-9, not-8)
xcomp(told-6, true-9)</deps>
      <events>
        <event id="e12" eiid="ei12" offset="6" string="told" tense="PAST" aspect="NONE" class="REPORTING" polarity="POS" modality="" happen="" lowerBoundDuration="" upperBoundDuration="" />
      </events>
      <timexes />
    </entry>
    <entry sid="8" file="9783732517695_075.txt">
      <sentence>Was your father not even willing to change his will ?</sentence>
      <tokens>
        <t>" " "Was" " "</t>
        <t>" " "your" " "</t>
        <t>" " "father" " "</t>
        <t>" " "not" " "</t>
        <t>" " "even" " "</t>
        <t>" " "willing" " "</t>
        <t>" " "to" " "</t>
        <t>" " "change" " "</t>
        <t>" " "his" " "</t>
        <t>" " "will" ""</t>
        <t>"" "?" " "</t>
      </tokens>
      <parse>(ROOT (SQ (VBD Was) (NP (PRP$ your) (NN father)) (ADJP (ADJP (RB not) (RB even) (JJ willing)) (PP (TO to) (NP (NN change) (PRP$ his) (NN will)))) (. ?)))</parse>
      <deps>cop(willing-6, Was-1)
poss(father-3, your-2)
nsubj(willing-6, father-3)
neg(willing-6, not-4)
advmod(willing-6, even-5)
root(ROOT-0, willing-6)
nn(will-10, change-8)
poss(will-10, his-9)
prep_to(willing-6, will-10)</deps>
      <events>
        <event id="e13" eiid="ei13" offset="8" string="change" tense="INFINITIVE" aspect="NONE" class="OCCURRENCE" polarity="POS" modality="" happen="" lowerBoundDuration="" upperBoundDuration="" />
      </events>
      <timexes />
    </entry>
    <entry sid="9" file="9783732517695_075.txt">
      <sentence>Then why did he call me to you ? ''</sentence>
      <tokens>
        <t>" " "Then" " "</t>
        <t>" " "why" " "</t>
        <t>" " "did" " "</t>
        <t>" " "he" " "</t>
        <t>" " "call" " "</t>
        <t>" " "me" " "</t>
        <t>" " "to" " "</t>
        <t>" " "you" ""</t>
        <t>"" "?" ""</t>
        <t>"" """ " "</t>
      </tokens>
      <parse>(ROOT (SBARQ (WHADVP (ADVP (RB Then)) (WRB why)) (SQ (VBD did) (NP (PRP he)) (VP (VB call) (NP (PRP me)) (PP (TO to) (NP (PRP you))))) (. ?) ('' '')))</parse>
      <deps>advmod(why-2, Then-1)
advmod(call-5, why-2)
aux(call-5, did-3)
nsubj(call-5, he-4)
root(ROOT-0, call-5)
dobj(call-5, me-6)
prep_to(call-5, you-8)</deps>
      <events>
        <event id="e14" eiid="ei14" offset="5" string="call" tense="NONE" aspect="NONE" class="OCCURRENCE" polarity="POS" modality="" happen="" lowerBoundDuration="" upperBoundDuration="" />
      </events>
      <timexes />
    </entry>
    <entry sid="10" file="9783732517695_075.txt">
      <sentence>Patrick looked at Kathleen as if she were a stranger .</sentence>
      <tokens>
        <t>" " "Patrick" " "</t>
        <t>" " "looked" " "</t>
        <t>" " "at" " "</t>
        <t>" " "Kathleen" " "</t>
        <t>" " "as" " "</t>
        <t>" " "if" " "</t>
        <t>" " "she" " "</t>
        <t>" " "were" " "</t>
        <t>" " "a" " "</t>
        <t>" " "stranger" ""</t>
        <t>"" "." " "</t>
      </tokens>
      <parse>(ROOT (S (NP (NNP Patrick)) (VP (VBD looked) (PP (IN at) (NP (NNP Kathleen))) (SBAR (RB as) (IN if) (S (NP (PRP she)) (VP (VBD were) (NP (DT a) (NN stranger)))))) (. .)))</parse>
      <deps>nsubj(looked-2, Patrick-1)
root(ROOT-0, looked-2)
prep_at(looked-2, Kathleen-4)
advmod(stranger-10, as-5)
mark(stranger-10, if-6)
nsubj(stranger-10, she-7)
cop(stranger-10, were-8)
det(stranger-10, a-9)
advcl(looked-2, stranger-10)
ccomp(looked-2, stranger-10)</deps>
      <events>
        <event id="e15" eiid="ei15" offset="2" string="looked" tense="PAST" aspect="NONE" class="OCCURRENCE" polarity="POS" modality="" happen="" lowerBoundDuration="" upperBoundDuration="" />
      </events>
      <timexes />
    </entry>
    <entry sid="11" file="9783732517695_075.txt">
      <sentence>`` Yes , why would he have done that ?</sentence>
      <tokens>
        <t>" " """ ""</t>
        <t>"" "Yes" ""</t>
        <t>"" "," " "</t>
        <t>" " "why" " "</t>
        <t>" " "would" " "</t>
        <t>" " "he" " "</t>
        <t>" " "have" " "</t>
        <t>" " "done" " "</t>
        <t>" " "that" ""</t>
        <t>"" "?" " "</t>
      </tokens>
      <parse>(ROOT (S (`` ``) (ADVP (RB Yes)) (, ,) (SBAR (WHADVP (WRB why)) (S (VP (MD would)))) (NP (PRP he)) (VP (VBP have) (VP (VBN done) (NP (DT that)))) (. ?)))</parse>
      <deps>advmod(done-8, Yes-2)
advmod(would-5, why-4)
advcl(done-8, would-5)
nsubj(done-8, he-6)
aux(done-8, have-7)
root(ROOT-0, done-8)
dobj(done-8, that-9)</deps>
      <events>
        <event id="e16" eiid="ei16" offset="8" string="done" tense="PRESENT" aspect="PERFECTIVE" class="OCCURRENCE" polarity="POS" modality="" happen="" lowerBoundDuration="" upperBoundDuration="" />
      </events>
      <timexes />
    </entry>
    <entry sid="12" file="9783732517695_075.txt">
      <sentence>So you doubt me ? ''</sentence>
      <tokens>
        <t>" " "So" " "</t>
        <t>" " "you" " "</t>
        <t>" " "doubt" " "</t>
        <t>" " "me" ""</t>
        <t>"" "?" ""</t>
        <t>"" """ " "</t>
      </tokens>
      <parse>(ROOT (S (IN So) (NP (PRP you)) (VP (VBP doubt) (NP (PRP me))) (. ?) ('' '')))</parse>
      <deps>dep(doubt-3, So-1)
nsubj(doubt-3, you-2)
root(ROOT-0, doubt-3)
dobj(doubt-3, me-4)</deps>
      <events>
        <event id="e17" eiid="ei17" offset="3" string="doubt" tense="PRESENT" aspect="NONE" class="OCCURRENCE" polarity="POS" modality="" happen="" lowerBoundDuration="" upperBoundDuration="" />
      </events>
      <timexes />
    </entry>
    <entry sid="13" file="9783732517695_075.txt">
      <sentence>`` I do n't want to doubt you , Patrick .</sentence>
      <tokens>
        <t>" " """ ""</t>
        <t>"" "I" " "</t>
        <t>" " "do" ""</t>
        <t>"" "n't" " "</t>
        <t>" " "want" " "</t>
        <t>" " "to" " "</t>
        <t>" " "doubt" " "</t>
        <t>" " "you" ""</t>
        <t>"" "," " "</t>
        <t>" " "Patrick" ""</t>
        <t>"" "." " "</t>
      </tokens>
      <parse>(ROOT (S (`` ``) (NP (PRP I)) (VP (VBP do) (RB n't) (VP (VB want) (S (VP (TO to) (VP (VB doubt) (NP (NP (PRP you)) (, ,) (NP (NNP Patrick)))))))) (. .)))</parse>
      <deps>nsubj(want-5, I-2)
xsubj(doubt-7, I-2)
aux(want-5, do-3)
neg(want-5, n't-4)
root(ROOT-0, want-5)
aux(doubt-7, to-6)
xcomp(want-5, doubt-7)
dobj(doubt-7, you-8)
appos(you-8, Patrick-10)</deps>
      <events>
        <event id="e18" eiid="ei18" offset="5" string="want" tense="NONE" aspect="NONE" class="I_STATE" polarity="POS" modality="" happen="" lowerBoundDuration="" upperBoundDuration="" />
        <event id="e19" eiid="ei19" offset="7" string="doubt" tense="INFINITIVE" aspect="NONE" class="OCCURRENCE" polarity="POS" modality="" happen="" lowerBoundDuration="" upperBoundDuration="" />
      </events>
      <timexes />
    </entry>
    <entry sid="14" file="9783732517695_075.txt">
      <sentence>Our vow of love still holds true now , but I do n't want you to have to go to the remand prison .</sentence>
      <tokens>
        <t>" " "Our" " "</t>
        <t>" " "vow" " "</t>
        <t>" " "of" " "</t>
        <t>" " "love" " "</t>
        <t>" " "still" " "</t>
        <t>" " "holds" " "</t>
        <t>" " "true" " "</t>
        <t>" " "now" ""</t>
        <t>"" "," " "</t>
        <t>" " "but" " "</t>
        <t>" " "I" " "</t>
        <t>" " "do" ""</t>
        <t>"" "n't" " "</t>
        <t>" " "want" " "</t>
        <t>" " "you" " "</t>
        <t>" " "to" " "</t>
        <t>" " "have" " "</t>
        <t>" " "to" " "</t>
        <t>" " "go" " "</t>
        <t>" " "to" " "</t>
        <t>" " "the" " "</t>
        <t>" " "remand" " "</t>
        <t>" " "prison" ""</t>
        <t>"" "." " "</t>
      </tokens>
      <parse>(ROOT (S (S (NP (NP (PRP$ Our) (NN vow)) (PP (IN of) (NP (NN love)))) (ADVP (RB still)) (VP (VBZ holds) (ADJP (JJ true)) (ADVP (RB now)))) (, ,) (CC but) (S (NP (PRP I)) (VP (VBP do) (RB n't) (VP (VB want) (S (NP (PRP you)) (VP (TO to) (VP (VB have) (S (VP (TO to) (VP (VB go) (PP (TO to) (NP (DT the) (JJ remand) (NN prison)))))))))))) (. .)))</parse>
      <deps>poss(vow-2, Our-1)
nsubj(holds-6, vow-2)
prep_of(vow-2, love-4)
advmod(holds-6, still-5)
root(ROOT-0, holds-6)
acomp(holds-6, true-7)
advmod(holds-6, now-8)
nsubj(want-14, I-11)
aux(want-14, do-12)
neg(want-14, n't-13)
conj_but(holds-6, want-14)
nsubj(have-17, you-15)
xsubj(go-19, you-15)
aux(have-17, to-16)
xcomp(want-14, have-17)
aux(go-19, to-18)
xcomp(have-17, go-19)
det(prison-23, the-21)
amod(prison-23, remand-22)
prep_to(go-19, prison-23)</deps>
      <events>
        <event id="e20" eiid="ei20" offset="6" string="holds" tense="PRESENT" aspect="NONE" class="STATE" polarity="POS" modality="" happen="" lowerBoundDuration="" upperBoundDuration="" />
        <event id="e21" eiid="ei21" offset="14" string="want" tense="NONE" aspect="NONE" class="OCCURRENCE" polarity="POS" modality="" happen="" lowerBoundDuration="" upperBoundDuration="" />
        <event id="e22" eiid="ei22" offset="17" string="have" tense="INFINITIVE" aspect="NONE" class="OCCURRENCE" polarity="POS" modality="" happen="" lowerBoundDuration="" upperBoundDuration="" />
        <event id="e23" eiid="ei23" offset="19" string="go" tense="FUTURE" aspect="NONE" class="OCCURRENCE" polarity="POS" modality="" happen="" lowerBoundDuration="" upperBoundDuration="" />
      </events>
      <timexes>
        <timex tid="t2" text="now" offset="8" length="1" type="DATE" value="PRESENT_REF" temporalFunction="false" />
      </timexes>
    </entry>
    <entry sid="15" file="9783732517695_075.txt">
      <sentence>No one can help you , including me .</sentence>
      <tokens>
        <t>" " "No" " "</t>
        <t>" " "one" " "</t>
        <t>" " "can" " "</t>
        <t>" " "help" " "</t>
        <t>" " "you" ""</t>
        <t>"" "," " "</t>
        <t>" " "including" " "</t>
        <t>" " "me" ""</t>
        <t>"" "." " "</t>
      </tokens>
      <parse>(ROOT (S (NP (DT No) (NN one)) (VP (MD can) (VP (VB help) (NP (PRP you)) (, ,) (PP (VBG including) (NP (PRP me))))) (. .)))</parse>
      <deps>det(one-2, No-1)
nsubj(help-4, one-2)
aux(help-4, can-3)
root(ROOT-0, help-4)
dobj(help-4, you-5)
prep_including(help-4, me-8)</deps>
      <events>
        <event id="e24" eiid="ei24" offset="4" string="help" tense="NONE" aspect="NONE" class="I_ACTION" polarity="POS" modality="" happen="" lowerBoundDuration="" upperBoundDuration="" />
      </events>
      <timexes />
    </entry>
    <entry sid="16" file="9783732517695_075.txt">
      <sentence>You will be condemned as a patricide , never again will the gates of the penitentiary open for you . ''</sentence>
      <tokens>
        <t>" " "You" " "</t>
        <t>" " "will" " "</t>
        <t>" " "be" " "</t>
        <t>" " "condemned" " "</t>
        <t>" " "as" " "</t>
        <t>" " "a" " "</t>
        <t>" " "patricide" ""</t>
        <t>"" "," " "</t>
        <t>" " "never" " "</t>
        <t>" " "again" " "</t>
        <t>" " "will" " "</t>
        <t>" " "the" " "</t>
        <t>" " "gates" " "</t>
        <t>" " "of" " "</t>
        <t>" " "the" " "</t>
        <t>" " "penitentiary" " "</t>
        <t>" " "open" " "</t>
        <t>" " "for" " "</t>
        <t>" " "you" ""</t>
        <t>"" "." ""</t>
        <t>"" """ " "</t>
      </tokens>
      <parse>(ROOT (S (S (NP (PRP You)) (VP (MD will) (VP (VB be) (VP (VBN condemned) (PP (IN as) (NP (DT a) (NN patricide))))))) (, ,) (ADVP (RB never)) (S (ADVP (RB again)) (VP (MD will)) (NP (NP (DT the) (NNS gates)) (PP (IN of) (NP (DT the) (NN penitentiary) (S (VP (VB open) (PP (IN for) (NP (PRP you))))))))) (. .) ('' '')))</parse>
      <deps>nsubjpass(condemned-4, You-1)
aux(condemned-4, will-2)
auxpass(condemned-4, be-3)
root(ROOT-0, condemned-4)
det(patricide-7, a-6)
prep_as(condemned-4, patricide-7)
neg(condemned-4, never-9)
advmod(will-11, again-10)
ccomp(condemned-4, will-11)
parataxis(condemned-4, will-11)
det(gates-13, the-12)
dep(will-11, gates-13)
det(penitentiary-16, the-15)
prep_of(gates-13, penitentiary-16)
dep(penitentiary-16, open-17)
prep_for(open-17, you-19)</deps>
      <events>
        <event id="e25" eiid="ei25" offset="4" string="condemned" tense="FUTURE" aspect="NONE" class="OCCURRENCE" polarity="POS" modality="" happen="" lowerBoundDuration="" upperBoundDuration="" />
      </events>
      <timexes />
    </entry>
    <entry sid="17" file="9783732517695_075.txt">
      <sentence>Patrick pressed his hands to his ears .</sentence>
      <tokens>
        <t>" " "Patrick" " "</t>
        <t>" " "pressed" " "</t>
        <t>" " "his" " "</t>
        <t>" " "hands" " "</t>
        <t>" " "to" " "</t>
        <t>" " "his" " "</t>
        <t>" " "ears" ""</t>
        <t>"" "." " "</t>
      </tokens>
      <parse>(ROOT (S (NP (NNP Patrick)) (VP (VBD pressed) (NP (PRP$ his) (NNS hands)) (PP (TO to) (NP (PRP$ his) (NNS ears)))) (. .)))</parse>
      <deps>nsubj(pressed-2, Patrick-1)
root(ROOT-0, pressed-2)
poss(hands-4, his-3)
dobj(pressed-2, hands-4)
poss(ears-7, his-6)
prep_to(pressed-2, ears-7)</deps>
      <events>
        <event id="e26" eiid="ei26" offset="2" string="pressed" tense="PAST" aspect="NONE" class="OCCURRENCE" polarity="POS" modality="" happen="" lowerBoundDuration="" upperBoundDuration="" />
      </events>
      <timexes />
    </entry>
    <entry sid="18" file="9783732517695_075.txt">
      <sentence>`` Please , be silent , Kathleen .</sentence>
      <tokens>
        <t>" " """ ""</t>
        <t>"" "Please" ""</t>
        <t>"" "," " "</t>
        <t>" " "be" " "</t>
        <t>" " "silent" ""</t>
        <t>"" "," " "</t>
        <t>" " "Kathleen" ""</t>
        <t>"" "." " "</t>
      </tokens>
      <parse>(ROOT (S (INTJ (`` ``) (UH Please)) (, ,) (VP (VB be) (ADJP (JJ silent)) (, ,) (NP (NNP Kathleen))) (. .)))</parse>
      <deps>discourse(silent-5, Please-2)
cop(silent-5, be-4)
root(ROOT-0, silent-5)
attr(silent-5, Kathleen-7)</deps>
      <events>
        <event id="e27" eiid="ei27" offset="5" string="silent" tense="PRESENT" aspect="NONE" class="STATE" polarity="POS" modality="" happen="" lowerBoundDuration="" upperBoundDuration="" />
      </events>
      <timexes />
    </entry>
    <entry sid="19" file="9783732517695_075.txt">
      <sentence>I ca n't listen to this .</sentence>
      <tokens>
        <t>" " "I" " "</t>
        <t>" " "ca" ""</t>
        <t>"" "n't" " "</t>
        <t>" " "listen" " "</t>
        <t>" " "to" " "</t>
        <t>" " "this" ""</t>
        <t>"" "." " "</t>
      </tokens>
      <parse>(ROOT (S (NP (PRP I)) (VP (MD ca) (RB n't) (VP (VB listen) (PP (TO to) (NP (DT this))))) (. .)))</parse>
      <deps>nsubj(listen-4, I-1)
aux(listen-4, ca-2)
neg(listen-4, n't-3)
root(ROOT-0, listen-4)
prep_to(listen-4, this-6)</deps>
      <events>
        <event id="e28" eiid="ei28" offset="4" string="listen" tense="NONE" aspect="NONE" class="OCCURRENCE" polarity="POS" modality="" happen="" lowerBoundDuration="" upperBoundDuration="" />
      </events>
      <timexes />
    </entry>
    <entry sid="20" file="9783732517695_075.txt">
      <sentence>I have lost my father .</sentence>
      <tokens>
        <t>" " "I" " "</t>
        <t>" " "have" " "</t>
        <t>" " "lost" " "</t>
        <t>" " "my" " "</t>
        <t>" " "father" ""</t>
        <t>"" "." " "</t>
      </tokens>
      <parse>(ROOT (S (NP (PRP I)) (VP (VBP have) (VP (VBN lost) (NP (PRP$ my) (NN father)))) (. .)))</parse>
      <deps>nsubj(lost-3, I-1)
aux(lost-3, have-2)
root(ROOT-0, lost-3)
poss(father-5, my-4)
dobj(lost-3, father-5)</deps>
      <events>
        <event id="e29" eiid="ei29" offset="3" string="lost" tense="PRESENT" aspect="PERFECTIVE" class="OCCURRENCE" polarity="POS" modality="" happen="" lowerBoundDuration="" upperBoundDuration="" />
      </events>
      <timexes />
    </entry>
    <entry sid="21" file="9783732517695_075.txt">
      <sentence>Not by the spite of fate , he was murdered . ''</sentence>
      <tokens>
        <t>" " "Not" " "</t>
        <t>" " "by" " "</t>
        <t>" " "the" " "</t>
        <t>" " "spite" " "</t>
        <t>" " "of" " "</t>
        <t>" " "fate" ""</t>
        <t>"" "," " "</t>
        <t>" " "he" " "</t>
        <t>" " "was" " "</t>
        <t>" " "murdered" ""</t>
        <t>"" "." ""</t>
        <t>"" """ " "</t>
      </tokens>
      <parse>(ROOT (S (PP (RB Not) (PP (IN by) (NP (NP (DT the) (NN spite)) (PP (IN of) (NP (NN fate)))))) (, ,) (NP (PRP he)) (VP (VBD was) (VP (VBN murdered))) (. .) ('' '')))</parse>
      <deps>neg(murdered-10, Not-1)
det(spite-4, the-3)
agent(murdered-10, spite-4)
prep_of(spite-4, fate-6)
nsubjpass(murdered-10, he-8)
auxpass(murdered-10, was-9)
root(ROOT-0, murdered-10)</deps>
      <events>
        <event id="e30" eiid="ei30" offset="10" string="murdered" tense="PAST" aspect="NONE" class="OCCURRENCE" polarity="POS" modality="" happen="" lowerBoundDuration="" upperBoundDuration="" />
      </events>
      <timexes />
    </entry>
    <entry sid="22" file="9783732517695_075.txt">
      <sentence>Patrick dropped his hands in resignation .</sentence>
      <tokens>
        <t>" " "Patrick" " "</t>
        <t>" " "dropped" " "</t>
        <t>" " "his" " "</t>
        <t>" " "hands" " "</t>
        <t>" " "in" " "</t>
        <t>" " "resignation" ""</t>
        <t>"" "." " "</t>
      </tokens>
      <parse>(ROOT (S (NP (NNP Patrick)) (VP (VBD dropped) (NP (PRP$ his) (NNS hands)) (PP (IN in) (NP (NN resignation)))) (. .)))</parse>
      <deps>nsubj(dropped-2, Patrick-1)
root(ROOT-0, dropped-2)
poss(hands-4, his-3)
dobj(dropped-2, hands-4)
prep_in(dropped-2, resignation-6)</deps>
      <events>
        <event id="e31" eiid="ei31" offset="2" string="dropped" tense="PAST" aspect="NONE" class="OCCURRENCE" polarity="POS" modality="" happen="" lowerBoundDuration="" upperBoundDuration="" />
      </events>
      <timexes />
    </entry>
    <entry sid="23" file="9783732517695_075.txt">
      <sentence>`` You 're right , no one can help me . ''</sentence>
      <tokens>
        <t>" " """ ""</t>
        <t>"" "You" ""</t>
        <t>"" "'re" " "</t>
        <t>" " "right" ""</t>
        <t>"" "," " "</t>
        <t>" " "no" " "</t>
        <t>" " "one" " "</t>
        <t>" " "can" " "</t>
        <t>" " "help" " "</t>
        <t>" " "me" ""</t>
        <t>"" "." ""</t>
        <t>"" """ " "</t>
      </tokens>
      <parse>(ROOT (S (`` ``) (S (NP (PRP You)) (VP (VBP 're) (ADJP (JJ right)))) (, ,) (NP (DT no) (NN one)) (VP (MD can) (VP (VB help) (NP (PRP me)))) (. .) ('' '')))</parse>
      <deps>nsubj(right-4, You-2)
cop(right-4, 're-3)
ccomp(help-9, right-4)
det(one-7, no-6)
nsubj(help-9, one-7)
aux(help-9, can-8)
root(ROOT-0, help-9)
dobj(help-9, me-10)</deps>
      <events>
        <event id="e32" eiid="ei32" offset="9" string="help" tense="NONE" aspect="NONE" class="OCCURRENCE" polarity="POS" modality="" happen="" lowerBoundDuration="" upperBoundDuration="" />
      </events>
      <timexes />
    </entry>
    <entry sid="24" file="9783732517695_075.txt">
      <sentence>Kathleen stepped close to him .</sentence>
      <tokens>
        <t>" " "Kathleen" " "</t>
        <t>" " "stepped" " "</t>
        <t>" " "close" " "</t>
        <t>" " "to" " "</t>
        <t>" " "him" ""</t>
        <t>"" "." " "</t>
      </tokens>
      <parse>(ROOT (S (NP (NNP Kathleen)) (VP (VBD stepped) (NP (NN close)) (PP (TO to) (NP (PRP him)))) (. .)))</parse>
      <deps>nsubj(stepped-2, Kathleen-1)
root(ROOT-0, stepped-2)
dobj(stepped-2, close-3)
prep_to(stepped-2, him-5)</deps>
      <events>
        <event id="e33" eiid="ei33" offset="2" string="stepped" tense="PAST" aspect="NONE" class="OCCURRENCE" polarity="POS" modality="" happen="" lowerBoundDuration="" upperBoundDuration="" />
        <event id="e34" eiid="ei34" offset="3" string="close" tense="NONE" aspect="NONE" class="OCCURRENCE" polarity="POS" modality="" happen="" lowerBoundDuration="" upperBoundDuration="" />
      </events>
      <timexes />
    </entry>
    <entry sid="25" file="9783732517695_075.txt">
      <sentence>`` You have to escape , Patrick .</sentence>
      <tokens>
        <t>" " """ ""</t>
        <t>"" "You" " "</t>
        <t>" " "have" " "</t>
        <t>" " "to" " "</t>
        <t>" " "escape" ""</t>
        <t>"" "," " "</t>
        <t>" " "Patrick" ""</t>
        <t>"" "." " "</t>
      </tokens>
      <parse>(ROOT (S (`` ``) (NP (PRP You)) (VP (VBP have) (S (VP (TO to) (VP (VB escape) (, ,) (NP (NNP Patrick)))))) (. .)))</parse>
      <deps>nsubj(have-3, You-2)
xsubj(escape-5, You-2)
root(ROOT-0, have-3)
aux(escape-5, to-4)
xcomp(have-3, escape-5)
dobj(escape-5, Patrick-7)</deps>
      <events>
        <event id="e35" eiid="ei35" offset="5" string="escape" tense="INFINITIVE" aspect="NONE" class="OCCURRENCE" polarity="POS" modality="" happen="" lowerBoundDuration="" upperBoundDuration="" />
      </events>
      <timexes />
    </entry>
    <entry sid="26" file="9783732517695_075.txt">
      <sentence>Go back to Australia and ... '' She got no further ; a constable entered the room and asked , `` Go , Miss Flaherty .</sentence>
      <tokens>
        <t>" " "Go" " "</t>
        <t>" " "back" " "</t>
        <t>" " "to" " "</t>
        <t>" " "Australia" " "</t>
        <t>" " "and" " "</t>
        <t>" " "..." ""</t>
        <t>"" """ " "</t>
        <t>" " "She" " "</t>
        <t>" " "got" " "</t>
        <t>" " "no" " "</t>
        <t>" " "further" ""</t>
        <t>"" ";" " "</t>
        <t>" " "a" " "</t>
        <t>" " "constable" " "</t>
        <t>" " "entered" " "</t>
        <t>" " "the" " "</t>
        <t>" " "room" " "</t>
        <t>" " "and" " "</t>
        <t>" " "asked" ""</t>
        <t>"" "," " "</t>
        <t>" " """ ""</t>
        <t>"" "Go" ""</t>
        <t>"" "," " "</t>
        <t>" " "Miss" " "</t>
        <t>" " "Flaherty" ""</t>
        <t>"" "." " "</t>
      </tokens>
      <parse>(ROOT (S (S (NP (NNP Go)) (VP (VBP back) (PP (TO to) (NP (NNP Australia) (NNP and))))) (: ...) ('' '') (PRN (S (NP (PRP She)) (VP (VBD got) (ADVP (DT no) (RBR further))))) (: ;) (S (NP (DT a) (NN constable)) (VP (VP (VBD entered) (NP (DT the) (NN room))) (CC and) (VP (VBD asked) (S (, ,) (`` ``) (NP (NP (NNP Go)) (, ,) (NP (NNP Miss) (NNP Flaherty))))))) (. .)))</parse>
      <deps>nsubj(back-2, Go-1)
root(ROOT-0, back-2)
nn(and-5, Australia-4)
prep_to(back-2, and-5)
nsubj(got-9, She-8)
dep(back-2, got-9)
dep(further-11, no-10)
advmod(got-9, further-11)
det(constable-14, a-13)
nsubj(entered-15, constable-14)
nsubj(asked-19, constable-14)
parataxis(back-2, entered-15)
det(room-17, the-16)
dobj(entered-15, room-17)
parataxis(back-2, asked-19)
conj_and(entered-15, asked-19)
dep(asked-19, Go-22)
nn(Flaherty-25, Miss-24)
appos(Go-22, Flaherty-25)</deps>
      <events>
        <event id="e36" eiid="ei36" offset="9" string="got" tense="PAST" aspect="NONE" class="OCCURRENCE" polarity="POS" modality="" happen="" lowerBoundDuration="" upperBoundDuration="" />
        <event id="e37" eiid="ei37" offset="15" string="entered" tense="PAST" aspect="NONE" class="OCCURRENCE" polarity="POS" modality="" happen="" lowerBoundDuration="" upperBoundDuration="" />
        <event id="e38" eiid="ei38" offset="19" string="asked" tense="PAST" aspect="NONE" class="OCCURRENCE" polarity="POS" modality="" happen="" lowerBoundDuration="" upperBoundDuration="" />
      </events>
      <timexes />
    </entry>
    <entry sid="27" file="9783732517695_075.txt">
      <sentence>You are no longer needed . ''</sentence>
      <tokens>
        <t>" " "You" " "</t>
        <t>" " "are" " "</t>
        <t>" " "no" " "</t>
        <t>" " "longer" " "</t>
        <t>" " "needed" ""</t>
        <t>"" "." ""</t>
        <t>"" """ " "</t>
      </tokens>
      <parse>(ROOT (S (NP (PRP You)) (VP (VBP are) (ADJP (ADVP (RB no) (RBR longer)) (VBN needed))) (. .) ('' '')))</parse>
      <deps>nsubjpass(needed-5, You-1)
auxpass(needed-5, are-2)
advmod(longer-4, no-3)
advmod(needed-5, longer-4)
root(ROOT-0, needed-5)</deps>
      <events />
      <timexes />
    </entry>
    <entry sid="28" file="9783732517695_075.txt">
      <sentence>At that second , Patrick yelled , `` I need you , Kathleen !</sentence>
      <tokens>
        <t>" " "At" " "</t>
        <t>" " "that" " "</t>
        <t>" " "second" ""</t>
        <t>"" "," " "</t>
        <t>" " "Patrick" " "</t>
        <t>" " "yelled" ""</t>
        <t>"" "," " "</t>
        <t>" " """ ""</t>
        <t>"" "I" " "</t>
        <t>" " "need" " "</t>
        <t>" " "you" ""</t>
        <t>"" "," " "</t>
        <t>" " "Kathleen" ""</t>
        <t>"" "!" " "</t>
      </tokens>
      <parse>(ROOT (S (PP (IN At) (NP (DT that) (NN second))) (, ,) (NP (NNP Patrick)) (VP (VBD yelled) (, ,) (`` ``) (S (NP (PRP I)) (VP (VB need) (NP (PRP you)) (, ,) (NP (NNP Kathleen))))) (. !)))</parse>
      <deps>det(second-3, that-2)
prep_at(yelled-6, second-3)
nsubj(yelled-6, Patrick-5)
root(ROOT-0, yelled-6)
nsubj(need-10, I-9)
ccomp(yelled-6, need-10)
dobj(need-10, you-11)
dobj(need-10, Kathleen-13)</deps>
      <events>
        <event id="e39" eiid="ei39" offset="6" string="yelled" tense="PAST" aspect="NONE" class="OCCURRENCE" polarity="POS" modality="" happen="" lowerBoundDuration="" upperBoundDuration="" />
        <event id="e40" eiid="ei40" offset="10" string="need" tense="PRESENT" aspect="NONE" class="I_STATE" polarity="POS" modality="" happen="" lowerBoundDuration="" upperBoundDuration="" />
      </events>
      <timexes />
    </entry>
    <entry sid="29" file="9783732517695_075.txt">
      <sentence>Do n't leave ! ''</sentence>
      <tokens>
        <t>" " "Do" ""</t>
        <t>"" "n't" " "</t>
        <t>" " "leave" ""</t>
        <t>"" "!" ""</t>
        <t>"" """ " "</t>
      </tokens>
      <parse>(ROOT (S (VP (VB Do) (RB n't) (VP (VB leave))) (. !) ('' '')))</parse>
      <deps>aux(leave-3, Do-1)
neg(leave-3, n't-2)
root(ROOT-0, leave-3)</deps>
      <events>
        <event id="e41" eiid="ei41" offset="3" string="leave" tense="NONE" aspect="NONE" class="OCCURRENCE" polarity="POS" modality="" happen="" lowerBoundDuration="" upperBoundDuration="" />
      </events>
      <timexes />
    </entry>
    <entry sid="30" file="9783732517695_075.txt">
      <sentence>The constable pushed Kathleen out of the room .</sentence>
      <tokens>
        <t>" " "The" " "</t>
        <t>" " "constable" " "</t>
        <t>" " "pushed" " "</t>
        <t>" " "Kathleen" " "</t>
        <t>" " "out" " "</t>
        <t>" " "of" " "</t>
        <t>" " "the" " "</t>
        <t>" " "room" ""</t>
        <t>"" "." " "</t>
      </tokens>
      <parse>(ROOT (S (NP (DT The) (NN constable)) (VP (VBD pushed) (NP (NNP Kathleen)) (PRT (RP out)) (PP (IN of) (NP (DT the) (NN room)))) (. .)))</parse>
      <deps>det(constable-2, The-1)
nsubj(pushed-3, constable-2)
root(ROOT-0, pushed-3)
dobj(pushed-3, Kathleen-4)
det(room-8, the-7)
prep_out_of(pushed-3, room-8)</deps>
      <events>
        <event id="e42" eiid="ei42" offset="3" string="pushed" tense="PAST" aspect="NONE" class="OCCURRENCE" polarity="POS" modality="" happen="" lowerBoundDuration="" upperBoundDuration="" />
      </events>
      <timexes />
    </entry>
    <entry sid="31" file="9783732517695_075.txt">
      <sentence>She did not resist .</sentence>
      <tokens>
        <t>" " "She" " "</t>
        <t>" " "did" " "</t>
        <t>" " "not" " "</t>
        <t>" " "resist" ""</t>
        <t>"" "." " "</t>
      </tokens>
      <parse>(ROOT (S (NP (PRP She)) (VP (VBD did) (RB not) (VP (VB resist))) (. .)))</parse>
      <deps>nsubj(resist-4, She-1)
aux(resist-4, did-2)
neg(resist-4, not-3)
root(ROOT-0, resist-4)</deps>
      <events>
        <event id="e43" eiid="ei43" offset="4" string="resist" tense="PAST" aspect="NONE" class="OCCURRENCE" polarity="POS" modality="" happen="" lowerBoundDuration="" upperBoundDuration="" />
      </events>
      <timexes />
    </entry>
    <entry sid="32" file="9783732517695_075.txt">
      <sentence>Tears streaming down her face , she glanced back at Patrick one more time , then he could n't see her anymore .</sentence>
      <tokens>
        <t>" " "Tears" " "</t>
        <t>" " "streaming" " "</t>
        <t>" " "down" " "</t>
        <t>" " "her" " "</t>
        <t>" " "face" ""</t>
        <t>"" "," " "</t>
        <t>" " "she" " "</t>
        <t>" " "glanced" " "</t>
        <t>" " "back" " "</t>
        <t>" " "at" " "</t>
        <t>" " "Patrick" " "</t>
        <t>" " "one" " "</t>
        <t>" " "more" " "</t>
        <t>" " "time" ""</t>
        <t>"" "," " "</t>
        <t>" " "then" " "</t>
        <t>" " "he" " "</t>
        <t>" " "could" ""</t>
        <t>"" "n't" " "</t>
        <t>" " "see" " "</t>
        <t>" " "her" " "</t>
        <t>" " "anymore" ""</t>
        <t>"" "." " "</t>
      </tokens>
      <parse>(ROOT (S (S (NP (NNS Tears)) (VP (VBG streaming) (PRT (RP down)) (NP (PRP$ her) (NN face)))) (PRN (, ,) (S (NP (PRP she)) (VP (VBD glanced) (ADVP (RB back) (PP (IN at) (NP (NNP Patrick)) (ADVP (NP (CD one)) (RBR more)))) (NP (NN time)))) (, ,)) (RB then) (S (NP (PRP he)) (VP (MD could) (RB n't) (VP (VB see) (NP (PRP her)) (ADVP (RB anymore))))) (. .)))</parse>
      <deps>nsubj(streaming-2, Tears-1)
root(ROOT-0, streaming-2)
prt(streaming-2, down-3)
poss(face-5, her-4)
dobj(streaming-2, face-5)
nsubj(glanced-8, she-7)
dep(streaming-2, glanced-8)
advmod(glanced-8, back-9)
prep_at(back-9, Patrick-11)
npadvmod(more-13, one-12)
advmod(back-9, more-13)
dobj(glanced-8, time-14)
advmod(streaming-2, then-16)
nsubj(see-20, he-17)
aux(see-20, could-18)
neg(see-20, n't-19)
ccomp(streaming-2, see-20)
parataxis(streaming-2, see-20)
dobj(see-20, her-21)
advmod(see-20, anymore-22)</deps>
      <events>
        <event id="e44" eiid="ei44" offset="2" string="streaming" tense="PRESPART" aspect="NONE" class="OCCURRENCE" polarity="POS" modality="" happen="" lowerBoundDuration="" upperBoundDuration="" />
        <event id="e45" eiid="ei45" offset="5" string="face" tense="NONE" aspect="NONE" class="OCCURRENCE" polarity="POS" modality="" happen="" lowerBoundDuration="" upperBoundDuration="" />
        <event id="e46" eiid="ei46" offset="8" string="glanced" tense="PAST" aspect="NONE" class="OCCURRENCE" polarity="POS" modality="" happen="" lowerBoundDuration="" upperBoundDuration="" />
        <event id="e47" eiid="ei47" offset="20" string="see" tense="FUTURE" aspect="NONE" class="PERCEPTION" polarity="POS" modality="" happen="" lowerBoundDuration="" upperBoundDuration="" />
      </events>
      <timexes />
    </entry>
    <entry sid="33" file="9783732517695_075.txt">
      <sentence>He heard the constables talking to her outside in the hallway , then their voices and footsteps faded away .</sentence>
      <tokens>
        <t>" " "He" " "</t>
        <t>" " "heard" " "</t>
        <t>" " "the" " "</t>
        <t>" " "constables" " "</t>
        <t>" " "talking" " "</t>
        <t>" " "to" " "</t>
        <t>" " "her" " "</t>
        <t>" " "outside" " "</t>
        <t>" " "in" " "</t>
        <t>" " "the" " "</t>
        <t>" " "hallway" ""</t>
        <t>"" "," " "</t>
        <t>" " "then" " "</t>
        <t>" " "their" " "</t>
        <t>" " "voices" " "</t>
        <t>" " "and" " "</t>
        <t>" " "footsteps" " "</t>
        <t>" " "faded" " "</t>
        <t>" " "away" ""</t>
        <t>"" "." " "</t>
      </tokens>
      <parse>(ROOT (S (S (NP (PRP He)) (VP (VBD heard) (NP (NP (DT the) (NNS constables)) (VP (VBG talking) (PP (TO to) (NP (NP (PRP$ her) (NN outside)) (PP (IN in) (NP (DT the) (NN hallway))))))))) (, ,) (RB then) (S (NP (PRP$ their) (NNS voices) (CC and) (NNS footsteps)) (VP (VBD faded) (PRT (RP away)))) (. .)))</parse>
      <deps>nsubj(heard-2, He-1)
root(ROOT-0, heard-2)
det(constables-4, the-3)
dobj(heard-2, constables-4)
partmod(constables-4, talking-5)
poss(outside-8, her-7)
prep_to(talking-5, outside-8)
det(hallway-11, the-10)
prep_in(outside-8, hallway-11)
advmod(heard-2, then-13)
poss(voices-15, their-14)
nsubj(faded-18, voices-15)
conj_and(voices-15, footsteps-17)
nsubj(faded-18, footsteps-17)
ccomp(heard-2, faded-18)
parataxis(heard-2, faded-18)
prt(faded-18, away-19)</deps>
      <events>
        <event id="e48" eiid="ei48" offset="2" string="heard" tense="PAST" aspect="NONE" class="OCCURRENCE" polarity="POS" modality="" happen="" lowerBoundDuration="" upperBoundDuration="" />
        <event id="e49" eiid="ei49" offset="5" string="talking" tense="PRESPART" aspect="NONE" class="OCCURRENCE" polarity="POS" modality="" happen="" lowerBoundDuration="" upperBoundDuration="" />
        <event id="e50" eiid="ei50" offset="18" string="faded" tense="PAST" aspect="NONE" class="OCCURRENCE" polarity="POS" modality="" happen="" lowerBoundDuration="" upperBoundDuration="" />
      </events>
      <timexes />
    </entry>
    <entry sid="34" file="9783732517695_075.txt">
      <sentence>Patrick stepped to the window , he wanted to see Kathleen again when she left the castle .</sentence>
      <tokens>
        <t>" " "Patrick" " "</t>
        <t>" " "stepped" " "</t>
        <t>" " "to" " "</t>
        <t>" " "the" " "</t>
        <t>" " "window" ""</t>
        <t>"" "," " "</t>
        <t>" " "he" " "</t>
        <t>" " "wanted" " "</t>
        <t>" " "to" " "</t>
        <t>" " "see" " "</t>
        <t>" " "Kathleen" " "</t>
        <t>" " "again" " "</t>
        <t>" " "when" " "</t>
        <t>" " "she" " "</t>
        <t>" " "left" " "</t>
        <t>" " "the" " "</t>
        <t>" " "castle" ""</t>
        <t>"" "." ""</t>
      </tokens>
      <parse>(ROOT (S (S (NP (NNP Patrick)) (VP (VBD stepped) (PP (TO to) (NP (DT the) (NN window))))) (, ,) (NP (PRP he)) (VP (VBD wanted) (S (VP (TO to) (VP (VB see) (NP (NNP Kathleen)) (ADVP (RB again)) (SBAR (WHADVP (WRB when)) (S (NP (PRP she)) (VP (VBD left) (NP (DT the) (NN castle))))))))) (. .)))</parse>
      <deps>nsubj(stepped-2, Patrick-1)
ccomp(wanted-8, stepped-2)
det(window-5, the-4)
prep_to(stepped-2, window-5)
nsubj(wanted-8, he-7)
xsubj(see-10, he-7)
root(ROOT-0, wanted-8)
aux(see-10, to-9)
xcomp(wanted-8, see-10)
dobj(see-10, Kathleen-11)
advmod(see-10, again-12)
advmod(left-15, when-13)
nsubj(left-15, she-14)
advcl(see-10, left-15)
det(castle-17, the-16)
dobj(left-15, castle-17)</deps>
      <events>
        <event id="e51" eiid="ei51" offset="2" string="stepped" tense="PAST" aspect="NONE" class="OCCURRENCE" polarity="POS" modality="" happen="" lowerBoundDuration="" upperBoundDuration="" />
        <event id="e52" eiid="ei52" offset="8" string="wanted" tense="PAST" aspect="NONE" class="I_STATE" polarity="POS" modality="" happen="" lowerBoundDuration="" upperBoundDuration="" />
        <event id="e53" eiid="ei53" offset="10" string="see" tense="INFINITIVE" aspect="NONE" class="PERCEPTION" polarity="POS" modality="" happen="" lowerBoundDuration="" upperBoundDuration="" />
        <event id="e54" eiid="ei54" offset="15" string="left" tense="PAST" aspect="NONE" class="OCCURRENCE" polarity="POS" modality="" happen="" lowerBoundDuration="" upperBoundDuration="" />
      </events>
      <timexes />
    </entry>
    <tlink event1="ei20" event2="t2" relation="IS_INCLUDED" closed="false" origin="AdjacentVerbTimex" type="et" />
    <tlink event1="ei11" event2="ei10" relation="AFTER" closed="false" origin="RepEventGovEvent" type="ee" />
    <tlink event1="ei4" event2="ei5" relation="BEFORE" closed="false" origin="ReichenbachDG13" type="ee" />
    <tlink event1="ei5" event2="ei6" relation="AFTER" closed="false" origin="ReichenbachDG13" type="ee" />
    <tlink event1="ei9" event2="ei10" relation="BEFORE" closed="false" origin="ReichenbachDG13" type="ee" />
    <tlink event1="ei10" event2="ei12" relation="AFTER" closed="false" origin="ReichenbachDG13" type="ee" />
    <tlink event1="ei20" event2="ei23" relation="BEFORE" closed="false" origin="ReichenbachDG13" type="ee" />
    <tlink event1="ei25" event2="ei26" relation="AFTER" closed="false" origin="ReichenbachDG13" type="ee" />
    <tlink event1="ei43" event2="ei47" relation="BEFORE" closed="false" origin="ReichenbachDG13" type="ee" />
    <tlink event1="ei46" event2="ei47" relation="BEFORE" closed="false" origin="ReichenbachDG13" type="ee" />
    <tlink event1="ei47" event2="ei48" relation="AFTER" closed="false" origin="ReichenbachDG13" type="ee" />
    <tlink event1="ei47" event2="ei50" relation="AFTER" closed="false" origin="ReichenbachDG13" type="ee" />
    <tlink event1="ei11" event2="ei9" relation="AFTER" closed="true" origin="ReichenbachDG13" type="ee" />
    <tlink event1="ei11" event2="ei12" relation="AFTER" closed="true" origin="ReichenbachDG13" type="ee" />
    <tlink event1="ei2" event2="ei3" relation="VAGUE" closed="false" origin="XCompDepSieve" type="ee" />
    <tlink event1="ei6" event2="ei7" relation="IS_INCLUDED" closed="false" origin="XCompDepSieve" type="ee" />
    <tlink event1="ei18" event2="ei19" relation="BEFORE" closed="false" origin="XCompDepSieve" type="ee" />
    <tlink event1="ei20" event2="ei21" relation="BEFORE" closed="false" origin="XCompDepSieve" type="ee" />
    <tlink event1="ei21" event2="ei22" relation="BEFORE" closed="false" origin="XCompDepSieve" type="ee" />
    <tlink event1="ei22" event2="ei23" relation="BEFORE" closed="false" origin="XCompDepSieve" type="ee" />
    <tlink event1="ei37" event2="ei38" relation="VAGUE" closed="false" origin="XCompDepSieve" type="ee" />
    <tlink event1="ei39" event2="ei40" relation="VAGUE" closed="false" origin="XCompDepSieve" type="ee" />
    <tlink event1="ei44" event2="ei47" relation="BEFORE" closed="false" origin="XCompDepSieve" type="ee" />
    <tlink event1="ei48" event2="ei50" relation="AFTER" closed="false" origin="XCompDepSieve" type="ee" />
    <tlink event1="ei52" event2="ei51" relation="AFTER" closed="false" origin="XCompDepSieve" type="ee" />
    <tlink event1="ei52" event2="ei53" relation="BEFORE" closed="false" origin="XCompDepSieve" type="ee" />
    <tlink event1="ei53" event2="ei54" relation="VAGUE" closed="false" origin="XCompDepSieve" type="ee" />
    <tlink event1="ei20" event2="ei22" relation="BEFORE" closed="true" origin="XCompDepSieve" type="ee" />
    <tlink event1="ei21" event2="ei23" relation="BEFORE" closed="true" origin="XCompDepSieve" type="ee" />
    <tlink event1="ei51" event2="ei53" relation="BEFORE" closed="true" origin="XCompDepSieve" type="ee" />
    <tlink event1="ei17" event2="ei19" relation="VAGUE" closed="false" origin="WordNet209" type="ee" />
    <tlink event1="ei18" event2="ei21" relation="VAGUE" closed="false" origin="WordNet209" type="ee" />
    <tlink event1="ei48" event2="ei53" relation="VAGUE" closed="false" origin="WordNet209" type="ee" />
    <tlink event1="ei8" event2="t1" relation="AFTER" closed="false" origin="MLEventTimeSameSent" type="et" />
    <tlink event1="ei21" event2="t2" relation="VAGUE" closed="false" origin="MLEventTimeSameSent" type="et" />
    <tlink event1="ei22" event2="t2" relation="VAGUE" closed="false" origin="MLEventTimeSameSent" type="et" />
    <tlink event1="ei23" event2="t2" relation="VAGUE" closed="false" origin="MLEventTimeSameSent" type="et" />
    <tlink event1="ei1" event2="ei2" relation="AFTER" closed="false" origin="MLEventEventDominates" type="ee" />
    <tlink event1="ei1" event2="ei3" relation="VAGUE" closed="false" origin="MLEventEventDominates" type="ee" />
    <tlink event1="ei33" event2="ei34" relation="VAGUE" closed="false" origin="MLEventEventDominates" type="ee" />
    <tlink event1="ei44" event2="ei45" relation="VAGUE" closed="false" origin="MLEventEventDominates" type="ee" />
    <tlink event1="ei48" event2="ei49" relation="VAGUE" closed="false" origin="MLEventEventDominates" type="ee" />
    <tlink event1="ei52" event2="ei54" relation="AFTER" closed="false" origin="MLEventEventDominates" type="ee" />
    <tlink event1="ei36" event2="ei37" relation="VAGUE" closed="false" origin="MLEventEventSameSent" type="ee" />
    <tlink event1="ei36" event2="ei38" relation="VAGUE" closed="false" origin="MLEventEventSameSent" type="ee" />
    <tlink event1="ei44" event2="ei46" relation="VAGUE" closed="false" origin="MLEventEventSameSent" type="ee" />
    <tlink event1="ei45" event2="ei46" relation="VAGUE" closed="false" origin="MLEventEventSameSent" type="ee" />
    <tlink event1="ei45" event2="ei47" relation="VAGUE" closed="false" origin="MLEventEventSameSent" type="ee" />
    <tlink event1="ei49" event2="ei50" relation="VAGUE" closed="false" origin="MLEventEventSameSent" type="ee" />
    <tlink event1="ei51" event2="ei54" relation="VAGUE" closed="false" origin="MLEventEventSameSent" type="ee" />
    <tlink event1="ei1" event2="ei4" relation="VAGUE" closed="false" origin="AllVagueSieve" type="ee" />
    <tlink event1="ei2" event2="ei4" relation="VAGUE" closed="false" origin="AllVagueSieve" type="ee" />
    <tlink event1="ei3" event2="ei4" relation="VAGUE" closed="false" origin="AllVagueSieve" type="ee" />
    <tlink event1="ei5" event2="ei7" relation="VAGUE" closed="false" origin="AllVagueSieve" type="ee" />
    <tlink event1="ei6" event2="ei8" relation="VAGUE" closed="false" origin="AllVagueSieve" type="ee" />
    <tlink event1="ei6" event2="t1" relation="VAGUE" closed="false" origin="AllVagueSieve" type="et" />
    <tlink event1="ei7" event2="ei8" relation="VAGUE" closed="false" origin="AllVagueSieve" type="ee" />
    <tlink event1="ei7" event2="t1" relation="VAGUE" closed="false" origin="AllVagueSieve" type="et" />
    <tlink event1="ei8" event2="ei9" relation="VAGUE" closed="false" origin="AllVagueSieve" type="ee" />
    <tlink event1="t1" event2="ei9" relation="VAGUE" closed="false" origin="AllVagueSieve" type="et" />
    <tlink event1="ei12" event2="ei13" relation="VAGUE" closed="false" origin="AllVagueSieve" type="ee" />
    <tlink event1="ei13" event2="ei14" relation="VAGUE" closed="false" origin="AllVagueSieve" type="ee" />
    <tlink event1="ei14" event2="ei15" relation="VAGUE" closed="false" origin="AllVagueSieve" type="ee" />
    <tlink event1="ei15" event2="ei16" relation="VAGUE" closed="false" origin="AllVagueSieve" type="ee" />
    <tlink event1="ei16" event2="ei17" relation="VAGUE" closed="false" origin="AllVagueSieve" type="ee" />
    <tlink event1="ei17" event2="ei18" relation="VAGUE" closed="false" origin="AllVagueSieve" type="ee" />
    <tlink event1="ei18" event2="ei20" relation="VAGUE" closed="false" origin="AllVagueSieve" type="ee" />
    <tlink event1="ei18" event2="ei22" relation="VAGUE" closed="false" origin="AllVagueSieve" type="ee" />
    <tlink event1="ei18" event2="ei23" relation="VAGUE" closed="false" origin="AllVagueSieve" type="ee" />
    <tlink event1="ei18" event2="t2" relation="VAGUE" closed="false" origin="AllVagueSieve" type="et" />
    <tlink event1="ei19" event2="ei20" relation="VAGUE" closed="false" origin="AllVagueSieve" type="ee" />
    <tlink event1="ei19" event2="ei21" relation="VAGUE" closed="false" origin="AllVagueSieve" type="ee" />
    <tlink event1="ei19" event2="ei22" relation="VAGUE" closed="false" origin="AllVagueSieve" type="ee" />
    <tlink event1="ei19" event2="ei23" relation="VAGUE" closed="false" origin="AllVagueSieve" type="ee" />
    <tlink event1="ei19" event2="t2" relation="VAGUE" closed="false" origin="AllVagueSieve" type="et" />
    <tlink event1="ei20" event2="ei24" relation="VAGUE" closed="false" origin="AllVagueSieve" type="ee" />
    <tlink event1="ei21" event2="ei24" relation="VAGUE" closed="false" origin="AllVagueSieve" type="ee" />
    <tlink event1="ei22" event2="ei24" relation="VAGUE" closed="false" origin="AllVagueSieve" type="ee" />
    <tlink event1="ei23" event2="ei24" relation="VAGUE" closed="false" origin="AllVagueSieve" type="ee" />
    <tlink event1="t2" event2="ei24" relation="VAGUE" closed="false" origin="AllVagueSieve" type="et" />
    <tlink event1="ei24" event2="ei25" relation="VAGUE" closed="false" origin="AllVagueSieve" type="ee" />
    <tlink event1="ei26" event2="ei27" relation="VAGUE" closed="false" origin="AllVagueSieve" type="ee" />
    <tlink event1="ei27" event2="ei28" relation="VAGUE" closed="false" origin="AllVagueSieve" type="ee" />
    <tlink event1="ei28" event2="ei29" relation="VAGUE" closed="false" origin="AllVagueSieve" type="ee" />
    <tlink event1="ei29" event2="ei30" relation="VAGUE" closed="false" origin="AllVagueSieve" type="ee" />
    <tlink event1="ei30" event2="ei31" relation="VAGUE" closed="false" origin="AllVagueSieve" type="ee" />
    <tlink event1="ei31" event2="ei32" relation="VAGUE" closed="false" origin="AllVagueSieve" type="ee" />
    <tlink event1="ei32" event2="ei33" relation="VAGUE" closed="false" origin="AllVagueSieve" type="ee" />
    <tlink event1="ei32" event2="ei34" relation="VAGUE" closed="false" origin="AllVagueSieve" type="ee" />
    <tlink event1="ei33" event2="ei35" relation="VAGUE" closed="false" origin="AllVagueSieve" type="ee" />
    <tlink event1="ei34" event2="ei35" relation="VAGUE" closed="false" origin="AllVagueSieve" type="ee" />
    <tlink event1="ei35" event2="ei36" relation="VAGUE" closed="false" origin="AllVagueSieve" type="ee" />
    <tlink event1="ei35" event2="ei37" relation="VAGUE" closed="false" origin="AllVagueSieve" type="ee" />
    <tlink event1="ei35" event2="ei38" relation="VAGUE" closed="false" origin="AllVagueSieve" type="ee" />
    <tlink event1="ei39" event2="ei41" relation="VAGUE" closed="false" origin="AllVagueSieve" type="ee" />
    <tlink event1="ei40" event2="ei41" relation="VAGUE" closed="false" origin="AllVagueSieve" type="ee" />
    <tlink event1="ei41" event2="ei42" relation="VAGUE" closed="false" origin="AllVagueSieve" type="ee" />
    <tlink event1="ei42" event2="ei43" relation="VAGUE" closed="false" origin="AllVagueSieve" type="ee" />
    <tlink event1="ei43" event2="ei44" relation="VAGUE" closed="false" origin="AllVagueSieve" type="ee" />
    <tlink event1="ei43" event2="ei45" relation="VAGUE" closed="false" origin="AllVagueSieve" type="ee" />
    <tlink event1="ei43" event2="ei46" relation="VAGUE" closed="false" origin="AllVagueSieve" type="ee" />
    <tlink event1="ei44" event2="ei48" relation="VAGUE" closed="false" origin="AllVagueSieve" type="ee" />
    <tlink event1="ei44" event2="ei49" relation="VAGUE" closed="false" origin="AllVagueSieve" type="ee" />
    <tlink event1="ei44" event2="ei50" relation="VAGUE" closed="false" origin="AllVagueSieve" type="ee" />
    <tlink event1="ei45" event2="ei48" relation="VAGUE" closed="false" origin="AllVagueSieve" type="ee" />
    <tlink event1="ei45" event2="ei49" relation="VAGUE" closed="false" origin="AllVagueSieve" type="ee" />
    <tlink event1="ei45" event2="ei50" relation="VAGUE" closed="false" origin="AllVagueSieve" type="ee" />
    <tlink event1="ei46" event2="ei48" relation="VAGUE" closed="false" origin="AllVagueSieve" type="ee" />
    <tlink event1="ei46" event2="ei49" relation="VAGUE" closed="false" origin="AllVagueSieve" type="ee" />
    <tlink event1="ei46" event2="ei50" relation="VAGUE" closed="false" origin="AllVagueSieve" type="ee" />
    <tlink event1="ei47" event2="ei49" relation="VAGUE" closed="false" origin="AllVagueSieve" type="ee" />
    <tlink event1="ei48" event2="ei51" relation="VAGUE" closed="false" origin="AllVagueSieve" type="ee" />
    <tlink event1="ei48" event2="ei52" relation="VAGUE" closed="false" origin="AllVagueSieve" type="ee" />
    <tlink event1="ei48" event2="ei54" relation="VAGUE" closed="false" origin="AllVagueSieve" type="ee" />
    <tlink event1="ei49" event2="ei51" relation="VAGUE" closed="false" origin="AllVagueSieve" type="ee" />
    <tlink event1="ei49" event2="ei52" relation="VAGUE" closed="false" origin="AllVagueSieve" type="ee" />
    <tlink event1="ei49" event2="ei53" relation="VAGUE" closed="false" origin="AllVagueSieve" type="ee" />
    <tlink event1="ei49" event2="ei54" relation="VAGUE" closed="false" origin="AllVagueSieve" type="ee" />
    <tlink event1="ei50" event2="ei51" relation="VAGUE" closed="false" origin="AllVagueSieve" type="ee" />
    <tlink event1="ei50" event2="ei52" relation="VAGUE" closed="false" origin="AllVagueSieve" type="ee" />
    <tlink event1="ei50" event2="ei53" relation="VAGUE" closed="false" origin="AllVagueSieve" type="ee" />
    <tlink event1="ei50" event2="ei54" relation="VAGUE" closed="false" origin="AllVagueSieve" type="ee" />
  </file>
</root>

