<?xml version="1.0" encoding="UTF-8"?>
<root xmlns="http://chambers.com/corpusinfo">
  <file name="9783732517695_072.txt">
    <entry sid="0" file="9783732517695_072.txt">
      <sentence>Two hours later , Patrick was jolted out of his dreams in a square among juniper bushes .</sentence>
      <tokens>
        <t>"" "Two" " "</t>
        <t>" " "hours" " "</t>
        <t>" " "later" ""</t>
        <t>"" "," " "</t>
        <t>" " "Patrick" " "</t>
        <t>" " "was" " "</t>
        <t>" " "jolted" " "</t>
        <t>" " "out" " "</t>
        <t>" " "of" " "</t>
        <t>" " "his" " "</t>
        <t>" " "dreams" " "</t>
        <t>" " "in" " "</t>
        <t>" " "a" " "</t>
        <t>" " "square" " "</t>
        <t>" " "among" " "</t>
        <t>" " "juniper" " "</t>
        <t>" " "bushes" ""</t>
        <t>"" "." " "</t>
      </tokens>
      <parse>(ROOT (S (NP (CD Two) (NNS hours) (RB later)) (, ,) (NP (NNP Patrick)) (VP (VBD was) (VP (VBN jolted) (PRT (RP out)) (PP (IN of) (NP (PRP$ his) (NNS dreams))) (PP (IN in) (NP (NP (DT a) (NN square)) (PP (IN among) (NP (NN juniper) (NNS bushes))))))) (. .)))</parse>
      <deps>num(hours-2, Two-1)
nsubjpass(jolted-7, hours-2)
advmod(hours-2, later-3)
nsubjpass(jolted-7, Patrick-5)
auxpass(jolted-7, was-6)
root(ROOT-0, jolted-7)
poss(dreams-11, his-10)
prep_out_of(jolted-7, dreams-11)
det(square-14, a-13)
prep_in(jolted-7, square-14)
nn(bushes-17, juniper-16)
prep_among(square-14, bushes-17)</deps>
      <events>
        <event id="e1" eiid="ei1" offset="7" string="jolted" tense="PAST" aspect="NONE" class="OCCURRENCE" polarity="POS" modality="" happen="" lowerBoundDuration="" upperBoundDuration="" />
      </events>
      <timexes>
        <timex tid="t1" text="Two hours" offset="1" length="2" type="DURATION" value="PT2H" temporalFunction="false" />
      </timexes>
    </entry>
    <entry sid="1" file="9783732517695_072.txt">
      <sentence>He heard loud excited voices in a greater distance .</sentence>
      <tokens>
        <t>" " "He" " "</t>
        <t>" " "heard" " "</t>
        <t>" " "loud" " "</t>
        <t>" " "excited" " "</t>
        <t>" " "voices" " "</t>
        <t>" " "in" " "</t>
        <t>" " "a" " "</t>
        <t>" " "greater" " "</t>
        <t>" " "distance" ""</t>
        <t>"" "." " "</t>
      </tokens>
      <parse>(ROOT (S (NP (PRP He)) (VP (VBD heard) (NP (ADJP (JJ loud) (JJ excited)) (NNS voices)) (PP (IN in) (NP (DT a) (JJR greater) (NN distance)))) (. .)))</parse>
      <deps>nsubj(heard-2, He-1)
root(ROOT-0, heard-2)
amod(excited-4, loud-3)
amod(voices-5, excited-4)
dobj(heard-2, voices-5)
det(distance-9, a-7)
amod(distance-9, greater-8)
prep_in(heard-2, distance-9)</deps>
      <events>
        <event id="e2" eiid="ei2" offset="2" string="heard" tense="PAST" aspect="NONE" class="OCCURRENCE" polarity="POS" modality="" happen="" lowerBoundDuration="" upperBoundDuration="" />
      </events>
      <timexes />
    </entry>
    <entry sid="2" file="9783732517695_072.txt">
      <sentence>Cautiously he rose and walked a little in the direction from which the voices came .</sentence>
      <tokens>
        <t>" " "Cautiously" " "</t>
        <t>" " "he" " "</t>
        <t>" " "rose" " "</t>
        <t>" " "and" " "</t>
        <t>" " "walked" " "</t>
        <t>" " "a" " "</t>
        <t>" " "little" " "</t>
        <t>" " "in" " "</t>
        <t>" " "the" " "</t>
        <t>" " "direction" " "</t>
        <t>" " "from" " "</t>
        <t>" " "which" " "</t>
        <t>" " "the" " "</t>
        <t>" " "voices" " "</t>
        <t>" " "came" ""</t>
        <t>"" "." " "</t>
      </tokens>
      <parse>(ROOT (S (ADVP (RB Cautiously)) (NP (PRP he)) (VP (VBD rose) (CC and) (VBD walked) (PP (NP (DT a) (JJ little)) (IN in) (NP (NP (DT the) (NN direction)) (SBAR (WHPP (IN from) (WHNP (WDT which))) (S (NP (DT the) (NNS voices)) (VP (VBD came))))))) (. .)))</parse>
      <deps>advmod(rose-3, Cautiously-1)
nsubj(rose-3, he-2)
nsubj(walked-5, he-2)
root(ROOT-0, rose-3)
conj_and(rose-3, walked-5)
det(little-7, a-6)
npadvmod(rose-3, little-7)
det(direction-10, the-9)
prep_in(rose-3, direction-10)
prep_from(came-15, direction-10)
rel(came-15, from-11)
det(voices-14, the-13)
nsubj(came-15, voices-14)
rcmod(direction-10, came-15)</deps>
      <events>
        <event id="e3" eiid="ei3" offset="3" string="rose" tense="PAST" aspect="NONE" class="OCCURRENCE" polarity="POS" modality="" happen="" lowerBoundDuration="" upperBoundDuration="" />
        <event id="e4" eiid="ei4" offset="5" string="walked" tense="PAST" aspect="NONE" class="OCCURRENCE" polarity="POS" modality="" happen="" lowerBoundDuration="" upperBoundDuration="" />
        <event id="e5" eiid="ei5" offset="15" string="came" tense="PAST" aspect="NONE" class="OCCURRENCE" polarity="POS" modality="" happen="" lowerBoundDuration="" upperBoundDuration="" />
      </events>
      <timexes />
    </entry>
    <entry sid="3" file="9783732517695_072.txt">
      <sentence>Several men emerged from a small hollow .</sentence>
      <tokens>
        <t>" " "Several" " "</t>
        <t>" " "men" " "</t>
        <t>" " "emerged" " "</t>
        <t>" " "from" " "</t>
        <t>" " "a" " "</t>
        <t>" " "small" " "</t>
        <t>" " "hollow" ""</t>
        <t>"" "." " "</t>
      </tokens>
      <parse>(ROOT (S (NP (JJ Several) (NNS men)) (VP (VBD emerged) (PP (IN from) (NP (DT a) (JJ small) (NN hollow)))) (. .)))</parse>
      <deps>amod(men-2, Several-1)
nsubj(emerged-3, men-2)
root(ROOT-0, emerged-3)
det(hollow-7, a-5)
amod(hollow-7, small-6)
prep_from(emerged-3, hollow-7)</deps>
      <events>
        <event id="e6" eiid="ei6" offset="3" string="emerged" tense="PAST" aspect="NONE" class="OCCURRENCE" polarity="POS" modality="" happen="" lowerBoundDuration="" upperBoundDuration="" />
      </events>
      <timexes />
    </entry>
    <entry sid="4" file="9783732517695_072.txt">
      <sentence>Two of them were dragging a stretcher .</sentence>
      <tokens>
        <t>" " "Two" " "</t>
        <t>" " "of" " "</t>
        <t>" " "them" " "</t>
        <t>" " "were" " "</t>
        <t>" " "dragging" " "</t>
        <t>" " "a" " "</t>
        <t>" " "stretcher" ""</t>
        <t>"" "." " "</t>
      </tokens>
      <parse>(ROOT (S (NP (NP (CD Two)) (PP (IN of) (NP (PRP them)))) (VP (VBD were) (VP (VBG dragging) (NP (DT a) (NN stretcher)))) (. .)))</parse>
      <deps>nsubj(dragging-5, Two-1)
prep_of(Two-1, them-3)
aux(dragging-5, were-4)
root(ROOT-0, dragging-5)
det(stretcher-7, a-6)
dobj(dragging-5, stretcher-7)</deps>
      <events>
        <event id="e7" eiid="ei7" offset="5" string="dragging" tense="PAST" aspect="PROGRESSIVE" class="OCCURRENCE" polarity="POS" modality="" happen="" lowerBoundDuration="" upperBoundDuration="" />
      </events>
      <timexes />
    </entry>
    <entry sid="5" file="9783732517695_072.txt">
      <sentence>A blanket was spread over it .</sentence>
      <tokens>
        <t>" " "A" " "</t>
        <t>" " "blanket" " "</t>
        <t>" " "was" " "</t>
        <t>" " "spread" " "</t>
        <t>" " "over" " "</t>
        <t>" " "it" ""</t>
        <t>"" "." " "</t>
      </tokens>
      <parse>(ROOT (S (NP (DT A) (NN blanket)) (VP (VBD was) (VP (VBN spread) (PP (IN over) (NP (PRP it))))) (. .)))</parse>
      <deps>det(blanket-2, A-1)
nsubjpass(spread-4, blanket-2)
auxpass(spread-4, was-3)
root(ROOT-0, spread-4)
prep_over(spread-4, it-6)</deps>
      <events>
        <event id="e8" eiid="ei8" offset="4" string="spread" tense="PAST" aspect="NONE" class="OCCURRENCE" polarity="POS" modality="" happen="" lowerBoundDuration="" upperBoundDuration="" />
      </events>
      <timexes />
    </entry>
    <entry sid="6" file="9783732517695_072.txt">
      <sentence>Some misfortune must have happened .</sentence>
      <tokens>
        <t>" " "Some" " "</t>
        <t>" " "misfortune" " "</t>
        <t>" " "must" " "</t>
        <t>" " "have" " "</t>
        <t>" " "happened" ""</t>
        <t>"" "." " "</t>
      </tokens>
      <parse>(ROOT (S (NP (DT Some) (NN misfortune)) (VP (MD must) (VP (VB have) (VP (VBN happened)))) (. .)))</parse>
      <deps>det(misfortune-2, Some-1)
nsubj(happened-5, misfortune-2)
aux(happened-5, must-3)
aux(happened-5, have-4)
root(ROOT-0, happened-5)</deps>
      <events>
        <event id="e9" eiid="ei9" offset="5" string="happened" tense="NONE" aspect="PERFECTIVE" class="OCCURRENCE" polarity="POS" modality="" happen="" lowerBoundDuration="" upperBoundDuration="" />
      </events>
      <timexes />
    </entry>
    <entry sid="7" file="9783732517695_072.txt">
      <sentence>Now the men set the stretcher down and caught their breath .</sentence>
      <tokens>
        <t>" " "Now" " "</t>
        <t>" " "the" " "</t>
        <t>" " "men" " "</t>
        <t>" " "set" " "</t>
        <t>" " "the" " "</t>
        <t>" " "stretcher" " "</t>
        <t>" " "down" " "</t>
        <t>" " "and" " "</t>
        <t>" " "caught" " "</t>
        <t>" " "their" " "</t>
        <t>" " "breath" ""</t>
        <t>"" "." " "</t>
      </tokens>
      <parse>(ROOT (S (ADVP (RB Now)) (NP (DT the) (NNS men)) (VP (VP (VBD set) (NP (DT the) (NN stretcher)) (PRT (RP down))) (CC and) (VP (VBD caught) (NP (PRP$ their) (NN breath)))) (. .)))</parse>
      <deps>advmod(set-4, Now-1)
det(men-3, the-2)
nsubj(set-4, men-3)
nsubj(caught-9, men-3)
root(ROOT-0, set-4)
det(stretcher-6, the-5)
dobj(set-4, stretcher-6)
prt(set-4, down-7)
conj_and(set-4, caught-9)
poss(breath-11, their-10)
dobj(caught-9, breath-11)</deps>
      <events>
        <event id="e10" eiid="ei10" offset="4" string="set" tense="PAST" aspect="NONE" class="OCCURRENCE" polarity="POS" modality="" happen="" lowerBoundDuration="" upperBoundDuration="" />
        <event id="e11" eiid="ei11" offset="9" string="caught" tense="PAST" aspect="NONE" class="OCCURRENCE" polarity="POS" modality="" happen="" lowerBoundDuration="" upperBoundDuration="" />
      </events>
      <timexes>
        <timex tid="t2" text="Now" offset="1" length="1" type="DATE" value="PRESENT_REF" temporalFunction="false" />
      </timexes>
    </entry>
    <entry sid="8" file="9783732517695_072.txt">
      <sentence>Patrick recognized the outline of a body .</sentence>
      <tokens>
        <t>" " "Patrick" " "</t>
        <t>" " "recognized" " "</t>
        <t>" " "the" " "</t>
        <t>" " "outline" " "</t>
        <t>" " "of" " "</t>
        <t>" " "a" " "</t>
        <t>" " "body" ""</t>
        <t>"" "." " "</t>
      </tokens>
      <parse>(ROOT (S (NP (NNP Patrick)) (VP (VBD recognized) (NP (NP (DT the) (NN outline)) (PP (IN of) (NP (DT a) (NN body))))) (. .)))</parse>
      <deps>nsubj(recognized-2, Patrick-1)
root(ROOT-0, recognized-2)
det(outline-4, the-3)
dobj(recognized-2, outline-4)
det(body-7, a-6)
prep_of(outline-4, body-7)</deps>
      <events>
        <event id="e12" eiid="ei12" offset="2" string="recognized" tense="PAST" aspect="NONE" class="OCCURRENCE" polarity="POS" modality="" happen="" lowerBoundDuration="" upperBoundDuration="" />
      </events>
      <timexes />
    </entry>
    <entry sid="9" file="9783732517695_072.txt">
      <sentence>He was completely covered .</sentence>
      <tokens>
        <t>" " "He" " "</t>
        <t>" " "was" " "</t>
        <t>" " "completely" " "</t>
        <t>" " "covered" ""</t>
        <t>"" "." " "</t>
      </tokens>
      <parse>(ROOT (S (NP (PRP He)) (VP (VBD was) (ADJP (RB completely) (JJ covered))) (. .)))</parse>
      <deps>nsubj(covered-4, He-1)
cop(covered-4, was-2)
advmod(covered-4, completely-3)
root(ROOT-0, covered-4)</deps>
      <events />
      <timexes />
    </entry>
    <entry sid="10" file="9783732517695_072.txt">
      <sentence>Was there a dead body on the stretcher ?</sentence>
      <tokens>
        <t>" " "Was" " "</t>
        <t>" " "there" " "</t>
        <t>" " "a" " "</t>
        <t>" " "dead" " "</t>
        <t>" " "body" " "</t>
        <t>" " "on" " "</t>
        <t>" " "the" " "</t>
        <t>" " "stretcher" ""</t>
        <t>"" "?" " "</t>
      </tokens>
      <parse>(ROOT (SQ (VBD Was) (NP (EX there)) (PP (NP (DT a) (JJ dead) (NN body)) (PP (IN on) (NP (DT the) (NN stretcher)))) (. ?)))</parse>
      <deps>root(ROOT-0, Was-1)
expl(Was-1, there-2)
det(body-5, a-3)
amod(body-5, dead-4)
dep(Was-1, body-5)
det(stretcher-8, the-7)
prep_on(Was-1, stretcher-8)</deps>
      <events />
      <timexes />
    </entry>
    <entry sid="11" file="9783732517695_072.txt">
      <sentence>Suddenly Patrick started to move .</sentence>
      <tokens>
        <t>" " "Suddenly" " "</t>
        <t>" " "Patrick" " "</t>
        <t>" " "started" " "</t>
        <t>" " "to" " "</t>
        <t>" " "move" ""</t>
        <t>"" "." " "</t>
      </tokens>
      <parse>(ROOT (S (ADVP (RB Suddenly)) (NP (NNP Patrick)) (VP (VBD started) (S (VP (TO to) (VP (VB move))))) (. .)))</parse>
      <deps>advmod(started-3, Suddenly-1)
nsubj(started-3, Patrick-2)
xsubj(move-5, Patrick-2)
root(ROOT-0, started-3)
aux(move-5, to-4)
xcomp(started-3, move-5)</deps>
      <events>
        <event id="e13" eiid="ei13" offset="3" string="started" tense="PAST" aspect="NONE" class="ASPECTUAL" polarity="POS" modality="" happen="" lowerBoundDuration="" upperBoundDuration="" />
        <event id="e14" eiid="ei14" offset="5" string="move" tense="INFINITIVE" aspect="NONE" class="OCCURRENCE" polarity="POS" modality="" happen="" lowerBoundDuration="" upperBoundDuration="" />
      </events>
      <timexes />
    </entry>
    <entry sid="12" file="9783732517695_072.txt">
      <sentence>He forgot that he did n't want to show himself to the people .</sentence>
      <tokens>
        <t>" " "He" " "</t>
        <t>" " "forgot" " "</t>
        <t>" " "that" " "</t>
        <t>" " "he" " "</t>
        <t>" " "did" ""</t>
        <t>"" "n't" " "</t>
        <t>" " "want" " "</t>
        <t>" " "to" " "</t>
        <t>" " "show" " "</t>
        <t>" " "himself" " "</t>
        <t>" " "to" " "</t>
        <t>" " "the" " "</t>
        <t>" " "people" ""</t>
        <t>"" "." " "</t>
      </tokens>
      <parse>(ROOT (S (NP (PRP He)) (VP (VBD forgot) (SBAR (IN that) (S (NP (PRP he)) (VP (VBD did) (RB n't) (VP (VB want) (S (VP (TO to) (VP (VB show) (NP (PRP himself)) (PP (TO to) (NP (DT the) (NNS people))))))))))) (. .)))</parse>
      <deps>nsubj(forgot-2, He-1)
root(ROOT-0, forgot-2)
mark(want-7, that-3)
nsubj(want-7, he-4)
xsubj(show-9, he-4)
aux(want-7, did-5)
neg(want-7, n't-6)
ccomp(forgot-2, want-7)
aux(show-9, to-8)
xcomp(want-7, show-9)
dobj(show-9, himself-10)
det(people-13, the-12)
prep_to(show-9, people-13)</deps>
      <events>
        <event id="e15" eiid="ei15" offset="2" string="forgot" tense="PAST" aspect="NONE" class="REPORTING" polarity="POS" modality="" happen="" lowerBoundDuration="" upperBoundDuration="" />
        <event id="e16" eiid="ei16" offset="7" string="want" tense="NONE" aspect="NONE" class="I_STATE" polarity="POS" modality="" happen="" lowerBoundDuration="" upperBoundDuration="" />
        <event id="e17" eiid="ei17" offset="9" string="show" tense="INFINITIVE" aspect="NONE" class="OCCURRENCE" polarity="POS" modality="" happen="" lowerBoundDuration="" upperBoundDuration="" />
      </events>
      <timexes />
    </entry>
    <entry sid="13" file="9783732517695_072.txt">
      <sentence>He ran toward the men and shouted , `` What happened ? ''</sentence>
      <tokens>
        <t>" " "He" " "</t>
        <t>" " "ran" " "</t>
        <t>" " "toward" " "</t>
        <t>" " "the" " "</t>
        <t>" " "men" " "</t>
        <t>" " "and" " "</t>
        <t>" " "shouted" ""</t>
        <t>"" "," " "</t>
        <t>" " """ ""</t>
        <t>"" "What" " "</t>
        <t>" " "happened" ""</t>
        <t>"" "?" ""</t>
        <t>"" """ " "</t>
      </tokens>
      <parse>(ROOT (S (NP (PRP He)) (VP (VP (VBD ran) (PP (IN toward) (NP (DT the) (NNS men)))) (CC and) (VP (VBD shouted) (, ,) (`` ``) (SBARQ (WHNP (WP What)) (SQ (VP (VBD happened))) (. ?)) ('' '')))))</parse>
      <deps>nsubj(ran-2, He-1)
nsubj(shouted-7, He-1)
root(ROOT-0, ran-2)
det(men-5, the-4)
prep_toward(ran-2, men-5)
conj_and(ran-2, shouted-7)
nsubj(happened-11, What-10)
dep(shouted-7, happened-11)</deps>
      <events>
        <event id="e18" eiid="ei18" offset="2" string="ran" tense="PAST" aspect="NONE" class="OCCURRENCE" polarity="POS" modality="" happen="" lowerBoundDuration="" upperBoundDuration="" />
        <event id="e19" eiid="ei19" offset="7" string="shouted" tense="PAST" aspect="NONE" class="OCCURRENCE" polarity="POS" modality="" happen="" lowerBoundDuration="" upperBoundDuration="" />
        <event id="e20" eiid="ei20" offset="11" string="happened" tense="PAST" aspect="NONE" class="OCCURRENCE" polarity="POS" modality="" happen="" lowerBoundDuration="" upperBoundDuration="" />
      </events>
      <timexes />
    </entry>
    <entry sid="14" file="9783732517695_072.txt">
      <sentence>The men backed away and stared at him in bewilderment .</sentence>
      <tokens>
        <t>" " "The" " "</t>
        <t>" " "men" " "</t>
        <t>" " "backed" " "</t>
        <t>" " "away" " "</t>
        <t>" " "and" " "</t>
        <t>" " "stared" " "</t>
        <t>" " "at" " "</t>
        <t>" " "him" " "</t>
        <t>" " "in" " "</t>
        <t>" " "bewilderment" ""</t>
        <t>"" "." " "</t>
      </tokens>
      <parse>(ROOT (S (NP (DT The) (NNS men)) (VP (VP (VBD backed) (PRT (RP away))) (CC and) (VP (VBD stared) (PP (IN at) (NP (PRP him))) (PP (IN in) (NP (NN bewilderment))))) (. .)))</parse>
      <deps>det(men-2, The-1)
nsubj(backed-3, men-2)
nsubj(stared-6, men-2)
root(ROOT-0, backed-3)
prt(backed-3, away-4)
conj_and(backed-3, stared-6)
prep_at(stared-6, him-8)
prep_in(stared-6, bewilderment-10)</deps>
      <events>
        <event id="e21" eiid="ei21" offset="3" string="backed" tense="PAST" aspect="NONE" class="OCCURRENCE" polarity="POS" modality="" happen="" lowerBoundDuration="" upperBoundDuration="" />
        <event id="e22" eiid="ei22" offset="6" string="stared" tense="PAST" aspect="NONE" class="OCCURRENCE" polarity="POS" modality="" happen="" lowerBoundDuration="" upperBoundDuration="" />
      </events>
      <timexes />
    </entry>
    <entry sid="15" file="9783732517695_072.txt">
      <sentence>At last one asked , `` Duke Patrick ? ''</sentence>
      <tokens>
        <t>" " "At" " "</t>
        <t>" " "last" " "</t>
        <t>" " "one" " "</t>
        <t>" " "asked" ""</t>
        <t>"" "," " "</t>
        <t>" " """ ""</t>
        <t>"" "Duke" " "</t>
        <t>" " "Patrick" ""</t>
        <t>"" "?" ""</t>
        <t>"" """ " "</t>
      </tokens>
      <parse>(ROOT (FRAG (PP (IN At) (NP (JJ last) (NN one) (JJ asked))) (, ,) (`` ``) (NP (NNP Duke) (NNP Patrick)) (. ?) ('' '')))</parse>
      <deps>amod(one-3, last-2)
prep_at(Patrick-8, one-3)
amod(one-3, asked-4)
nn(Patrick-8, Duke-7)
root(ROOT-0, Patrick-8)</deps>
      <events />
      <timexes />
    </entry>
    <entry sid="16" file="9783732517695_072.txt">
      <sentence>`` Yes , '' Patrick said impatiently .</sentence>
      <tokens>
        <t>" " """ ""</t>
        <t>"" "Yes" ""</t>
        <t>"" "," ""</t>
        <t>"" """ " "</t>
        <t>" " "Patrick" " "</t>
        <t>" " "said" " "</t>
        <t>" " "impatiently" ""</t>
        <t>"" "." " "</t>
      </tokens>
      <parse>(ROOT (S (`` ``) (FRAG (INTJ (UH Yes))) (, ,) ('' '') (NP (NNP Patrick)) (VP (VBD said) (ADVP (RB impatiently))) (. .)))</parse>
      <deps>dep(said-6, Yes-2)
nsubj(said-6, Patrick-5)
root(ROOT-0, said-6)
advmod(said-6, impatiently-7)</deps>
      <events>
        <event id="e23" eiid="ei23" offset="6" string="said" tense="PAST" aspect="NONE" class="REPORTING" polarity="POS" modality="" happen="" lowerBoundDuration="" upperBoundDuration="" />
      </events>
      <timexes />
    </entry>
    <entry sid="17" file="9783732517695_072.txt">
      <sentence>`` Who has met with an accident ? ''</sentence>
      <tokens>
        <t>" " """ ""</t>
        <t>"" "Who" " "</t>
        <t>" " "has" " "</t>
        <t>" " "met" " "</t>
        <t>" " "with" " "</t>
        <t>" " "an" " "</t>
        <t>" " "accident" ""</t>
        <t>"" "?" ""</t>
        <t>"" """ " "</t>
      </tokens>
      <parse>(ROOT (SBARQ (`` ``) (WHNP (WP Who)) (SQ (VP (VBZ has) (VP (VBN met) (PP (IN with) (NP (DT an) (NN accident)))))) (. ?) ('' '')))</parse>
      <deps>nsubj(met-4, Who-2)
aux(met-4, has-3)
root(ROOT-0, met-4)
det(accident-7, an-6)
prep_with(met-4, accident-7)</deps>
      <events>
        <event id="e24" eiid="ei24" offset="4" string="met" tense="PRESENT" aspect="PERFECTIVE" class="OCCURRENCE" polarity="POS" modality="" happen="" lowerBoundDuration="" upperBoundDuration="" />
      </events>
      <timexes />
    </entry>
    <entry sid="18" file="9783732517695_072.txt">
      <sentence>The men bowed their heads .</sentence>
      <tokens>
        <t>" " "The" " "</t>
        <t>" " "men" " "</t>
        <t>" " "bowed" " "</t>
        <t>" " "their" " "</t>
        <t>" " "heads" ""</t>
        <t>"" "." " "</t>
      </tokens>
      <parse>(ROOT (S (NP (DT The) (NNS men)) (VP (VBD bowed) (NP (PRP$ their) (NNS heads))) (. .)))</parse>
      <deps>det(men-2, The-1)
nsubj(bowed-3, men-2)
root(ROOT-0, bowed-3)
poss(heads-5, their-4)
dobj(bowed-3, heads-5)</deps>
      <events>
        <event id="e25" eiid="ei25" offset="3" string="bowed" tense="PAST" aspect="NONE" class="OCCURRENCE" polarity="POS" modality="" happen="" lowerBoundDuration="" upperBoundDuration="" />
      </events>
      <timexes />
    </entry>
    <entry sid="19" file="9783732517695_072.txt">
      <sentence>Patrick 's face grew pale , a crushing foreboding rising in him .</sentence>
      <tokens>
        <t>" " "Patrick" ""</t>
        <t>"" "'s" " "</t>
        <t>" " "face" " "</t>
        <t>" " "grew" " "</t>
        <t>" " "pale" ""</t>
        <t>"" "," " "</t>
        <t>" " "a" " "</t>
        <t>" " "crushing" " "</t>
        <t>" " "foreboding" " "</t>
        <t>" " "rising" " "</t>
        <t>" " "in" " "</t>
        <t>" " "him" ""</t>
        <t>"" "." " "</t>
      </tokens>
      <parse>(ROOT (S (NP (NP (NNP Patrick) (POS 's)) (NN face)) (VP (VBD grew) (NP (NP (NN pale)) (, ,) (NP (NP (DT a) (VBG crushing) (NN foreboding)) (VP (VBG rising) (PP (IN in) (NP (PRP him))))))) (. .)))</parse>
      <deps>poss(face-3, Patrick-1)
nsubj(grew-4, face-3)
root(ROOT-0, grew-4)
dobj(grew-4, pale-5)
det(foreboding-9, a-7)
amod(foreboding-9, crushing-8)
appos(pale-5, foreboding-9)
partmod(foreboding-9, rising-10)
prep_in(rising-10, him-12)</deps>
      <events>
        <event id="e26" eiid="ei26" offset="4" string="grew" tense="PAST" aspect="NONE" class="OCCURRENCE" polarity="POS" modality="" happen="" lowerBoundDuration="" upperBoundDuration="" />
      </events>
      <timexes />
    </entry>
    <entry sid="20" file="9783732517695_072.txt">
      <sentence>He bent down , grasped the blanket , and lifted it .</sentence>
      <tokens>
        <t>" " "He" " "</t>
        <t>" " "bent" " "</t>
        <t>" " "down" ""</t>
        <t>"" "," " "</t>
        <t>" " "grasped" " "</t>
        <t>" " "the" " "</t>
        <t>" " "blanket" ""</t>
        <t>"" "," " "</t>
        <t>" " "and" " "</t>
        <t>" " "lifted" " "</t>
        <t>" " "it" ""</t>
        <t>"" "." " "</t>
      </tokens>
      <parse>(ROOT (S (NP (PRP He)) (VP (VP (VBD bent) (PRT (RP down))) (, ,) (VP (VBD grasped) (NP (DT the) (NN blanket))) (, ,) (CC and) (VP (VBD lifted) (NP (PRP it)))) (. .)))</parse>
      <deps>nsubj(bent-2, He-1)
nsubj(grasped-5, He-1)
nsubj(lifted-10, He-1)
root(ROOT-0, bent-2)
prt(bent-2, down-3)
conj_and(bent-2, grasped-5)
det(blanket-7, the-6)
dobj(grasped-5, blanket-7)
conj_and(bent-2, lifted-10)
dobj(lifted-10, it-11)</deps>
      <events>
        <event id="e27" eiid="ei27" offset="2" string="bent" tense="PAST" aspect="NONE" class="OCCURRENCE" polarity="POS" modality="" happen="" lowerBoundDuration="" upperBoundDuration="" />
        <event id="e28" eiid="ei28" offset="5" string="grasped" tense="PAST" aspect="NONE" class="OCCURRENCE" polarity="POS" modality="" happen="" lowerBoundDuration="" upperBoundDuration="" />
        <event id="e29" eiid="ei29" offset="10" string="lifted" tense="PAST" aspect="NONE" class="OCCURRENCE" polarity="POS" modality="" happen="" lowerBoundDuration="" upperBoundDuration="" />
      </events>
      <timexes />
    </entry>
    <entry sid="21" file="9783732517695_072.txt">
      <sentence>On the stretcher lay his father .</sentence>
      <tokens>
        <t>" " "On" " "</t>
        <t>" " "the" " "</t>
        <t>" " "stretcher" " "</t>
        <t>" " "lay" " "</t>
        <t>" " "his" " "</t>
        <t>" " "father" ""</t>
        <t>"" "." " "</t>
      </tokens>
      <parse>(ROOT (SINV (PP (IN On) (NP (DT the) (NN stretcher))) (VP (VBD lay)) (NP (PRP$ his) (NN father)) (. .)))</parse>
      <deps>det(stretcher-3, the-2)
prep_on(lay-4, stretcher-3)
root(ROOT-0, lay-4)
poss(father-6, his-5)
nsubj(lay-4, father-6)</deps>
      <events>
        <event id="e30" eiid="ei30" offset="4" string="lay" tense="PAST" aspect="NONE" class="OCCURRENCE" polarity="POS" modality="" happen="" lowerBoundDuration="" upperBoundDuration="" />
      </events>
      <timexes />
    </entry>
    <entry sid="22" file="9783732517695_072.txt">
      <sentence>Now , at last , one of the men spoke .</sentence>
      <tokens>
        <t>" " "Now" ""</t>
        <t>"" "," " "</t>
        <t>" " "at" " "</t>
        <t>" " "last" ""</t>
        <t>"" "," " "</t>
        <t>" " "one" " "</t>
        <t>" " "of" " "</t>
        <t>" " "the" " "</t>
        <t>" " "men" " "</t>
        <t>" " "spoke" ""</t>
        <t>"" "." " "</t>
      </tokens>
      <parse>(ROOT (S (ADVP (RB Now)) (, ,) (PP (IN at) (NP (JJ last))) (, ,) (NP (NP (CD one)) (PP (IN of) (NP (DT the) (NNS men)))) (VP (VBD spoke)) (. .)))</parse>
      <deps>advmod(spoke-10, Now-1)
prep_at(spoke-10, last-4)
nsubj(spoke-10, one-6)
det(men-9, the-8)
prep_of(one-6, men-9)
root(ROOT-0, spoke-10)</deps>
      <events>
        <event id="e31" eiid="ei31" offset="10" string="spoke" tense="PAST" aspect="NONE" class="OCCURRENCE" polarity="POS" modality="" happen="" lowerBoundDuration="" upperBoundDuration="" />
      </events>
      <timexes>
        <timex tid="t3" text="Now" offset="1" length="1" type="DATE" value="PRESENT_REF" temporalFunction="false" />
      </timexes>
    </entry>
    <entry sid="23" file="9783732517695_072.txt">
      <sentence>`` He fell into a pit with the horse .</sentence>
      <tokens>
        <t>" " """ ""</t>
        <t>"" "He" " "</t>
        <t>" " "fell" " "</t>
        <t>" " "into" " "</t>
        <t>" " "a" " "</t>
        <t>" " "pit" " "</t>
        <t>" " "with" " "</t>
        <t>" " "the" " "</t>
        <t>" " "horse" ""</t>
        <t>"" "." " "</t>
      </tokens>
      <parse>(ROOT (S (`` ``) (NP (PRP He)) (VP (VBD fell) (PP (IN into) (NP (DT a) (NN pit))) (PP (IN with) (NP (DT the) (NN horse)))) (. .)))</parse>
      <deps>nsubj(fell-3, He-2)
root(ROOT-0, fell-3)
det(pit-6, a-5)
prep_into(fell-3, pit-6)
det(horse-9, the-8)
prep_with(fell-3, horse-9)</deps>
      <events>
        <event id="e32" eiid="ei32" offset="3" string="fell" tense="PAST" aspect="NONE" class="OCCURRENCE" polarity="POS" modality="" happen="" lowerBoundDuration="" upperBoundDuration="" />
      </events>
      <timexes />
    </entry>
    <entry sid="24" file="9783732517695_072.txt">
      <sentence>It was camouflaged with brushwood .</sentence>
      <tokens>
        <t>" " "It" " "</t>
        <t>" " "was" " "</t>
        <t>" " "camouflaged" " "</t>
        <t>" " "with" " "</t>
        <t>" " "brushwood" ""</t>
        <t>"" "." " "</t>
      </tokens>
      <parse>(ROOT (S (NP (PRP It)) (VP (VBD was) (VP (VBN camouflaged) (PP (IN with) (NP (NN brushwood))))) (. .)))</parse>
      <deps>nsubjpass(camouflaged-3, It-1)
auxpass(camouflaged-3, was-2)
root(ROOT-0, camouflaged-3)
prep_with(camouflaged-3, brushwood-5)</deps>
      <events>
        <event id="e33" eiid="ei33" offset="3" string="camouflaged" tense="PAST" aspect="NONE" class="OCCURRENCE" polarity="POS" modality="" happen="" lowerBoundDuration="" upperBoundDuration="" />
      </events>
      <timexes />
    </entry>
    <entry sid="25" file="9783732517695_072.txt">
      <sentence>We would n't have noticed anything , but the hunting leaseholder was expecting the duke and went to the manor when he ran out of time .</sentence>
      <tokens>
        <t>" " "We" " "</t>
        <t>" " "would" ""</t>
        <t>"" "n't" " "</t>
        <t>" " "have" " "</t>
        <t>" " "noticed" " "</t>
        <t>" " "anything" ""</t>
        <t>"" "," " "</t>
        <t>" " "but" " "</t>
        <t>" " "the" " "</t>
        <t>" " "hunting" " "</t>
        <t>" " "leaseholder" " "</t>
        <t>" " "was" " "</t>
        <t>" " "expecting" " "</t>
        <t>" " "the" " "</t>
        <t>" " "duke" " "</t>
        <t>" " "and" " "</t>
        <t>" " "went" " "</t>
        <t>" " "to" " "</t>
        <t>" " "the" " "</t>
        <t>" " "manor" " "</t>
        <t>" " "when" " "</t>
        <t>" " "he" " "</t>
        <t>" " "ran" " "</t>
        <t>" " "out" " "</t>
        <t>" " "of" " "</t>
        <t>" " "time" ""</t>
        <t>"" "." " "</t>
      </tokens>
      <parse>(ROOT (S (S (NP (PRP We)) (VP (MD would) (RB n't) (VP (VB have) (VP (VBN noticed) (NP (NN anything)))))) (, ,) (CC but) (S (NP (DT the) (NN hunting) (NN leaseholder)) (VP (VP (VBD was) (VP (VBG expecting) (NP (DT the) (NN duke)))) (CC and) (VP (VBD went) (PP (TO to) (NP (DT the) (NN manor))) (SBAR (WHADVP (WRB when)) (S (NP (PRP he)) (VP (VBD ran) (PRT (RP out)) (PP (IN of) (NP (NN time))))))))) (. .)))</parse>
      <deps>nsubj(noticed-5, We-1)
aux(noticed-5, would-2)
neg(noticed-5, n't-3)
aux(noticed-5, have-4)
root(ROOT-0, noticed-5)
dobj(noticed-5, anything-6)
det(leaseholder-11, the-9)
nn(leaseholder-11, hunting-10)
nsubj(expecting-13, leaseholder-11)
nsubj(went-17, leaseholder-11)
aux(expecting-13, was-12)
conj_but(noticed-5, expecting-13)
det(duke-15, the-14)
dobj(expecting-13, duke-15)
conj_but(noticed-5, went-17)
conj_and(expecting-13, went-17)
det(manor-20, the-19)
prep_to(went-17, manor-20)
advmod(ran-23, when-21)
nsubj(ran-23, he-22)
advcl(went-17, ran-23)
prep_out_of(ran-23, time-26)</deps>
      <events>
        <event id="e34" eiid="ei34" offset="5" string="noticed" tense="PRESENT" aspect="PERFECTIVE" class="OCCURRENCE" polarity="POS" modality="" happen="" lowerBoundDuration="" upperBoundDuration="" />
        <event id="e35" eiid="ei35" offset="13" string="expecting" tense="PAST" aspect="PROGRESSIVE" class="OCCURRENCE" polarity="POS" modality="" happen="" lowerBoundDuration="" upperBoundDuration="" />
        <event id="e36" eiid="ei36" offset="17" string="went" tense="PAST" aspect="NONE" class="OCCURRENCE" polarity="POS" modality="" happen="" lowerBoundDuration="" upperBoundDuration="" />
        <event id="e37" eiid="ei37" offset="23" string="ran" tense="PAST" aspect="NONE" class="OCCURRENCE" polarity="POS" modality="" happen="" lowerBoundDuration="" upperBoundDuration="" />
      </events>
      <timexes />
    </entry>
    <entry sid="26" file="9783732517695_072.txt">
      <sentence>He found your father .</sentence>
      <tokens>
        <t>" " "He" " "</t>
        <t>" " "found" " "</t>
        <t>" " "your" " "</t>
        <t>" " "father" ""</t>
        <t>"" "." " "</t>
      </tokens>
      <parse>(ROOT (S (NP (PRP He)) (VP (VBD found) (NP (PRP$ your) (NN father))) (. .)))</parse>
      <deps>nsubj(found-2, He-1)
root(ROOT-0, found-2)
poss(father-4, your-3)
dobj(found-2, father-4)</deps>
      <events>
        <event id="e38" eiid="ei38" offset="2" string="found" tense="PAST" aspect="NONE" class="OCCURRENCE" polarity="POS" modality="" happen="" lowerBoundDuration="" upperBoundDuration="" />
      </events>
      <timexes />
    </entry>
    <entry sid="27" file="9783732517695_072.txt">
      <sentence>He could n't help him anymore . ''</sentence>
      <tokens>
        <t>" " "He" " "</t>
        <t>" " "could" ""</t>
        <t>"" "n't" " "</t>
        <t>" " "help" " "</t>
        <t>" " "him" " "</t>
        <t>" " "anymore" ""</t>
        <t>"" "." ""</t>
        <t>"" """ " "</t>
      </tokens>
      <parse>(ROOT (S (NP (PRP He)) (VP (MD could) (RB n't) (VP (VB help) (NP (PRP him)) (ADVP (RB anymore)))) (. .) ('' '')))</parse>
      <deps>nsubj(help-4, He-1)
aux(help-4, could-2)
neg(help-4, n't-3)
root(ROOT-0, help-4)
dobj(help-4, him-5)
advmod(help-4, anymore-6)</deps>
      <events>
        <event id="e39" eiid="ei39" offset="4" string="help" tense="NONE" aspect="NONE" class="OCCURRENCE" polarity="POS" modality="" happen="" lowerBoundDuration="" upperBoundDuration="" />
      </events>
      <timexes />
    </entry>
    <entry sid="28" file="9783732517695_072.txt">
      <sentence>Patrick sank to his knees .</sentence>
      <tokens>
        <t>" " "Patrick" " "</t>
        <t>" " "sank" " "</t>
        <t>" " "to" " "</t>
        <t>" " "his" " "</t>
        <t>" " "knees" ""</t>
        <t>"" "." " "</t>
      </tokens>
      <parse>(ROOT (S (NP (NNP Patrick)) (VP (VBD sank) (PP (TO to) (NP (PRP$ his) (NNS knees)))) (. .)))</parse>
      <deps>nsubj(sank-2, Patrick-1)
root(ROOT-0, sank-2)
poss(knees-5, his-4)
prep_to(sank-2, knees-5)</deps>
      <events>
        <event id="e40" eiid="ei40" offset="2" string="sank" tense="PAST" aspect="NONE" class="I_ACTION" polarity="POS" modality="" happen="" lowerBoundDuration="" upperBoundDuration="" />
      </events>
      <timexes />
    </entry>
    <entry sid="29" file="9783732517695_072.txt">
      <sentence>He reached for his father 's hand .</sentence>
      <tokens>
        <t>" " "He" " "</t>
        <t>" " "reached" " "</t>
        <t>" " "for" " "</t>
        <t>" " "his" " "</t>
        <t>" " "father" ""</t>
        <t>"" "'s" " "</t>
        <t>" " "hand" ""</t>
        <t>"" "." " "</t>
      </tokens>
      <parse>(ROOT (S (NP (PRP He)) (VP (VBD reached) (PP (IN for) (NP (NP (PRP$ his) (NN father) (POS 's)) (NN hand)))) (. .)))</parse>
      <deps>nsubj(reached-2, He-1)
root(ROOT-0, reached-2)
poss(father-5, his-4)
poss(hand-7, father-5)
prep_for(reached-2, hand-7)</deps>
      <events>
        <event id="e41" eiid="ei41" offset="2" string="reached" tense="PAST" aspect="NONE" class="OCCURRENCE" polarity="POS" modality="" happen="" lowerBoundDuration="" upperBoundDuration="" />
      </events>
      <timexes />
    </entry>
    <entry sid="30" file="9783732517695_072.txt">
      <sentence>It was ice cold .</sentence>
      <tokens>
        <t>" " "It" " "</t>
        <t>" " "was" " "</t>
        <t>" " "ice" " "</t>
        <t>" " "cold" ""</t>
        <t>"" "." " "</t>
      </tokens>
      <parse>(ROOT (S (NP (PRP It)) (VP (VBD was) (NP (NN ice) (NN cold))) (. .)))</parse>
      <deps>nsubj(cold-4, It-1)
cop(cold-4, was-2)
nn(cold-4, ice-3)
root(ROOT-0, cold-4)</deps>
      <events>
        <event id="e42" eiid="ei42" offset="3" string="ice" tense="NONE" aspect="NONE" class="STATE" polarity="POS" modality="" happen="" lowerBoundDuration="" upperBoundDuration="" />
      </events>
      <timexes />
    </entry>
    <entry sid="31" file="9783732517695_072.txt">
      <sentence>Still , he pulled it to his cheek .</sentence>
      <tokens>
        <t>" " "Still" ""</t>
        <t>"" "," " "</t>
        <t>" " "he" " "</t>
        <t>" " "pulled" " "</t>
        <t>" " "it" " "</t>
        <t>" " "to" " "</t>
        <t>" " "his" " "</t>
        <t>" " "cheek" ""</t>
        <t>"" "." " "</t>
      </tokens>
      <parse>(ROOT (S (ADVP (RB Still)) (, ,) (NP (PRP he)) (VP (VBD pulled) (NP (PRP it)) (PP (TO to) (NP (PRP$ his) (NN cheek)))) (. .)))</parse>
      <deps>advmod(pulled-4, Still-1)
nsubj(pulled-4, he-3)
root(ROOT-0, pulled-4)
dobj(pulled-4, it-5)
poss(cheek-8, his-7)
prep_to(pulled-4, cheek-8)</deps>
      <events>
        <event id="e43" eiid="ei43" offset="4" string="pulled" tense="PAST" aspect="NONE" class="I_ACTION" polarity="POS" modality="" happen="" lowerBoundDuration="" upperBoundDuration="" />
      </events>
      <timexes />
    </entry>
    <entry sid="32" file="9783732517695_072.txt">
      <sentence>`` Father , why did this happen ? ''</sentence>
      <tokens>
        <t>" " """ ""</t>
        <t>"" "Father" ""</t>
        <t>"" "," " "</t>
        <t>" " "why" " "</t>
        <t>" " "did" " "</t>
        <t>" " "this" " "</t>
        <t>" " "happen" ""</t>
        <t>"" "?" ""</t>
        <t>"" """ " "</t>
      </tokens>
      <parse>(ROOT (FRAG (`` ``) (NP (NP (NNP Father)) (, ,) (SBAR (WHADVP (WRB why)) (S (VP (VBD did) (SBAR (S (NP (DT this)) (VP (VBP happen)))))))) (. ?) ('' '')))</parse>
      <deps>root(ROOT-0, Father-2)
advmod(did-5, why-4)
rcmod(Father-2, did-5)
nsubj(happen-7, this-6)
ccomp(did-5, happen-7)</deps>
      <events />
      <timexes />
    </entry>
    <entry sid="33" file="9783732517695_072.txt">
      <sentence>Patrick 's head sank down on the dead man .</sentence>
      <tokens>
        <t>" " "Patrick" ""</t>
        <t>"" "'s" " "</t>
        <t>" " "head" " "</t>
        <t>" " "sank" " "</t>
        <t>" " "down" " "</t>
        <t>" " "on" " "</t>
        <t>" " "the" " "</t>
        <t>" " "dead" " "</t>
        <t>" " "man" ""</t>
        <t>"" "." " "</t>
      </tokens>
      <parse>(ROOT (S (NP (NP (NNP Patrick) (POS 's)) (NN head)) (VP (VBD sank) (PRT (RP down)) (PP (IN on) (NP (DT the) (JJ dead) (NN man)))) (. .)))</parse>
      <deps>poss(head-3, Patrick-1)
nsubj(sank-4, head-3)
root(ROOT-0, sank-4)
prt(sank-4, down-5)
det(man-9, the-7)
amod(man-9, dead-8)
prep_on(sank-4, man-9)</deps>
      <events>
        <event id="e44" eiid="ei44" offset="4" string="sank" tense="PAST" aspect="NONE" class="OCCURRENCE" polarity="POS" modality="" happen="" lowerBoundDuration="" upperBoundDuration="" />
      </events>
      <timexes />
    </entry>
    <entry sid="34" file="9783732517695_072.txt">
      <sentence>The men did not disturb his pain for a long time .</sentence>
      <tokens>
        <t>" " "The" " "</t>
        <t>" " "men" " "</t>
        <t>" " "did" " "</t>
        <t>" " "not" " "</t>
        <t>" " "disturb" " "</t>
        <t>" " "his" " "</t>
        <t>" " "pain" " "</t>
        <t>" " "for" " "</t>
        <t>" " "a" " "</t>
        <t>" " "long" " "</t>
        <t>" " "time" ""</t>
        <t>"" "." " "</t>
      </tokens>
      <parse>(ROOT (S (NP (DT The) (NNS men)) (VP (VBD did) (RB not) (VP (VB disturb) (NP (PRP$ his) (NN pain)) (PP (IN for) (NP (DT a) (JJ long) (NN time))))) (. .)))</parse>
      <deps>det(men-2, The-1)
nsubj(disturb-5, men-2)
aux(disturb-5, did-3)
neg(disturb-5, not-4)
root(ROOT-0, disturb-5)
poss(pain-7, his-6)
dobj(disturb-5, pain-7)
det(time-11, a-9)
amod(time-11, long-10)
prep_for(disturb-5, time-11)</deps>
      <events>
        <event id="e45" eiid="ei45" offset="5" string="disturb" tense="PAST" aspect="NONE" class="OCCURRENCE" polarity="POS" modality="" happen="" lowerBoundDuration="" upperBoundDuration="" />
      </events>
      <timexes />
    </entry>
    <entry sid="35" file="9783732517695_072.txt">
      <sentence>They pulled the blanket over the dead man and lifted the gurney back up .</sentence>
      <tokens>
        <t>" " "They" " "</t>
        <t>" " "pulled" " "</t>
        <t>" " "the" " "</t>
        <t>" " "blanket" " "</t>
        <t>" " "over" " "</t>
        <t>" " "the" " "</t>
        <t>" " "dead" " "</t>
        <t>" " "man" " "</t>
        <t>" " "and" " "</t>
        <t>" " "lifted" " "</t>
        <t>" " "the" " "</t>
        <t>" " "gurney" " "</t>
        <t>" " "back" " "</t>
        <t>" " "up" ""</t>
        <t>"" "." " "</t>
      </tokens>
      <parse>(ROOT (S (NP (PRP They)) (VP (VP (VBD pulled) (NP (DT the) (NN blanket)) (PP (IN over) (NP (DT the) (JJ dead) (NN man)))) (CC and) (VP (VBD lifted) (NP (DT the) (NN gurney)) (ADVP (RB back) (RB up)))) (. .)))</parse>
      <deps>nsubj(pulled-2, They-1)
nsubj(lifted-10, They-1)
root(ROOT-0, pulled-2)
det(blanket-4, the-3)
dobj(pulled-2, blanket-4)
det(man-8, the-6)
amod(man-8, dead-7)
prep_over(pulled-2, man-8)
conj_and(pulled-2, lifted-10)
det(gurney-12, the-11)
dobj(lifted-10, gurney-12)
advmod(up-14, back-13)
advmod(lifted-10, up-14)</deps>
      <events>
        <event id="e46" eiid="ei46" offset="2" string="pulled" tense="PAST" aspect="NONE" class="OCCURRENCE" polarity="POS" modality="" happen="" lowerBoundDuration="" upperBoundDuration="" />
        <event id="e47" eiid="ei47" offset="10" string="lifted" tense="PAST" aspect="NONE" class="OCCURRENCE" polarity="POS" modality="" happen="" lowerBoundDuration="" upperBoundDuration="" />
      </events>
      <timexes />
    </entry>
    <entry sid="36" file="9783732517695_072.txt">
      <sentence>Patrick followed them .</sentence>
      <tokens>
        <t>" " "Patrick" " "</t>
        <t>" " "followed" " "</t>
        <t>" " "them" ""</t>
        <t>"" "." " "</t>
      </tokens>
      <parse>(ROOT (S (NP (NNP Patrick)) (VP (VBD followed) (NP (PRP them))) (. .)))</parse>
      <deps>nsubj(followed-2, Patrick-1)
root(ROOT-0, followed-2)
dobj(followed-2, them-3)</deps>
      <events>
        <event id="e48" eiid="ei48" offset="2" string="followed" tense="PAST" aspect="NONE" class="OCCURRENCE" polarity="POS" modality="" happen="" lowerBoundDuration="" upperBoundDuration="" />
      </events>
      <timexes />
    </entry>
    <entry sid="37" file="9783732517695_072.txt">
      <sentence>They set the dead man down in the estate 's caretaker 's house .</sentence>
      <tokens>
        <t>" " "They" " "</t>
        <t>" " "set" " "</t>
        <t>" " "the" " "</t>
        <t>" " "dead" " "</t>
        <t>" " "man" " "</t>
        <t>" " "down" " "</t>
        <t>" " "in" " "</t>
        <t>" " "the" " "</t>
        <t>" " "estate" ""</t>
        <t>"" "'s" " "</t>
        <t>" " "caretaker" ""</t>
        <t>"" "'s" " "</t>
        <t>" " "house" ""</t>
        <t>"" "." " "</t>
      </tokens>
      <parse>(ROOT (S (NP (PRP They)) (VP (VBD set) (NP (DT the) (JJ dead) (NN man)) (PRT (RP down)) (PP (IN in) (NP (NP (NP (DT the) (NN estate) (POS 's)) (NN caretaker) (POS 's)) (NN house)))) (. .)))</parse>
      <deps>nsubj(set-2, They-1)
root(ROOT-0, set-2)
det(man-5, the-3)
amod(man-5, dead-4)
dobj(set-2, man-5)
prt(set-2, down-6)
det(estate-9, the-8)
poss(caretaker-11, estate-9)
poss(house-13, caretaker-11)
prep_in(set-2, house-13)</deps>
      <events>
        <event id="e49" eiid="ei49" offset="2" string="set" tense="PAST" aspect="NONE" class="OCCURRENCE" polarity="POS" modality="" happen="" lowerBoundDuration="" upperBoundDuration="" />
      </events>
      <timexes />
    </entry>
    <entry sid="38" file="9783732517695_072.txt">
      <sentence>A doctor and two constables were already waiting .</sentence>
      <tokens>
        <t>" " "A" " "</t>
        <t>" " "doctor" " "</t>
        <t>" " "and" " "</t>
        <t>" " "two" " "</t>
        <t>" " "constables" " "</t>
        <t>" " "were" " "</t>
        <t>" " "already" " "</t>
        <t>" " "waiting" ""</t>
        <t>"" "." " "</t>
      </tokens>
      <parse>(ROOT (S (NP (NP (DT A) (NN doctor)) (CC and) (NP (CD two) (NNS constables))) (VP (VBD were) (ADVP (RB already)) (VP (VBG waiting))) (. .)))</parse>
      <deps>det(doctor-2, A-1)
nsubj(waiting-8, doctor-2)
num(constables-5, two-4)
conj_and(doctor-2, constables-5)
nsubj(waiting-8, constables-5)
aux(waiting-8, were-6)
advmod(waiting-8, already-7)
root(ROOT-0, waiting-8)</deps>
      <events>
        <event id="e50" eiid="ei50" offset="8" string="waiting" tense="PRESENT" aspect="PROGRESSIVE" class="OCCURRENCE" polarity="POS" modality="" happen="" lowerBoundDuration="" upperBoundDuration="" />
      </events>
      <timexes />
    </entry>
    <entry sid="39" file="9783732517695_072.txt">
      <sentence>And at that moment a carriage drove up .</sentence>
      <tokens>
        <t>" " "And" " "</t>
        <t>" " "at" " "</t>
        <t>" " "that" " "</t>
        <t>" " "moment" " "</t>
        <t>" " "a" " "</t>
        <t>" " "carriage" " "</t>
        <t>" " "drove" " "</t>
        <t>" " "up" ""</t>
        <t>"" "." " "</t>
      </tokens>
      <parse>(ROOT (S (CC And) (PP (IN at) (NP (DT that) (NN moment))) (NP (DT a) (NN carriage)) (VP (VBD drove) (PRT (RP up))) (. .)))</parse>
      <deps>cc(drove-7, And-1)
det(moment-4, that-3)
prep_at(drove-7, moment-4)
det(carriage-6, a-5)
nsubj(drove-7, carriage-6)
root(ROOT-0, drove-7)
prt(drove-7, up-8)</deps>
      <events>
        <event id="e51" eiid="ei51" offset="7" string="drove" tense="PAST" aspect="NONE" class="OCCURRENCE" polarity="POS" modality="" happen="" lowerBoundDuration="" upperBoundDuration="" />
      </events>
      <timexes />
    </entry>
    <entry sid="40" file="9783732517695_072.txt">
      <sentence>Duchess Alice and her son got out .</sentence>
      <tokens>
        <t>" " "Duchess" " "</t>
        <t>" " "Alice" " "</t>
        <t>" " "and" " "</t>
        <t>" " "her" " "</t>
        <t>" " "son" " "</t>
        <t>" " "got" " "</t>
        <t>" " "out" ""</t>
        <t>"" "." " "</t>
      </tokens>
      <parse>(ROOT (S (NP (NP (NNP Duchess) (NNP Alice)) (CC and) (NP (PRP$ her) (NN son))) (VP (VBD got) (PRT (RP out))) (. .)))</parse>
      <deps>nn(Alice-2, Duchess-1)
nsubj(got-6, Alice-2)
poss(son-5, her-4)
conj_and(Alice-2, son-5)
nsubj(got-6, son-5)
root(ROOT-0, got-6)
prt(got-6, out-7)</deps>
      <events>
        <event id="e52" eiid="ei52" offset="6" string="got" tense="PAST" aspect="NONE" class="OCCURRENCE" polarity="POS" modality="" happen="" lowerBoundDuration="" upperBoundDuration="" />
      </events>
      <timexes />
    </entry>
    <entry sid="41" file="9783732517695_072.txt">
      <sentence>Patrick was standing at the window when they entered the room .</sentence>
      <tokens>
        <t>" " "Patrick" " "</t>
        <t>" " "was" " "</t>
        <t>" " "standing" " "</t>
        <t>" " "at" " "</t>
        <t>" " "the" " "</t>
        <t>" " "window" " "</t>
        <t>" " "when" " "</t>
        <t>" " "they" " "</t>
        <t>" " "entered" " "</t>
        <t>" " "the" " "</t>
        <t>" " "room" ""</t>
        <t>"" "." " "</t>
      </tokens>
      <parse>(ROOT (S (NP (NNP Patrick)) (VP (VBD was) (VP (VBG standing) (PP (IN at) (NP (DT the) (NN window))) (SBAR (WHADVP (WRB when)) (S (NP (PRP they)) (VP (VBD entered) (NP (DT the) (NN room))))))) (. .)))</parse>
      <deps>nsubj(standing-3, Patrick-1)
aux(standing-3, was-2)
root(ROOT-0, standing-3)
det(window-6, the-5)
prep_at(standing-3, window-6)
advmod(entered-9, when-7)
nsubj(entered-9, they-8)
advcl(standing-3, entered-9)
det(room-11, the-10)
dobj(entered-9, room-11)</deps>
      <events>
        <event id="e53" eiid="ei53" offset="3" string="standing" tense="PAST" aspect="NONE" class="OCCURRENCE" polarity="POS" modality="" happen="" lowerBoundDuration="" upperBoundDuration="" />
        <event id="e54" eiid="ei54" offset="9" string="entered" tense="PAST" aspect="NONE" class="OCCURRENCE" polarity="POS" modality="" happen="" lowerBoundDuration="" upperBoundDuration="" />
      </events>
      <timexes />
    </entry>
    <entry sid="42" file="9783732517695_072.txt">
      <sentence>Duchess Alice threw herself over the dead man as if she did not see Patrick at all .</sentence>
      <tokens>
        <t>" " "Duchess" " "</t>
        <t>" " "Alice" " "</t>
        <t>" " "threw" " "</t>
        <t>" " "herself" " "</t>
        <t>" " "over" " "</t>
        <t>" " "the" " "</t>
        <t>" " "dead" " "</t>
        <t>" " "man" " "</t>
        <t>" " "as" " "</t>
        <t>" " "if" " "</t>
        <t>" " "she" " "</t>
        <t>" " "did" " "</t>
        <t>" " "not" " "</t>
        <t>" " "see" " "</t>
        <t>" " "Patrick" " "</t>
        <t>" " "at" " "</t>
        <t>" " "all" ""</t>
        <t>"" "." " "</t>
      </tokens>
      <parse>(ROOT (S (NP (NNP Duchess) (NNP Alice)) (VP (VBD threw) (NP (PRP herself)) (PP (IN over) (NP (DT the) (JJ dead) (NN man))) (SBAR (RB as) (IN if) (S (NP (PRP she)) (VP (VBD did) (RB not) (VP (VB see) (NP (NNP Patrick)) (ADVP (IN at) (DT all))))))) (. .)))</parse>
      <deps>nn(Alice-2, Duchess-1)
nsubj(threw-3, Alice-2)
root(ROOT-0, threw-3)
dobj(threw-3, herself-4)
det(man-8, the-6)
amod(man-8, dead-7)
prep_over(threw-3, man-8)
advmod(see-14, as-9)
mark(see-14, if-10)
nsubj(see-14, she-11)
aux(see-14, did-12)
neg(see-14, not-13)
advcl(threw-3, see-14)
dobj(see-14, Patrick-15)
advmod(see-14, at-16)
pobj(at-16, all-17)</deps>
      <events>
        <event id="e55" eiid="ei55" offset="3" string="threw" tense="PAST" aspect="NONE" class="OCCURRENCE" polarity="POS" modality="" happen="" lowerBoundDuration="" upperBoundDuration="" />
        <event id="e56" eiid="ei56" offset="14" string="see" tense="PAST" aspect="NONE" class="PERCEPTION" polarity="POS" modality="" happen="" lowerBoundDuration="" upperBoundDuration="" />
      </events>
      <timexes />
    </entry>
    <entry sid="43" file="9783732517695_072.txt">
      <sentence>Only when the doctor pulled her up did she gesture toward the window .</sentence>
      <tokens>
        <t>" " "Only" " "</t>
        <t>" " "when" " "</t>
        <t>" " "the" " "</t>
        <t>" " "doctor" " "</t>
        <t>" " "pulled" " "</t>
        <t>" " "her" " "</t>
        <t>" " "up" " "</t>
        <t>" " "did" " "</t>
        <t>" " "she" " "</t>
        <t>" " "gesture" " "</t>
        <t>" " "toward" " "</t>
        <t>" " "the" " "</t>
        <t>" " "window" ""</t>
        <t>"" "." " "</t>
      </tokens>
      <parse>(ROOT (S (SBAR (WHADVP (RB Only) (WRB when)) (S (NP (DT the) (NN doctor)) (VP (VBD pulled) (NP (PRP her)) (PRT (RP up))))) (VP (VBD did) (S (NP (PRP she)) (NP (NP (NN gesture)) (PP (IN toward) (NP (DT the) (NN window)))))) (. .)))</parse>
      <deps>advmod(when-2, Only-1)
advmod(pulled-5, when-2)
det(doctor-4, the-3)
nsubj(pulled-5, doctor-4)
advcl(did-8, pulled-5)
csubj(did-8, pulled-5)
dobj(pulled-5, her-6)
prt(pulled-5, up-7)
root(ROOT-0, did-8)
nsubj(gesture-10, she-9)
xcomp(did-8, gesture-10)
det(window-13, the-12)
prep_toward(gesture-10, window-13)</deps>
      <events>
        <event id="e57" eiid="ei57" offset="5" string="pulled" tense="PAST" aspect="NONE" class="OCCURRENCE" polarity="POS" modality="" happen="" lowerBoundDuration="" upperBoundDuration="" />
      </events>
      <timexes />
    </entry>
    <entry sid="44" file="9783732517695_072.txt">
      <sentence>`` Arrest him , he set this trap for his father .</sentence>
      <tokens>
        <t>" " """ ""</t>
        <t>"" "Arrest" " "</t>
        <t>" " "him" ""</t>
        <t>"" "," " "</t>
        <t>" " "he" " "</t>
        <t>" " "set" " "</t>
        <t>" " "this" " "</t>
        <t>" " "trap" " "</t>
        <t>" " "for" " "</t>
        <t>" " "his" " "</t>
        <t>" " "father" ""</t>
        <t>"" "." " "</t>
      </tokens>
      <parse>(ROOT (S (`` ``) (S (VP (VBG Arrest) (NP (PRP him)))) (, ,) (NP (PRP he)) (VP (VBD set) (NP (DT this) (NN trap)) (PP (IN for) (NP (PRP$ his) (NN father)))) (. .)))</parse>
      <deps>partmod(set-6, Arrest-2)
dobj(Arrest-2, him-3)
nsubj(set-6, he-5)
root(ROOT-0, set-6)
det(trap-8, this-7)
dobj(set-6, trap-8)
poss(father-11, his-10)
prep_for(set-6, father-11)</deps>
      <events>
        <event id="e58" eiid="ei58" offset="2" string="Arrest" tense="PRESPART" aspect="NONE" class="OCCURRENCE" polarity="POS" modality="" happen="" lowerBoundDuration="" upperBoundDuration="" />
        <event id="e59" eiid="ei59" offset="6" string="set" tense="PAST" aspect="NONE" class="I_ACTION" polarity="POS" modality="" happen="" lowerBoundDuration="" upperBoundDuration="" />
      </events>
      <timexes />
    </entry>
    <entry sid="45" file="9783732517695_072.txt">
      <sentence>Only he could have done it .</sentence>
      <tokens>
        <t>" " "Only" " "</t>
        <t>" " "he" " "</t>
        <t>" " "could" " "</t>
        <t>" " "have" " "</t>
        <t>" " "done" " "</t>
        <t>" " "it" ""</t>
        <t>"" "." " "</t>
      </tokens>
      <parse>(ROOT (S (RB Only) (NP (PRP he)) (VP (MD could) (VP (VB have) (VP (VBN done) (NP (PRP it))))) (. .)))</parse>
      <deps>advmod(done-5, Only-1)
nsubj(done-5, he-2)
aux(done-5, could-3)
aux(done-5, have-4)
root(ROOT-0, done-5)
dobj(done-5, it-6)</deps>
      <events>
        <event id="e60" eiid="ei60" offset="5" string="done" tense="NONE" aspect="PERFECTIVE" class="OCCURRENCE" polarity="POS" modality="" happen="" lowerBoundDuration="" upperBoundDuration="" />
      </events>
      <timexes />
    </entry>
    <entry sid="46" file="9783732517695_072.txt">
      <sentence>He tried to force his father to change the will .</sentence>
      <tokens>
        <t>" " "He" " "</t>
        <t>" " "tried" " "</t>
        <t>" " "to" " "</t>
        <t>" " "force" " "</t>
        <t>" " "his" " "</t>
        <t>" " "father" " "</t>
        <t>" " "to" " "</t>
        <t>" " "change" " "</t>
        <t>" " "the" " "</t>
        <t>" " "will" ""</t>
        <t>"" "." " "</t>
      </tokens>
      <parse>(ROOT (S (NP (PRP He)) (VP (VBD tried) (S (VP (TO to) (VP (VB force) (NP (PRP$ his) (NN father) (S (VP (TO to) (VP (VB change) (NP (DT the) (NN will)))))))))) (. .)))</parse>
      <deps>nsubj(tried-2, He-1)
xsubj(force-4, He-1)
root(ROOT-0, tried-2)
aux(force-4, to-3)
xcomp(tried-2, force-4)
poss(father-6, his-5)
dobj(force-4, father-6)
aux(change-8, to-7)
infmod(father-6, change-8)
det(will-10, the-9)
dobj(change-8, will-10)</deps>
      <events>
        <event id="e61" eiid="ei61" offset="2" string="tried" tense="PAST" aspect="NONE" class="I_ACTION" polarity="POS" modality="" happen="" lowerBoundDuration="" upperBoundDuration="" />
        <event id="e62" eiid="ei62" offset="4" string="force" tense="INFINITIVE" aspect="NONE" class="OCCURRENCE" polarity="POS" modality="" happen="" lowerBoundDuration="" upperBoundDuration="" />
        <event id="e63" eiid="ei63" offset="8" string="change" tense="INFINITIVE" aspect="NONE" class="OCCURRENCE" polarity="POS" modality="" happen="" lowerBoundDuration="" upperBoundDuration="" />
      </events>
      <timexes />
    </entry>
    <entry sid="47" file="9783732517695_072.txt">
      <sentence>Duke Brian told me that last night .</sentence>
      <tokens>
        <t>" " "Duke" " "</t>
        <t>" " "Brian" " "</t>
        <t>" " "told" " "</t>
        <t>" " "me" " "</t>
        <t>" " "that" " "</t>
        <t>" " "last" " "</t>
        <t>" " "night" ""</t>
        <t>"" "." " "</t>
      </tokens>
      <parse>(ROOT (S (NP (NNP Duke) (NNP Brian)) (VP (VBD told) (NP (PRP me)) (NP (DT that) (JJ last) (NN night))) (. .)))</parse>
      <deps>nn(Brian-2, Duke-1)
nsubj(told-3, Brian-2)
root(ROOT-0, told-3)
dobj(told-3, me-4)
det(night-7, that-5)
amod(night-7, last-6)
tmod(told-3, night-7)</deps>
      <events>
        <event id="e64" eiid="ei64" offset="3" string="told" tense="PAST" aspect="NONE" class="REPORTING" polarity="POS" modality="" happen="" lowerBoundDuration="" upperBoundDuration="" />
      </events>
      <timexes>
        <timex tid="t4" text="night" offset="7" length="1" type="TIME" value="TNI" temporalFunction="false" />
      </timexes>
    </entry>
    <entry sid="48" file="9783732517695_072.txt">
      <sentence>He named his adopted son Duke Robert as his heir .</sentence>
      <tokens>
        <t>" " "He" " "</t>
        <t>" " "named" " "</t>
        <t>" " "his" " "</t>
        <t>" " "adopted" " "</t>
        <t>" " "son" " "</t>
        <t>" " "Duke" " "</t>
        <t>" " "Robert" " "</t>
        <t>" " "as" " "</t>
        <t>" " "his" " "</t>
        <t>" " "heir" ""</t>
        <t>"" "." " "</t>
      </tokens>
      <parse>(ROOT (S (NP (PRP He)) (VP (VBD named) (NP (PRP$ his) (JJ adopted) (NN son)) (NP (NP (NNP Duke) (NNP Robert)) (PP (IN as) (NP (PRP$ his) (NN heir))))) (. .)))</parse>
      <deps>nsubj(named-2, He-1)
root(ROOT-0, named-2)
poss(son-5, his-3)
amod(son-5, adopted-4)
dep(named-2, son-5)
nn(Robert-7, Duke-6)
dobj(named-2, Robert-7)
poss(heir-10, his-9)
prep_as(Robert-7, heir-10)</deps>
      <events>
        <event id="e65" eiid="ei65" offset="2" string="named" tense="PAST" aspect="NONE" class="I_ACTION" polarity="POS" modality="" happen="" lowerBoundDuration="" upperBoundDuration="" />
      </events>
      <timexes />
    </entry>
    <entry sid="49" file="9783732517695_072.txt">
      <sentence>Patrick could n't stand that .</sentence>
      <tokens>
        <t>" " "Patrick" " "</t>
        <t>" " "could" ""</t>
        <t>"" "n't" " "</t>
        <t>" " "stand" " "</t>
        <t>" " "that" ""</t>
        <t>"" "." " "</t>
      </tokens>
      <parse>(ROOT (S (NP (NNP Patrick)) (VP (MD could) (RB n't) (VP (VB stand) (NP (DT that)))) (. .)))</parse>
      <deps>nsubj(stand-4, Patrick-1)
aux(stand-4, could-2)
neg(stand-4, n't-3)
root(ROOT-0, stand-4)
dobj(stand-4, that-5)</deps>
      <events>
        <event id="e66" eiid="ei66" offset="4" string="stand" tense="NONE" aspect="NONE" class="I_ACTION" polarity="POS" modality="" happen="" lowerBoundDuration="" upperBoundDuration="" />
      </events>
      <timexes />
    </entry>
    <entry sid="50" file="9783732517695_072.txt">
      <sentence>He tried to force my husband to change the will .</sentence>
      <tokens>
        <t>" " "He" " "</t>
        <t>" " "tried" " "</t>
        <t>" " "to" " "</t>
        <t>" " "force" " "</t>
        <t>" " "my" " "</t>
        <t>" " "husband" " "</t>
        <t>" " "to" " "</t>
        <t>" " "change" " "</t>
        <t>" " "the" " "</t>
        <t>" " "will" ""</t>
        <t>"" "." " "</t>
      </tokens>
      <parse>(ROOT (S (NP (PRP He)) (VP (VBD tried) (S (VP (TO to) (VP (VB force) (NP (PRP$ my) (NN husband) (S (VP (TO to) (VP (VB change) (NP (DT the) (NN will)))))))))) (. .)))</parse>
      <deps>nsubj(tried-2, He-1)
xsubj(force-4, He-1)
root(ROOT-0, tried-2)
aux(force-4, to-3)
xcomp(tried-2, force-4)
poss(husband-6, my-5)
dobj(force-4, husband-6)
aux(change-8, to-7)
infmod(husband-6, change-8)
det(will-10, the-9)
dobj(change-8, will-10)</deps>
      <events>
        <event id="e67" eiid="ei67" offset="2" string="tried" tense="PAST" aspect="NONE" class="I_ACTION" polarity="POS" modality="" happen="" lowerBoundDuration="" upperBoundDuration="" />
        <event id="e68" eiid="ei68" offset="4" string="force" tense="INFINITIVE" aspect="NONE" class="OCCURRENCE" polarity="POS" modality="" happen="" lowerBoundDuration="" upperBoundDuration="" />
        <event id="e69" eiid="ei69" offset="8" string="change" tense="INFINITIVE" aspect="NONE" class="OCCURRENCE" polarity="POS" modality="" happen="" lowerBoundDuration="" upperBoundDuration="" />
      </events>
      <timexes />
    </entry>
    <entry sid="51" file="9783732517695_072.txt">
      <sentence>He had already got him to the point where there was probably a new will at the notary .</sentence>
      <tokens>
        <t>" " "He" " "</t>
        <t>" " "had" " "</t>
        <t>" " "already" " "</t>
        <t>" " "got" " "</t>
        <t>" " "him" " "</t>
        <t>" " "to" " "</t>
        <t>" " "the" " "</t>
        <t>" " "point" " "</t>
        <t>" " "where" " "</t>
        <t>" " "there" " "</t>
        <t>" " "was" " "</t>
        <t>" " "probably" " "</t>
        <t>" " "a" " "</t>
        <t>" " "new" " "</t>
        <t>" " "will" " "</t>
        <t>" " "at" " "</t>
        <t>" " "the" " "</t>
        <t>" " "notary" ""</t>
        <t>"" "." " "</t>
      </tokens>
      <parse>(ROOT (S (NP (PRP He)) (VP (VBD had) (VP (ADVP (RB already)) (VBN got) (NP (PRP him)) (PP (TO to) (NP (DT the) (NN point))) (SBAR (WHADVP (WRB where)) (S (NP (EX there)) (VP (VBD was) (ADVP (RB probably)) (NP (NP (DT a) (JJ new) (NN will)) (PP (IN at) (NP (DT the) (NN notary))))))))) (. .)))</parse>
      <deps>nsubj(got-4, He-1)
aux(got-4, had-2)
advmod(got-4, already-3)
root(ROOT-0, got-4)
dobj(got-4, him-5)
det(point-8, the-7)
prep_to(got-4, point-8)
advmod(was-11, where-9)
expl(was-11, there-10)
advcl(got-4, was-11)
advmod(was-11, probably-12)
det(will-15, a-13)
amod(will-15, new-14)
nsubj(was-11, will-15)
det(notary-18, the-17)
prep_at(will-15, notary-18)</deps>
      <events>
        <event id="e70" eiid="ei70" offset="4" string="got" tense="PAST" aspect="NONE" class="OCCURRENCE" polarity="POS" modality="" happen="" lowerBoundDuration="" upperBoundDuration="" />
      </events>
      <timexes />
    </entry>
    <entry sid="52" file="9783732517695_072.txt">
      <sentence>But my husband could not bring himself to sign it .</sentence>
      <tokens>
        <t>" " "But" " "</t>
        <t>" " "my" " "</t>
        <t>" " "husband" " "</t>
        <t>" " "could" " "</t>
        <t>" " "not" " "</t>
        <t>" " "bring" " "</t>
        <t>" " "himself" " "</t>
        <t>" " "to" " "</t>
        <t>" " "sign" " "</t>
        <t>" " "it" ""</t>
        <t>"" "." " "</t>
      </tokens>
      <parse>(ROOT (S (CC But) (NP (PRP$ my) (NN husband)) (VP (MD could) (RB not) (VP (VB bring) (S (NP (PRP himself)) (VP (TO to) (VP (VB sign) (NP (PRP it))))))) (. .)))</parse>
      <deps>cc(bring-6, But-1)
poss(husband-3, my-2)
nsubj(bring-6, husband-3)
aux(bring-6, could-4)
neg(bring-6, not-5)
root(ROOT-0, bring-6)
nsubj(sign-9, himself-7)
aux(sign-9, to-8)
xcomp(bring-6, sign-9)
dobj(sign-9, it-10)</deps>
      <events>
        <event id="e71" eiid="ei71" offset="6" string="bring" tense="NONE" aspect="NONE" class="OCCURRENCE" polarity="POS" modality="" happen="" lowerBoundDuration="" upperBoundDuration="" />
        <event id="e72" eiid="ei72" offset="9" string="sign" tense="INFINITIVE" aspect="NONE" class="OCCURRENCE" polarity="POS" modality="" happen="" lowerBoundDuration="" upperBoundDuration="" />
      </events>
      <timexes />
    </entry>
    <entry sid="53" file="9783732517695_072.txt">
      <sentence>Now Patrick 's hatred has hit him . ''</sentence>
      <tokens>
        <t>" " "Now" " "</t>
        <t>" " "Patrick" ""</t>
        <t>"" "'s" " "</t>
        <t>" " "hatred" " "</t>
        <t>" " "has" " "</t>
        <t>" " "hit" " "</t>
        <t>" " "him" ""</t>
        <t>"" "." ""</t>
        <t>"" """ " "</t>
      </tokens>
      <parse>(ROOT (S (NP (NP (NNP Now) (NNP Patrick) (POS 's)) (NN hatred)) (VP (VBZ has) (VP (VBN hit) (NP (PRP him)))) (. .) ('' '')))</parse>
      <deps>nn(Patrick-2, Now-1)
poss(hatred-4, Patrick-2)
nsubj(hit-6, hatred-4)
aux(hit-6, has-5)
root(ROOT-0, hit-6)
dobj(hit-6, him-7)</deps>
      <events>
        <event id="e73" eiid="ei73" offset="6" string="hit" tense="PRESENT" aspect="PERFECTIVE" class="OCCURRENCE" polarity="POS" modality="" happen="" lowerBoundDuration="" upperBoundDuration="" />
      </events>
      <timexes>
        <timex tid="t5" text="Now" offset="1" length="1" type="DATE" value="PRESENT_REF" temporalFunction="false" />
      </timexes>
    </entry>
    <entry sid="54" file="9783732517695_072.txt">
      <sentence>`` You 're out of your mind , '' Patrick said agitatedly .</sentence>
      <tokens>
        <t>" " """ ""</t>
        <t>"" "You" ""</t>
        <t>"" "'re" " "</t>
        <t>" " "out" " "</t>
        <t>" " "of" " "</t>
        <t>" " "your" " "</t>
        <t>" " "mind" ""</t>
        <t>"" "," ""</t>
        <t>"" """ " "</t>
        <t>" " "Patrick" " "</t>
        <t>" " "said" " "</t>
        <t>" " "agitatedly" ""</t>
        <t>"" "." " "</t>
      </tokens>
      <parse>(ROOT (S (`` ``) (S (NP (PRP You)) (VP (VBP 're) (PRT (RP out)) (PP (IN of) (NP (PRP$ your) (NN mind))))) (, ,) ('' '') (NP (NNP Patrick)) (VP (VBD said) (ADVP (RB agitatedly))) (. .)))</parse>
      <deps>nsubj('re-3, You-2)
ccomp(said-11, 're-3)
poss(mind-7, your-6)
prep_out_of('re-3, mind-7)
nsubj(said-11, Patrick-10)
root(ROOT-0, said-11)
advmod(said-11, agitatedly-12)</deps>
      <events>
        <event id="e74" eiid="ei74" offset="11" string="said" tense="PAST" aspect="NONE" class="REPORTING" polarity="POS" modality="" happen="" lowerBoundDuration="" upperBoundDuration="" />
      </events>
      <timexes />
    </entry>
    <entry sid="55" file="9783732517695_072.txt">
      <sentence>`` Are n't you ashamed to fight even on my father 's bier for your one goal , to own Windhome for all time ?</sentence>
      <tokens>
        <t>" " """ ""</t>
        <t>"" "Are" ""</t>
        <t>"" "n't" " "</t>
        <t>" " "you" " "</t>
        <t>" " "ashamed" " "</t>
        <t>" " "to" " "</t>
        <t>" " "fight" " "</t>
        <t>" " "even" " "</t>
        <t>" " "on" " "</t>
        <t>" " "my" " "</t>
        <t>" " "father" ""</t>
        <t>"" "'s" " "</t>
        <t>" " "bier" " "</t>
        <t>" " "for" " "</t>
        <t>" " "your" " "</t>
        <t>" " "one" " "</t>
        <t>" " "goal" ""</t>
        <t>"" "," " "</t>
        <t>" " "to" " "</t>
        <t>" " "own" " "</t>
        <t>" " "Windhome" " "</t>
        <t>" " "for" " "</t>
        <t>" " "all" " "</t>
        <t>" " "time" ""</t>
        <t>"" "?" " "</t>
      </tokens>
      <parse>(ROOT (S (`` ``) (VP (VBP Are) (RB n't) (ADJP (NP (PRP you)) (JJ ashamed)) (S (VP (TO to) (VP (VB fight) (ADVP (RB even)) (PP (IN on) (NP (NP (NP (PRP$ my) (NN father) (POS 's)) (NN bier)) (PP (IN for) (NP (PRP$ your) (CD one) (NN goal)))))))) (, ,) (S (VP (TO to) (VP (VB own) (NP (NP (NNP Windhome)) (PP (IN for) (NP (DT all) (NN time)))))))) (. ?)))</parse>
      <deps>cop(ashamed-5, Are-2)
neg(ashamed-5, n't-3)
npadvmod(ashamed-5, you-4)
root(ROOT-0, ashamed-5)
aux(fight-7, to-6)
xcomp(ashamed-5, fight-7)
advmod(fight-7, even-8)
poss(father-11, my-10)
poss(bier-13, father-11)
prep_on(fight-7, bier-13)
poss(goal-17, your-15)
num(goal-17, one-16)
prep_for(bier-13, goal-17)
aux(own-20, to-19)
xcomp(ashamed-5, own-20)
dobj(own-20, Windhome-21)
det(time-24, all-23)
prep_for(Windhome-21, time-24)</deps>
      <events>
        <event id="e75" eiid="ei75" offset="7" string="fight" tense="INFINITIVE" aspect="NONE" class="OCCURRENCE" polarity="POS" modality="" happen="" lowerBoundDuration="" upperBoundDuration="" />
        <event id="e76" eiid="ei76" offset="20" string="own" tense="INFINITIVE" aspect="NONE" class="OCCURRENCE" polarity="POS" modality="" happen="" lowerBoundDuration="" upperBoundDuration="" />
      </events>
      <timexes />
    </entry>
    <entry sid="56" file="9783732517695_072.txt">
      <sentence>No one who knows me will suspect me of killing my father . ''</sentence>
      <tokens>
        <t>" " "No" " "</t>
        <t>" " "one" " "</t>
        <t>" " "who" " "</t>
        <t>" " "knows" " "</t>
        <t>" " "me" " "</t>
        <t>" " "will" " "</t>
        <t>" " "suspect" " "</t>
        <t>" " "me" " "</t>
        <t>" " "of" " "</t>
        <t>" " "killing" " "</t>
        <t>" " "my" " "</t>
        <t>" " "father" ""</t>
        <t>"" "." ""</t>
        <t>"" """ " "</t>
      </tokens>
      <parse>(ROOT (S (NP (NP (DT No) (NN one)) (SBAR (WHNP (WP who)) (S (VP (VBZ knows) (NP (PRP me)))))) (VP (MD will) (VP (VB suspect) (NP (PRP me)) (PP (IN of) (S (VP (VBG killing) (NP (PRP$ my) (NN father))))))) (. .) ('' '')))</parse>
      <deps>det(one-2, No-1)
nsubj(knows-4, one-2)
nsubj(suspect-7, one-2)
rcmod(one-2, knows-4)
dobj(knows-4, me-5)
aux(suspect-7, will-6)
root(ROOT-0, suspect-7)
dobj(suspect-7, me-8)
prepc_of(suspect-7, killing-10)
poss(father-12, my-11)
dobj(killing-10, father-12)</deps>
      <events>
        <event id="e77" eiid="ei77" offset="7" string="suspect" tense="FUTURE" aspect="NONE" class="OCCURRENCE" polarity="POS" modality="" happen="" lowerBoundDuration="" upperBoundDuration="" />
        <event id="e78" eiid="ei78" offset="10" string="killing" tense="PRESPART" aspect="NONE" class="OCCURRENCE" polarity="POS" modality="" happen="" lowerBoundDuration="" upperBoundDuration="" />
      </events>
      <timexes />
    </entry>
    <entry sid="57" file="9783732517695_072.txt">
      <sentence>Patrick ran for the door .</sentence>
      <tokens>
        <t>" " "Patrick" " "</t>
        <t>" " "ran" " "</t>
        <t>" " "for" " "</t>
        <t>" " "the" " "</t>
        <t>" " "door" ""</t>
        <t>"" "." " "</t>
      </tokens>
      <parse>(ROOT (S (NP (NNP Patrick)) (VP (VBD ran) (PP (IN for) (NP (DT the) (NN door)))) (. .)))</parse>
      <deps>nsubj(ran-2, Patrick-1)
root(ROOT-0, ran-2)
det(door-5, the-4)
prep_for(ran-2, door-5)</deps>
      <events>
        <event id="e79" eiid="ei79" offset="2" string="ran" tense="PAST" aspect="NONE" class="I_ACTION" polarity="POS" modality="" happen="" lowerBoundDuration="" upperBoundDuration="" />
      </events>
      <timexes />
    </entry>
    <entry sid="58" file="9783732517695_072.txt">
      <sentence>The constables held him .</sentence>
      <tokens>
        <t>" " "The" " "</t>
        <t>" " "constables" " "</t>
        <t>" " "held" " "</t>
        <t>" " "him" ""</t>
        <t>"" "." " "</t>
      </tokens>
      <parse>(ROOT (S (NP (DT The) (NNS constables)) (VP (VBD held) (NP (PRP him))) (. .)))</parse>
      <deps>det(constables-2, The-1)
nsubj(held-3, constables-2)
root(ROOT-0, held-3)
dobj(held-3, him-4)</deps>
      <events>
        <event id="e80" eiid="ei80" offset="3" string="held" tense="PAST" aspect="NONE" class="OCCURRENCE" polarity="POS" modality="" happen="" lowerBoundDuration="" upperBoundDuration="" />
      </events>
      <timexes />
    </entry>
    <entry sid="59" file="9783732517695_072.txt">
      <sentence>Still unsure , they asked only , `` Please , do n't move away now .</sentence>
      <tokens>
        <t>" " "Still" " "</t>
        <t>" " "unsure" ""</t>
        <t>"" "," " "</t>
        <t>" " "they" " "</t>
        <t>" " "asked" " "</t>
        <t>" " "only" ""</t>
        <t>"" "," " "</t>
        <t>" " """ ""</t>
        <t>"" "Please" ""</t>
        <t>"" "," " "</t>
        <t>" " "do" ""</t>
        <t>"" "n't" " "</t>
        <t>" " "move" " "</t>
        <t>" " "away" " "</t>
        <t>" " "now" ""</t>
        <t>"" "." " "</t>
      </tokens>
      <parse>(ROOT (S (S (ADVP (RB Still)) (ADJP (JJ unsure))) (, ,) (NP (PRP they)) (VP (VBD asked) (ADVP (RB only)) (, ,) (`` ``) (S (INTJ (UH Please)) (, ,) (VP (VB do) (RB n't) (VP (VB move) (PRT (RP away)) (ADVP (RB now)))))) (. .)))</parse>
      <deps>advmod(unsure-2, Still-1)
ccomp(asked-5, unsure-2)
nsubj(asked-5, they-4)
root(ROOT-0, asked-5)
advmod(asked-5, only-6)
discourse(move-13, Please-9)
aux(move-13, do-11)
neg(move-13, n't-12)
ccomp(asked-5, move-13)
prt(move-13, away-14)
advmod(move-13, now-15)</deps>
      <events>
        <event id="e81" eiid="ei81" offset="2" string="unsure" tense="NONE" aspect="NONE" class="STATE" polarity="POS" modality="" happen="" lowerBoundDuration="" upperBoundDuration="" />
        <event id="e82" eiid="ei82" offset="5" string="asked" tense="PAST" aspect="NONE" class="I_ACTION" polarity="POS" modality="" happen="" lowerBoundDuration="" upperBoundDuration="" />
        <event id="e83" eiid="ei83" offset="13" string="move" tense="NONE" aspect="NONE" class="OCCURRENCE" polarity="POS" modality="" happen="" lowerBoundDuration="" upperBoundDuration="" />
      </events>
      <timexes>
        <timex tid="t6" text="now" offset="15" length="1" type="DATE" value="PRESENT_REF" temporalFunction="false" />
      </timexes>
    </entry>
    <entry sid="60" file="9783732517695_072.txt">
      <sentence>We need to take a protocol . ''</sentence>
      <tokens>
        <t>" " "We" " "</t>
        <t>" " "need" " "</t>
        <t>" " "to" " "</t>
        <t>" " "take" " "</t>
        <t>" " "a" " "</t>
        <t>" " "protocol" ""</t>
        <t>"" "." ""</t>
        <t>"" """ ""</t>
      </tokens>
      <parse>(ROOT (S (NP (PRP We)) (VP (VBP need) (S (VP (TO to) (VP (VB take) (NP (DT a) (NN protocol)))))) (. .) ('' '')))</parse>
      <deps>nsubj(need-2, We-1)
xsubj(take-4, We-1)
root(ROOT-0, need-2)
aux(take-4, to-3)
xcomp(need-2, take-4)
det(protocol-6, a-5)
dobj(take-4, protocol-6)</deps>
      <events>
        <event id="e84" eiid="ei84" offset="2" string="need" tense="PRESENT" aspect="NONE" class="I_STATE" polarity="POS" modality="" happen="" lowerBoundDuration="" upperBoundDuration="" />
        <event id="e85" eiid="ei85" offset="4" string="take" tense="INFINITIVE" aspect="NONE" class="OCCURRENCE" polarity="POS" modality="" happen="" lowerBoundDuration="" upperBoundDuration="" />
      </events>
      <timexes />
    </entry>
    <tlink event1="ei10" event2="t2" relation="VAGUE" closed="false" origin="AdjacentVerbTimex" type="et" />
    <tlink event1="ei31" event2="t3" relation="VAGUE" closed="false" origin="AdjacentVerbTimex" type="et" />
    <tlink event1="ei64" event2="t4" relation="IS_INCLUDED" closed="false" origin="AdjacentVerbTimex" type="et" />
    <tlink event1="ei83" event2="t6" relation="IS_INCLUDED" closed="false" origin="AdjacentVerbTimex" type="et" />
    <tlink event1="ei33" event2="ei34" relation="BEFORE" closed="false" origin="ReichenbachDG13" type="ee" />
    <tlink event1="ei34" event2="ei36" relation="AFTER" closed="false" origin="ReichenbachDG13" type="ee" />
    <tlink event1="ei34" event2="ei37" relation="AFTER" closed="false" origin="ReichenbachDG13" type="ee" />
    <tlink event1="ei34" event2="ei38" relation="AFTER" closed="false" origin="ReichenbachDG13" type="ee" />
    <tlink event1="ei38" event2="ei39" relation="BEFORE" closed="false" origin="ReichenbachDG13" type="ee" />
    <tlink event1="ei39" event2="ei40" relation="AFTER" closed="false" origin="ReichenbachDG13" type="ee" />
    <tlink event1="ei59" event2="ei60" relation="BEFORE" closed="false" origin="ReichenbachDG13" type="ee" />
    <tlink event1="ei60" event2="ei61" relation="AFTER" closed="false" origin="ReichenbachDG13" type="ee" />
    <tlink event1="ei65" event2="ei66" relation="BEFORE" closed="false" origin="ReichenbachDG13" type="ee" />
    <tlink event1="ei66" event2="ei67" relation="AFTER" closed="false" origin="ReichenbachDG13" type="ee" />
    <tlink event1="ei70" event2="ei71" relation="BEFORE" closed="false" origin="ReichenbachDG13" type="ee" />
    <tlink event1="ei71" event2="ei73" relation="AFTER" closed="false" origin="ReichenbachDG13" type="ee" />
    <tlink event1="ei77" event2="ei79" relation="AFTER" closed="false" origin="ReichenbachDG13" type="ee" />
    <tlink event1="ei3" event2="ei4" relation="VAGUE" closed="false" origin="XCompDepSieve" type="ee" />
    <tlink event1="ei10" event2="ei11" relation="VAGUE" closed="false" origin="XCompDepSieve" type="ee" />
    <tlink event1="ei13" event2="ei14" relation="IS_INCLUDED" closed="false" origin="XCompDepSieve" type="ee" />
    <tlink event1="ei16" event2="ei17" relation="BEFORE" closed="false" origin="XCompDepSieve" type="ee" />
    <tlink event1="ei18" event2="ei19" relation="VAGUE" closed="false" origin="XCompDepSieve" type="ee" />
    <tlink event1="ei21" event2="ei22" relation="VAGUE" closed="false" origin="XCompDepSieve" type="ee" />
    <tlink event1="ei27" event2="ei28" relation="VAGUE" closed="false" origin="XCompDepSieve" type="ee" />
    <tlink event1="ei27" event2="ei29" relation="VAGUE" closed="false" origin="XCompDepSieve" type="ee" />
    <tlink event1="ei34" event2="ei35" relation="BEFORE" closed="false" origin="XCompDepSieve" type="ee" />
    <tlink event1="ei35" event2="ei36" relation="VAGUE" closed="false" origin="XCompDepSieve" type="ee" />
    <tlink event1="ei36" event2="ei37" relation="VAGUE" closed="false" origin="XCompDepSieve" type="ee" />
    <tlink event1="ei46" event2="ei47" relation="VAGUE" closed="false" origin="XCompDepSieve" type="ee" />
    <tlink event1="ei53" event2="ei54" relation="VAGUE" closed="false" origin="XCompDepSieve" type="ee" />
    <tlink event1="ei61" event2="ei62" relation="BEFORE" closed="false" origin="XCompDepSieve" type="ee" />
    <tlink event1="ei67" event2="ei68" relation="BEFORE" closed="false" origin="XCompDepSieve" type="ee" />
    <tlink event1="ei71" event2="ei72" relation="BEFORE" closed="false" origin="XCompDepSieve" type="ee" />
    <tlink event1="ei84" event2="ei85" relation="BEFORE" closed="false" origin="XCompDepSieve" type="ee" />
    <tlink event1="ei33" event2="ei35" relation="BEFORE" closed="true" origin="XCompDepSieve" type="ee" />
    <tlink event1="ei37" event2="ei35" relation="BEFORE" closed="true" origin="XCompDepSieve" type="ee" />
    <tlink event1="ei38" event2="ei35" relation="BEFORE" closed="true" origin="XCompDepSieve" type="ee" />
    <tlink event1="ei70" event2="ei72" relation="BEFORE" closed="true" origin="XCompDepSieve" type="ee" />
    <tlink event1="ei73" event2="ei72" relation="BEFORE" closed="true" origin="XCompDepSieve" type="ee" />
    <tlink event1="ei51" event2="ei52" relation="VAGUE" closed="false" origin="WordNet209" type="ee" />
    <tlink event1="ei82" event2="ei84" relation="VAGUE" closed="false" origin="WordNet209" type="ee" />
    <tlink event1="ei82" event2="ei85" relation="VAGUE" closed="false" origin="WordNet209" type="ee" />
    <tlink event1="ei1" event2="t1" relation="VAGUE" closed="false" origin="MLEventTimeSameSent" type="et" />
    <tlink event1="ei11" event2="t2" relation="BEFORE" closed="false" origin="MLEventTimeSameSent" type="et" />
    <tlink event1="ei73" event2="t5" relation="BEFORE" closed="false" origin="MLEventTimeSameSent" type="et" />
    <tlink event1="ei81" event2="t6" relation="VAGUE" closed="false" origin="MLEventTimeSameSent" type="et" />
    <tlink event1="ei82" event2="t6" relation="BEFORE" closed="false" origin="MLEventTimeSameSent" type="et" />
    <tlink event1="ei83" event2="ei82" relation="AFTER" closed="true" origin="MLEventTimeSameSent" type="ee" />
    <tlink event1="ei3" event2="ei5" relation="AFTER" closed="false" origin="MLEventEventDominates" type="ee" />
    <tlink event1="ei4" event2="ei5" relation="VAGUE" closed="false" origin="MLEventEventDominates" type="ee" />
    <tlink event1="ei15" event2="ei16" relation="VAGUE" closed="false" origin="MLEventEventDominates" type="ee" />
    <tlink event1="ei15" event2="ei17" relation="VAGUE" closed="false" origin="MLEventEventDominates" type="ee" />
    <tlink event1="ei19" event2="ei20" relation="AFTER" closed="false" origin="MLEventEventDominates" type="ee" />
    <tlink event1="ei55" event2="ei56" relation="VAGUE" closed="false" origin="MLEventEventDominates" type="ee" />
    <tlink event1="ei61" event2="ei63" relation="VAGUE" closed="false" origin="MLEventEventDominates" type="ee" />
    <tlink event1="ei62" event2="ei63" relation="VAGUE" closed="false" origin="MLEventEventDominates" type="ee" />
    <tlink event1="ei67" event2="ei69" relation="VAGUE" closed="false" origin="MLEventEventDominates" type="ee" />
    <tlink event1="ei68" event2="ei69" relation="VAGUE" closed="false" origin="MLEventEventDominates" type="ee" />
    <tlink event1="ei77" event2="ei78" relation="AFTER" closed="false" origin="MLEventEventDominates" type="ee" />
    <tlink event1="ei18" event2="ei20" relation="AFTER" closed="false" origin="MLEventEventSameSent" type="ee" />
    <tlink event1="ei28" event2="ei29" relation="VAGUE" closed="false" origin="MLEventEventSameSent" type="ee" />
    <tlink event1="ei58" event2="ei59" relation="VAGUE" closed="false" origin="MLEventEventSameSent" type="ee" />
    <tlink event1="ei75" event2="ei76" relation="BEFORE" closed="false" origin="MLEventEventSameSent" type="ee" />
    <tlink event1="ei81" event2="ei82" relation="INCLUDES" closed="false" origin="MLEventEventSameSent" type="ee" />
    <tlink event1="ei81" event2="ei83" relation="VAGUE" closed="false" origin="MLEventEventSameSent" type="ee" />
    <tlink event1="ei1" event2="ei2" relation="VAGUE" closed="false" origin="AllVagueSieve" type="ee" />
    <tlink event1="t1" event2="ei2" relation="VAGUE" closed="false" origin="AllVagueSieve" type="et" />
    <tlink event1="ei2" event2="ei3" relation="VAGUE" closed="false" origin="AllVagueSieve" type="ee" />
    <tlink event1="ei2" event2="ei4" relation="VAGUE" closed="false" origin="AllVagueSieve" type="ee" />
    <tlink event1="ei2" event2="ei5" relation="VAGUE" closed="false" origin="AllVagueSieve" type="ee" />
    <tlink event1="ei3" event2="ei6" relation="VAGUE" closed="false" origin="AllVagueSieve" type="ee" />
    <tlink event1="ei4" event2="ei6" relation="VAGUE" closed="false" origin="AllVagueSieve" type="ee" />
    <tlink event1="ei5" event2="ei6" relation="VAGUE" closed="false" origin="AllVagueSieve" type="ee" />
    <tlink event1="ei6" event2="ei7" relation="VAGUE" closed="false" origin="AllVagueSieve" type="ee" />
    <tlink event1="ei7" event2="ei8" relation="VAGUE" closed="false" origin="AllVagueSieve" type="ee" />
    <tlink event1="ei8" event2="ei9" relation="VAGUE" closed="false" origin="AllVagueSieve" type="ee" />
    <tlink event1="ei9" event2="ei10" relation="VAGUE" closed="false" origin="AllVagueSieve" type="ee" />
    <tlink event1="ei9" event2="ei11" relation="VAGUE" closed="false" origin="AllVagueSieve" type="ee" />
    <tlink event1="ei9" event2="t2" relation="VAGUE" closed="false" origin="AllVagueSieve" type="et" />
    <tlink event1="ei10" event2="ei12" relation="VAGUE" closed="false" origin="AllVagueSieve" type="ee" />
    <tlink event1="ei11" event2="ei12" relation="VAGUE" closed="false" origin="AllVagueSieve" type="ee" />
    <tlink event1="t2" event2="ei12" relation="VAGUE" closed="false" origin="AllVagueSieve" type="et" />
    <tlink event1="ei13" event2="ei15" relation="VAGUE" closed="false" origin="AllVagueSieve" type="ee" />
    <tlink event1="ei13" event2="ei16" relation="VAGUE" closed="false" origin="AllVagueSieve" type="ee" />
    <tlink event1="ei13" event2="ei17" relation="VAGUE" closed="false" origin="AllVagueSieve" type="ee" />
    <tlink event1="ei14" event2="ei15" relation="VAGUE" closed="false" origin="AllVagueSieve" type="ee" />
    <tlink event1="ei14" event2="ei16" relation="VAGUE" closed="false" origin="AllVagueSieve" type="ee" />
    <tlink event1="ei14" event2="ei17" relation="VAGUE" closed="false" origin="AllVagueSieve" type="ee" />
    <tlink event1="ei15" event2="ei18" relation="VAGUE" closed="false" origin="AllVagueSieve" type="ee" />
    <tlink event1="ei15" event2="ei19" relation="VAGUE" closed="false" origin="AllVagueSieve" type="ee" />
    <tlink event1="ei15" event2="ei20" relation="VAGUE" closed="false" origin="AllVagueSieve" type="ee" />
    <tlink event1="ei16" event2="ei18" relation="VAGUE" closed="false" origin="AllVagueSieve" type="ee" />
    <tlink event1="ei16" event2="ei19" relation="VAGUE" closed="false" origin="AllVagueSieve" type="ee" />
    <tlink event1="ei16" event2="ei20" relation="VAGUE" closed="false" origin="AllVagueSieve" type="ee" />
    <tlink event1="ei17" event2="ei18" relation="VAGUE" closed="false" origin="AllVagueSieve" type="ee" />
    <tlink event1="ei17" event2="ei19" relation="VAGUE" closed="false" origin="AllVagueSieve" type="ee" />
    <tlink event1="ei17" event2="ei20" relation="VAGUE" closed="false" origin="AllVagueSieve" type="ee" />
    <tlink event1="ei18" event2="ei21" relation="VAGUE" closed="false" origin="AllVagueSieve" type="ee" />
    <tlink event1="ei18" event2="ei22" relation="VAGUE" closed="false" origin="AllVagueSieve" type="ee" />
    <tlink event1="ei19" event2="ei21" relation="VAGUE" closed="false" origin="AllVagueSieve" type="ee" />
    <tlink event1="ei19" event2="ei22" relation="VAGUE" closed="false" origin="AllVagueSieve" type="ee" />
    <tlink event1="ei20" event2="ei21" relation="VAGUE" closed="false" origin="AllVagueSieve" type="ee" />
    <tlink event1="ei20" event2="ei22" relation="VAGUE" closed="false" origin="AllVagueSieve" type="ee" />
    <tlink event1="ei23" event2="ei24" relation="VAGUE" closed="false" origin="AllVagueSieve" type="ee" />
    <tlink event1="ei24" event2="ei25" relation="VAGUE" closed="false" origin="AllVagueSieve" type="ee" />
    <tlink event1="ei25" event2="ei26" relation="VAGUE" closed="false" origin="AllVagueSieve" type="ee" />
    <tlink event1="ei26" event2="ei27" relation="VAGUE" closed="false" origin="AllVagueSieve" type="ee" />
    <tlink event1="ei26" event2="ei28" relation="VAGUE" closed="false" origin="AllVagueSieve" type="ee" />
    <tlink event1="ei26" event2="ei29" relation="VAGUE" closed="false" origin="AllVagueSieve" type="ee" />
    <tlink event1="ei27" event2="ei30" relation="VAGUE" closed="false" origin="AllVagueSieve" type="ee" />
    <tlink event1="ei28" event2="ei30" relation="VAGUE" closed="false" origin="AllVagueSieve" type="ee" />
    <tlink event1="ei29" event2="ei30" relation="VAGUE" closed="false" origin="AllVagueSieve" type="ee" />
    <tlink event1="ei30" event2="ei31" relation="VAGUE" closed="false" origin="AllVagueSieve" type="ee" />
    <tlink event1="ei30" event2="t3" relation="VAGUE" closed="false" origin="AllVagueSieve" type="et" />
    <tlink event1="ei31" event2="ei32" relation="VAGUE" closed="false" origin="AllVagueSieve" type="ee" />
    <tlink event1="t3" event2="ei32" relation="VAGUE" closed="false" origin="AllVagueSieve" type="et" />
    <tlink event1="ei32" event2="ei33" relation="VAGUE" closed="false" origin="AllVagueSieve" type="ee" />
    <tlink event1="ei33" event2="ei36" relation="VAGUE" closed="false" origin="AllVagueSieve" type="ee" />
    <tlink event1="ei33" event2="ei37" relation="VAGUE" closed="false" origin="AllVagueSieve" type="ee" />
    <tlink event1="ei36" event2="ei38" relation="VAGUE" closed="false" origin="AllVagueSieve" type="ee" />
    <tlink event1="ei37" event2="ei38" relation="VAGUE" closed="false" origin="AllVagueSieve" type="ee" />
    <tlink event1="ei40" event2="ei41" relation="VAGUE" closed="false" origin="AllVagueSieve" type="ee" />
    <tlink event1="ei41" event2="ei42" relation="VAGUE" closed="false" origin="AllVagueSieve" type="ee" />
    <tlink event1="ei42" event2="ei43" relation="VAGUE" closed="false" origin="AllVagueSieve" type="ee" />
    <tlink event1="ei44" event2="ei45" relation="VAGUE" closed="false" origin="AllVagueSieve" type="ee" />
    <tlink event1="ei45" event2="ei46" relation="VAGUE" closed="false" origin="AllVagueSieve" type="ee" />
    <tlink event1="ei45" event2="ei47" relation="VAGUE" closed="false" origin="AllVagueSieve" type="ee" />
    <tlink event1="ei46" event2="ei48" relation="VAGUE" closed="false" origin="AllVagueSieve" type="ee" />
    <tlink event1="ei47" event2="ei48" relation="VAGUE" closed="false" origin="AllVagueSieve" type="ee" />
    <tlink event1="ei48" event2="ei49" relation="VAGUE" closed="false" origin="AllVagueSieve" type="ee" />
    <tlink event1="ei49" event2="ei50" relation="VAGUE" closed="false" origin="AllVagueSieve" type="ee" />
    <tlink event1="ei50" event2="ei51" relation="VAGUE" closed="false" origin="AllVagueSieve" type="ee" />
    <tlink event1="ei52" event2="ei53" relation="VAGUE" closed="false" origin="AllVagueSieve" type="ee" />
    <tlink event1="ei52" event2="ei54" relation="VAGUE" closed="false" origin="AllVagueSieve" type="ee" />
    <tlink event1="ei53" event2="ei55" relation="VAGUE" closed="false" origin="AllVagueSieve" type="ee" />
    <tlink event1="ei53" event2="ei56" relation="VAGUE" closed="false" origin="AllVagueSieve" type="ee" />
    <tlink event1="ei54" event2="ei55" relation="VAGUE" closed="false" origin="AllVagueSieve" type="ee" />
    <tlink event1="ei54" event2="ei56" relation="VAGUE" closed="false" origin="AllVagueSieve" type="ee" />
    <tlink event1="ei55" event2="ei57" relation="VAGUE" closed="false" origin="AllVagueSieve" type="ee" />
    <tlink event1="ei56" event2="ei57" relation="VAGUE" closed="false" origin="AllVagueSieve" type="ee" />
    <tlink event1="ei57" event2="ei58" relation="VAGUE" closed="false" origin="AllVagueSieve" type="ee" />
    <tlink event1="ei57" event2="ei59" relation="VAGUE" closed="false" origin="AllVagueSieve" type="ee" />
    <tlink event1="ei58" event2="ei60" relation="VAGUE" closed="false" origin="AllVagueSieve" type="ee" />
    <tlink event1="ei60" event2="ei62" relation="VAGUE" closed="false" origin="AllVagueSieve" type="ee" />
    <tlink event1="ei60" event2="ei63" relation="VAGUE" closed="false" origin="AllVagueSieve" type="ee" />
    <tlink event1="ei61" event2="ei64" relation="VAGUE" closed="false" origin="AllVagueSieve" type="ee" />
    <tlink event1="ei61" event2="t4" relation="VAGUE" closed="false" origin="AllVagueSieve" type="et" />
    <tlink event1="ei62" event2="ei64" relation="VAGUE" closed="false" origin="AllVagueSieve" type="ee" />
    <tlink event1="ei62" event2="t4" relation="VAGUE" closed="false" origin="AllVagueSieve" type="et" />
    <tlink event1="ei63" event2="ei64" relation="VAGUE" closed="false" origin="AllVagueSieve" type="ee" />
    <tlink event1="ei63" event2="t4" relation="VAGUE" closed="false" origin="AllVagueSieve" type="et" />
    <tlink event1="ei64" event2="ei65" relation="VAGUE" closed="false" origin="AllVagueSieve" type="ee" />
    <tlink event1="t4" event2="ei65" relation="VAGUE" closed="false" origin="AllVagueSieve" type="et" />
    <tlink event1="ei66" event2="ei68" relation="VAGUE" closed="false" origin="AllVagueSieve" type="ee" />
    <tlink event1="ei66" event2="ei69" relation="VAGUE" closed="false" origin="AllVagueSieve" type="ee" />
    <tlink event1="ei67" event2="ei70" relation="VAGUE" closed="false" origin="AllVagueSieve" type="ee" />
    <tlink event1="ei68" event2="ei70" relation="VAGUE" closed="false" origin="AllVagueSieve" type="ee" />
    <tlink event1="ei69" event2="ei70" relation="VAGUE" closed="false" origin="AllVagueSieve" type="ee" />
    <tlink event1="ei71" event2="t5" relation="VAGUE" closed="false" origin="AllVagueSieve" type="et" />
    <tlink event1="ei72" event2="t5" relation="VAGUE" closed="false" origin="AllVagueSieve" type="et" />
    <tlink event1="ei73" event2="ei74" relation="VAGUE" closed="false" origin="AllVagueSieve" type="ee" />
    <tlink event1="t5" event2="ei74" relation="VAGUE" closed="false" origin="AllVagueSieve" type="et" />
    <tlink event1="ei74" event2="ei75" relation="VAGUE" closed="false" origin="AllVagueSieve" type="ee" />
    <tlink event1="ei74" event2="ei76" relation="VAGUE" closed="false" origin="AllVagueSieve" type="ee" />
    <tlink event1="ei75" event2="ei77" relation="VAGUE" closed="false" origin="AllVagueSieve" type="ee" />
    <tlink event1="ei75" event2="ei78" relation="VAGUE" closed="false" origin="AllVagueSieve" type="ee" />
    <tlink event1="ei76" event2="ei77" relation="VAGUE" closed="false" origin="AllVagueSieve" type="ee" />
    <tlink event1="ei76" event2="ei78" relation="VAGUE" closed="false" origin="AllVagueSieve" type="ee" />
    <tlink event1="ei78" event2="ei79" relation="VAGUE" closed="false" origin="AllVagueSieve" type="ee" />
    <tlink event1="ei79" event2="ei80" relation="VAGUE" closed="false" origin="AllVagueSieve" type="ee" />
    <tlink event1="ei80" event2="ei81" relation="VAGUE" closed="false" origin="AllVagueSieve" type="ee" />
    <tlink event1="ei80" event2="ei82" relation="VAGUE" closed="false" origin="AllVagueSieve" type="ee" />
    <tlink event1="ei80" event2="ei83" relation="VAGUE" closed="false" origin="AllVagueSieve" type="ee" />
    <tlink event1="ei80" event2="t6" relation="VAGUE" closed="false" origin="AllVagueSieve" type="et" />
    <tlink event1="ei81" event2="ei84" relation="VAGUE" closed="false" origin="AllVagueSieve" type="ee" />
    <tlink event1="ei81" event2="ei85" relation="VAGUE" closed="false" origin="AllVagueSieve" type="ee" />
    <tlink event1="ei83" event2="ei84" relation="VAGUE" closed="false" origin="AllVagueSieve" type="ee" />
    <tlink event1="ei83" event2="ei85" relation="VAGUE" closed="false" origin="AllVagueSieve" type="ee" />
    <tlink event1="t6" event2="ei84" relation="VAGUE" closed="false" origin="AllVagueSieve" type="et" />
    <tlink event1="t6" event2="ei85" relation="VAGUE" closed="false" origin="AllVagueSieve" type="et" />
  </file>
</root>

