<?xml version="1.0" encoding="UTF-8"?>
<root xmlns="http://chambers.com/corpusinfo">
  <file name="9783732517695_032.txt">
    <entry sid="0" file="9783732517695_032.txt">
      <sentence>In order to find out from his father exactly what the doctors said about his mother 's condition , he wanted to visit him one evening in his study .</sentence>
      <tokens>
        <t>"" "In" " "</t>
        <t>" " "order" " "</t>
        <t>" " "to" " "</t>
        <t>" " "find" " "</t>
        <t>" " "out" " "</t>
        <t>" " "from" " "</t>
        <t>" " "his" " "</t>
        <t>" " "father" " "</t>
        <t>" " "exactly" " "</t>
        <t>" " "what" " "</t>
        <t>" " "the" " "</t>
        <t>" " "doctors" " "</t>
        <t>" " "said" " "</t>
        <t>" " "about" " "</t>
        <t>" " "his" " "</t>
        <t>" " "mother" ""</t>
        <t>"" "'s" " "</t>
        <t>" " "condition" ""</t>
        <t>"" "," " "</t>
        <t>" " "he" " "</t>
        <t>" " "wanted" " "</t>
        <t>" " "to" " "</t>
        <t>" " "visit" " "</t>
        <t>" " "him" " "</t>
        <t>" " "one" " "</t>
        <t>" " "evening" " "</t>
        <t>" " "in" " "</t>
        <t>" " "his" " "</t>
        <t>" " "study" ""</t>
        <t>"" "." " "</t>
      </tokens>
      <parse>(ROOT (S (SBAR (IN In) (NN order) (S (VP (TO to) (VP (VB find) (PRT (RP out)) (PP (IN from) (NP (PRP$ his) (NN father))) (SBAR (WHADJP (RB exactly) (WP what)) (S (NP (DT the) (NNS doctors)) (VP (VBD said) (PP (IN about) (NP (NP (PRP$ his) (NN mother) (POS 's)) (NN condition)))))))))) (, ,) (NP (PRP he)) (VP (VBD wanted) (S (VP (TO to) (VP (VB visit) (NP (PRP him)) (NP (CD one) (NN evening)) (PP (IN in) (NP (PRP$ his) (NN study))))))) (. .)))</parse>
      <deps>mark(find-4, In-1)
dep(find-4, order-2)
aux(find-4, to-3)
advcl(wanted-21, find-4)
prt(find-4, out-5)
poss(father-8, his-7)
prep_from(find-4, father-8)
dep(said-13, exactly-9)
dep(exactly-9, what-10)
det(doctors-12, the-11)
nsubj(said-13, doctors-12)
ccomp(find-4, said-13)
poss(mother-16, his-15)
poss(condition-18, mother-16)
prep_about(said-13, condition-18)
nsubj(wanted-21, he-20)
xsubj(visit-23, he-20)
root(ROOT-0, wanted-21)
aux(visit-23, to-22)
xcomp(wanted-21, visit-23)
dobj(visit-23, him-24)
num(evening-26, one-25)
tmod(visit-23, evening-26)
poss(study-29, his-28)
prep_in(visit-23, study-29)</deps>
      <events>
        <event id="e1" eiid="ei1" offset="4" string="find" tense="INFINITIVE" aspect="NONE" class="OCCURRENCE" polarity="POS" modality="" happen="" lowerBoundDuration="" upperBoundDuration="" />
        <event id="e2" eiid="ei2" offset="13" string="said" tense="PAST" aspect="NONE" class="REPORTING" polarity="POS" modality="" happen="" lowerBoundDuration="" upperBoundDuration="" />
        <event id="e3" eiid="ei3" offset="21" string="wanted" tense="PAST" aspect="NONE" class="I_STATE" polarity="POS" modality="" happen="" lowerBoundDuration="" upperBoundDuration="" />
        <event id="e4" eiid="ei4" offset="23" string="visit" tense="INFINITIVE" aspect="NONE" class="OCCURRENCE" polarity="POS" modality="" happen="" lowerBoundDuration="" upperBoundDuration="" />
      </events>
      <timexes>
        <timex tid="t1" text="evening" offset="26" length="1" type="TIME" value="TEV" temporalFunction="false" />
      </timexes>
    </entry>
    <entry sid="1" file="9783732517695_032.txt">
      <sentence>Duke Brian often sat there for half the night .</sentence>
      <tokens>
        <t>" " "Duke" " "</t>
        <t>" " "Brian" " "</t>
        <t>" " "often" " "</t>
        <t>" " "sat" " "</t>
        <t>" " "there" " "</t>
        <t>" " "for" " "</t>
        <t>" " "half" " "</t>
        <t>" " "the" " "</t>
        <t>" " "night" ""</t>
        <t>"" "." " "</t>
      </tokens>
      <parse>(ROOT (S (NP (NNP Duke) (NNP Brian)) (ADVP (RB often)) (VP (VBD sat) (ADVP (RB there)) (PP (IN for) (NP (NN half))) (NP (DT the) (NN night))) (. .)))</parse>
      <deps>nn(Brian-2, Duke-1)
nsubj(sat-4, Brian-2)
advmod(sat-4, often-3)
root(ROOT-0, sat-4)
advmod(sat-4, there-5)
prep_for(sat-4, half-7)
det(night-9, the-8)
tmod(sat-4, night-9)</deps>
      <events>
        <event id="e5" eiid="ei5" offset="4" string="sat" tense="PAST" aspect="NONE" class="OCCURRENCE" polarity="POS" modality="" happen="" lowerBoundDuration="" upperBoundDuration="" />
      </events>
      <timexes>
        <timex tid="t2" text="night" offset="9" length="1" type="TIME" value="TNI" temporalFunction="false" />
      </timexes>
    </entry>
    <entry sid="2" file="9783732517695_032.txt">
      <sentence>He not only had to do written work for the estate , but also for associations and foundations that he presided over on an honorary basis .</sentence>
      <tokens>
        <t>" " "He" " "</t>
        <t>" " "not" " "</t>
        <t>" " "only" " "</t>
        <t>" " "had" " "</t>
        <t>" " "to" " "</t>
        <t>" " "do" " "</t>
        <t>" " "written" " "</t>
        <t>" " "work" " "</t>
        <t>" " "for" " "</t>
        <t>" " "the" " "</t>
        <t>" " "estate" ""</t>
        <t>"" "," " "</t>
        <t>" " "but" " "</t>
        <t>" " "also" " "</t>
        <t>" " "for" " "</t>
        <t>" " "associations" " "</t>
        <t>" " "and" " "</t>
        <t>" " "foundations" " "</t>
        <t>" " "that" " "</t>
        <t>" " "he" " "</t>
        <t>" " "presided" " "</t>
        <t>" " "over" " "</t>
        <t>" " "on" " "</t>
        <t>" " "an" " "</t>
        <t>" " "honorary" " "</t>
        <t>" " "basis" ""</t>
        <t>"" "." " "</t>
      </tokens>
      <parse>(ROOT (S (NP (PRP He)) (ADVP (RB not) (RB only)) (VP (VBD had) (S (VP (TO to) (VP (VB do) (NP (JJ written) (NN work)) (PP (PP (IN for) (NP (DT the) (NN estate))) (, ,) (CC but) (ADVP (RB also)) (PP (IN for) (NP (NNS associations) (CC and) (NNS foundations))))))) (SBAR (IN that) (S (NP (PRP he)) (VP (VBD presided) (PRT (RP over)) (PP (IN on) (NP (DT an) (JJ honorary) (NN basis))))))) (. .)))</parse>
      <deps>nsubj(had-4, He-1)
xsubj(do-6, He-1)
dep(only-3, not-2)
advmod(had-4, only-3)
root(ROOT-0, had-4)
aux(do-6, to-5)
xcomp(had-4, do-6)
amod(work-8, written-7)
dobj(do-6, work-8)
det(estate-11, the-10)
prep_for(do-6, estate-11)
conj(do-6, also-14)
prep_for(do-6, associations-16)
conj_but(estate-11, associations-16)
conj_but(estate-11, foundations-18)
conj_and(associations-16, foundations-18)
mark(presided-21, that-19)
nsubj(presided-21, he-20)
ccomp(had-4, presided-21)
prt(presided-21, over-22)
det(basis-26, an-24)
amod(basis-26, honorary-25)
prep_on(presided-21, basis-26)</deps>
      <events>
        <event id="e6" eiid="ei6" offset="21" string="presided" tense="PAST" aspect="NONE" class="OCCURRENCE" polarity="POS" modality="" happen="" lowerBoundDuration="" upperBoundDuration="" />
      </events>
      <timexes />
    </entry>
    <entry sid="3" file="9783732517695_032.txt">
      <sentence>Patrick had never been used to knocking on the door of the study when he wanted to visit his father .</sentence>
      <tokens>
        <t>" " "Patrick" " "</t>
        <t>" " "had" " "</t>
        <t>" " "never" " "</t>
        <t>" " "been" " "</t>
        <t>" " "used" " "</t>
        <t>" " "to" " "</t>
        <t>" " "knocking" " "</t>
        <t>" " "on" " "</t>
        <t>" " "the" " "</t>
        <t>" " "door" " "</t>
        <t>" " "of" " "</t>
        <t>" " "the" " "</t>
        <t>" " "study" " "</t>
        <t>" " "when" " "</t>
        <t>" " "he" " "</t>
        <t>" " "wanted" " "</t>
        <t>" " "to" " "</t>
        <t>" " "visit" " "</t>
        <t>" " "his" " "</t>
        <t>" " "father" ""</t>
        <t>"" "." " "</t>
      </tokens>
      <parse>(ROOT (S (NP (NNP Patrick)) (VP (VBD had) (ADVP (RB never)) (VP (VBN been) (VP (VBN used) (PP (TO to) (S (VP (VBG knocking) (PP (IN on) (NP (NP (DT the) (NN door)) (PP (IN of) (NP (DT the) (NN study))))) (SBAR (WHADVP (WRB when)) (S (NP (PRP he)) (VP (VBD wanted) (S (VP (TO to) (VP (VB visit) (NP (PRP$ his) (NN father)))))))))))))) (. .)))</parse>
      <deps>nsubjpass(used-5, Patrick-1)
aux(used-5, had-2)
neg(used-5, never-3)
auxpass(used-5, been-4)
root(ROOT-0, used-5)
prepc_to(used-5, knocking-7)
det(door-10, the-9)
prep_on(knocking-7, door-10)
det(study-13, the-12)
prep_of(door-10, study-13)
advmod(wanted-16, when-14)
nsubj(wanted-16, he-15)
xsubj(visit-18, he-15)
advcl(knocking-7, wanted-16)
aux(visit-18, to-17)
xcomp(wanted-16, visit-18)
poss(father-20, his-19)
dobj(visit-18, father-20)</deps>
      <events>
        <event id="e7" eiid="ei7" offset="5" string="used" tense="PRESENT" aspect="PERFECTIVE" class="OCCURRENCE" polarity="POS" modality="" happen="" lowerBoundDuration="" upperBoundDuration="" />
        <event id="e8" eiid="ei8" offset="7" string="knocking" tense="PRESPART" aspect="NONE" class="OCCURRENCE" polarity="POS" modality="" happen="" lowerBoundDuration="" upperBoundDuration="" />
        <event id="e9" eiid="ei9" offset="16" string="wanted" tense="PAST" aspect="NONE" class="OCCURRENCE" polarity="POS" modality="" happen="" lowerBoundDuration="" upperBoundDuration="" />
        <event id="e10" eiid="ei10" offset="18" string="visit" tense="INFINITIVE" aspect="NONE" class="OCCURRENCE" polarity="POS" modality="" happen="" lowerBoundDuration="" upperBoundDuration="" />
      </events>
      <timexes />
    </entry>
    <entry sid="4" file="9783732517695_032.txt">
      <sentence>Today , too , he opened the door immediately .</sentence>
      <tokens>
        <t>" " "Today" ""</t>
        <t>"" "," " "</t>
        <t>" " "too" ""</t>
        <t>"" "," " "</t>
        <t>" " "he" " "</t>
        <t>" " "opened" " "</t>
        <t>" " "the" " "</t>
        <t>" " "door" " "</t>
        <t>" " "immediately" ""</t>
        <t>"" "." " "</t>
      </tokens>
      <parse>(ROOT (S (NP (NN Today)) (, ,) (ADVP (RB too)) (, ,) (NP (PRP he)) (VP (VBD opened) (NP (DT the) (NN door)) (ADVP (RB immediately))) (. .)))</parse>
      <deps>tmod(opened-6, Today-1)
advmod(opened-6, too-3)
nsubj(opened-6, he-5)
root(ROOT-0, opened-6)
det(door-8, the-7)
dobj(opened-6, door-8)
advmod(opened-6, immediately-9)</deps>
      <events>
        <event id="e11" eiid="ei11" offset="6" string="opened" tense="PAST" aspect="NONE" class="I_ACTION" polarity="POS" modality="" happen="" lowerBoundDuration="" upperBoundDuration="" />
      </events>
      <timexes />
    </entry>
    <entry sid="5" file="9783732517695_032.txt">
      <sentence>At the same moment a sharp cry sounded in the room .</sentence>
      <tokens>
        <t>" " "At" " "</t>
        <t>" " "the" " "</t>
        <t>" " "same" " "</t>
        <t>" " "moment" " "</t>
        <t>" " "a" " "</t>
        <t>" " "sharp" " "</t>
        <t>" " "cry" " "</t>
        <t>" " "sounded" " "</t>
        <t>" " "in" " "</t>
        <t>" " "the" " "</t>
        <t>" " "room" ""</t>
        <t>"" "." " "</t>
      </tokens>
      <parse>(ROOT (S (PP (IN At) (NP (DT the) (JJ same) (NN moment))) (NP (DT a) (JJ sharp) (NN cry)) (VP (VBD sounded) (PP (IN in) (NP (DT the) (NN room)))) (. .)))</parse>
      <deps>det(moment-4, the-2)
amod(moment-4, same-3)
prep_at(sounded-8, moment-4)
det(cry-7, a-5)
amod(cry-7, sharp-6)
nsubj(sounded-8, cry-7)
root(ROOT-0, sounded-8)
det(room-11, the-10)
prep_in(sounded-8, room-11)</deps>
      <events>
        <event id="e12" eiid="ei12" offset="8" string="sounded" tense="PAST" aspect="NONE" class="OCCURRENCE" polarity="POS" modality="" happen="" lowerBoundDuration="" upperBoundDuration="" />
      </events>
      <timexes />
    </entry>
    <entry sid="6" file="9783732517695_032.txt">
      <sentence>Alice Murray had emitted it .</sentence>
      <tokens>
        <t>" " "Alice" " "</t>
        <t>" " "Murray" " "</t>
        <t>" " "had" " "</t>
        <t>" " "emitted" " "</t>
        <t>" " "it" ""</t>
        <t>"" "." " "</t>
      </tokens>
      <parse>(ROOT (S (NP (NNP Alice) (NNP Murray)) (VP (VBD had) (VP (VBN emitted) (NP (PRP it)))) (. .)))</parse>
      <deps>nn(Murray-2, Alice-1)
nsubj(emitted-4, Murray-2)
aux(emitted-4, had-3)
root(ROOT-0, emitted-4)
dobj(emitted-4, it-5)</deps>
      <events>
        <event id="e13" eiid="ei13" offset="3" string="had" tense="PAST" aspect="NONE" class="STATE" polarity="POS" modality="" happen="" lowerBoundDuration="" upperBoundDuration="" />
        <event id="e14" eiid="ei14" offset="4" string="emitted" tense="PAST" aspect="PERFECTIVE" class="OCCURRENCE" polarity="POS" modality="" happen="" lowerBoundDuration="" upperBoundDuration="" />
      </events>
      <timexes />
    </entry>
    <entry sid="7" file="9783732517695_032.txt">
      <sentence>Duke Brian had held her in his arms .</sentence>
      <tokens>
        <t>" " "Duke" " "</t>
        <t>" " "Brian" " "</t>
        <t>" " "had" " "</t>
        <t>" " "held" " "</t>
        <t>" " "her" " "</t>
        <t>" " "in" " "</t>
        <t>" " "his" " "</t>
        <t>" " "arms" ""</t>
        <t>"" "." " "</t>
      </tokens>
      <parse>(ROOT (S (NP (NNP Duke) (NNP Brian)) (VP (VBD had) (VP (VBN held) (NP (PRP her)) (PP (IN in) (NP (PRP$ his) (NNS arms))))) (. .)))</parse>
      <deps>nn(Brian-2, Duke-1)
nsubj(held-4, Brian-2)
aux(held-4, had-3)
root(ROOT-0, held-4)
dobj(held-4, her-5)
poss(arms-8, his-7)
prep_in(held-4, arms-8)</deps>
      <events>
        <event id="e15" eiid="ei15" offset="4" string="held" tense="PAST" aspect="PERFECTIVE" class="OCCURRENCE" polarity="POS" modality="" happen="" lowerBoundDuration="" upperBoundDuration="" />
      </events>
      <timexes />
    </entry>
    <entry sid="8" file="9783732517695_032.txt">
      <sentence>Now he was standing in his place with his head on fire , while the lady of the house pushed past Patrick and fled from the room .</sentence>
      <tokens>
        <t>" " "Now" " "</t>
        <t>" " "he" " "</t>
        <t>" " "was" " "</t>
        <t>" " "standing" " "</t>
        <t>" " "in" " "</t>
        <t>" " "his" " "</t>
        <t>" " "place" " "</t>
        <t>" " "with" " "</t>
        <t>" " "his" " "</t>
        <t>" " "head" " "</t>
        <t>" " "on" " "</t>
        <t>" " "fire" ""</t>
        <t>"" "," " "</t>
        <t>" " "while" " "</t>
        <t>" " "the" " "</t>
        <t>" " "lady" " "</t>
        <t>" " "of" " "</t>
        <t>" " "the" " "</t>
        <t>" " "house" " "</t>
        <t>" " "pushed" " "</t>
        <t>" " "past" " "</t>
        <t>" " "Patrick" " "</t>
        <t>" " "and" " "</t>
        <t>" " "fled" " "</t>
        <t>" " "from" " "</t>
        <t>" " "the" " "</t>
        <t>" " "room" ""</t>
        <t>"" "." " "</t>
      </tokens>
      <parse>(ROOT (S (ADVP (RB Now)) (NP (PRP he)) (VP (VBD was) (VP (VBG standing) (PP (IN in) (NP (PRP$ his) (NN place))) (PP (IN with) (NP (NP (PRP$ his) (NN head)) (PP (IN on) (NP (NN fire))))) (, ,) (SBAR (IN while) (S (NP (NP (DT the) (NN lady)) (PP (IN of) (NP (DT the) (NN house)))) (VP (VP (VBD pushed) (PP (IN past) (NP (NNP Patrick)))) (CC and) (VP (VBD fled) (PP (IN from) (NP (DT the) (NN room))))))))) (. .)))</parse>
      <deps>advmod(standing-4, Now-1)
nsubj(standing-4, he-2)
aux(standing-4, was-3)
root(ROOT-0, standing-4)
poss(place-7, his-6)
prep_in(standing-4, place-7)
poss(head-10, his-9)
prep_with(standing-4, head-10)
prep_on(head-10, fire-12)
mark(pushed-20, while-14)
det(lady-16, the-15)
nsubj(pushed-20, lady-16)
nsubj(fled-24, lady-16)
det(house-19, the-18)
prep_of(lady-16, house-19)
advcl(standing-4, pushed-20)
prep_past(pushed-20, Patrick-22)
advcl(standing-4, fled-24)
conj_and(pushed-20, fled-24)
det(room-27, the-26)
prep_from(fled-24, room-27)</deps>
      <events>
        <event id="e16" eiid="ei16" offset="4" string="standing" tense="PAST" aspect="PROGRESSIVE" class="OCCURRENCE" polarity="POS" modality="" happen="" lowerBoundDuration="" upperBoundDuration="" />
        <event id="e17" eiid="ei17" offset="20" string="pushed" tense="PAST" aspect="NONE" class="OCCURRENCE" polarity="POS" modality="" happen="" lowerBoundDuration="" upperBoundDuration="" />
        <event id="e18" eiid="ei18" offset="24" string="fled" tense="PAST" aspect="NONE" class="OCCURRENCE" polarity="POS" modality="" happen="" lowerBoundDuration="" upperBoundDuration="" />
      </events>
      <timexes>
        <timex tid="t3" text="Now" offset="1" length="1" type="DATE" value="PRESENT_REF" temporalFunction="false" />
        <timex tid="t4" text="past" offset="21" length="1" type="DATE" value="PAST_REF" temporalFunction="false" />
      </timexes>
    </entry>
    <entry sid="9" file="9783732517695_032.txt">
      <sentence>Patrick had turned deathly pale .</sentence>
      <tokens>
        <t>" " "Patrick" " "</t>
        <t>" " "had" " "</t>
        <t>" " "turned" " "</t>
        <t>" " "deathly" " "</t>
        <t>" " "pale" ""</t>
        <t>"" "." " "</t>
      </tokens>
      <parse>(ROOT (S (NP (NNP Patrick)) (VP (VBD had) (VP (VBN turned) (S (ADJP (RB deathly) (JJ pale))))) (. .)))</parse>
      <deps>nsubj(turned-3, Patrick-1)
aux(turned-3, had-2)
root(ROOT-0, turned-3)
advmod(pale-5, deathly-4)
acomp(turned-3, pale-5)</deps>
      <events>
        <event id="e19" eiid="ei19" offset="3" string="turned" tense="PAST" aspect="PERFECTIVE" class="OCCURRENCE" polarity="POS" modality="" happen="" lowerBoundDuration="" upperBoundDuration="" />
      </events>
      <timexes />
    </entry>
    <entry sid="10" file="9783732517695_032.txt">
      <sentence>For a long time he had to search for words , then he said , `` No , you 're not an old man yet at fifty , Father .</sentence>
      <tokens>
        <t>" " "For" " "</t>
        <t>" " "a" " "</t>
        <t>" " "long" " "</t>
        <t>" " "time" " "</t>
        <t>" " "he" " "</t>
        <t>" " "had" " "</t>
        <t>" " "to" " "</t>
        <t>" " "search" " "</t>
        <t>" " "for" " "</t>
        <t>" " "words" ""</t>
        <t>"" "," " "</t>
        <t>" " "then" " "</t>
        <t>" " "he" " "</t>
        <t>" " "said" ""</t>
        <t>"" "," " "</t>
        <t>" " """ ""</t>
        <t>"" "No" ""</t>
        <t>"" "," " "</t>
        <t>" " "you" ""</t>
        <t>"" "'re" " "</t>
        <t>" " "not" " "</t>
        <t>" " "an" " "</t>
        <t>" " "old" " "</t>
        <t>" " "man" " "</t>
        <t>" " "yet" " "</t>
        <t>" " "at" " "</t>
        <t>" " "fifty" ""</t>
        <t>"" "," " "</t>
        <t>" " "Father" ""</t>
        <t>"" "." " "</t>
      </tokens>
      <parse>(ROOT (S (S (S (PP (IN For) (NP (DT a) (JJ long) (NN time))) (NP (PRP he)) (VP (VBD had) (S (VP (TO to) (VP (VB search) (PP (IN for) (NP (NNS words)))))))) (, ,) (RB then) (S (NP (PRP he)) (VP (VBD said) (, ,) (`` ``) (INTJ (UH No))))) (, ,) (NP (PRP you)) (VP (VBP 're) (RB not) (NP (DT an) (JJ old) (NN man)) (PP (ADVP (RB yet)) (IN at) (NP (NP (NN fifty)) (, ,) (NP (NNP Father))))) (. .)))</parse>
      <deps>det(time-4, a-2)
amod(time-4, long-3)
prep_for(had-6, time-4)
nsubj(had-6, he-5)
xsubj(search-8, he-5)
ccomp(man-24, had-6)
aux(search-8, to-7)
xcomp(had-6, search-8)
prep_for(search-8, words-10)
advmod(had-6, then-12)
nsubj(said-14, he-13)
parataxis(had-6, said-14)
discourse(said-14, No-17)
nsubj(man-24, you-19)
cop(man-24, 're-20)
neg(man-24, not-21)
det(man-24, an-22)
amod(man-24, old-23)
root(ROOT-0, man-24)
advmod(man-24, yet-25)
prep_at(man-24, fifty-27)
appos(fifty-27, Father-29)</deps>
      <events>
        <event id="e20" eiid="ei20" offset="8" string="search" tense="INFINITIVE" aspect="NONE" class="OCCURRENCE" polarity="POS" modality="" happen="" lowerBoundDuration="" upperBoundDuration="" />
        <event id="e21" eiid="ei21" offset="14" string="said" tense="PAST" aspect="NONE" class="REPORTING" polarity="POS" modality="" happen="" lowerBoundDuration="" upperBoundDuration="" />
      </events>
      <timexes />
    </entry>
    <entry sid="11" file="9783732517695_032.txt">
      <sentence>But where do you get the right to cheat on my mother ? ''</sentence>
      <tokens>
        <t>" " "But" " "</t>
        <t>" " "where" " "</t>
        <t>" " "do" " "</t>
        <t>" " "you" " "</t>
        <t>" " "get" " "</t>
        <t>" " "the" " "</t>
        <t>" " "right" " "</t>
        <t>" " "to" " "</t>
        <t>" " "cheat" " "</t>
        <t>" " "on" " "</t>
        <t>" " "my" " "</t>
        <t>" " "mother" ""</t>
        <t>"" "?" ""</t>
        <t>"" """ " "</t>
      </tokens>
      <parse>(ROOT (SBARQ (CC But) (WHADVP (WRB where)) (SQ (VBP do) (NP (PRP you)) (VP (VB get) (NP (DT the) (NN right) (S (VP (TO to) (VP (VB cheat) (PP (IN on) (NP (PRP$ my) (NN mother))))))))) (. ?) ('' '')))</parse>
      <deps>cc(get-5, But-1)
advmod(get-5, where-2)
aux(get-5, do-3)
nsubj(get-5, you-4)
root(ROOT-0, get-5)
det(right-7, the-6)
dobj(get-5, right-7)
aux(cheat-9, to-8)
infmod(right-7, cheat-9)
poss(mother-12, my-11)
prep_on(cheat-9, mother-12)</deps>
      <events>
        <event id="e22" eiid="ei22" offset="9" string="cheat" tense="INFINITIVE" aspect="NONE" class="OCCURRENCE" polarity="POS" modality="" happen="" lowerBoundDuration="" upperBoundDuration="" />
      </events>
      <timexes />
    </entry>
    <entry sid="12" file="9783732517695_032.txt">
      <sentence>`` I do not deceive her . ''</sentence>
      <tokens>
        <t>" " """ ""</t>
        <t>"" "I" " "</t>
        <t>" " "do" " "</t>
        <t>" " "not" " "</t>
        <t>" " "deceive" " "</t>
        <t>" " "her" ""</t>
        <t>"" "." ""</t>
        <t>"" """ " "</t>
      </tokens>
      <parse>(ROOT (S (`` ``) (NP (PRP I)) (VP (VBP do) (RB not) (VP (VB deceive) (NP (PRP her)))) (. .) ('' '')))</parse>
      <deps>nsubj(deceive-5, I-2)
aux(deceive-5, do-3)
neg(deceive-5, not-4)
root(ROOT-0, deceive-5)
dobj(deceive-5, her-6)</deps>
      <events>
        <event id="e23" eiid="ei23" offset="5" string="deceive" tense="PAST" aspect="NONE" class="OCCURRENCE" polarity="POS" modality="" happen="" lowerBoundDuration="" upperBoundDuration="" />
      </events>
      <timexes />
    </entry>
    <entry sid="13" file="9783732517695_032.txt">
      <sentence>Duke Brian threw himself into an armchair .</sentence>
      <tokens>
        <t>" " "Duke" " "</t>
        <t>" " "Brian" " "</t>
        <t>" " "threw" " "</t>
        <t>" " "himself" " "</t>
        <t>" " "into" " "</t>
        <t>" " "an" " "</t>
        <t>" " "armchair" ""</t>
        <t>"" "." " "</t>
      </tokens>
      <parse>(ROOT (S (NP (NNP Duke) (NNP Brian)) (VP (VBD threw) (NP (PRP himself)) (PP (IN into) (NP (DT an) (NN armchair)))) (. .)))</parse>
      <deps>nn(Brian-2, Duke-1)
nsubj(threw-3, Brian-2)
root(ROOT-0, threw-3)
dobj(threw-3, himself-4)
det(armchair-7, an-6)
prep_into(threw-3, armchair-7)</deps>
      <events>
        <event id="e24" eiid="ei24" offset="3" string="threw" tense="PAST" aspect="NONE" class="OCCURRENCE" polarity="POS" modality="" happen="" lowerBoundDuration="" upperBoundDuration="" />
      </events>
      <timexes />
    </entry>
    <entry sid="14" file="9783732517695_032.txt">
      <sentence>`` We seem to disagree on that , Father .</sentence>
      <tokens>
        <t>" " """ ""</t>
        <t>"" "We" " "</t>
        <t>" " "seem" " "</t>
        <t>" " "to" " "</t>
        <t>" " "disagree" " "</t>
        <t>" " "on" " "</t>
        <t>" " "that" ""</t>
        <t>"" "," " "</t>
        <t>" " "Father" ""</t>
        <t>"" "." " "</t>
      </tokens>
      <parse>(ROOT (S (`` ``) (NP (PRP We)) (VP (VBP seem) (S (VP (TO to) (VP (VB disagree) (PP (IN on) (NP (NP (DT that)) (, ,) (NP (NNP Father)))))))) (. .)))</parse>
      <deps>nsubj(seem-3, We-2)
xsubj(disagree-5, We-2)
root(ROOT-0, seem-3)
aux(disagree-5, to-4)
xcomp(seem-3, disagree-5)
prep_on(disagree-5, that-7)
appos(that-7, Father-9)</deps>
      <events>
        <event id="e25" eiid="ei25" offset="3" string="seem" tense="PRESENT" aspect="NONE" class="I_STATE" polarity="POS" modality="" happen="" lowerBoundDuration="" upperBoundDuration="" />
        <event id="e26" eiid="ei26" offset="5" string="disagree" tense="INFINITIVE" aspect="NONE" class="OCCURRENCE" polarity="POS" modality="" happen="" lowerBoundDuration="" upperBoundDuration="" />
      </events>
      <timexes />
    </entry>
    <entry sid="15" file="9783732517695_032.txt">
      <sentence>But I 'm sure it 's not a generational problem , it 's a character thing . ''</sentence>
      <tokens>
        <t>" " "But" " "</t>
        <t>" " "I" ""</t>
        <t>"" "'m" " "</t>
        <t>" " "sure" " "</t>
        <t>" " "it" ""</t>
        <t>"" "'s" " "</t>
        <t>" " "not" " "</t>
        <t>" " "a" " "</t>
        <t>" " "generational" " "</t>
        <t>" " "problem" ""</t>
        <t>"" "," " "</t>
        <t>" " "it" ""</t>
        <t>"" "'s" " "</t>
        <t>" " "a" " "</t>
        <t>" " "character" " "</t>
        <t>" " "thing" ""</t>
        <t>"" "." ""</t>
        <t>"" """ " "</t>
      </tokens>
      <parse>(ROOT (S (S (CC But) (NP (PRP I)) (VP (VBP 'm) (ADJP (JJ sure) (SBAR (S (NP (PRP it)) (VP (VBZ 's) (RB not) (NP (DT a) (JJ generational) (NN problem)))))))) (, ,) (NP (PRP it)) (VP (VBZ 's) (NP (DT a) (NN character) (NN thing))) (. .) ('' '')))</parse>
      <deps>cc(sure-4, But-1)
nsubj(sure-4, I-2)
cop(sure-4, 'm-3)
ccomp(thing-16, sure-4)
nsubj(problem-10, it-5)
cop(problem-10, 's-6)
neg(problem-10, not-7)
det(problem-10, a-8)
amod(problem-10, generational-9)
ccomp(sure-4, problem-10)
nsubj(thing-16, it-12)
cop(thing-16, 's-13)
det(thing-16, a-14)
nn(thing-16, character-15)
root(ROOT-0, thing-16)</deps>
      <events />
      <timexes />
    </entry>
    <entry sid="16" file="9783732517695_032.txt">
      <sentence>Patrick ran out of the room , slamming the door behind him .</sentence>
      <tokens>
        <t>" " "Patrick" " "</t>
        <t>" " "ran" " "</t>
        <t>" " "out" " "</t>
        <t>" " "of" " "</t>
        <t>" " "the" " "</t>
        <t>" " "room" ""</t>
        <t>"" "," " "</t>
        <t>" " "slamming" " "</t>
        <t>" " "the" " "</t>
        <t>" " "door" " "</t>
        <t>" " "behind" " "</t>
        <t>" " "him" ""</t>
        <t>"" "." ""</t>
      </tokens>
      <parse>(ROOT (S (NP (NNP Patrick)) (VP (VBD ran) (PRT (RP out)) (PP (IN of) (NP (DT the) (NN room))) (, ,) (S (VP (VBG slamming) (NP (DT the) (NN door)) (PP (IN behind) (NP (PRP him)))))) (. .)))</parse>
      <deps>nsubj(ran-2, Patrick-1)
root(ROOT-0, ran-2)
det(room-6, the-5)
prep_out_of(ran-2, room-6)
xcomp(ran-2, slamming-8)
det(door-10, the-9)
dobj(slamming-8, door-10)
prep_behind(slamming-8, him-12)</deps>
      <events>
        <event id="e27" eiid="ei27" offset="2" string="ran" tense="PAST" aspect="NONE" class="OCCURRENCE" polarity="POS" modality="" happen="" lowerBoundDuration="" upperBoundDuration="" />
        <event id="e28" eiid="ei28" offset="8" string="slamming" tense="PRESPART" aspect="NONE" class="OCCURRENCE" polarity="POS" modality="" happen="" lowerBoundDuration="" upperBoundDuration="" />
      </events>
      <timexes />
    </entry>
    <tlink event1="ei4" event2="t1" relation="IS_INCLUDED" closed="false" origin="AdjacentVerbTimex" type="et" />
    <tlink event1="ei5" event2="t2" relation="IS_INCLUDED" closed="false" origin="AdjacentVerbTimex" type="et" />
    <tlink event1="ei16" event2="t3" relation="INCLUDES" closed="false" origin="AdjacentVerbTimex" type="et" />
    <tlink event1="ei17" event2="t4" relation="IS_INCLUDED" closed="false" origin="AdjacentVerbTimex" type="et" />
    <tlink event1="ei12" event2="ei14" relation="AFTER" closed="false" origin="ReichenbachDG13" type="ee" />
    <tlink event1="ei13" event2="ei14" relation="AFTER" closed="false" origin="ReichenbachDG13" type="ee" />
    <tlink event1="ei13" event2="ei15" relation="AFTER" closed="false" origin="ReichenbachDG13" type="ee" />
    <tlink event1="ei15" event2="ei17" relation="BEFORE" closed="false" origin="ReichenbachDG13" type="ee" />
    <tlink event1="ei15" event2="ei18" relation="BEFORE" closed="false" origin="ReichenbachDG13" type="ee" />
    <tlink event1="ei17" event2="ei19" relation="AFTER" closed="false" origin="ReichenbachDG13" type="ee" />
    <tlink event1="ei18" event2="ei19" relation="AFTER" closed="false" origin="ReichenbachDG13" type="ee" />
    <tlink event1="ei19" event2="ei21" relation="BEFORE" closed="false" origin="ReichenbachDG13" type="ee" />
    <tlink event1="ei3" event2="ei4" relation="BEFORE" closed="false" origin="XCompDepSieve" type="ee" />
    <tlink event1="ei8" event2="ei9" relation="VAGUE" closed="false" origin="XCompDepSieve" type="ee" />
    <tlink event1="ei9" event2="ei10" relation="BEFORE" closed="false" origin="XCompDepSieve" type="ee" />
    <tlink event1="ei17" event2="ei18" relation="VAGUE" closed="false" origin="XCompDepSieve" type="ee" />
    <tlink event1="ei25" event2="ei26" relation="BEFORE" closed="false" origin="XCompDepSieve" type="ee" />
    <tlink event1="ei27" event2="ei28" relation="SIMULTANEOUS" closed="false" origin="XCompDepSieve" type="ee" />
    <tlink event1="ei1" event2="t1" relation="VAGUE" closed="false" origin="MLEventTimeSameSent" type="et" />
    <tlink event1="ei2" event2="t1" relation="AFTER" closed="false" origin="MLEventTimeSameSent" type="et" />
    <tlink event1="ei3" event2="t1" relation="IS_INCLUDED" closed="false" origin="MLEventTimeSameSent" type="et" />
    <tlink event1="ei17" event2="t3" relation="BEFORE" closed="false" origin="MLEventTimeSameSent" type="et" />
    <tlink event1="ei18" event2="t3" relation="IS_INCLUDED" closed="false" origin="MLEventTimeSameSent" type="et" />
    <tlink event1="ei16" event2="t4" relation="VAGUE" closed="false" origin="MLEventTimeSameSent" type="et" />
    <tlink event1="ei18" event2="t4" relation="IS_INCLUDED" closed="false" origin="MLEventTimeSameSent" type="et" />
    <tlink event1="ei4" event2="ei2" relation="BEFORE" closed="true" origin="MLEventTimeSameSent" type="ee" />
    <tlink event1="ei16" event2="ei18" relation="INCLUDES" closed="true" origin="MLEventTimeSameSent" type="ee" />
    <tlink event1="ei15" event2="t3" relation="BEFORE" closed="true" origin="MLEventTimeSameSent" type="et" />
    <tlink event1="ei19" event2="t3" relation="BEFORE" closed="true" origin="MLEventTimeSameSent" type="et" />
    <tlink event1="ei2" event2="ei3" relation="AFTER" closed="true" origin="MLEventTimeSameSent" type="ee" />
    <tlink event1="ei1" event2="ei2" relation="VAGUE" closed="false" origin="MLEventEventDominates" type="ee" />
    <tlink event1="ei7" event2="ei8" relation="AFTER" closed="false" origin="MLEventEventDominates" type="ee" />
    <tlink event1="ei7" event2="ei9" relation="AFTER" closed="false" origin="MLEventEventDominates" type="ee" />
    <tlink event1="ei7" event2="ei10" relation="VAGUE" closed="false" origin="MLEventEventDominates" type="ee" />
    <tlink event1="ei8" event2="ei10" relation="VAGUE" closed="false" origin="MLEventEventDominates" type="ee" />
    <tlink event1="ei16" event2="ei17" relation="VAGUE" closed="false" origin="MLEventEventDominates" type="ee" />
    <tlink event1="ei1" event2="ei3" relation="VAGUE" closed="false" origin="MLEventEventSameSent" type="ee" />
    <tlink event1="ei1" event2="ei4" relation="VAGUE" closed="false" origin="MLEventEventSameSent" type="ee" />
    <tlink event1="ei20" event2="ei21" relation="VAGUE" closed="false" origin="MLEventEventSameSent" type="ee" />
    <tlink event1="ei1" event2="ei5" relation="VAGUE" closed="false" origin="AllVagueSieve" type="ee" />
    <tlink event1="ei1" event2="t2" relation="VAGUE" closed="false" origin="AllVagueSieve" type="et" />
    <tlink event1="ei2" event2="ei5" relation="VAGUE" closed="false" origin="AllVagueSieve" type="ee" />
    <tlink event1="ei2" event2="t2" relation="VAGUE" closed="false" origin="AllVagueSieve" type="et" />
    <tlink event1="ei3" event2="ei5" relation="VAGUE" closed="false" origin="AllVagueSieve" type="ee" />
    <tlink event1="ei3" event2="t2" relation="VAGUE" closed="false" origin="AllVagueSieve" type="et" />
    <tlink event1="ei4" event2="ei5" relation="VAGUE" closed="false" origin="AllVagueSieve" type="ee" />
    <tlink event1="ei4" event2="t2" relation="VAGUE" closed="false" origin="AllVagueSieve" type="et" />
    <tlink event1="t1" event2="t2" relation="VAGUE" closed="false" origin="AllVagueSieve" type="tt" />
    <tlink event1="t1" event2="ei5" relation="VAGUE" closed="false" origin="AllVagueSieve" type="et" />
    <tlink event1="ei5" event2="ei6" relation="VAGUE" closed="false" origin="AllVagueSieve" type="ee" />
    <tlink event1="t2" event2="ei6" relation="VAGUE" closed="false" origin="AllVagueSieve" type="et" />
    <tlink event1="ei6" event2="ei7" relation="VAGUE" closed="false" origin="AllVagueSieve" type="ee" />
    <tlink event1="ei6" event2="ei8" relation="VAGUE" closed="false" origin="AllVagueSieve" type="ee" />
    <tlink event1="ei6" event2="ei9" relation="VAGUE" closed="false" origin="AllVagueSieve" type="ee" />
    <tlink event1="ei6" event2="ei10" relation="VAGUE" closed="false" origin="AllVagueSieve" type="ee" />
    <tlink event1="ei7" event2="ei11" relation="VAGUE" closed="false" origin="AllVagueSieve" type="ee" />
    <tlink event1="ei8" event2="ei11" relation="VAGUE" closed="false" origin="AllVagueSieve" type="ee" />
    <tlink event1="ei9" event2="ei11" relation="VAGUE" closed="false" origin="AllVagueSieve" type="ee" />
    <tlink event1="ei10" event2="ei11" relation="VAGUE" closed="false" origin="AllVagueSieve" type="ee" />
    <tlink event1="ei11" event2="ei12" relation="VAGUE" closed="false" origin="AllVagueSieve" type="ee" />
    <tlink event1="ei12" event2="ei13" relation="VAGUE" closed="false" origin="AllVagueSieve" type="ee" />
    <tlink event1="ei14" event2="ei15" relation="VAGUE" closed="false" origin="AllVagueSieve" type="ee" />
    <tlink event1="ei15" event2="ei16" relation="VAGUE" closed="false" origin="AllVagueSieve" type="ee" />
    <tlink event1="ei15" event2="t4" relation="VAGUE" closed="false" origin="AllVagueSieve" type="et" />
    <tlink event1="ei16" event2="ei19" relation="VAGUE" closed="false" origin="AllVagueSieve" type="ee" />
    <tlink event1="t3" event2="t4" relation="VAGUE" closed="false" origin="AllVagueSieve" type="tt" />
    <tlink event1="t4" event2="ei19" relation="VAGUE" closed="false" origin="AllVagueSieve" type="et" />
    <tlink event1="ei19" event2="ei20" relation="VAGUE" closed="false" origin="AllVagueSieve" type="ee" />
    <tlink event1="ei20" event2="ei22" relation="VAGUE" closed="false" origin="AllVagueSieve" type="ee" />
    <tlink event1="ei21" event2="ei22" relation="VAGUE" closed="false" origin="AllVagueSieve" type="ee" />
    <tlink event1="ei22" event2="ei23" relation="VAGUE" closed="false" origin="AllVagueSieve" type="ee" />
    <tlink event1="ei23" event2="ei24" relation="VAGUE" closed="false" origin="AllVagueSieve" type="ee" />
    <tlink event1="ei24" event2="ei25" relation="VAGUE" closed="false" origin="AllVagueSieve" type="ee" />
    <tlink event1="ei24" event2="ei26" relation="VAGUE" closed="false" origin="AllVagueSieve" type="ee" />
  </file>
</root>

