<?xml version="1.0" encoding="UTF-8"?>
<root xmlns="http://chambers.com/corpusinfo">
  <file name="9783732517695_023.txt">
    <entry sid="0" file="9783732517695_023.txt">
      <sentence>When he came to the gate , the old castellan Graham opened it for him .</sentence>
      <tokens>
        <t>"" "When" " "</t>
        <t>" " "he" " "</t>
        <t>" " "came" " "</t>
        <t>" " "to" " "</t>
        <t>" " "the" " "</t>
        <t>" " "gate" ""</t>
        <t>"" "," " "</t>
        <t>" " "the" " "</t>
        <t>" " "old" " "</t>
        <t>" " "castellan" " "</t>
        <t>" " "Graham" " "</t>
        <t>" " "opened" " "</t>
        <t>" " "it" " "</t>
        <t>" " "for" " "</t>
        <t>" " "him" ""</t>
        <t>"" "." " "</t>
      </tokens>
      <parse>(ROOT (S (SBAR (WHADVP (WRB When)) (S (NP (PRP he)) (VP (VBD came) (PP (TO to) (NP (DT the) (NN gate)))))) (, ,) (NP (DT the) (JJ old) (NN castellan) (NNP Graham)) (VP (VBD opened) (NP (PRP it)) (PP (IN for) (NP (PRP him)))) (. .)))</parse>
      <deps>advmod(came-3, When-1)
nsubj(came-3, he-2)
advcl(opened-12, came-3)
det(gate-6, the-5)
prep_to(came-3, gate-6)
det(Graham-11, the-8)
amod(Graham-11, old-9)
nn(Graham-11, castellan-10)
nsubj(opened-12, Graham-11)
root(ROOT-0, opened-12)
dobj(opened-12, it-13)
prep_for(opened-12, him-15)</deps>
      <events>
        <event id="e1" eiid="ei1" offset="3" string="came" tense="PAST" aspect="NONE" class="OCCURRENCE" polarity="POS" modality="" happen="" lowerBoundDuration="" upperBoundDuration="" />
        <event id="e2" eiid="ei2" offset="12" string="opened" tense="PAST" aspect="NONE" class="REPORTING" polarity="POS" modality="" happen="" lowerBoundDuration="" upperBoundDuration="" />
      </events>
      <timexes />
    </entry>
    <entry sid="1" file="9783732517695_023.txt">
      <sentence>Patrick walked up to him , put his hands on his shoulders , and looked him in the eye .</sentence>
      <tokens>
        <t>" " "Patrick" " "</t>
        <t>" " "walked" " "</t>
        <t>" " "up" " "</t>
        <t>" " "to" " "</t>
        <t>" " "him" ""</t>
        <t>"" "," " "</t>
        <t>" " "put" " "</t>
        <t>" " "his" " "</t>
        <t>" " "hands" " "</t>
        <t>" " "on" " "</t>
        <t>" " "his" " "</t>
        <t>" " "shoulders" ""</t>
        <t>"" "," " "</t>
        <t>" " "and" " "</t>
        <t>" " "looked" " "</t>
        <t>" " "him" " "</t>
        <t>" " "in" " "</t>
        <t>" " "the" " "</t>
        <t>" " "eye" ""</t>
        <t>"" "." " "</t>
      </tokens>
      <parse>(ROOT (S (NP (NNP Patrick)) (VP (VP (VBD walked) (PRT (RP up)) (PP (TO to) (NP (PRP him)))) (, ,) (VP (VBD put) (NP (PRP$ his) (NNS hands)) (PP (IN on) (NP (PRP$ his) (NNS shoulders)))) (, ,) (CC and) (VP (VBD looked) (NP (PRP him)) (PP (IN in) (NP (DT the) (NN eye))))) (. .)))</parse>
      <deps>nsubj(walked-2, Patrick-1)
nsubj(put-7, Patrick-1)
nsubj(looked-15, Patrick-1)
root(ROOT-0, walked-2)
prt(walked-2, up-3)
prep_to(walked-2, him-5)
conj_and(walked-2, put-7)
poss(hands-9, his-8)
dobj(put-7, hands-9)
poss(shoulders-12, his-11)
prep_on(put-7, shoulders-12)
conj_and(walked-2, looked-15)
dobj(looked-15, him-16)
det(eye-19, the-18)
prep_in(looked-15, eye-19)</deps>
      <events>
        <event id="e3" eiid="ei3" offset="2" string="walked" tense="PAST" aspect="NONE" class="I_ACTION" polarity="POS" modality="" happen="" lowerBoundDuration="" upperBoundDuration="" />
        <event id="e4" eiid="ei4" offset="7" string="put" tense="PAST" aspect="NONE" class="OCCURRENCE" polarity="POS" modality="" happen="" lowerBoundDuration="" upperBoundDuration="" />
        <event id="e5" eiid="ei5" offset="15" string="looked" tense="PAST" aspect="NONE" class="OCCURRENCE" polarity="POS" modality="" happen="" lowerBoundDuration="" upperBoundDuration="" />
      </events>
      <timexes />
    </entry>
    <entry sid="2" file="9783732517695_023.txt">
      <sentence>`` Graham , '' he said in an agitated voice , `` do you still recognize me ? ''</sentence>
      <tokens>
        <t>" " """ ""</t>
        <t>"" "Graham" ""</t>
        <t>"" "," ""</t>
        <t>"" """ " "</t>
        <t>" " "he" " "</t>
        <t>" " "said" " "</t>
        <t>" " "in" " "</t>
        <t>" " "an" " "</t>
        <t>" " "agitated" " "</t>
        <t>" " "voice" ""</t>
        <t>"" "," " "</t>
        <t>" " """ ""</t>
        <t>"" "do" " "</t>
        <t>" " "you" " "</t>
        <t>" " "still" " "</t>
        <t>" " "recognize" " "</t>
        <t>" " "me" ""</t>
        <t>"" "?" ""</t>
        <t>"" """ " "</t>
      </tokens>
      <parse>(ROOT (SBARQ (`` ``) (WHADVP (WRB Graham)) (PRN (, ,) ('' '') (S (NP (PRP he)) (VP (VBD said) (PP (IN in) (NP (DT an) (JJ agitated) (NN voice))))) (, ,)) (`` ``) (SQ (VBP do) (NP (PRP you)) (ADVP (RB still)) (VP (VB recognize) (NP (PRP me)))) (. ?) ('' '')))</parse>
      <deps>advmod(recognize-16, Graham-2)
nsubj(said-6, he-5)
dep(recognize-16, said-6)
det(voice-10, an-8)
amod(voice-10, agitated-9)
prep_in(said-6, voice-10)
aux(recognize-16, do-13)
nsubj(recognize-16, you-14)
advmod(recognize-16, still-15)
root(ROOT-0, recognize-16)
dobj(recognize-16, me-17)</deps>
      <events>
        <event id="e6" eiid="ei6" offset="6" string="said" tense="PAST" aspect="NONE" class="REPORTING" polarity="POS" modality="" happen="" lowerBoundDuration="" upperBoundDuration="" />
        <event id="e7" eiid="ei7" offset="13" string="do" tense="PRESENT" aspect="NONE" class="OCCURRENCE" polarity="POS" modality="" happen="" lowerBoundDuration="" upperBoundDuration="" />
        <event id="e8" eiid="ei8" offset="16" string="recognize" tense="NONE" aspect="NONE" class="OCCURRENCE" polarity="POS" modality="" happen="" lowerBoundDuration="" upperBoundDuration="" />
      </events>
      <timexes />
    </entry>
    <entry sid="3" file="9783732517695_023.txt">
      <sentence>The old man winced , he stroked his eyes and asked haltingly , `` Duke Patrick ? ''</sentence>
      <tokens>
        <t>" " "The" " "</t>
        <t>" " "old" " "</t>
        <t>" " "man" " "</t>
        <t>" " "winced" ""</t>
        <t>"" "," " "</t>
        <t>" " "he" " "</t>
        <t>" " "stroked" " "</t>
        <t>" " "his" " "</t>
        <t>" " "eyes" " "</t>
        <t>" " "and" " "</t>
        <t>" " "asked" " "</t>
        <t>" " "haltingly" ""</t>
        <t>"" "," " "</t>
        <t>" " """ ""</t>
        <t>"" "Duke" " "</t>
        <t>" " "Patrick" ""</t>
        <t>"" "?" ""</t>
        <t>"" """ " "</t>
      </tokens>
      <parse>(ROOT (S (S (NP (DT The) (JJ old) (NN man)) (VP (VBD winced))) (, ,) (NP (PRP he)) (VP (VP (VBD stroked) (NP (PRP$ his) (NNS eyes))) (CC and) (VP (VBD asked) (NP (NP (NNP haltingly)) (, ,) (`` ``) (NP (NNP Duke) (NNP Patrick))))) (. ?) ('' '')))</parse>
      <deps>det(man-3, The-1)
amod(man-3, old-2)
nsubj(winced-4, man-3)
ccomp(stroked-7, winced-4)
nsubj(stroked-7, he-6)
nsubj(asked-11, he-6)
root(ROOT-0, stroked-7)
poss(eyes-9, his-8)
dobj(stroked-7, eyes-9)
conj_and(stroked-7, asked-11)
dobj(asked-11, haltingly-12)
nn(Patrick-16, Duke-15)
dep(haltingly-12, Patrick-16)</deps>
      <events>
        <event id="e9" eiid="ei9" offset="4" string="winced" tense="PAST" aspect="NONE" class="OCCURRENCE" polarity="POS" modality="" happen="" lowerBoundDuration="" upperBoundDuration="" />
        <event id="e10" eiid="ei10" offset="7" string="stroked" tense="PAST" aspect="NONE" class="I_ACTION" polarity="POS" modality="" happen="" lowerBoundDuration="" upperBoundDuration="" />
        <event id="e11" eiid="ei11" offset="11" string="asked" tense="PAST" aspect="NONE" class="I_ACTION" polarity="POS" modality="" happen="" lowerBoundDuration="" upperBoundDuration="" />
      </events>
      <timexes />
    </entry>
    <entry sid="4" file="9783732517695_023.txt">
      <sentence>Patrick laughed and embraced the castellan .</sentence>
      <tokens>
        <t>" " "Patrick" " "</t>
        <t>" " "laughed" " "</t>
        <t>" " "and" " "</t>
        <t>" " "embraced" " "</t>
        <t>" " "the" " "</t>
        <t>" " "castellan" ""</t>
        <t>"" "." " "</t>
      </tokens>
      <parse>(ROOT (S (NP (NNP Patrick)) (VP (VP (VBD laughed)) (CC and) (VP (VBD embraced) (NP (DT the) (NN castellan)))) (. .)))</parse>
      <deps>nsubj(laughed-2, Patrick-1)
nsubj(embraced-4, Patrick-1)
root(ROOT-0, laughed-2)
conj_and(laughed-2, embraced-4)
det(castellan-6, the-5)
dobj(embraced-4, castellan-6)</deps>
      <events>
        <event id="e12" eiid="ei12" offset="2" string="laughed" tense="PAST" aspect="NONE" class="OCCURRENCE" polarity="POS" modality="" happen="" lowerBoundDuration="" upperBoundDuration="" />
        <event id="e13" eiid="ei13" offset="4" string="embraced" tense="PAST" aspect="NONE" class="OCCURRENCE" polarity="POS" modality="" happen="" lowerBoundDuration="" upperBoundDuration="" />
      </events>
      <timexes />
    </entry>
    <entry sid="5" file="9783732517695_023.txt">
      <sentence>`` Your old eyes see better than many younger ones .</sentence>
      <tokens>
        <t>" " """ ""</t>
        <t>"" "Your" " "</t>
        <t>" " "old" " "</t>
        <t>" " "eyes" " "</t>
        <t>" " "see" " "</t>
        <t>" " "better" " "</t>
        <t>" " "than" " "</t>
        <t>" " "many" " "</t>
        <t>" " "younger" " "</t>
        <t>" " "ones" ""</t>
        <t>"" "." " "</t>
      </tokens>
      <parse>(ROOT (S (`` ``) (NP (PRP$ Your) (JJ old) (NNS eyes)) (VP (VBP see) (ADVP (RBR better)) (PP (IN than) (NP (JJ many) (JJR younger) (NNS ones)))) (. .)))</parse>
      <deps>poss(eyes-4, Your-2)
amod(eyes-4, old-3)
nsubj(see-5, eyes-4)
root(ROOT-0, see-5)
advmod(see-5, better-6)
amod(ones-10, many-8)
amod(ones-10, younger-9)
prep_than(see-5, ones-10)</deps>
      <events />
      <timexes />
    </entry>
    <entry sid="6" file="9783732517695_023.txt">
      <sentence>No one recognized me in the neighborhood .</sentence>
      <tokens>
        <t>" " "No" " "</t>
        <t>" " "one" " "</t>
        <t>" " "recognized" " "</t>
        <t>" " "me" " "</t>
        <t>" " "in" " "</t>
        <t>" " "the" " "</t>
        <t>" " "neighborhood" ""</t>
        <t>"" "." " "</t>
      </tokens>
      <parse>(ROOT (S (NP (DT No) (NN one)) (VP (VBD recognized) (NP (PRP me)) (PP (IN in) (NP (DT the) (NN neighborhood)))) (. .)))</parse>
      <deps>det(one-2, No-1)
nsubj(recognized-3, one-2)
root(ROOT-0, recognized-3)
dobj(recognized-3, me-4)
det(neighborhood-7, the-6)
prep_in(recognized-3, neighborhood-7)</deps>
      <events>
        <event id="e14" eiid="ei14" offset="3" string="recognized" tense="PAST" aspect="NONE" class="OCCURRENCE" polarity="POS" modality="" happen="" lowerBoundDuration="" upperBoundDuration="" />
      </events>
      <timexes />
    </entry>
    <entry sid="7" file="9783732517695_023.txt">
      <sentence>I have been away too many years . ''</sentence>
      <tokens>
        <t>" " "I" " "</t>
        <t>" " "have" " "</t>
        <t>" " "been" " "</t>
        <t>" " "away" " "</t>
        <t>" " "too" " "</t>
        <t>" " "many" " "</t>
        <t>" " "years" ""</t>
        <t>"" "." ""</t>
        <t>"" """ " "</t>
      </tokens>
      <parse>(ROOT (S (NP (PRP I)) (VP (VBP have) (VP (VBN been) (ADVP (RB away) (RB too)) (NP (JJ many) (NNS years)))) (. .) ('' '')))</parse>
      <deps>nsubj(years-7, I-1)
aux(years-7, have-2)
cop(years-7, been-3)
advmod(too-5, away-4)
advmod(years-7, too-5)
amod(years-7, many-6)
root(ROOT-0, years-7)</deps>
      <events />
      <timexes>
        <timex tid="t1" text="years" offset="7" length="1" type="DURATION" value="PXY" temporalFunction="false" />
      </timexes>
    </entry>
    <entry sid="8" file="9783732517695_023.txt">
      <sentence>`` It has often been rumored about the shepherd Patrick Donald , but no one has thought possible that you could be our young Duke Patrick .</sentence>
      <tokens>
        <t>" " """ ""</t>
        <t>"" "It" " "</t>
        <t>" " "has" " "</t>
        <t>" " "often" " "</t>
        <t>" " "been" " "</t>
        <t>" " "rumored" " "</t>
        <t>" " "about" " "</t>
        <t>" " "the" " "</t>
        <t>" " "shepherd" " "</t>
        <t>" " "Patrick" " "</t>
        <t>" " "Donald" ""</t>
        <t>"" "," " "</t>
        <t>" " "but" " "</t>
        <t>" " "no" " "</t>
        <t>" " "one" " "</t>
        <t>" " "has" " "</t>
        <t>" " "thought" " "</t>
        <t>" " "possible" " "</t>
        <t>" " "that" " "</t>
        <t>" " "you" " "</t>
        <t>" " "could" " "</t>
        <t>" " "be" " "</t>
        <t>" " "our" " "</t>
        <t>" " "young" " "</t>
        <t>" " "Duke" " "</t>
        <t>" " "Patrick" ""</t>
        <t>"" "." " "</t>
      </tokens>
      <parse>(ROOT (S (`` ``) (S (NP (PRP It)) (VP (VBZ has) (ADVP (RB often)) (VP (VBN been) (VP (VBN rumored) (PP (IN about) (NP (DT the) (JJ shepherd) (NNP Patrick) (NNP Donald))))))) (, ,) (CC but) (S (NP (DT no) (NN one)) (VP (VBZ has) (VP (VBN thought) (ADJP (JJ possible)) (SBAR (IN that) (S (NP (PRP you)) (VP (MD could) (VP (VB be) (NP (PRP$ our) (JJ young) (NNP Duke) (NNP Patrick))))))))) (. .)))</parse>
      <deps>nsubjpass(rumored-6, It-2)
aux(rumored-6, has-3)
advmod(rumored-6, often-4)
auxpass(rumored-6, been-5)
root(ROOT-0, rumored-6)
det(Donald-11, the-8)
amod(Donald-11, shepherd-9)
nn(Donald-11, Patrick-10)
prep_about(rumored-6, Donald-11)
det(one-15, no-14)
nsubj(thought-17, one-15)
aux(thought-17, has-16)
conj_but(rumored-6, thought-17)
acomp(thought-17, possible-18)
mark(Patrick-26, that-19)
nsubj(Patrick-26, you-20)
aux(Patrick-26, could-21)
cop(Patrick-26, be-22)
poss(Patrick-26, our-23)
amod(Patrick-26, young-24)
nn(Patrick-26, Duke-25)
ccomp(thought-17, Patrick-26)</deps>
      <events>
        <event id="e15" eiid="ei15" offset="6" string="rumored" tense="PRESENT" aspect="PERFECTIVE" class="OCCURRENCE" polarity="POS" modality="" happen="" lowerBoundDuration="" upperBoundDuration="" />
        <event id="e16" eiid="ei16" offset="17" string="thought" tense="PRESENT" aspect="PERFECTIVE" class="OCCURRENCE" polarity="POS" modality="" happen="" lowerBoundDuration="" upperBoundDuration="" />
      </events>
      <timexes />
    </entry>
    <entry sid="9" file="9783732517695_023.txt">
      <sentence>I saw you once from a distance and was strangely touched .</sentence>
      <tokens>
        <t>" " "I" " "</t>
        <t>" " "saw" " "</t>
        <t>" " "you" " "</t>
        <t>" " "once" " "</t>
        <t>" " "from" " "</t>
        <t>" " "a" " "</t>
        <t>" " "distance" " "</t>
        <t>" " "and" " "</t>
        <t>" " "was" " "</t>
        <t>" " "strangely" " "</t>
        <t>" " "touched" ""</t>
        <t>"" "." " "</t>
      </tokens>
      <parse>(ROOT (S (NP (PRP I)) (VP (VP (VBD saw) (NP (PRP you)) (PP (ADVP (RB once)) (IN from) (NP (DT a) (NN distance)))) (CC and) (VP (VBD was) (VP (ADVP (RB strangely)) (VBN touched)))) (. .)))</parse>
      <deps>nsubj(saw-2, I-1)
nsubjpass(touched-11, I-1)
root(ROOT-0, saw-2)
dobj(saw-2, you-3)
advmod(saw-2, once-4)
det(distance-7, a-6)
prep_from(saw-2, distance-7)
auxpass(touched-11, was-9)
advmod(touched-11, strangely-10)
conj_and(saw-2, touched-11)</deps>
      <events>
        <event id="e17" eiid="ei17" offset="2" string="saw" tense="PAST" aspect="NONE" class="I_ACTION" polarity="POS" modality="" happen="" lowerBoundDuration="" upperBoundDuration="" />
        <event id="e18" eiid="ei18" offset="11" string="touched" tense="PAST" aspect="NONE" class="OCCURRENCE" polarity="POS" modality="" happen="" lowerBoundDuration="" upperBoundDuration="" />
      </events>
      <timexes>
        <timex tid="t2" text="once" offset="4" length="1" type="DATE" value="PAST_REF" temporalFunction="false" />
      </timexes>
    </entry>
    <entry sid="10" file="9783732517695_023.txt">
      <sentence>Your walk seemed familiar .</sentence>
      <tokens>
        <t>" " "Your" " "</t>
        <t>" " "walk" " "</t>
        <t>" " "seemed" " "</t>
        <t>" " "familiar" ""</t>
        <t>"" "." " "</t>
      </tokens>
      <parse>(ROOT (S (NP (PRP$ Your) (NN walk)) (VP (VBD seemed) (ADJP (JJ familiar))) (. .)))</parse>
      <deps>poss(walk-2, Your-1)
nsubj(familiar-4, walk-2)
cop(familiar-4, seemed-3)
root(ROOT-0, familiar-4)</deps>
      <events>
        <event id="e19" eiid="ei19" offset="3" string="seemed" tense="PAST" aspect="NONE" class="OCCURRENCE" polarity="POS" modality="" happen="" lowerBoundDuration="" upperBoundDuration="" />
      </events>
      <timexes />
    </entry>
    <entry sid="11" file="9783732517695_023.txt">
      <sentence>No , but I would n't have dared believe that either . ''</sentence>
      <tokens>
        <t>" " "No" ""</t>
        <t>"" "," " "</t>
        <t>" " "but" " "</t>
        <t>" " "I" " "</t>
        <t>" " "would" ""</t>
        <t>"" "n't" " "</t>
        <t>" " "have" " "</t>
        <t>" " "dared" " "</t>
        <t>" " "believe" " "</t>
        <t>" " "that" " "</t>
        <t>" " "either" ""</t>
        <t>"" "." ""</t>
        <t>"" """ " "</t>
      </tokens>
      <parse>(ROOT (S (INTJ (UH No)) (, ,) (ADVP (CC but)) (NP (PRP I)) (VP (MD would) (RB n't) (VP (VB have) (VP (VBD dared) (S (VP (VB believe) (ADVP (DT that) (CC either))))))) (. .) ('' '')))</parse>
      <deps>discourse(dared-8, No-1)
advmod(dared-8, but-3)
nsubj(dared-8, I-4)
aux(dared-8, would-5)
neg(dared-8, n't-6)
aux(dared-8, have-7)
root(ROOT-0, dared-8)
ccomp(dared-8, believe-9)
dep(either-11, that-10)
advmod(believe-9, either-11)</deps>
      <events>
        <event id="e20" eiid="ei20" offset="8" string="dared" tense="PAST" aspect="PERFECTIVE" class="OCCURRENCE" polarity="POS" modality="" happen="" lowerBoundDuration="" upperBoundDuration="" />
        <event id="e21" eiid="ei21" offset="9" string="believe" tense="PRESENT" aspect="NONE" class="I_STATE" polarity="POS" modality="" happen="" lowerBoundDuration="" upperBoundDuration="" />
      </events>
      <timexes />
    </entry>
    <entry sid="12" file="9783732517695_023.txt">
      <sentence>Graham wiped his tears in embarrassment .</sentence>
      <tokens>
        <t>" " "Graham" " "</t>
        <t>" " "wiped" " "</t>
        <t>" " "his" " "</t>
        <t>" " "tears" " "</t>
        <t>" " "in" " "</t>
        <t>" " "embarrassment" ""</t>
        <t>"" "." " "</t>
      </tokens>
      <parse>(ROOT (S (NP (NNP Graham)) (VP (VBD wiped) (NP (PRP$ his) (NNS tears)) (PP (IN in) (NP (NN embarrassment)))) (. .)))</parse>
      <deps>nsubj(wiped-2, Graham-1)
root(ROOT-0, wiped-2)
poss(tears-4, his-3)
dobj(wiped-2, tears-4)
prep_in(wiped-2, embarrassment-6)</deps>
      <events>
        <event id="e22" eiid="ei22" offset="2" string="wiped" tense="PAST" aspect="NONE" class="OCCURRENCE" polarity="POS" modality="" happen="" lowerBoundDuration="" upperBoundDuration="" />
      </events>
      <timexes />
    </entry>
    <entry sid="13" file="9783732517695_023.txt">
      <sentence>`` I never thought I 'd live to see this .</sentence>
      <tokens>
        <t>" " """ ""</t>
        <t>"" "I" " "</t>
        <t>" " "never" " "</t>
        <t>" " "thought" " "</t>
        <t>" " "I" ""</t>
        <t>"" "'d" " "</t>
        <t>" " "live" " "</t>
        <t>" " "to" " "</t>
        <t>" " "see" " "</t>
        <t>" " "this" ""</t>
        <t>"" "." " "</t>
      </tokens>
      <parse>(ROOT (S (`` ``) (NP (PRP I)) (ADVP (RB never)) (VP (VBD thought) (SBAR (S (NP (PRP I)) (VP (MD 'd) (VP (VB live) (S (VP (TO to) (VP (VB see) (NP (DT this)))))))))) (. .)))</parse>
      <deps>nsubj(thought-4, I-2)
neg(thought-4, never-3)
root(ROOT-0, thought-4)
nsubj(live-7, I-5)
xsubj(see-9, I-5)
aux(live-7, 'd-6)
ccomp(thought-4, live-7)
aux(see-9, to-8)
xcomp(live-7, see-9)
dobj(see-9, this-10)</deps>
      <events>
        <event id="e23" eiid="ei23" offset="4" string="thought" tense="PAST" aspect="NONE" class="I_STATE" polarity="POS" modality="" happen="" lowerBoundDuration="" upperBoundDuration="" />
        <event id="e24" eiid="ei24" offset="7" string="live" tense="NONE" aspect="NONE" class="I_STATE" polarity="POS" modality="" happen="" lowerBoundDuration="" upperBoundDuration="" />
        <event id="e25" eiid="ei25" offset="9" string="see" tense="INFINITIVE" aspect="NONE" class="PERCEPTION" polarity="POS" modality="" happen="" lowerBoundDuration="" upperBoundDuration="" />
      </events>
      <timexes />
    </entry>
    <entry sid="14" file="9783732517695_023.txt">
      <sentence>You 'll be back when you 're thirty .</sentence>
      <tokens>
        <t>" " "You" ""</t>
        <t>"" "'ll" " "</t>
        <t>" " "be" " "</t>
        <t>" " "back" " "</t>
        <t>" " "when" " "</t>
        <t>" " "you" ""</t>
        <t>"" "'re" " "</t>
        <t>" " "thirty" ""</t>
        <t>"" "." " "</t>
      </tokens>
      <parse>(ROOT (S (NP (PRP You)) (VP (MD 'll) (VP (VB be) (ADVP (RB back)) (SBAR (WHADVP (WRB when)) (S (NP (PRP you)) (VP (VBP 're) (NP (CD thirty))))))) (. .)))</parse>
      <deps>nsubj(be-3, You-1)
aux(be-3, 'll-2)
root(ROOT-0, be-3)
advmod(be-3, back-4)
advmod(thirty-8, when-5)
nsubj(thirty-8, you-6)
cop(thirty-8, 're-7)
advcl(be-3, thirty-8)</deps>
      <events />
      <timexes />
    </entry>
    <entry sid="15" file="9783732517695_023.txt">
      <sentence>Will you be able to stay this time ? ''</sentence>
      <tokens>
        <t>" " "Will" " "</t>
        <t>" " "you" " "</t>
        <t>" " "be" " "</t>
        <t>" " "able" " "</t>
        <t>" " "to" " "</t>
        <t>" " "stay" " "</t>
        <t>" " "this" " "</t>
        <t>" " "time" ""</t>
        <t>"" "?" ""</t>
        <t>"" """ " "</t>
      </tokens>
      <parse>(ROOT (SQ (MD Will) (NP (PRP you)) (VP (VBP be) (ADJP (JJ able) (S (VP (TO to) (VP (VB stay) (NP (DT this) (NN time))))))) (. ?) ('' '')))</parse>
      <deps>aux(able-4, Will-1)
nsubj(able-4, you-2)
xsubj(time-8, you-2)
cop(able-4, be-3)
root(ROOT-0, able-4)
aux(time-8, to-5)
cop(time-8, stay-6)
det(time-8, this-7)
xcomp(able-4, time-8)</deps>
      <events>
        <event id="e26" eiid="ei26" offset="6" string="stay" tense="INFINITIVE" aspect="NONE" class="OCCURRENCE" polarity="POS" modality="" happen="" lowerBoundDuration="" upperBoundDuration="" />
      </events>
      <timexes />
    </entry>
    <entry sid="16" file="9783732517695_023.txt">
      <sentence>The castellan 's look became anxious .</sentence>
      <tokens>
        <t>" " "The" " "</t>
        <t>" " "castellan" ""</t>
        <t>"" "'s" " "</t>
        <t>" " "look" " "</t>
        <t>" " "became" " "</t>
        <t>" " "anxious" ""</t>
        <t>"" "." " "</t>
      </tokens>
      <parse>(ROOT (S (NP (NP (DT The) (NN castellan) (POS 's)) (NN look)) (VP (VBD became) (ADJP (JJ anxious))) (. .)))</parse>
      <deps>det(castellan-2, The-1)
poss(look-4, castellan-2)
nsubj(anxious-6, look-4)
cop(anxious-6, became-5)
root(ROOT-0, anxious-6)</deps>
      <events>
        <event id="e27" eiid="ei27" offset="5" string="became" tense="PAST" aspect="NONE" class="OCCURRENCE" polarity="POS" modality="" happen="" lowerBoundDuration="" upperBoundDuration="" />
      </events>
      <timexes />
    </entry>
    <entry sid="17" file="9783732517695_023.txt">
      <sentence>Patrick was already moving on .</sentence>
      <tokens>
        <t>" " "Patrick" " "</t>
        <t>" " "was" " "</t>
        <t>" " "already" " "</t>
        <t>" " "moving" " "</t>
        <t>" " "on" ""</t>
        <t>"" "." " "</t>
      </tokens>
      <parse>(ROOT (S (NP (NNP Patrick)) (VP (VBD was) (ADVP (RB already)) (VP (VBG moving) (PRT (RP on)))) (. .)))</parse>
      <deps>nsubj(moving-4, Patrick-1)
aux(moving-4, was-2)
advmod(moving-4, already-3)
root(ROOT-0, moving-4)
prt(moving-4, on-5)</deps>
      <events>
        <event id="e28" eiid="ei28" offset="4" string="moving" tense="PRESENT" aspect="PROGRESSIVE" class="OCCURRENCE" polarity="POS" modality="" happen="" lowerBoundDuration="" upperBoundDuration="" />
      </events>
      <timexes />
    </entry>
    <entry sid="18" file="9783732517695_023.txt">
      <sentence>`` Yes , Graham , this time I will stay .</sentence>
      <tokens>
        <t>" " """ ""</t>
        <t>"" "Yes" ""</t>
        <t>"" "," " "</t>
        <t>" " "Graham" ""</t>
        <t>"" "," " "</t>
        <t>" " "this" " "</t>
        <t>" " "time" " "</t>
        <t>" " "I" " "</t>
        <t>" " "will" " "</t>
        <t>" " "stay" ""</t>
        <t>"" "." " "</t>
      </tokens>
      <parse>(ROOT (S (`` ``) (INTJ (UH Yes) (, ,) (UH Graham)) (, ,) (NP (DT this) (NN time) (NN I)) (VP (MD will) (VP (VB stay))) (. .)))</parse>
      <deps>discourse(stay-10, Yes-2)
dep(Yes-2, Graham-4)
det(I-8, this-6)
nn(I-8, time-7)
nsubj(stay-10, I-8)
aux(stay-10, will-9)
root(ROOT-0, stay-10)</deps>
      <events>
        <event id="e29" eiid="ei29" offset="10" string="stay" tense="FUTURE" aspect="NONE" class="OCCURRENCE" polarity="POS" modality="" happen="" lowerBoundDuration="" upperBoundDuration="" />
      </events>
      <timexes />
    </entry>
    <entry sid="19" file="9783732517695_023.txt">
      <sentence>No one will be able to drive me out of my fathers ' castle again . ''</sentence>
      <tokens>
        <t>" " "No" " "</t>
        <t>" " "one" " "</t>
        <t>" " "will" " "</t>
        <t>" " "be" " "</t>
        <t>" " "able" " "</t>
        <t>" " "to" " "</t>
        <t>" " "drive" " "</t>
        <t>" " "me" " "</t>
        <t>" " "out" " "</t>
        <t>" " "of" " "</t>
        <t>" " "my" " "</t>
        <t>" " "fathers" ""</t>
        <t>"" "'" " "</t>
        <t>" " "castle" " "</t>
        <t>" " "again" ""</t>
        <t>"" "." ""</t>
        <t>"" """ " "</t>
      </tokens>
      <parse>(ROOT (S (NP (DT No) (NN one)) (VP (MD will) (VP (VB be) (ADJP (JJ able) (S (VP (TO to) (VP (VB drive) (NP (PRP me)) (PRT (RP out)) (PP (IN of) (NP (NP (PRP$ my) (NNS fathers) (POS ')) (NN castle)) (ADVP (RB again))))))))) (. .) ('' '')))</parse>
      <deps>det(one-2, No-1)
nsubj(able-5, one-2)
xsubj(drive-7, one-2)
aux(able-5, will-3)
cop(able-5, be-4)
root(ROOT-0, able-5)
aux(drive-7, to-6)
xcomp(able-5, drive-7)
dobj(drive-7, me-8)
poss(fathers-12, my-11)
poss(castle-14, fathers-12)
prep_out_of(drive-7, castle-14)
advmod(drive-7, again-15)</deps>
      <events>
        <event id="e30" eiid="ei30" offset="5" string="able" tense="FUTURE" aspect="NONE" class="I_STATE" polarity="POS" modality="" happen="" lowerBoundDuration="" upperBoundDuration="" />
        <event id="e31" eiid="ei31" offset="7" string="drive" tense="INFINITIVE" aspect="NONE" class="OCCURRENCE" polarity="POS" modality="" happen="" lowerBoundDuration="" upperBoundDuration="" />
      </events>
      <timexes />
    </entry>
    <entry sid="20" file="9783732517695_023.txt">
      <sentence>With firm steps he walked towards the portal of the castle .</sentence>
      <tokens>
        <t>" " "With" " "</t>
        <t>" " "firm" " "</t>
        <t>" " "steps" " "</t>
        <t>" " "he" " "</t>
        <t>" " "walked" " "</t>
        <t>" " "towards" " "</t>
        <t>" " "the" " "</t>
        <t>" " "portal" " "</t>
        <t>" " "of" " "</t>
        <t>" " "the" " "</t>
        <t>" " "castle" ""</t>
        <t>"" "." " "</t>
      </tokens>
      <parse>(ROOT (S (PP (IN With) (NP (NN firm) (NNS steps))) (NP (PRP he)) (VP (VBD walked) (PP (IN towards) (NP (NP (DT the) (NN portal)) (PP (IN of) (NP (DT the) (NN castle)))))) (. .)))</parse>
      <deps>nn(steps-3, firm-2)
prep_with(walked-5, steps-3)
nsubj(walked-5, he-4)
root(ROOT-0, walked-5)
det(portal-8, the-7)
prep_towards(walked-5, portal-8)
det(castle-11, the-10)
prep_of(portal-8, castle-11)</deps>
      <events>
        <event id="e32" eiid="ei32" offset="5" string="walked" tense="PAST" aspect="NONE" class="OCCURRENCE" polarity="POS" modality="" happen="" lowerBoundDuration="" upperBoundDuration="" />
      </events>
      <timexes />
    </entry>
    <entry sid="21" file="9783732517695_023.txt">
      <sentence>He pushed open the door and entered the hall .</sentence>
      <tokens>
        <t>" " "He" " "</t>
        <t>" " "pushed" " "</t>
        <t>" " "open" " "</t>
        <t>" " "the" " "</t>
        <t>" " "door" " "</t>
        <t>" " "and" " "</t>
        <t>" " "entered" " "</t>
        <t>" " "the" " "</t>
        <t>" " "hall" ""</t>
        <t>"" "." " "</t>
      </tokens>
      <parse>(ROOT (S (NP (PRP He)) (VP (VP (VBD pushed) (PRT (RP open)) (NP (DT the) (NN door))) (CC and) (VP (VBD entered) (NP (DT the) (NN hall)))) (. .)))</parse>
      <deps>nsubj(pushed-2, He-1)
nsubj(entered-7, He-1)
root(ROOT-0, pushed-2)
prt(pushed-2, open-3)
det(door-5, the-4)
dobj(pushed-2, door-5)
conj_and(pushed-2, entered-7)
det(hall-9, the-8)
dobj(entered-7, hall-9)</deps>
      <events>
        <event id="e33" eiid="ei33" offset="2" string="pushed" tense="PAST" aspect="NONE" class="OCCURRENCE" polarity="POS" modality="" happen="" lowerBoundDuration="" upperBoundDuration="" />
        <event id="e34" eiid="ei34" offset="7" string="entered" tense="PAST" aspect="NONE" class="OCCURRENCE" polarity="POS" modality="" happen="" lowerBoundDuration="" upperBoundDuration="" />
      </events>
      <timexes />
    </entry>
    <entry sid="22" file="9783732517695_023.txt">
      <sentence>When a maid approached him , he demanded to speak to Duke Robert .</sentence>
      <tokens>
        <t>" " "When" " "</t>
        <t>" " "a" " "</t>
        <t>" " "maid" " "</t>
        <t>" " "approached" " "</t>
        <t>" " "him" ""</t>
        <t>"" "," " "</t>
        <t>" " "he" " "</t>
        <t>" " "demanded" " "</t>
        <t>" " "to" " "</t>
        <t>" " "speak" " "</t>
        <t>" " "to" " "</t>
        <t>" " "Duke" " "</t>
        <t>" " "Robert" ""</t>
        <t>"" "." " "</t>
      </tokens>
      <parse>(ROOT (S (SBAR (WHADVP (WRB When)) (S (NP (DT a) (NN maid)) (VP (VBD approached) (NP (PRP him))))) (, ,) (NP (PRP he)) (VP (VBD demanded) (S (VP (TO to) (VP (VB speak) (PP (TO to) (NP (NNP Duke) (NNP Robert))))))) (. .)))</parse>
      <deps>advmod(approached-4, When-1)
det(maid-3, a-2)
nsubj(approached-4, maid-3)
advcl(demanded-8, approached-4)
dobj(approached-4, him-5)
nsubj(demanded-8, he-7)
xsubj(speak-10, he-7)
root(ROOT-0, demanded-8)
aux(speak-10, to-9)
xcomp(demanded-8, speak-10)
nn(Robert-13, Duke-12)
prep_to(speak-10, Robert-13)</deps>
      <events>
        <event id="e35" eiid="ei35" offset="4" string="approached" tense="PAST" aspect="NONE" class="OCCURRENCE" polarity="POS" modality="" happen="" lowerBoundDuration="" upperBoundDuration="" />
        <event id="e36" eiid="ei36" offset="8" string="demanded" tense="PAST" aspect="NONE" class="I_ACTION" polarity="POS" modality="" happen="" lowerBoundDuration="" upperBoundDuration="" />
        <event id="e37" eiid="ei37" offset="10" string="speak" tense="INFINITIVE" aspect="NONE" class="OCCURRENCE" polarity="POS" modality="" happen="" lowerBoundDuration="" upperBoundDuration="" />
      </events>
      <timexes />
    </entry>
    <entry sid="23" file="9783732517695_023.txt">
      <sentence>The girl did not need to bother , Duke Robert was already standing on the stairs .</sentence>
      <tokens>
        <t>" " "The" " "</t>
        <t>" " "girl" " "</t>
        <t>" " "did" " "</t>
        <t>" " "not" " "</t>
        <t>" " "need" " "</t>
        <t>" " "to" " "</t>
        <t>" " "bother" ""</t>
        <t>"" "," " "</t>
        <t>" " "Duke" " "</t>
        <t>" " "Robert" " "</t>
        <t>" " "was" " "</t>
        <t>" " "already" " "</t>
        <t>" " "standing" " "</t>
        <t>" " "on" " "</t>
        <t>" " "the" " "</t>
        <t>" " "stairs" ""</t>
        <t>"" "." " "</t>
      </tokens>
      <parse>(ROOT (S (S (NP (DT The) (NN girl)) (VP (VBD did) (RB not) (VP (VB need) (S (VP (TO to) (VP (VB bother))))))) (, ,) (NP (NNP Duke) (NNP Robert)) (VP (VBD was) (ADVP (RB already)) (VP (VBG standing) (PP (IN on) (NP (DT the) (NNS stairs))))) (. .)))</parse>
      <deps>det(girl-2, The-1)
nsubj(need-5, girl-2)
xsubj(bother-7, girl-2)
aux(need-5, did-3)
neg(need-5, not-4)
ccomp(standing-13, need-5)
aux(bother-7, to-6)
xcomp(need-5, bother-7)
nn(Robert-10, Duke-9)
nsubj(standing-13, Robert-10)
aux(standing-13, was-11)
advmod(standing-13, already-12)
root(ROOT-0, standing-13)
det(stairs-16, the-15)
prep_on(standing-13, stairs-16)</deps>
      <events>
        <event id="e38" eiid="ei38" offset="5" string="need" tense="PAST" aspect="NONE" class="I_STATE" polarity="POS" modality="" happen="" lowerBoundDuration="" upperBoundDuration="" />
        <event id="e39" eiid="ei39" offset="7" string="bother" tense="INFINITIVE" aspect="NONE" class="OCCURRENCE" polarity="POS" modality="" happen="" lowerBoundDuration="" upperBoundDuration="" />
        <event id="e40" eiid="ei40" offset="13" string="standing" tense="PRESENT" aspect="PROGRESSIVE" class="OCCURRENCE" polarity="POS" modality="" happen="" lowerBoundDuration="" upperBoundDuration="" />
      </events>
      <timexes />
    </entry>
    <entry sid="24" file="9783732517695_023.txt">
      <sentence>Patrick went to meet him .</sentence>
      <tokens>
        <t>" " "Patrick" " "</t>
        <t>" " "went" " "</t>
        <t>" " "to" " "</t>
        <t>" " "meet" " "</t>
        <t>" " "him" ""</t>
        <t>"" "." " "</t>
      </tokens>
      <parse>(ROOT (S (NP (NNP Patrick)) (VP (VBD went) (S (VP (TO to) (VP (VB meet) (NP (PRP him)))))) (. .)))</parse>
      <deps>nsubj(went-2, Patrick-1)
xsubj(meet-4, Patrick-1)
root(ROOT-0, went-2)
aux(meet-4, to-3)
xcomp(went-2, meet-4)
dobj(meet-4, him-5)</deps>
      <events>
        <event id="e41" eiid="ei41" offset="2" string="went" tense="PAST" aspect="NONE" class="OCCURRENCE" polarity="POS" modality="" happen="" lowerBoundDuration="" upperBoundDuration="" />
        <event id="e42" eiid="ei42" offset="4" string="meet" tense="INFINITIVE" aspect="NONE" class="OCCURRENCE" polarity="POS" modality="" happen="" lowerBoundDuration="" upperBoundDuration="" />
      </events>
      <timexes />
    </entry>
    <entry sid="25" file="9783732517695_023.txt">
      <sentence>`` It 's too late to turn back and hide , Robert .</sentence>
      <tokens>
        <t>" " """ ""</t>
        <t>"" "It" ""</t>
        <t>"" "'s" " "</t>
        <t>" " "too" " "</t>
        <t>" " "late" " "</t>
        <t>" " "to" " "</t>
        <t>" " "turn" " "</t>
        <t>" " "back" " "</t>
        <t>" " "and" " "</t>
        <t>" " "hide" ""</t>
        <t>"" "," " "</t>
        <t>" " "Robert" ""</t>
        <t>"" "." " "</t>
      </tokens>
      <parse>(ROOT (S (`` ``) (NP (PRP It)) (VP (VBZ 's) (ADJP (RB too) (JJ late)) (S (VP (TO to) (VP (VP (VB turn) (ADVP (RB back))) (CC and) (VP (VB hide) (, ,) (NP (NNP Robert))))))) (. .)))</parse>
      <deps>nsubj(late-5, It-2)
xsubj(turn-7, It-2)
cop(late-5, 's-3)
advmod(late-5, too-4)
root(ROOT-0, late-5)
aux(turn-7, to-6)
xcomp(late-5, turn-7)
advmod(turn-7, back-8)
xcomp(late-5, hide-10)
conj_and(turn-7, hide-10)
dobj(hide-10, Robert-12)</deps>
      <events>
        <event id="e43" eiid="ei43" offset="7" string="turn" tense="INFINITIVE" aspect="NONE" class="OCCURRENCE" polarity="POS" modality="" happen="" lowerBoundDuration="" upperBoundDuration="" />
        <event id="e44" eiid="ei44" offset="10" string="hide" tense="INFINITIVE" aspect="NONE" class="OCCURRENCE" polarity="POS" modality="" happen="" lowerBoundDuration="" upperBoundDuration="" />
      </events>
      <timexes />
    </entry>
    <entry sid="26" file="9783732517695_023.txt">
      <sentence>Did your mother tell you that I was going to hand you over to the court ? ''</sentence>
      <tokens>
        <t>" " "Did" " "</t>
        <t>" " "your" " "</t>
        <t>" " "mother" " "</t>
        <t>" " "tell" " "</t>
        <t>" " "you" " "</t>
        <t>" " "that" " "</t>
        <t>" " "I" " "</t>
        <t>" " "was" " "</t>
        <t>" " "going" " "</t>
        <t>" " "to" " "</t>
        <t>" " "hand" " "</t>
        <t>" " "you" " "</t>
        <t>" " "over" " "</t>
        <t>" " "to" " "</t>
        <t>" " "the" " "</t>
        <t>" " "court" ""</t>
        <t>"" "?" ""</t>
        <t>"" """ " "</t>
      </tokens>
      <parse>(ROOT (SINV (VBZ Did) (NP (PRP$ your) (NN mother)) (VP (VB tell) (NP (PRP you)) (SBAR (IN that) (S (NP (PRP I)) (VP (VBD was) (VP (VBG going) (S (VP (TO to) (VP (VB hand) (NP (PRP you)) (PRT (RP over)) (PP (TO to) (NP (DT the) (NN court))))))))))) (. ?) ('' '')))</parse>
      <deps>aux(tell-4, Did-1)
poss(mother-3, your-2)
nsubj(tell-4, mother-3)
root(ROOT-0, tell-4)
dobj(tell-4, you-5)
mark(going-9, that-6)
nsubj(going-9, I-7)
xsubj(hand-11, I-7)
aux(going-9, was-8)
ccomp(tell-4, going-9)
aux(hand-11, to-10)
xcomp(going-9, hand-11)
dobj(hand-11, you-12)
prt(hand-11, over-13)
det(court-16, the-15)
prep_to(hand-11, court-16)</deps>
      <events>
        <event id="e45" eiid="ei45" offset="4" string="tell" tense="NONE" aspect="NONE" class="OCCURRENCE" polarity="POS" modality="" happen="" lowerBoundDuration="" upperBoundDuration="" />
        <event id="e46" eiid="ei46" offset="9" string="going" tense="PAST" aspect="PROGRESSIVE" class="OCCURRENCE" polarity="POS" modality="" happen="" lowerBoundDuration="" upperBoundDuration="" />
        <event id="e47" eiid="ei47" offset="11" string="hand" tense="INFINITIVE" aspect="NONE" class="I_ACTION" polarity="POS" modality="" happen="" lowerBoundDuration="" upperBoundDuration="" />
      </events>
      <timexes />
    </entry>
    <entry sid="27" file="9783732517695_023.txt">
      <sentence>`` She told me , but you have to make it first , Patrick . ''</sentence>
      <tokens>
        <t>" " """ ""</t>
        <t>"" "She" " "</t>
        <t>" " "told" " "</t>
        <t>" " "me" ""</t>
        <t>"" "," " "</t>
        <t>" " "but" " "</t>
        <t>" " "you" " "</t>
        <t>" " "have" " "</t>
        <t>" " "to" " "</t>
        <t>" " "make" " "</t>
        <t>" " "it" " "</t>
        <t>" " "first" ""</t>
        <t>"" "," " "</t>
        <t>" " "Patrick" ""</t>
        <t>"" "." ""</t>
        <t>"" """ " "</t>
      </tokens>
      <parse>(ROOT (S (`` ``) (S (NP (PRP She)) (VP (VBD told) (NP (PRP me)))) (, ,) (CC but) (S (NP (PRP you)) (VP (VBP have) (S (VP (TO to) (VP (VB make) (NP (PRP it)) (ADVP (RB first)) (, ,) (ADVP (RB Patrick))))))) (. .) ('' '')))</parse>
      <deps>nsubj(told-3, She-2)
root(ROOT-0, told-3)
dobj(told-3, me-4)
nsubj(have-8, you-7)
xsubj(make-10, you-7)
conj_but(told-3, have-8)
aux(make-10, to-9)
xcomp(have-8, make-10)
dobj(make-10, it-11)
advmod(make-10, first-12)
advmod(make-10, Patrick-14)</deps>
      <events>
        <event id="e48" eiid="ei48" offset="3" string="told" tense="PAST" aspect="NONE" class="REPORTING" polarity="POS" modality="" happen="" lowerBoundDuration="" upperBoundDuration="" />
        <event id="e49" eiid="ei49" offset="10" string="make" tense="INFINITIVE" aspect="NONE" class="OCCURRENCE" polarity="POS" modality="" happen="" lowerBoundDuration="" upperBoundDuration="" />
      </events>
      <timexes />
    </entry>
    <entry sid="28" file="9783732517695_023.txt">
      <sentence>Slowly Duke Robert came down the last steps into the hall .</sentence>
      <tokens>
        <t>" " "Slowly" " "</t>
        <t>" " "Duke" " "</t>
        <t>" " "Robert" " "</t>
        <t>" " "came" " "</t>
        <t>" " "down" " "</t>
        <t>" " "the" " "</t>
        <t>" " "last" " "</t>
        <t>" " "steps" " "</t>
        <t>" " "into" " "</t>
        <t>" " "the" " "</t>
        <t>" " "hall" ""</t>
        <t>"" "." " "</t>
      </tokens>
      <parse>(ROOT (S (ADVP (RB Slowly)) (NP (NNP Duke) (NNP Robert)) (VP (VBD came) (PRT (RP down)) (NP (DT the) (JJ last) (NNS steps)) (PP (IN into) (NP (DT the) (NN hall)))) (. .)))</parse>
      <deps>advmod(came-4, Slowly-1)
nn(Robert-3, Duke-2)
nsubj(came-4, Robert-3)
root(ROOT-0, came-4)
prt(came-4, down-5)
det(steps-8, the-6)
amod(steps-8, last-7)
dobj(came-4, steps-8)
det(hall-11, the-10)
prep_into(came-4, hall-11)</deps>
      <events>
        <event id="e50" eiid="ei50" offset="4" string="came" tense="PAST" aspect="NONE" class="OCCURRENCE" polarity="POS" modality="" happen="" lowerBoundDuration="" upperBoundDuration="" />
      </events>
      <timexes />
    </entry>
    <entry sid="29" file="9783732517695_023.txt">
      <sentence>Not much of his arrogance was left .</sentence>
      <tokens>
        <t>" " "Not" " "</t>
        <t>" " "much" " "</t>
        <t>" " "of" " "</t>
        <t>" " "his" " "</t>
        <t>" " "arrogance" " "</t>
        <t>" " "was" " "</t>
        <t>" " "left" ""</t>
        <t>"" "." " "</t>
      </tokens>
      <parse>(ROOT (S (NP (NP (RB Not) (RB much)) (PP (IN of) (NP (PRP$ his) (NN arrogance)))) (VP (VBD was) (VP (VBN left))) (. .)))</parse>
      <deps>neg(much-2, Not-1)
nsubjpass(left-7, much-2)
poss(arrogance-5, his-4)
prep_of(much-2, arrogance-5)
auxpass(left-7, was-6)
root(ROOT-0, left-7)</deps>
      <events>
        <event id="e51" eiid="ei51" offset="5" string="arrogance" tense="NONE" aspect="NONE" class="OCCURRENCE" polarity="POS" modality="" happen="" lowerBoundDuration="" upperBoundDuration="" />
        <event id="e52" eiid="ei52" offset="7" string="left" tense="PAST" aspect="NONE" class="OCCURRENCE" polarity="POS" modality="" happen="" lowerBoundDuration="" upperBoundDuration="" />
      </events>
      <timexes />
    </entry>
    <entry sid="30" file="9783732517695_023.txt">
      <sentence>You could hear in his voice that he was trying hard to hide his fear .</sentence>
      <tokens>
        <t>" " "You" " "</t>
        <t>" " "could" " "</t>
        <t>" " "hear" " "</t>
        <t>" " "in" " "</t>
        <t>" " "his" " "</t>
        <t>" " "voice" " "</t>
        <t>" " "that" " "</t>
        <t>" " "he" " "</t>
        <t>" " "was" " "</t>
        <t>" " "trying" " "</t>
        <t>" " "hard" " "</t>
        <t>" " "to" " "</t>
        <t>" " "hide" " "</t>
        <t>" " "his" " "</t>
        <t>" " "fear" ""</t>
        <t>"" "." " "</t>
      </tokens>
      <parse>(ROOT (S (NP (PRP You)) (VP (MD could) (VP (VB hear) (PP (IN in) (NP (PRP$ his) (NN voice))) (SBAR (IN that) (S (NP (PRP he)) (VP (VBD was) (VP (VBG trying) (ADVP (RB hard)) (S (VP (TO to) (VP (VB hide) (NP (PRP$ his) (NN fear))))))))))) (. .)))</parse>
      <deps>nsubj(hear-3, You-1)
aux(hear-3, could-2)
root(ROOT-0, hear-3)
poss(voice-6, his-5)
prep_in(hear-3, voice-6)
mark(trying-10, that-7)
nsubj(trying-10, he-8)
xsubj(hide-13, he-8)
aux(trying-10, was-9)
ccomp(hear-3, trying-10)
advmod(trying-10, hard-11)
aux(hide-13, to-12)
xcomp(trying-10, hide-13)
poss(fear-15, his-14)
dobj(hide-13, fear-15)</deps>
      <events>
        <event id="e53" eiid="ei53" offset="3" string="hear" tense="NONE" aspect="NONE" class="OCCURRENCE" polarity="POS" modality="" happen="" lowerBoundDuration="" upperBoundDuration="" />
        <event id="e54" eiid="ei54" offset="10" string="trying" tense="PAST" aspect="PROGRESSIVE" class="I_ACTION" polarity="POS" modality="" happen="" lowerBoundDuration="" upperBoundDuration="" />
        <event id="e55" eiid="ei55" offset="13" string="hide" tense="INFINITIVE" aspect="NONE" class="OCCURRENCE" polarity="POS" modality="" happen="" lowerBoundDuration="" upperBoundDuration="" />
      </events>
      <timexes />
    </entry>
    <entry sid="31" file="9783732517695_023.txt">
      <sentence>`` You would come off badly if you went to court .</sentence>
      <tokens>
        <t>" " """ ""</t>
        <t>"" "You" " "</t>
        <t>" " "would" " "</t>
        <t>" " "come" " "</t>
        <t>" " "off" " "</t>
        <t>" " "badly" " "</t>
        <t>" " "if" " "</t>
        <t>" " "you" " "</t>
        <t>" " "went" " "</t>
        <t>" " "to" " "</t>
        <t>" " "court" ""</t>
        <t>"" "." " "</t>
      </tokens>
      <parse>(ROOT (S (`` ``) (NP (PRP You)) (VP (MD would) (VP (VB come) (PRT (RP off)) (ADVP (RB badly)) (SBAR (IN if) (S (NP (PRP you)) (VP (VBD went) (PP (TO to) (NP (NN court)))))))) (. .)))</parse>
      <deps>nsubj(come-4, You-2)
aux(come-4, would-3)
root(ROOT-0, come-4)
prt(come-4, off-5)
advmod(come-4, badly-6)
mark(went-9, if-7)
nsubj(went-9, you-8)
advcl(come-4, went-9)
prep_to(went-9, court-11)</deps>
      <events>
        <event id="e56" eiid="ei56" offset="4" string="come" tense="NONE" aspect="NONE" class="OCCURRENCE" polarity="POS" modality="" happen="" lowerBoundDuration="" upperBoundDuration="" />
        <event id="e57" eiid="ei57" offset="9" string="went" tense="PAST" aspect="NONE" class="OCCURRENCE" polarity="POS" modality="" happen="" lowerBoundDuration="" upperBoundDuration="" />
      </events>
      <timexes />
    </entry>
    <entry sid="32" file="9783732517695_023.txt">
      <sentence>You would be the one who would end up behind dungeon walls .</sentence>
      <tokens>
        <t>" " "You" " "</t>
        <t>" " "would" " "</t>
        <t>" " "be" " "</t>
        <t>" " "the" " "</t>
        <t>" " "one" " "</t>
        <t>" " "who" " "</t>
        <t>" " "would" " "</t>
        <t>" " "end" " "</t>
        <t>" " "up" " "</t>
        <t>" " "behind" " "</t>
        <t>" " "dungeon" " "</t>
        <t>" " "walls" ""</t>
        <t>"" "." " "</t>
      </tokens>
      <parse>(ROOT (S (NP (PRP You)) (VP (MD would) (VP (VB be) (NP (NP (DT the) (NN one)) (SBAR (WHNP (WP who)) (S (VP (MD would) (VP (VB end) (PRT (RP up)) (PP (IN behind) (NP (NN dungeon) (NNS walls)))))))))) (. .)))</parse>
      <deps>nsubj(one-5, You-1)
aux(one-5, would-2)
cop(one-5, be-3)
det(one-5, the-4)
root(ROOT-0, one-5)
nsubj(end-8, one-5)
aux(end-8, would-7)
rcmod(one-5, end-8)
prt(end-8, up-9)
nn(walls-12, dungeon-11)
prep_behind(end-8, walls-12)</deps>
      <events>
        <event id="e58" eiid="ei58" offset="8" string="end" tense="NONE" aspect="NONE" class="OCCURRENCE" polarity="POS" modality="" happen="" lowerBoundDuration="" upperBoundDuration="" />
      </events>
      <timexes />
    </entry>
    <entry sid="33" file="9783732517695_023.txt">
      <sentence>You know that very well . ''</sentence>
      <tokens>
        <t>" " "You" " "</t>
        <t>" " "know" " "</t>
        <t>" " "that" " "</t>
        <t>" " "very" " "</t>
        <t>" " "well" ""</t>
        <t>"" "." ""</t>
        <t>"" """ " "</t>
      </tokens>
      <parse>(ROOT (S (NP (PRP You)) (VP (VBP know) (NP (DT that)) (ADVP (RB very) (RB well))) (. .) ('' '')))</parse>
      <deps>nsubj(know-2, You-1)
root(ROOT-0, know-2)
dobj(know-2, that-3)
advmod(well-5, very-4)
advmod(know-2, well-5)</deps>
      <events />
      <timexes />
    </entry>
    <entry sid="34" file="9783732517695_023.txt">
      <sentence>`` You do n't scare me with threats like that anymore .</sentence>
      <tokens>
        <t>" " """ ""</t>
        <t>"" "You" " "</t>
        <t>" " "do" ""</t>
        <t>"" "n't" " "</t>
        <t>" " "scare" " "</t>
        <t>" " "me" " "</t>
        <t>" " "with" " "</t>
        <t>" " "threats" " "</t>
        <t>" " "like" " "</t>
        <t>" " "that" " "</t>
        <t>" " "anymore" ""</t>
        <t>"" "." " "</t>
      </tokens>
      <parse>(ROOT (S (`` ``) (NP (PRP You)) (VP (VBP do) (RB n't) (VP (VB scare) (NP (PRP me)) (PP (IN with) (NP (NP (NNS threats)) (PP (IN like) (NP (DT that))))) (ADVP (RB anymore)))) (. .)))</parse>
      <deps>nsubj(scare-5, You-2)
aux(scare-5, do-3)
neg(scare-5, n't-4)
root(ROOT-0, scare-5)
dobj(scare-5, me-6)
prep_with(scare-5, threats-8)
prep_like(threats-8, that-10)
advmod(scare-5, anymore-11)</deps>
      <events>
        <event id="e59" eiid="ei59" offset="5" string="scare" tense="NONE" aspect="NONE" class="OCCURRENCE" polarity="POS" modality="" happen="" lowerBoundDuration="" upperBoundDuration="" />
      </events>
      <timexes />
    </entry>
    <entry sid="35" file="9783732517695_023.txt">
      <sentence>I know how to defend myself today .</sentence>
      <tokens>
        <t>" " "I" " "</t>
        <t>" " "know" " "</t>
        <t>" " "how" " "</t>
        <t>" " "to" " "</t>
        <t>" " "defend" " "</t>
        <t>" " "myself" " "</t>
        <t>" " "today" ""</t>
        <t>"" "." " "</t>
      </tokens>
      <parse>(ROOT (S (NP (PRP I)) (VP (VBP know) (SBAR (WHADVP (WRB how)) (S (VP (TO to) (VP (VB defend) (NP (PRP myself)) (NP (NN today))))))) (. .)))</parse>
      <deps>nsubj(know-2, I-1)
xsubj(defend-5, I-1)
root(ROOT-0, know-2)
advmod(defend-5, how-3)
aux(defend-5, to-4)
ccomp(know-2, defend-5)
xcomp(know-2, defend-5)
dobj(defend-5, myself-6)
tmod(defend-5, today-7)</deps>
      <events>
        <event id="e60" eiid="ei60" offset="2" string="know" tense="PRESENT" aspect="NONE" class="I_STATE" polarity="POS" modality="" happen="" lowerBoundDuration="" upperBoundDuration="" />
      </events>
      <timexes />
    </entry>
    <entry sid="36" file="9783732517695_023.txt">
      <sentence>That 's the only reason I came back . ''</sentence>
      <tokens>
        <t>" " "That" ""</t>
        <t>"" "'s" " "</t>
        <t>" " "the" " "</t>
        <t>" " "only" " "</t>
        <t>" " "reason" " "</t>
        <t>" " "I" " "</t>
        <t>" " "came" " "</t>
        <t>" " "back" ""</t>
        <t>"" "." ""</t>
        <t>"" """ " "</t>
      </tokens>
      <parse>(ROOT (S (NP (DT That)) (VP (VBZ 's) (NP (NP (DT the) (JJ only) (NN reason)) (SBAR (S (NP (PRP I)) (VP (VBD came) (ADVP (RB back))))))) (. .) ('' '')))</parse>
      <deps>nsubj(reason-5, That-1)
cop(reason-5, 's-2)
det(reason-5, the-3)
amod(reason-5, only-4)
root(ROOT-0, reason-5)
dobj(came-7, reason-5)
nsubj(came-7, I-6)
rcmod(reason-5, came-7)
advmod(came-7, back-8)</deps>
      <events>
        <event id="e61" eiid="ei61" offset="7" string="came" tense="PAST" aspect="NONE" class="OCCURRENCE" polarity="POS" modality="" happen="" lowerBoundDuration="" upperBoundDuration="" />
      </events>
      <timexes />
    </entry>
    <entry sid="37" file="9783732517695_023.txt">
      <sentence>`` As Patrick Donald ? ''</sentence>
      <tokens>
        <t>" " """ ""</t>
        <t>"" "As" " "</t>
        <t>" " "Patrick" " "</t>
        <t>" " "Donald" ""</t>
        <t>"" "?" ""</t>
        <t>"" """ " "</t>
      </tokens>
      <parse>(ROOT (FRAG (`` ``) (ADJP (ADVP (RB As) (RB Patrick)) (VBN Donald)) (. ?) ('' '')))</parse>
      <deps>advmod(Patrick-3, As-2)
advmod(Donald-4, Patrick-3)
root(ROOT-0, Donald-4)</deps>
      <events />
      <timexes />
    </entry>
    <entry sid="38" file="9783732517695_023.txt">
      <sentence>asked Duke Robert mockingly .</sentence>
      <tokens>
        <t>" " "asked" " "</t>
        <t>" " "Duke" " "</t>
        <t>" " "Robert" " "</t>
        <t>" " "mockingly" ""</t>
        <t>"" "." " "</t>
      </tokens>
      <parse>(ROOT (S (VP (VBN asked) (S (NP (NNP Duke) (NNP Robert)) (ADVP (RB mockingly)))) (. .)))</parse>
      <deps>root(ROOT-0, asked-1)
nn(Robert-3, Duke-2)
dep(asked-1, Robert-3)
advmod(Robert-3, mockingly-4)</deps>
      <events>
        <event id="e62" eiid="ei62" offset="1" string="asked" tense="PASTPART" aspect="NONE" class="I_ACTION" polarity="POS" modality="" happen="" lowerBoundDuration="" upperBoundDuration="" />
      </events>
      <timexes />
    </entry>
    <entry sid="39" file="9783732517695_023.txt">
      <sentence>`` A Duke Young of Windhome as a plain Mister Donald ?</sentence>
      <tokens>
        <t>" " """ ""</t>
        <t>"" "A" " "</t>
        <t>" " "Duke" " "</t>
        <t>" " "Young" " "</t>
        <t>" " "of" " "</t>
        <t>" " "Windhome" " "</t>
        <t>" " "as" " "</t>
        <t>" " "a" " "</t>
        <t>" " "plain" " "</t>
        <t>" " "Mister" " "</t>
        <t>" " "Donald" ""</t>
        <t>"" "?" " "</t>
      </tokens>
      <parse>(ROOT (NP (NP (`` ``) (DT A) (NNP Duke) (NNP Young)) (PP (IN of) (NP (NNP Windhome))) (PP (IN as) (NP (DT a) (JJ plain) (NNP Mister) (NNP Donald))) (. ?)))</parse>
      <deps>det(Young-4, A-2)
nn(Young-4, Duke-3)
root(ROOT-0, Young-4)
prep_of(Young-4, Windhome-6)
det(Donald-11, a-8)
amod(Donald-11, plain-9)
nn(Donald-11, Mister-10)
prep_as(Young-4, Donald-11)</deps>
      <events />
      <timexes />
    </entry>
    <entry sid="40" file="9783732517695_023.txt">
      <sentence>That alone shows you know exactly what to fear . ''</sentence>
      <tokens>
        <t>" " "That" " "</t>
        <t>" " "alone" " "</t>
        <t>" " "shows" " "</t>
        <t>" " "you" " "</t>
        <t>" " "know" " "</t>
        <t>" " "exactly" " "</t>
        <t>" " "what" " "</t>
        <t>" " "to" " "</t>
        <t>" " "fear" ""</t>
        <t>"" "." ""</t>
        <t>"" """ " "</t>
      </tokens>
      <parse>(ROOT (S (NP (DT That)) (ADVP (RB alone)) (VP (VBZ shows) (SBAR (S (NP (PRP you)) (VP (VBP know) (SBAR (WHNP (RB exactly) (WP what)) (S (VP (TO to) (VP (VB fear))))))))) (. .) ('' '')))</parse>
      <deps>nsubj(shows-3, That-1)
advmod(shows-3, alone-2)
root(ROOT-0, shows-3)
nsubj(know-5, you-4)
ccomp(shows-3, know-5)
advmod(what-7, exactly-6)
nsubj(fear-9, what-7)
aux(fear-9, to-8)
ccomp(know-5, fear-9)
xcomp(know-5, fear-9)</deps>
      <events>
        <event id="e63" eiid="ei63" offset="3" string="shows" tense="PRESENT" aspect="NONE" class="OCCURRENCE" polarity="POS" modality="" happen="" lowerBoundDuration="" upperBoundDuration="" />
        <event id="e64" eiid="ei64" offset="9" string="fear" tense="INFINITIVE" aspect="NONE" class="OCCURRENCE" polarity="POS" modality="" happen="" lowerBoundDuration="" upperBoundDuration="" />
      </events>
      <timexes />
    </entry>
    <entry sid="41" file="9783732517695_023.txt">
      <sentence>`` I had to go through that station , too , before I could hold you and your mother accountable .</sentence>
      <tokens>
        <t>" " """ ""</t>
        <t>"" "I" " "</t>
        <t>" " "had" " "</t>
        <t>" " "to" " "</t>
        <t>" " "go" " "</t>
        <t>" " "through" " "</t>
        <t>" " "that" " "</t>
        <t>" " "station" ""</t>
        <t>"" "," " "</t>
        <t>" " "too" ""</t>
        <t>"" "," " "</t>
        <t>" " "before" " "</t>
        <t>" " "I" " "</t>
        <t>" " "could" " "</t>
        <t>" " "hold" " "</t>
        <t>" " "you" " "</t>
        <t>" " "and" " "</t>
        <t>" " "your" " "</t>
        <t>" " "mother" " "</t>
        <t>" " "accountable" ""</t>
        <t>"" "." " "</t>
      </tokens>
      <parse>(ROOT (S (`` ``) (S (NP (PRP I)) (VP (VBD had) (S (VP (TO to) (VP (VB go) (PP (IN through) (NP (DT that) (NN station))) (, ,) (ADVP (RB too)) (, ,) (SBAR (IN before) (S (NP (PRP I)) (VP (MD could) (VP (VB hold) (NP (PRP you))))))))))) (CC and) (S (NP (PRP$ your) (NN mother)) (ADJP (JJ accountable))) (. .)))</parse>
      <deps>nsubj(had-3, I-2)
xsubj(go-5, I-2)
nsubj(accountable-20, I-2)
root(ROOT-0, had-3)
aux(go-5, to-4)
xcomp(had-3, go-5)
det(station-8, that-7)
prep_through(go-5, station-8)
advmod(go-5, too-10)
mark(hold-15, before-12)
nsubj(hold-15, I-13)
aux(hold-15, could-14)
advcl(go-5, hold-15)
dobj(hold-15, you-16)
poss(mother-19, your-18)
dep(accountable-20, mother-19)
conj_and(had-3, accountable-20)</deps>
      <events>
        <event id="e65" eiid="ei65" offset="5" string="go" tense="INFINITIVE" aspect="NONE" class="OCCURRENCE" polarity="POS" modality="" happen="" lowerBoundDuration="" upperBoundDuration="" />
        <event id="e66" eiid="ei66" offset="15" string="hold" tense="NONE" aspect="NONE" class="OCCURRENCE" polarity="POS" modality="" happen="" lowerBoundDuration="" upperBoundDuration="" />
      </events>
      <timexes />
    </entry>
    <entry sid="42" file="9783732517695_023.txt">
      <sentence>But now I will . ''</sentence>
      <tokens>
        <t>" " "But" " "</t>
        <t>" " "now" " "</t>
        <t>" " "I" " "</t>
        <t>" " "will" ""</t>
        <t>"" "." ""</t>
        <t>"" """ " "</t>
      </tokens>
      <parse>(ROOT (S (CC But) (ADVP (RB now)) (NP (PRP I)) (VP (MD will)) (. .) ('' '')))</parse>
      <deps>cc(will-4, But-1)
advmod(will-4, now-2)
nsubj(will-4, I-3)
root(ROOT-0, will-4)</deps>
      <events />
      <timexes>
        <timex tid="t3" text="now" offset="2" length="1" type="DATE" value="PRESENT_REF" temporalFunction="false" />
      </timexes>
    </entry>
    <entry sid="43" file="9783732517695_023.txt">
      <sentence>Patrick stepped so close to Duke Robert that he almost touched him .</sentence>
      <tokens>
        <t>" " "Patrick" " "</t>
        <t>" " "stepped" " "</t>
        <t>" " "so" " "</t>
        <t>" " "close" " "</t>
        <t>" " "to" " "</t>
        <t>" " "Duke" " "</t>
        <t>" " "Robert" " "</t>
        <t>" " "that" " "</t>
        <t>" " "he" " "</t>
        <t>" " "almost" " "</t>
        <t>" " "touched" " "</t>
        <t>" " "him" ""</t>
        <t>"" "." " "</t>
      </tokens>
      <parse>(ROOT (S (NP (NNP Patrick)) (VP (VBD stepped) (ADVP (RB so) (RB close)) (PP (TO to) (NP (NNP Duke) (NNP Robert))) (SBAR (IN that) (S (NP (PRP he)) (ADVP (RB almost)) (VP (VBD touched) (NP (PRP him)))))) (. .)))</parse>
      <deps>nsubj(stepped-2, Patrick-1)
root(ROOT-0, stepped-2)
advmod(stepped-2, so-3)
nn(Robert-7, Duke-6)
prep_close_to(stepped-2, Robert-7)
mark(touched-11, that-8)
nsubj(touched-11, he-9)
advmod(touched-11, almost-10)
ccomp(stepped-2, touched-11)
dobj(touched-11, him-12)</deps>
      <events>
        <event id="e67" eiid="ei67" offset="2" string="stepped" tense="PAST" aspect="NONE" class="OCCURRENCE" polarity="POS" modality="" happen="" lowerBoundDuration="" upperBoundDuration="" />
        <event id="e68" eiid="ei68" offset="11" string="touched" tense="PAST" aspect="NONE" class="OCCURRENCE" polarity="POS" modality="" happen="" lowerBoundDuration="" upperBoundDuration="" />
      </events>
      <timexes />
    </entry>
    <entry sid="44" file="9783732517695_023.txt">
      <sentence>`` Mercilessly , without regard to my name .</sentence>
      <tokens>
        <t>" " """ ""</t>
        <t>"" "Mercilessly" ""</t>
        <t>"" "," " "</t>
        <t>" " "without" " "</t>
        <t>" " "regard" " "</t>
        <t>" " "to" " "</t>
        <t>" " "my" " "</t>
        <t>" " "name" ""</t>
        <t>"" "." " "</t>
      </tokens>
      <parse>(ROOT (S (`` ``) (VP (VB Mercilessly) (, ,) (PP (IN without) (NP (NN regard))) (PP (TO to) (NP (PRP$ my) (NN name)))) (. .)))</parse>
      <deps>root(ROOT-0, Mercilessly-2)
prep_without(Mercilessly-2, regard-5)
poss(name-8, my-7)
prep_to(Mercilessly-2, name-8)</deps>
      <events>
        <event id="e69" eiid="ei69" offset="2" string="Mercilessly" tense="PRESENT" aspect="NONE" class="OCCURRENCE" polarity="POS" modality="" happen="" lowerBoundDuration="" upperBoundDuration="" />
      </events>
      <timexes />
    </entry>
    <entry sid="45" file="9783732517695_023.txt">
      <sentence>I have no one left to spare .</sentence>
      <tokens>
        <t>" " "I" " "</t>
        <t>" " "have" " "</t>
        <t>" " "no" " "</t>
        <t>" " "one" " "</t>
        <t>" " "left" " "</t>
        <t>" " "to" " "</t>
        <t>" " "spare" ""</t>
        <t>"" "." " "</t>
      </tokens>
      <parse>(ROOT (S (NP (PRP I)) (VP (VBP have) (ADVP (RB no) (NP (CD one))) (VP (VBN left) (S (VP (TO to) (VP (VB spare)))))) (. .)))</parse>
      <deps>nsubj(left-5, I-1)
xsubj(spare-7, I-1)
aux(left-5, have-2)
advmod(left-5, no-3)
pobj(no-3, one-4)
root(ROOT-0, left-5)
aux(spare-7, to-6)
xcomp(left-5, spare-7)</deps>
      <events>
        <event id="e70" eiid="ei70" offset="7" string="spare" tense="INFINITIVE" aspect="NONE" class="OCCURRENCE" polarity="POS" modality="" happen="" lowerBoundDuration="" upperBoundDuration="" />
      </events>
      <timexes />
    </entry>
    <entry sid="46" file="9783732517695_023.txt">
      <sentence>You should know that , Robert .</sentence>
      <tokens>
        <t>" " "You" " "</t>
        <t>" " "should" " "</t>
        <t>" " "know" " "</t>
        <t>" " "that" ""</t>
        <t>"" "," " "</t>
        <t>" " "Robert" ""</t>
        <t>"" "." " "</t>
      </tokens>
      <parse>(ROOT (S (NP (PRP You)) (VP (MD should) (VP (VB know) (NP (NP (DT that)) (, ,) (NP (NNP Robert))))) (. .)))</parse>
      <deps>nsubj(know-3, You-1)
aux(know-3, should-2)
root(ROOT-0, know-3)
dobj(know-3, that-4)
appos(that-4, Robert-6)</deps>
      <events>
        <event id="e71" eiid="ei71" offset="3" string="know" tense="NONE" aspect="NONE" class="I_STATE" polarity="POS" modality="" happen="" lowerBoundDuration="" upperBoundDuration="" />
      </events>
      <timexes />
    </entry>
    <entry sid="47" file="9783732517695_023.txt">
      <sentence>Now I want to get to the tomb where my parents lie .</sentence>
      <tokens>
        <t>" " "Now" " "</t>
        <t>" " "I" " "</t>
        <t>" " "want" " "</t>
        <t>" " "to" " "</t>
        <t>" " "get" " "</t>
        <t>" " "to" " "</t>
        <t>" " "the" " "</t>
        <t>" " "tomb" " "</t>
        <t>" " "where" " "</t>
        <t>" " "my" " "</t>
        <t>" " "parents" " "</t>
        <t>" " "lie" ""</t>
        <t>"" "." " "</t>
      </tokens>
      <parse>(ROOT (S (ADVP (RB Now)) (NP (PRP I)) (VP (VBP want) (S (VP (TO to) (VP (VB get) (PP (TO to) (NP (DT the) (NN tomb))) (SBAR (WHADVP (WRB where)) (S (NP (PRP$ my) (NNS parents)) (VP (VBP lie)))))))) (. .)))</parse>
      <deps>advmod(want-3, Now-1)
nsubj(want-3, I-2)
xsubj(get-5, I-2)
root(ROOT-0, want-3)
aux(get-5, to-4)
xcomp(want-3, get-5)
det(tomb-8, the-7)
prep_to(get-5, tomb-8)
advmod(lie-12, where-9)
poss(parents-11, my-10)
nsubj(lie-12, parents-11)
advcl(get-5, lie-12)</deps>
      <events>
        <event id="e72" eiid="ei72" offset="3" string="want" tense="PRESENT" aspect="NONE" class="I_STATE" polarity="POS" modality="" happen="" lowerBoundDuration="" upperBoundDuration="" />
        <event id="e73" eiid="ei73" offset="5" string="get" tense="INFINITIVE" aspect="NONE" class="OCCURRENCE" polarity="POS" modality="" happen="" lowerBoundDuration="" upperBoundDuration="" />
        <event id="e74" eiid="ei74" offset="12" string="lie" tense="PRESENT" aspect="NONE" class="OCCURRENCE" polarity="POS" modality="" happen="" lowerBoundDuration="" upperBoundDuration="" />
      </events>
      <timexes>
        <timex tid="t4" text="Now" offset="1" length="1" type="DATE" value="PRESENT_REF" temporalFunction="false" />
      </timexes>
    </entry>
    <entry sid="48" file="9783732517695_023.txt">
      <sentence>Today I will not be denied . ''</sentence>
      <tokens>
        <t>" " "Today" " "</t>
        <t>" " "I" " "</t>
        <t>" " "will" " "</t>
        <t>" " "not" " "</t>
        <t>" " "be" " "</t>
        <t>" " "denied" ""</t>
        <t>"" "." ""</t>
        <t>"" """ " "</t>
      </tokens>
      <parse>(ROOT (S (NP (NN Today)) (NP (PRP I)) (VP (MD will) (RB not) (VP (VB be) (VP (VBN denied)))) (. .) ('' '')))</parse>
      <deps>tmod(denied-6, Today-1)
nsubjpass(denied-6, I-2)
aux(denied-6, will-3)
neg(denied-6, not-4)
auxpass(denied-6, be-5)
root(ROOT-0, denied-6)</deps>
      <events>
        <event id="e75" eiid="ei75" offset="6" string="denied" tense="NONE" aspect="NONE" class="OCCURRENCE" polarity="POS" modality="" happen="" lowerBoundDuration="" upperBoundDuration="" />
      </events>
      <timexes />
    </entry>
    <entry sid="49" file="9783732517695_023.txt">
      <sentence>Patrick left the hall .</sentence>
      <tokens>
        <t>" " "Patrick" " "</t>
        <t>" " "left" " "</t>
        <t>" " "the" " "</t>
        <t>" " "hall" ""</t>
        <t>"" "." " "</t>
      </tokens>
      <parse>(ROOT (S (NP (NNP Patrick)) (VP (VBD left) (NP (DT the) (NN hall))) (. .)))</parse>
      <deps>nsubj(left-2, Patrick-1)
root(ROOT-0, left-2)
det(hall-4, the-3)
dobj(left-2, hall-4)</deps>
      <events>
        <event id="e76" eiid="ei76" offset="2" string="left" tense="PAST" aspect="NONE" class="OCCURRENCE" polarity="POS" modality="" happen="" lowerBoundDuration="" upperBoundDuration="" />
      </events>
      <timexes />
    </entry>
    <entry sid="50" file="9783732517695_023.txt">
      <sentence>Slowly he walked through the park until he was at the large chapel of the castle , where the tomb of his ancestors was also located .</sentence>
      <tokens>
        <t>" " "Slowly" " "</t>
        <t>" " "he" " "</t>
        <t>" " "walked" " "</t>
        <t>" " "through" " "</t>
        <t>" " "the" " "</t>
        <t>" " "park" " "</t>
        <t>" " "until" " "</t>
        <t>" " "he" " "</t>
        <t>" " "was" " "</t>
        <t>" " "at" " "</t>
        <t>" " "the" " "</t>
        <t>" " "large" " "</t>
        <t>" " "chapel" " "</t>
        <t>" " "of" " "</t>
        <t>" " "the" " "</t>
        <t>" " "castle" ""</t>
        <t>"" "," " "</t>
        <t>" " "where" " "</t>
        <t>" " "the" " "</t>
        <t>" " "tomb" " "</t>
        <t>" " "of" " "</t>
        <t>" " "his" " "</t>
        <t>" " "ancestors" " "</t>
        <t>" " "was" " "</t>
        <t>" " "also" " "</t>
        <t>" " "located" ""</t>
        <t>"" "." ""</t>
      </tokens>
      <parse>(ROOT (S (ADVP (RB Slowly)) (NP (PRP he)) (VP (VBD walked) (PP (IN through) (NP (DT the) (NN park))) (SBAR (IN until) (S (NP (PRP he)) (VP (VBD was) (PP (IN at) (NP (NP (DT the) (JJ large) (NN chapel)) (PP (IN of) (NP (NP (DT the) (NN castle)) (, ,) (SBAR (WHADVP (WRB where)) (S (NP (NP (DT the) (NN tomb)) (PP (IN of) (NP (PRP$ his) (NNS ancestors)))) (VP (VBD was) (VP (ADVP (RB also)) (VBN located))))))))))))) (. .)))</parse>
      <deps>advmod(walked-3, Slowly-1)
nsubj(walked-3, he-2)
root(ROOT-0, walked-3)
det(park-6, the-5)
prep_through(walked-3, park-6)
mark(was-9, until-7)
nsubj(was-9, he-8)
advcl(walked-3, was-9)
det(chapel-13, the-11)
amod(chapel-13, large-12)
prep_at(was-9, chapel-13)
det(castle-16, the-15)
prep_of(chapel-13, castle-16)
advmod(located-26, where-18)
det(tomb-20, the-19)
nsubjpass(located-26, tomb-20)
poss(ancestors-23, his-22)
prep_of(tomb-20, ancestors-23)
auxpass(located-26, was-24)
advmod(located-26, also-25)
rcmod(castle-16, located-26)</deps>
      <events>
        <event id="e77" eiid="ei77" offset="3" string="walked" tense="PAST" aspect="NONE" class="OCCURRENCE" polarity="POS" modality="" happen="" lowerBoundDuration="" upperBoundDuration="" />
        <event id="e78" eiid="ei78" offset="26" string="located" tense="PAST" aspect="NONE" class="OCCURRENCE" polarity="POS" modality="" happen="" lowerBoundDuration="" upperBoundDuration="" />
      </events>
      <timexes />
    </entry>
    <tlink event1="ei17" event2="t2" relation="IS_INCLUDED" closed="false" origin="AdjacentVerbTimex" type="et" />
    <tlink event1="ei72" event2="t4" relation="VAGUE" closed="false" origin="AdjacentVerbTimex" type="et" />
    <tlink event1="ei2" event2="ei1" relation="AFTER" closed="false" origin="RepEventGovEvent" type="ee" />
    <tlink event1="ei19" event2="ei20" relation="BEFORE" closed="false" origin="ReichenbachDG13" type="ee" />
    <tlink event1="ei20" event2="ei22" relation="AFTER" closed="false" origin="ReichenbachDG13" type="ee" />
    <tlink event1="ei22" event2="ei24" relation="BEFORE" closed="false" origin="ReichenbachDG13" type="ee" />
    <tlink event1="ei23" event2="ei24" relation="BEFORE" closed="false" origin="ReichenbachDG13" type="ee" />
    <tlink event1="ei52" event2="ei53" relation="BEFORE" closed="false" origin="ReichenbachDG13" type="ee" />
    <tlink event1="ei53" event2="ei57" relation="AFTER" closed="false" origin="ReichenbachDG13" type="ee" />
    <tlink event1="ei56" event2="ei57" relation="AFTER" closed="false" origin="ReichenbachDG13" type="ee" />
    <tlink event1="ei57" event2="ei58" relation="BEFORE" closed="false" origin="ReichenbachDG13" type="ee" />
    <tlink event1="ei63" event2="ei66" relation="BEFORE" closed="false" origin="ReichenbachDG13" type="ee" />
    <tlink event1="ei71" event2="ei72" relation="AFTER" closed="false" origin="ReichenbachDG13" type="ee" />
    <tlink event1="ei71" event2="ei74" relation="AFTER" closed="false" origin="ReichenbachDG13" type="ee" />
    <tlink event1="ei72" event2="ei75" relation="BEFORE" closed="false" origin="ReichenbachDG13" type="ee" />
    <tlink event1="ei74" event2="ei75" relation="BEFORE" closed="false" origin="ReichenbachDG13" type="ee" />
    <tlink event1="ei75" event2="ei76" relation="AFTER" closed="false" origin="ReichenbachDG13" type="ee" />
    <tlink event1="ei3" event2="ei4" relation="VAGUE" closed="false" origin="XCompDepSieve" type="ee" />
    <tlink event1="ei3" event2="ei5" relation="VAGUE" closed="false" origin="XCompDepSieve" type="ee" />
    <tlink event1="ei10" event2="ei9" relation="AFTER" closed="false" origin="XCompDepSieve" type="ee" />
    <tlink event1="ei10" event2="ei11" relation="VAGUE" closed="false" origin="XCompDepSieve" type="ee" />
    <tlink event1="ei12" event2="ei13" relation="VAGUE" closed="false" origin="XCompDepSieve" type="ee" />
    <tlink event1="ei15" event2="ei16" relation="BEFORE" closed="false" origin="XCompDepSieve" type="ee" />
    <tlink event1="ei17" event2="ei18" relation="VAGUE" closed="false" origin="XCompDepSieve" type="ee" />
    <tlink event1="ei20" event2="ei21" relation="VAGUE" closed="false" origin="XCompDepSieve" type="ee" />
    <tlink event1="ei24" event2="ei25" relation="BEFORE" closed="false" origin="XCompDepSieve" type="ee" />
    <tlink event1="ei30" event2="ei31" relation="BEFORE" closed="false" origin="XCompDepSieve" type="ee" />
    <tlink event1="ei33" event2="ei34" relation="VAGUE" closed="false" origin="XCompDepSieve" type="ee" />
    <tlink event1="ei36" event2="ei35" relation="VAGUE" closed="false" origin="XCompDepSieve" type="ee" />
    <tlink event1="ei36" event2="ei37" relation="BEFORE" closed="false" origin="XCompDepSieve" type="ee" />
    <tlink event1="ei38" event2="ei39" relation="BEFORE" closed="false" origin="XCompDepSieve" type="ee" />
    <tlink event1="ei41" event2="ei42" relation="BEFORE" closed="false" origin="XCompDepSieve" type="ee" />
    <tlink event1="ei43" event2="ei44" relation="VAGUE" closed="false" origin="XCompDepSieve" type="ee" />
    <tlink event1="ei46" event2="ei47" relation="BEFORE" closed="false" origin="XCompDepSieve" type="ee" />
    <tlink event1="ei54" event2="ei55" relation="BEFORE" closed="false" origin="XCompDepSieve" type="ee" />
    <tlink event1="ei65" event2="ei66" relation="BEFORE" closed="false" origin="XCompDepSieve" type="ee" />
    <tlink event1="ei67" event2="ei68" relation="AFTER" closed="false" origin="XCompDepSieve" type="ee" />
    <tlink event1="ei72" event2="ei73" relation="BEFORE" closed="false" origin="XCompDepSieve" type="ee" />
    <tlink event1="ei22" event2="ei25" relation="BEFORE" closed="true" origin="XCompDepSieve" type="ee" />
    <tlink event1="ei23" event2="ei25" relation="BEFORE" closed="true" origin="XCompDepSieve" type="ee" />
    <tlink event1="ei36" event2="ei38" relation="VAGUE" closed="false" origin="WordNet209" type="ee" />
    <tlink event1="ei45" event2="ei48" relation="VAGUE" closed="false" origin="WordNet209" type="ee" />
    <tlink event1="ei53" event2="ei54" relation="VAGUE" closed="false" origin="WordNet209" type="ee" />
    <tlink event1="ei18" event2="t2" relation="VAGUE" closed="false" origin="MLEventTimeSameSent" type="et" />
    <tlink event1="ei73" event2="t4" relation="VAGUE" closed="false" origin="MLEventTimeSameSent" type="et" />
    <tlink event1="ei74" event2="t4" relation="BEFORE" closed="false" origin="MLEventTimeSameSent" type="et" />
    <tlink event1="ei7" event2="ei8" relation="VAGUE" closed="false" origin="MLEventEventDominates" type="ee" />
    <tlink event1="ei45" event2="ei46" relation="VAGUE" closed="false" origin="MLEventEventDominates" type="ee" />
    <tlink event1="ei45" event2="ei47" relation="VAGUE" closed="false" origin="MLEventEventDominates" type="ee" />
    <tlink event1="ei53" event2="ei55" relation="VAGUE" closed="false" origin="MLEventEventDominates" type="ee" />
    <tlink event1="ei63" event2="ei64" relation="VAGUE" closed="false" origin="MLEventEventDominates" type="ee" />
    <tlink event1="ei72" event2="ei74" relation="VAGUE" closed="false" origin="MLEventEventDominates" type="ee" />
    <tlink event1="ei73" event2="ei74" relation="VAGUE" closed="false" origin="MLEventEventDominates" type="ee" />
    <tlink event1="ei77" event2="ei78" relation="AFTER" closed="false" origin="MLEventEventDominates" type="ee" />
    <tlink event1="ei4" event2="ei5" relation="VAGUE" closed="false" origin="MLEventEventSameSent" type="ee" />
    <tlink event1="ei6" event2="ei7" relation="VAGUE" closed="false" origin="MLEventEventSameSent" type="ee" />
    <tlink event1="ei6" event2="ei8" relation="VAGUE" closed="false" origin="MLEventEventSameSent" type="ee" />
    <tlink event1="ei9" event2="ei11" relation="VAGUE" closed="false" origin="MLEventEventSameSent" type="ee" />
    <tlink event1="ei35" event2="ei37" relation="VAGUE" closed="false" origin="MLEventEventSameSent" type="ee" />
    <tlink event1="ei38" event2="ei40" relation="VAGUE" closed="false" origin="MLEventEventSameSent" type="ee" />
    <tlink event1="ei39" event2="ei40" relation="VAGUE" closed="false" origin="MLEventEventSameSent" type="ee" />
    <tlink event1="ei48" event2="ei49" relation="VAGUE" closed="false" origin="MLEventEventSameSent" type="ee" />
    <tlink event1="ei51" event2="ei52" relation="VAGUE" closed="false" origin="MLEventEventSameSent" type="ee" />
    <tlink event1="ei1" event2="ei3" relation="VAGUE" closed="false" origin="AllVagueSieve" type="ee" />
    <tlink event1="ei1" event2="ei4" relation="VAGUE" closed="false" origin="AllVagueSieve" type="ee" />
    <tlink event1="ei1" event2="ei5" relation="VAGUE" closed="false" origin="AllVagueSieve" type="ee" />
    <tlink event1="ei2" event2="ei3" relation="VAGUE" closed="false" origin="AllVagueSieve" type="ee" />
    <tlink event1="ei2" event2="ei4" relation="VAGUE" closed="false" origin="AllVagueSieve" type="ee" />
    <tlink event1="ei2" event2="ei5" relation="VAGUE" closed="false" origin="AllVagueSieve" type="ee" />
    <tlink event1="ei3" event2="ei6" relation="VAGUE" closed="false" origin="AllVagueSieve" type="ee" />
    <tlink event1="ei3" event2="ei7" relation="VAGUE" closed="false" origin="AllVagueSieve" type="ee" />
    <tlink event1="ei3" event2="ei8" relation="VAGUE" closed="false" origin="AllVagueSieve" type="ee" />
    <tlink event1="ei4" event2="ei6" relation="VAGUE" closed="false" origin="AllVagueSieve" type="ee" />
    <tlink event1="ei4" event2="ei7" relation="VAGUE" closed="false" origin="AllVagueSieve" type="ee" />
    <tlink event1="ei4" event2="ei8" relation="VAGUE" closed="false" origin="AllVagueSieve" type="ee" />
    <tlink event1="ei5" event2="ei6" relation="VAGUE" closed="false" origin="AllVagueSieve" type="ee" />
    <tlink event1="ei5" event2="ei7" relation="VAGUE" closed="false" origin="AllVagueSieve" type="ee" />
    <tlink event1="ei5" event2="ei8" relation="VAGUE" closed="false" origin="AllVagueSieve" type="ee" />
    <tlink event1="ei6" event2="ei9" relation="VAGUE" closed="false" origin="AllVagueSieve" type="ee" />
    <tlink event1="ei6" event2="ei10" relation="VAGUE" closed="false" origin="AllVagueSieve" type="ee" />
    <tlink event1="ei6" event2="ei11" relation="VAGUE" closed="false" origin="AllVagueSieve" type="ee" />
    <tlink event1="ei7" event2="ei9" relation="VAGUE" closed="false" origin="AllVagueSieve" type="ee" />
    <tlink event1="ei7" event2="ei10" relation="VAGUE" closed="false" origin="AllVagueSieve" type="ee" />
    <tlink event1="ei7" event2="ei11" relation="VAGUE" closed="false" origin="AllVagueSieve" type="ee" />
    <tlink event1="ei8" event2="ei9" relation="VAGUE" closed="false" origin="AllVagueSieve" type="ee" />
    <tlink event1="ei8" event2="ei10" relation="VAGUE" closed="false" origin="AllVagueSieve" type="ee" />
    <tlink event1="ei8" event2="ei11" relation="VAGUE" closed="false" origin="AllVagueSieve" type="ee" />
    <tlink event1="ei9" event2="ei12" relation="VAGUE" closed="false" origin="AllVagueSieve" type="ee" />
    <tlink event1="ei9" event2="ei13" relation="VAGUE" closed="false" origin="AllVagueSieve" type="ee" />
    <tlink event1="ei10" event2="ei12" relation="VAGUE" closed="false" origin="AllVagueSieve" type="ee" />
    <tlink event1="ei10" event2="ei13" relation="VAGUE" closed="false" origin="AllVagueSieve" type="ee" />
    <tlink event1="ei11" event2="ei12" relation="VAGUE" closed="false" origin="AllVagueSieve" type="ee" />
    <tlink event1="ei11" event2="ei13" relation="VAGUE" closed="false" origin="AllVagueSieve" type="ee" />
    <tlink event1="ei14" event2="t1" relation="VAGUE" closed="false" origin="AllVagueSieve" type="et" />
    <tlink event1="t1" event2="ei15" relation="VAGUE" closed="false" origin="AllVagueSieve" type="et" />
    <tlink event1="t1" event2="ei16" relation="VAGUE" closed="false" origin="AllVagueSieve" type="et" />
    <tlink event1="ei15" event2="ei17" relation="VAGUE" closed="false" origin="AllVagueSieve" type="ee" />
    <tlink event1="ei15" event2="ei18" relation="VAGUE" closed="false" origin="AllVagueSieve" type="ee" />
    <tlink event1="ei15" event2="t2" relation="VAGUE" closed="false" origin="AllVagueSieve" type="et" />
    <tlink event1="ei16" event2="ei17" relation="VAGUE" closed="false" origin="AllVagueSieve" type="ee" />
    <tlink event1="ei16" event2="ei18" relation="VAGUE" closed="false" origin="AllVagueSieve" type="ee" />
    <tlink event1="ei16" event2="t2" relation="VAGUE" closed="false" origin="AllVagueSieve" type="et" />
    <tlink event1="ei17" event2="ei19" relation="VAGUE" closed="false" origin="AllVagueSieve" type="ee" />
    <tlink event1="ei18" event2="ei19" relation="VAGUE" closed="false" origin="AllVagueSieve" type="ee" />
    <tlink event1="t2" event2="ei19" relation="VAGUE" closed="false" origin="AllVagueSieve" type="et" />
    <tlink event1="ei19" event2="ei21" relation="VAGUE" closed="false" origin="AllVagueSieve" type="ee" />
    <tlink event1="ei21" event2="ei22" relation="VAGUE" closed="false" origin="AllVagueSieve" type="ee" />
    <tlink event1="ei22" event2="ei23" relation="VAGUE" closed="false" origin="AllVagueSieve" type="ee" />
    <tlink event1="ei26" event2="ei27" relation="VAGUE" closed="false" origin="AllVagueSieve" type="ee" />
    <tlink event1="ei27" event2="ei28" relation="VAGUE" closed="false" origin="AllVagueSieve" type="ee" />
    <tlink event1="ei28" event2="ei29" relation="VAGUE" closed="false" origin="AllVagueSieve" type="ee" />
    <tlink event1="ei29" event2="ei30" relation="VAGUE" closed="false" origin="AllVagueSieve" type="ee" />
    <tlink event1="ei29" event2="ei31" relation="VAGUE" closed="false" origin="AllVagueSieve" type="ee" />
    <tlink event1="ei30" event2="ei32" relation="VAGUE" closed="false" origin="AllVagueSieve" type="ee" />
    <tlink event1="ei31" event2="ei32" relation="VAGUE" closed="false" origin="AllVagueSieve" type="ee" />
    <tlink event1="ei32" event2="ei33" relation="VAGUE" closed="false" origin="AllVagueSieve" type="ee" />
    <tlink event1="ei32" event2="ei34" relation="VAGUE" closed="false" origin="AllVagueSieve" type="ee" />
    <tlink event1="ei33" event2="ei35" relation="VAGUE" closed="false" origin="AllVagueSieve" type="ee" />
    <tlink event1="ei33" event2="ei36" relation="VAGUE" closed="false" origin="AllVagueSieve" type="ee" />
    <tlink event1="ei33" event2="ei37" relation="VAGUE" closed="false" origin="AllVagueSieve" type="ee" />
    <tlink event1="ei34" event2="ei35" relation="VAGUE" closed="false" origin="AllVagueSieve" type="ee" />
    <tlink event1="ei34" event2="ei36" relation="VAGUE" closed="false" origin="AllVagueSieve" type="ee" />
    <tlink event1="ei34" event2="ei37" relation="VAGUE" closed="false" origin="AllVagueSieve" type="ee" />
    <tlink event1="ei35" event2="ei38" relation="VAGUE" closed="false" origin="AllVagueSieve" type="ee" />
    <tlink event1="ei35" event2="ei39" relation="VAGUE" closed="false" origin="AllVagueSieve" type="ee" />
    <tlink event1="ei35" event2="ei40" relation="VAGUE" closed="false" origin="AllVagueSieve" type="ee" />
    <tlink event1="ei36" event2="ei39" relation="VAGUE" closed="false" origin="AllVagueSieve" type="ee" />
    <tlink event1="ei36" event2="ei40" relation="VAGUE" closed="false" origin="AllVagueSieve" type="ee" />
    <tlink event1="ei37" event2="ei38" relation="VAGUE" closed="false" origin="AllVagueSieve" type="ee" />
    <tlink event1="ei37" event2="ei39" relation="VAGUE" closed="false" origin="AllVagueSieve" type="ee" />
    <tlink event1="ei37" event2="ei40" relation="VAGUE" closed="false" origin="AllVagueSieve" type="ee" />
    <tlink event1="ei38" event2="ei41" relation="VAGUE" closed="false" origin="AllVagueSieve" type="ee" />
    <tlink event1="ei38" event2="ei42" relation="VAGUE" closed="false" origin="AllVagueSieve" type="ee" />
    <tlink event1="ei39" event2="ei41" relation="VAGUE" closed="false" origin="AllVagueSieve" type="ee" />
    <tlink event1="ei39" event2="ei42" relation="VAGUE" closed="false" origin="AllVagueSieve" type="ee" />
    <tlink event1="ei40" event2="ei41" relation="VAGUE" closed="false" origin="AllVagueSieve" type="ee" />
    <tlink event1="ei40" event2="ei42" relation="VAGUE" closed="false" origin="AllVagueSieve" type="ee" />
    <tlink event1="ei41" event2="ei43" relation="VAGUE" closed="false" origin="AllVagueSieve" type="ee" />
    <tlink event1="ei41" event2="ei44" relation="VAGUE" closed="false" origin="AllVagueSieve" type="ee" />
    <tlink event1="ei42" event2="ei43" relation="VAGUE" closed="false" origin="AllVagueSieve" type="ee" />
    <tlink event1="ei42" event2="ei44" relation="VAGUE" closed="false" origin="AllVagueSieve" type="ee" />
    <tlink event1="ei43" event2="ei45" relation="VAGUE" closed="false" origin="AllVagueSieve" type="ee" />
    <tlink event1="ei43" event2="ei46" relation="VAGUE" closed="false" origin="AllVagueSieve" type="ee" />
    <tlink event1="ei43" event2="ei47" relation="VAGUE" closed="false" origin="AllVagueSieve" type="ee" />
    <tlink event1="ei44" event2="ei45" relation="VAGUE" closed="false" origin="AllVagueSieve" type="ee" />
    <tlink event1="ei44" event2="ei46" relation="VAGUE" closed="false" origin="AllVagueSieve" type="ee" />
    <tlink event1="ei44" event2="ei47" relation="VAGUE" closed="false" origin="AllVagueSieve" type="ee" />
    <tlink event1="ei45" event2="ei49" relation="VAGUE" closed="false" origin="AllVagueSieve" type="ee" />
    <tlink event1="ei46" event2="ei48" relation="VAGUE" closed="false" origin="AllVagueSieve" type="ee" />
    <tlink event1="ei46" event2="ei49" relation="VAGUE" closed="false" origin="AllVagueSieve" type="ee" />
    <tlink event1="ei47" event2="ei48" relation="VAGUE" closed="false" origin="AllVagueSieve" type="ee" />
    <tlink event1="ei47" event2="ei49" relation="VAGUE" closed="false" origin="AllVagueSieve" type="ee" />
    <tlink event1="ei48" event2="ei50" relation="VAGUE" closed="false" origin="AllVagueSieve" type="ee" />
    <tlink event1="ei49" event2="ei50" relation="VAGUE" closed="false" origin="AllVagueSieve" type="ee" />
    <tlink event1="ei50" event2="ei51" relation="VAGUE" closed="false" origin="AllVagueSieve" type="ee" />
    <tlink event1="ei50" event2="ei52" relation="VAGUE" closed="false" origin="AllVagueSieve" type="ee" />
    <tlink event1="ei51" event2="ei53" relation="VAGUE" closed="false" origin="AllVagueSieve" type="ee" />
    <tlink event1="ei51" event2="ei54" relation="VAGUE" closed="false" origin="AllVagueSieve" type="ee" />
    <tlink event1="ei51" event2="ei55" relation="VAGUE" closed="false" origin="AllVagueSieve" type="ee" />
    <tlink event1="ei52" event2="ei54" relation="VAGUE" closed="false" origin="AllVagueSieve" type="ee" />
    <tlink event1="ei52" event2="ei55" relation="VAGUE" closed="false" origin="AllVagueSieve" type="ee" />
    <tlink event1="ei53" event2="ei56" relation="VAGUE" closed="false" origin="AllVagueSieve" type="ee" />
    <tlink event1="ei54" event2="ei56" relation="VAGUE" closed="false" origin="AllVagueSieve" type="ee" />
    <tlink event1="ei54" event2="ei57" relation="VAGUE" closed="false" origin="AllVagueSieve" type="ee" />
    <tlink event1="ei55" event2="ei56" relation="VAGUE" closed="false" origin="AllVagueSieve" type="ee" />
    <tlink event1="ei55" event2="ei57" relation="VAGUE" closed="false" origin="AllVagueSieve" type="ee" />
    <tlink event1="ei56" event2="ei58" relation="VAGUE" closed="false" origin="AllVagueSieve" type="ee" />
    <tlink event1="ei59" event2="ei60" relation="VAGUE" closed="false" origin="AllVagueSieve" type="ee" />
    <tlink event1="ei60" event2="ei61" relation="VAGUE" closed="false" origin="AllVagueSieve" type="ee" />
    <tlink event1="ei63" event2="ei65" relation="VAGUE" closed="false" origin="AllVagueSieve" type="ee" />
    <tlink event1="ei64" event2="ei65" relation="VAGUE" closed="false" origin="AllVagueSieve" type="ee" />
    <tlink event1="ei64" event2="ei66" relation="VAGUE" closed="false" origin="AllVagueSieve" type="ee" />
    <tlink event1="ei65" event2="t3" relation="VAGUE" closed="false" origin="AllVagueSieve" type="et" />
    <tlink event1="ei66" event2="t3" relation="VAGUE" closed="false" origin="AllVagueSieve" type="et" />
    <tlink event1="t3" event2="ei67" relation="VAGUE" closed="false" origin="AllVagueSieve" type="et" />
    <tlink event1="t3" event2="ei68" relation="VAGUE" closed="false" origin="AllVagueSieve" type="et" />
    <tlink event1="ei67" event2="ei69" relation="VAGUE" closed="false" origin="AllVagueSieve" type="ee" />
    <tlink event1="ei68" event2="ei69" relation="VAGUE" closed="false" origin="AllVagueSieve" type="ee" />
    <tlink event1="ei69" event2="ei70" relation="VAGUE" closed="false" origin="AllVagueSieve" type="ee" />
    <tlink event1="ei70" event2="ei71" relation="VAGUE" closed="false" origin="AllVagueSieve" type="ee" />
    <tlink event1="ei71" event2="ei73" relation="VAGUE" closed="false" origin="AllVagueSieve" type="ee" />
    <tlink event1="ei71" event2="t4" relation="VAGUE" closed="false" origin="AllVagueSieve" type="et" />
    <tlink event1="ei73" event2="ei75" relation="VAGUE" closed="false" origin="AllVagueSieve" type="ee" />
    <tlink event1="t4" event2="ei75" relation="VAGUE" closed="false" origin="AllVagueSieve" type="et" />
    <tlink event1="ei76" event2="ei77" relation="VAGUE" closed="false" origin="AllVagueSieve" type="ee" />
    <tlink event1="ei76" event2="ei78" relation="VAGUE" closed="false" origin="AllVagueSieve" type="ee" />
  </file>
</root>

