<?xml version="1.0" encoding="UTF-8"?>
<root xmlns="http://chambers.com/corpusinfo">
  <file name="9783732522033_059.txt">
    <entry sid="0" file="9783732522033_059.txt">
      <sentence>She lay like that for a while until the opening and closing of a door reached her ear .</sentence>
      <tokens>
        <t>"" "She" " "</t>
        <t>" " "lay" " "</t>
        <t>" " "like" " "</t>
        <t>" " "that" " "</t>
        <t>" " "for" " "</t>
        <t>" " "a" " "</t>
        <t>" " "while" " "</t>
        <t>" " "until" " "</t>
        <t>" " "the" " "</t>
        <t>" " "opening" " "</t>
        <t>" " "and" " "</t>
        <t>" " "closing" " "</t>
        <t>" " "of" " "</t>
        <t>" " "a" " "</t>
        <t>" " "door" " "</t>
        <t>" " "reached" " "</t>
        <t>" " "her" " "</t>
        <t>" " "ear" ""</t>
        <t>"" "." " "</t>
      </tokens>
      <parse>(ROOT (S (NP (PRP She)) (VP (VBD lay) (PP (IN like) (NP (NP (DT that)) (PP (IN for) (NP (DT a) (NN while))))) (SBAR (IN until) (S (NP (NP (DT the) (VBG opening) (CC and) (VBG closing)) (PP (IN of) (NP (DT a) (NN door)))) (VP (VBD reached) (NP (PRP$ her) (NN ear)))))) (. .)))</parse>
      <deps>nsubj(lay-2, She-1)
root(ROOT-0, lay-2)
prep_like(lay-2, that-4)
det(while-7, a-6)
prep_for(that-4, while-7)
mark(reached-16, until-8)
nsubj(reached-16, the-9)
amod(the-9, opening-10)
conj_and(the-9, closing-12)
nsubj(reached-16, closing-12)
det(door-15, a-14)
prep_of(the-9, door-15)
advcl(lay-2, reached-16)
poss(ear-18, her-17)
dobj(reached-16, ear-18)</deps>
      <events>
        <event id="e1" eiid="ei1" offset="2" string="lay" tense="PAST" aspect="NONE" class="OCCURRENCE" polarity="POS" modality="" happen="" lowerBoundDuration="" upperBoundDuration="" />
        <event id="e2" eiid="ei2" offset="12" string="closing" tense="NONE" aspect="NONE" class="OCCURRENCE" polarity="POS" modality="" happen="" lowerBoundDuration="" upperBoundDuration="" />
        <event id="e3" eiid="ei3" offset="16" string="reached" tense="PAST" aspect="NONE" class="OCCURRENCE" polarity="POS" modality="" happen="" lowerBoundDuration="" upperBoundDuration="" />
      </events>
      <timexes />
    </entry>
    <entry sid="1" file="9783732522033_059.txt">
      <sentence>It was the door that led to Griseldis ' room .</sentence>
      <tokens>
        <t>" " "It" " "</t>
        <t>" " "was" " "</t>
        <t>" " "the" " "</t>
        <t>" " "door" " "</t>
        <t>" " "that" " "</t>
        <t>" " "led" " "</t>
        <t>" " "to" " "</t>
        <t>" " "Griseldis" ""</t>
        <t>"" "'" " "</t>
        <t>" " "room" ""</t>
        <t>"" "." " "</t>
      </tokens>
      <parse>(ROOT (S (NP (PRP It)) (VP (VBD was) (NP (NP (DT the) (NN door)) (SBAR (WHNP (WDT that)) (S (VP (VBN led) (PP (TO to) (NP (NP (NNP Griseldis) (POS ')) (NN room)))))))) (. .)))</parse>
      <deps>nsubj(door-4, It-1)
cop(door-4, was-2)
det(door-4, the-3)
root(ROOT-0, door-4)
nsubj(led-6, door-4)
rcmod(door-4, led-6)
poss(room-10, Griseldis-8)
prep_to(led-6, room-10)</deps>
      <events>
        <event id="e4" eiid="ei4" offset="6" string="led" tense="PAST" aspect="NONE" class="OCCURRENCE" polarity="POS" modality="" happen="" lowerBoundDuration="" upperBoundDuration="" />
      </events>
      <timexes />
    </entry>
    <entry sid="2" file="9783732522033_059.txt">
      <sentence>Beate heard a light step hurrying past her door .</sentence>
      <tokens>
        <t>" " "Beate" " "</t>
        <t>" " "heard" " "</t>
        <t>" " "a" " "</t>
        <t>" " "light" " "</t>
        <t>" " "step" " "</t>
        <t>" " "hurrying" " "</t>
        <t>" " "past" " "</t>
        <t>" " "her" " "</t>
        <t>" " "door" ""</t>
        <t>"" "." " "</t>
      </tokens>
      <parse>(ROOT (S (NP (NNP Beate)) (VP (VBD heard) (NP (NP (DT a) (JJ light) (NN step)) (VP (VBG hurrying) (PP (IN past) (NP (PRP$ her) (NN door)))))) (. .)))</parse>
      <deps>nsubj(heard-2, Beate-1)
root(ROOT-0, heard-2)
det(step-5, a-3)
amod(step-5, light-4)
dobj(heard-2, step-5)
partmod(step-5, hurrying-6)
poss(door-9, her-8)
prep_past(hurrying-6, door-9)</deps>
      <events>
        <event id="e5" eiid="ei5" offset="2" string="heard" tense="PAST" aspect="NONE" class="REPORTING" polarity="POS" modality="" happen="" lowerBoundDuration="" upperBoundDuration="" />
      </events>
      <timexes>
        <timex tid="t1" text="past" offset="7" length="1" type="DATE" value="PAST_REF" temporalFunction="false" />
      </timexes>
    </entry>
    <entry sid="3" file="9783732522033_059.txt">
      <sentence>It was Griseldis ' step .</sentence>
      <tokens>
        <t>" " "It" " "</t>
        <t>" " "was" " "</t>
        <t>" " "Griseldis" ""</t>
        <t>"" "'" " "</t>
        <t>" " "step" ""</t>
        <t>"" "." " "</t>
      </tokens>
      <parse>(ROOT (S (NP (PRP It)) (VP (VBD was) (NP (NP (NNP Griseldis) (POS ')) (NN step))) (. .)))</parse>
      <deps>nsubj(step-5, It-1)
cop(step-5, was-2)
poss(step-5, Griseldis-3)
root(ROOT-0, step-5)</deps>
      <events />
      <timexes />
    </entry>
    <entry sid="4" file="9783732522033_059.txt">
      <sentence>She knew it .</sentence>
      <tokens>
        <t>" " "She" " "</t>
        <t>" " "knew" " "</t>
        <t>" " "it" ""</t>
        <t>"" "." " "</t>
      </tokens>
      <parse>(ROOT (S (NP (PRP She)) (VP (VBD knew) (NP (PRP it))) (. .)))</parse>
      <deps>nsubj(knew-2, She-1)
root(ROOT-0, knew-2)
dobj(knew-2, it-3)</deps>
      <events>
        <event id="e6" eiid="ei6" offset="2" string="knew" tense="PAST" aspect="NONE" class="OCCURRENCE" polarity="POS" modality="" happen="" lowerBoundDuration="" upperBoundDuration="" />
      </events>
      <timexes />
    </entry>
    <entry sid="5" file="9783732522033_059.txt">
      <sentence>Like an animal , she crept toward the door .</sentence>
      <tokens>
        <t>" " "Like" " "</t>
        <t>" " "an" " "</t>
        <t>" " "animal" ""</t>
        <t>"" "," " "</t>
        <t>" " "she" " "</t>
        <t>" " "crept" " "</t>
        <t>" " "toward" " "</t>
        <t>" " "the" " "</t>
        <t>" " "door" ""</t>
        <t>"" "." " "</t>
      </tokens>
      <parse>(ROOT (S (PP (IN Like) (NP (DT an) (NN animal))) (, ,) (NP (PRP she)) (VP (VBD crept) (PP (IN toward) (NP (DT the) (NN door)))) (. .)))</parse>
      <deps>det(animal-3, an-2)
prep_like(crept-6, animal-3)
nsubj(crept-6, she-5)
root(ROOT-0, crept-6)
det(door-9, the-8)
prep_toward(crept-6, door-9)</deps>
      <events>
        <event id="e7" eiid="ei7" offset="6" string="crept" tense="PAST" aspect="NONE" class="OCCURRENCE" polarity="POS" modality="" happen="" lowerBoundDuration="" upperBoundDuration="" />
      </events>
      <timexes />
    </entry>
    <entry sid="6" file="9783732522033_059.txt">
      <sentence>Quietly she opened the door and peered out .</sentence>
      <tokens>
        <t>" " "Quietly" " "</t>
        <t>" " "she" " "</t>
        <t>" " "opened" " "</t>
        <t>" " "the" " "</t>
        <t>" " "door" " "</t>
        <t>" " "and" " "</t>
        <t>" " "peered" " "</t>
        <t>" " "out" ""</t>
        <t>"" "." " "</t>
      </tokens>
      <parse>(ROOT (S (ADVP (RB Quietly)) (NP (PRP she)) (VP (VP (VBD opened) (NP (DT the) (NN door))) (CC and) (VP (VBD peered) (PRT (RP out)))) (. .)))</parse>
      <deps>advmod(opened-3, Quietly-1)
nsubj(opened-3, she-2)
nsubj(peered-7, she-2)
root(ROOT-0, opened-3)
det(door-5, the-4)
dobj(opened-3, door-5)
conj_and(opened-3, peered-7)
prt(peered-7, out-8)</deps>
      <events>
        <event id="e8" eiid="ei8" offset="3" string="opened" tense="PAST" aspect="NONE" class="I_ACTION" polarity="POS" modality="" happen="" lowerBoundDuration="" upperBoundDuration="" />
        <event id="e9" eiid="ei9" offset="7" string="peered" tense="PAST" aspect="NONE" class="OCCURRENCE" polarity="POS" modality="" happen="" lowerBoundDuration="" upperBoundDuration="" />
      </events>
      <timexes />
    </entry>
    <entry sid="7" file="9783732522033_059.txt">
      <sentence>Just then she saw Griseldis disappear on the stairs .</sentence>
      <tokens>
        <t>" " "Just" " "</t>
        <t>" " "then" " "</t>
        <t>" " "she" " "</t>
        <t>" " "saw" " "</t>
        <t>" " "Griseldis" " "</t>
        <t>" " "disappear" " "</t>
        <t>" " "on" " "</t>
        <t>" " "the" " "</t>
        <t>" " "stairs" ""</t>
        <t>"" "." " "</t>
      </tokens>
      <parse>(ROOT (S (RB Just) (ADVP (RB then)) (NP (PRP she)) (VP (VBD saw) (SBAR (S (NP (NNP Griseldis)) (VP (VBP disappear) (PP (IN on) (NP (DT the) (NNS stairs))))))) (. .)))</parse>
      <deps>advmod(saw-4, Just-1)
advmod(saw-4, then-2)
nsubj(saw-4, she-3)
root(ROOT-0, saw-4)
nsubj(disappear-6, Griseldis-5)
ccomp(saw-4, disappear-6)
det(stairs-9, the-8)
prep_on(disappear-6, stairs-9)</deps>
      <events>
        <event id="e10" eiid="ei10" offset="4" string="saw" tense="PAST" aspect="NONE" class="OCCURRENCE" polarity="POS" modality="" happen="" lowerBoundDuration="" upperBoundDuration="" />
        <event id="e11" eiid="ei11" offset="6" string="disappear" tense="PRESENT" aspect="NONE" class="STATE" polarity="POS" modality="" happen="" lowerBoundDuration="" upperBoundDuration="" />
      </events>
      <timexes />
    </entry>
    <entry sid="8" file="9783732522033_059.txt">
      <sentence>She stepped to the window .</sentence>
      <tokens>
        <t>" " "She" " "</t>
        <t>" " "stepped" " "</t>
        <t>" " "to" " "</t>
        <t>" " "the" " "</t>
        <t>" " "window" ""</t>
        <t>"" "." " "</t>
      </tokens>
      <parse>(ROOT (S (NP (PRP She)) (VP (VBD stepped) (PP (TO to) (NP (DT the) (NN window)))) (. .)))</parse>
      <deps>nsubj(stepped-2, She-1)
root(ROOT-0, stepped-2)
det(window-5, the-4)
prep_to(stepped-2, window-5)</deps>
      <events>
        <event id="e12" eiid="ei12" offset="2" string="stepped" tense="PAST" aspect="NONE" class="OCCURRENCE" polarity="POS" modality="" happen="" lowerBoundDuration="" upperBoundDuration="" />
      </events>
      <timexes />
    </entry>
    <entry sid="9" file="9783732522033_059.txt">
      <sentence>Down there she went , the blond witch .</sentence>
      <tokens>
        <t>" " "Down" " "</t>
        <t>" " "there" " "</t>
        <t>" " "she" " "</t>
        <t>" " "went" ""</t>
        <t>"" "," " "</t>
        <t>" " "the" " "</t>
        <t>" " "blond" " "</t>
        <t>" " "witch" ""</t>
        <t>"" "." " "</t>
      </tokens>
      <parse>(ROOT (S (PP (IN Down) (NP (RB there))) (NP (PRP she)) (VP (VBD went)) (, ,) (X (NP (DT the) (JJ blond) (NN witch))) (. .)))</parse>
      <deps>prep(went-4, Down-1)
pobj(Down-1, there-2)
nsubj(went-4, she-3)
root(ROOT-0, went-4)
det(witch-8, the-6)
amod(witch-8, blond-7)
dep(went-4, witch-8)</deps>
      <events>
        <event id="e13" eiid="ei13" offset="4" string="went" tense="PAST" aspect="NONE" class="OCCURRENCE" polarity="POS" modality="" happen="" lowerBoundDuration="" upperBoundDuration="" />
      </events>
      <timexes />
    </entry>
    <entry sid="10" file="9783732522033_059.txt">
      <sentence>She went over to the tower .</sentence>
      <tokens>
        <t>" " "She" " "</t>
        <t>" " "went" " "</t>
        <t>" " "over" " "</t>
        <t>" " "to" " "</t>
        <t>" " "the" " "</t>
        <t>" " "tower" ""</t>
        <t>"" "." " "</t>
      </tokens>
      <parse>(ROOT (S (NP (PRP She)) (VP (VBD went) (PRT (RP over)) (PP (TO to) (NP (DT the) (NN tower)))) (. .)))</parse>
      <deps>nsubj(went-2, She-1)
root(ROOT-0, went-2)
prt(went-2, over-3)
det(tower-6, the-5)
prep_to(went-2, tower-6)</deps>
      <events>
        <event id="e14" eiid="ei14" offset="2" string="went" tense="PAST" aspect="NONE" class="OCCURRENCE" polarity="POS" modality="" happen="" lowerBoundDuration="" upperBoundDuration="" />
      </events>
      <timexes />
    </entry>
    <entry sid="11" file="9783732522033_059.txt">
      <sentence>What was she always doing there ?</sentence>
      <tokens>
        <t>" " "What" " "</t>
        <t>" " "was" " "</t>
        <t>" " "she" " "</t>
        <t>" " "always" " "</t>
        <t>" " "doing" " "</t>
        <t>" " "there" ""</t>
        <t>"" "?" " "</t>
      </tokens>
      <parse>(ROOT (SBARQ (WHNP (WP What)) (SQ (VBD was) (NP (PRP she)) (VP (ADVP (RB always)) (VBG doing) (NP (RB there)))) (. ?)))</parse>
      <deps>dep(doing-5, What-1)
aux(doing-5, was-2)
nsubj(doing-5, she-3)
advmod(doing-5, always-4)
root(ROOT-0, doing-5)
dobj(doing-5, there-6)</deps>
      <events />
      <timexes />
    </entry>
    <entry sid="12" file="9783732522033_059.txt">
      <sentence>She was rarely seen on the balcony .</sentence>
      <tokens>
        <t>" " "She" " "</t>
        <t>" " "was" " "</t>
        <t>" " "rarely" " "</t>
        <t>" " "seen" " "</t>
        <t>" " "on" " "</t>
        <t>" " "the" " "</t>
        <t>" " "balcony" ""</t>
        <t>"" "." " "</t>
      </tokens>
      <parse>(ROOT (S (NP (PRP She)) (VP (VBD was) (ADVP (RB rarely)) (VP (VBN seen) (PP (IN on) (NP (DT the) (NN balcony))))) (. .)))</parse>
      <deps>nsubjpass(seen-4, She-1)
auxpass(seen-4, was-2)
advmod(seen-4, rarely-3)
root(ROOT-0, seen-4)
det(balcony-7, the-6)
prep_on(seen-4, balcony-7)</deps>
      <events>
        <event id="e15" eiid="ei15" offset="4" string="seen" tense="PAST" aspect="NONE" class="PERCEPTION" polarity="POS" modality="" happen="" lowerBoundDuration="" upperBoundDuration="" />
      </events>
      <timexes />
    </entry>
    <entry sid="13" file="9783732522033_059.txt">
      <sentence>When Griseldis disappeared into the tower , Beate pulled herself together and followed her .</sentence>
      <tokens>
        <t>" " "When" " "</t>
        <t>" " "Griseldis" " "</t>
        <t>" " "disappeared" " "</t>
        <t>" " "into" " "</t>
        <t>" " "the" " "</t>
        <t>" " "tower" ""</t>
        <t>"" "," " "</t>
        <t>" " "Beate" " "</t>
        <t>" " "pulled" " "</t>
        <t>" " "herself" " "</t>
        <t>" " "together" " "</t>
        <t>" " "and" " "</t>
        <t>" " "followed" " "</t>
        <t>" " "her" ""</t>
        <t>"" "." ""</t>
      </tokens>
      <parse>(ROOT (S (SBAR (WHADVP (WRB When)) (S (NP (NNP Griseldis)) (VP (VBD disappeared) (PP (IN into) (NP (DT the) (NN tower)))))) (, ,) (NP (NNP Beate)) (VP (VP (VBD pulled) (NP (PRP herself)) (ADVP (RB together))) (CC and) (VP (VBD followed) (NP (PRP her)))) (. .)))</parse>
      <deps>advmod(disappeared-3, When-1)
nsubj(disappeared-3, Griseldis-2)
advcl(pulled-9, disappeared-3)
det(tower-6, the-5)
prep_into(disappeared-3, tower-6)
nsubj(pulled-9, Beate-8)
nsubj(followed-13, Beate-8)
root(ROOT-0, pulled-9)
dobj(pulled-9, herself-10)
advmod(pulled-9, together-11)
conj_and(pulled-9, followed-13)
dobj(followed-13, her-14)</deps>
      <events>
        <event id="e16" eiid="ei16" offset="3" string="disappeared" tense="PAST" aspect="NONE" class="OCCURRENCE" polarity="POS" modality="" happen="" lowerBoundDuration="" upperBoundDuration="" />
        <event id="e17" eiid="ei17" offset="9" string="pulled" tense="PAST" aspect="NONE" class="OCCURRENCE" polarity="POS" modality="" happen="" lowerBoundDuration="" upperBoundDuration="" />
        <event id="e18" eiid="ei18" offset="13" string="followed" tense="PAST" aspect="NONE" class="OCCURRENCE" polarity="POS" modality="" happen="" lowerBoundDuration="" upperBoundDuration="" />
      </events>
      <timexes />
    </entry>
    <tlink event1="ei1" event2="ei3" relation="BEFORE" closed="false" origin="XCompDepSieve" type="ee" />
    <tlink event1="ei3" event2="ei2" relation="VAGUE" closed="false" origin="XCompDepSieve" type="ee" />
    <tlink event1="ei8" event2="ei9" relation="VAGUE" closed="false" origin="XCompDepSieve" type="ee" />
    <tlink event1="ei10" event2="ei11" relation="VAGUE" closed="false" origin="XCompDepSieve" type="ee" />
    <tlink event1="ei17" event2="ei16" relation="VAGUE" closed="false" origin="XCompDepSieve" type="ee" />
    <tlink event1="ei17" event2="ei18" relation="VAGUE" closed="false" origin="XCompDepSieve" type="ee" />
    <tlink event1="ei13" event2="ei14" relation="VAGUE" closed="false" origin="WordNet209" type="ee" />
    <tlink event1="ei5" event2="t1" relation="AFTER" closed="false" origin="MLEventTimeSameSent" type="et" />
    <tlink event1="ei1" event2="ei2" relation="VAGUE" closed="false" origin="MLEventEventDominates" type="ee" />
    <tlink event1="ei16" event2="ei18" relation="BEFORE" closed="false" origin="MLEventEventSameSent" type="ee" />
    <tlink event1="ei1" event2="ei4" relation="VAGUE" closed="false" origin="AllVagueSieve" type="ee" />
    <tlink event1="ei2" event2="ei4" relation="VAGUE" closed="false" origin="AllVagueSieve" type="ee" />
    <tlink event1="ei3" event2="ei4" relation="VAGUE" closed="false" origin="AllVagueSieve" type="ee" />
    <tlink event1="ei4" event2="ei5" relation="VAGUE" closed="false" origin="AllVagueSieve" type="ee" />
    <tlink event1="ei4" event2="t1" relation="VAGUE" closed="false" origin="AllVagueSieve" type="et" />
    <tlink event1="ei6" event2="ei7" relation="VAGUE" closed="false" origin="AllVagueSieve" type="ee" />
    <tlink event1="ei7" event2="ei8" relation="VAGUE" closed="false" origin="AllVagueSieve" type="ee" />
    <tlink event1="ei7" event2="ei9" relation="VAGUE" closed="false" origin="AllVagueSieve" type="ee" />
    <tlink event1="ei8" event2="ei10" relation="VAGUE" closed="false" origin="AllVagueSieve" type="ee" />
    <tlink event1="ei8" event2="ei11" relation="VAGUE" closed="false" origin="AllVagueSieve" type="ee" />
    <tlink event1="ei9" event2="ei10" relation="VAGUE" closed="false" origin="AllVagueSieve" type="ee" />
    <tlink event1="ei9" event2="ei11" relation="VAGUE" closed="false" origin="AllVagueSieve" type="ee" />
    <tlink event1="ei10" event2="ei12" relation="VAGUE" closed="false" origin="AllVagueSieve" type="ee" />
    <tlink event1="ei11" event2="ei12" relation="VAGUE" closed="false" origin="AllVagueSieve" type="ee" />
    <tlink event1="ei12" event2="ei13" relation="VAGUE" closed="false" origin="AllVagueSieve" type="ee" />
    <tlink event1="ei15" event2="ei16" relation="VAGUE" closed="false" origin="AllVagueSieve" type="ee" />
    <tlink event1="ei15" event2="ei17" relation="VAGUE" closed="false" origin="AllVagueSieve" type="ee" />
    <tlink event1="ei15" event2="ei18" relation="VAGUE" closed="false" origin="AllVagueSieve" type="ee" />
  </file>
</root>

