<?xml version="1.0" encoding="UTF-8"?>
<root xmlns="http://chambers.com/corpusinfo">
  <file name="9783732522033_045.txt">
    <entry sid="0" file="9783732522033_045.txt">
      <sentence>The next day Griseldis went to Dalheim .</sentence>
      <tokens>
        <t>"" "The" " "</t>
        <t>" " "next" " "</t>
        <t>" " "day" " "</t>
        <t>" " "Griseldis" " "</t>
        <t>" " "went" " "</t>
        <t>" " "to" " "</t>
        <t>" " "Dalheim" ""</t>
        <t>"" "." " "</t>
      </tokens>
      <parse>(ROOT (S (NP (DT The) (JJ next) (NN day) (NNS Griseldis)) (VP (VBD went) (PP (TO to) (NP (NNP Dalheim)))) (. .)))</parse>
      <deps>det(Griseldis-4, The-1)
amod(Griseldis-4, next-2)
nn(Griseldis-4, day-3)
nsubj(went-5, Griseldis-4)
root(ROOT-0, went-5)
prep_to(went-5, Dalheim-7)</deps>
      <events>
        <event id="e1" eiid="ei1" offset="5" string="went" tense="PAST" aspect="NONE" class="OCCURRENCE" polarity="POS" modality="" happen="" lowerBoundDuration="" upperBoundDuration="" />
      </events>
      <timexes>
        <timex tid="t1" text="day" offset="3" length="1" type="DURATION" value="P1D" temporalFunction="false" />
      </timexes>
    </entry>
    <entry sid="1" file="9783732522033_045.txt">
      <sentence>Count Harro had promised to take care of his little daughter himself , so that Griseldis could stay without worries as long as she wanted .</sentence>
      <tokens>
        <t>" " "Count" " "</t>
        <t>" " "Harro" " "</t>
        <t>" " "had" " "</t>
        <t>" " "promised" " "</t>
        <t>" " "to" " "</t>
        <t>" " "take" " "</t>
        <t>" " "care" " "</t>
        <t>" " "of" " "</t>
        <t>" " "his" " "</t>
        <t>" " "little" " "</t>
        <t>" " "daughter" " "</t>
        <t>" " "himself" ""</t>
        <t>"" "," " "</t>
        <t>" " "so" " "</t>
        <t>" " "that" " "</t>
        <t>" " "Griseldis" " "</t>
        <t>" " "could" " "</t>
        <t>" " "stay" " "</t>
        <t>" " "without" " "</t>
        <t>" " "worries" " "</t>
        <t>" " "as" " "</t>
        <t>" " "long" " "</t>
        <t>" " "as" " "</t>
        <t>" " "she" " "</t>
        <t>" " "wanted" ""</t>
        <t>"" "." " "</t>
      </tokens>
      <parse>(ROOT (S (NP (NNP Count) (NNP Harro)) (VP (VBD had) (VP (VBN promised) (S (VP (TO to) (VP (VB take) (NP (NP (NN care)) (PP (IN of) (NP (PRP$ his) (JJ little) (NN daughter)))) (NP (PRP himself))))) (, ,) (SBAR (RB so) (IN that) (S (NP (NNP Griseldis)) (VP (MD could) (VP (VB stay) (PP (IN without) (NP (NNS worries))) (ADVP (ADVP (RB as) (RB long)) (SBAR (IN as) (S (NP (PRP she)) (VP (VBD wanted))))))))))) (. .)))</parse>
      <deps>nn(Harro-2, Count-1)
nsubj(promised-4, Harro-2)
xsubj(take-6, Harro-2)
aux(promised-4, had-3)
root(ROOT-0, promised-4)
aux(take-6, to-5)
xcomp(promised-4, take-6)
iobj(take-6, care-7)
poss(daughter-11, his-9)
amod(daughter-11, little-10)
prep_of(care-7, daughter-11)
dobj(take-6, himself-12)
advmod(stay-18, so-14)
mark(stay-18, that-15)
nsubj(stay-18, Griseldis-16)
aux(stay-18, could-17)
advcl(promised-4, stay-18)
ccomp(promised-4, stay-18)
prep_without(stay-18, worries-20)
advmod(long-22, as-21)
advmod(stay-18, long-22)
mark(wanted-25, as-23)
nsubj(wanted-25, she-24)
ccomp(long-22, wanted-25)</deps>
      <events>
        <event id="e2" eiid="ei2" offset="3" string="had" tense="PAST" aspect="NONE" class="STATE" polarity="POS" modality="" happen="" lowerBoundDuration="" upperBoundDuration="" />
        <event id="e3" eiid="ei3" offset="4" string="promised" tense="PAST" aspect="PERFECTIVE" class="I_ACTION" polarity="POS" modality="" happen="" lowerBoundDuration="" upperBoundDuration="" />
        <event id="e4" eiid="ei4" offset="6" string="take" tense="INFINITIVE" aspect="NONE" class="OCCURRENCE" polarity="POS" modality="" happen="" lowerBoundDuration="" upperBoundDuration="" />
        <event id="e5" eiid="ei5" offset="18" string="stay" tense="NONE" aspect="NONE" class="STATE" polarity="POS" modality="" happen="" lowerBoundDuration="" upperBoundDuration="" />
        <event id="e6" eiid="ei6" offset="25" string="wanted" tense="PAST" aspect="NONE" class="OCCURRENCE" polarity="POS" modality="" happen="" lowerBoundDuration="" upperBoundDuration="" />
      </events>
      <timexes />
    </entry>
    <entry sid="2" file="9783732522033_045.txt">
      <sentence>In Dalheim she was received with hearty joy .</sentence>
      <tokens>
        <t>" " "In" " "</t>
        <t>" " "Dalheim" " "</t>
        <t>" " "she" " "</t>
        <t>" " "was" " "</t>
        <t>" " "received" " "</t>
        <t>" " "with" " "</t>
        <t>" " "hearty" " "</t>
        <t>" " "joy" ""</t>
        <t>"" "." " "</t>
      </tokens>
      <parse>(ROOT (S (PP (IN In) (NP (NNP Dalheim))) (NP (PRP she)) (VP (VBD was) (VP (VBN received) (PP (IN with) (NP (JJ hearty) (NN joy))))) (. .)))</parse>
      <deps>prep_in(received-5, Dalheim-2)
nsubjpass(received-5, she-3)
auxpass(received-5, was-4)
root(ROOT-0, received-5)
amod(joy-8, hearty-7)
prep_with(received-5, joy-8)</deps>
      <events>
        <event id="e7" eiid="ei7" offset="5" string="received" tense="PAST" aspect="NONE" class="OCCURRENCE" polarity="POS" modality="" happen="" lowerBoundDuration="" upperBoundDuration="" />
      </events>
      <timexes />
    </entry>
    <entry sid="3" file="9783732522033_045.txt">
      <sentence>Ruth already ran to meet her and hung on her neck , and then the others all came and surrounded her .</sentence>
      <tokens>
        <t>" " "Ruth" " "</t>
        <t>" " "already" " "</t>
        <t>" " "ran" " "</t>
        <t>" " "to" " "</t>
        <t>" " "meet" " "</t>
        <t>" " "her" " "</t>
        <t>" " "and" " "</t>
        <t>" " "hung" " "</t>
        <t>" " "on" " "</t>
        <t>" " "her" " "</t>
        <t>" " "neck" ""</t>
        <t>"" "," " "</t>
        <t>" " "and" " "</t>
        <t>" " "then" " "</t>
        <t>" " "the" " "</t>
        <t>" " "others" " "</t>
        <t>" " "all" " "</t>
        <t>" " "came" " "</t>
        <t>" " "and" " "</t>
        <t>" " "surrounded" " "</t>
        <t>" " "her" ""</t>
        <t>"" "." " "</t>
      </tokens>
      <parse>(ROOT (S (S (NP (NNP Ruth)) (ADVP (RB already)) (VP (VP (VBD ran) (S (VP (TO to) (VP (VB meet) (NP (PRP her)))))) (CC and) (VP (VBD hung) (PP (IN on) (NP (PRP$ her) (NN neck)))))) (, ,) (CC and) (RB then) (S (NP (DT the) (NNS others)) (ADVP (DT all)) (VP (VP (VBD came)) (CC and) (VP (VBN surrounded) (NP (PRP her))))) (. .)))</parse>
      <deps>nsubj(ran-3, Ruth-1)
xsubj(meet-5, Ruth-1)
nsubj(hung-8, Ruth-1)
advmod(ran-3, already-2)
root(ROOT-0, ran-3)
aux(meet-5, to-4)
xcomp(ran-3, meet-5)
dobj(meet-5, her-6)
conj_and(ran-3, hung-8)
poss(neck-11, her-10)
prep_on(hung-8, neck-11)
advmod(ran-3, then-14)
conj_and(ran-3, then-14)
det(others-16, the-15)
nsubj(came-18, others-16)
nsubj(surrounded-20, others-16)
advmod(came-18, all-17)
ccomp(ran-3, came-18)
ccomp(ran-3, surrounded-20)
conj_and(came-18, surrounded-20)
dobj(surrounded-20, her-21)</deps>
      <events>
        <event id="e8" eiid="ei8" offset="3" string="ran" tense="PAST" aspect="NONE" class="OCCURRENCE" polarity="POS" modality="" happen="" lowerBoundDuration="" upperBoundDuration="" />
        <event id="e9" eiid="ei9" offset="5" string="meet" tense="INFINITIVE" aspect="NONE" class="OCCURRENCE" polarity="POS" modality="" happen="" lowerBoundDuration="" upperBoundDuration="" />
        <event id="e10" eiid="ei10" offset="8" string="hung" tense="PAST" aspect="NONE" class="OCCURRENCE" polarity="POS" modality="" happen="" lowerBoundDuration="" upperBoundDuration="" />
        <event id="e11" eiid="ei11" offset="20" string="surrounded" tense="PAST" aspect="NONE" class="OCCURRENCE" polarity="POS" modality="" happen="" lowerBoundDuration="" upperBoundDuration="" />
      </events>
      <timexes />
    </entry>
    <entry sid="4" file="9783732522033_045.txt">
      <sentence>She was also introduced to Baroness Dalheim .</sentence>
      <tokens>
        <t>" " "She" " "</t>
        <t>" " "was" " "</t>
        <t>" " "also" " "</t>
        <t>" " "introduced" " "</t>
        <t>" " "to" " "</t>
        <t>" " "Baroness" " "</t>
        <t>" " "Dalheim" ""</t>
        <t>"" "." " "</t>
      </tokens>
      <parse>(ROOT (S (NP (PRP She)) (VP (VBD was) (ADVP (RB also)) (VP (VBN introduced) (PP (TO to) (NP (NNP Baroness) (NNP Dalheim))))) (. .)))</parse>
      <deps>nsubjpass(introduced-4, She-1)
auxpass(introduced-4, was-2)
advmod(introduced-4, also-3)
root(ROOT-0, introduced-4)
nn(Dalheim-7, Baroness-6)
prep_to(introduced-4, Dalheim-7)</deps>
      <events>
        <event id="e12" eiid="ei12" offset="4" string="introduced" tense="PAST" aspect="NONE" class="OCCURRENCE" polarity="POS" modality="" happen="" lowerBoundDuration="" upperBoundDuration="" />
      </events>
      <timexes />
    </entry>
    <entry sid="5" file="9783732522033_045.txt">
      <sentence>She took a liking to Griseldis and inquired lively about little Gilda .</sentence>
      <tokens>
        <t>" " "She" " "</t>
        <t>" " "took" " "</t>
        <t>" " "a" " "</t>
        <t>" " "liking" " "</t>
        <t>" " "to" " "</t>
        <t>" " "Griseldis" " "</t>
        <t>" " "and" " "</t>
        <t>" " "inquired" " "</t>
        <t>" " "lively" " "</t>
        <t>" " "about" " "</t>
        <t>" " "little" " "</t>
        <t>" " "Gilda" ""</t>
        <t>"" "." " "</t>
      </tokens>
      <parse>(ROOT (S (NP (PRP She)) (VP (VP (VBD took) (NP (DT a) (NN liking)) (PP (TO to) (NP (NNP Griseldis)))) (CC and) (VP (VBD inquired) (NP (NP (JJ lively)) (PP (IN about) (NP (JJ little) (NNP Gilda)))))) (. .)))</parse>
      <deps>nsubj(took-2, She-1)
nsubj(inquired-8, She-1)
root(ROOT-0, took-2)
det(liking-4, a-3)
dobj(took-2, liking-4)
prep_to(took-2, Griseldis-6)
conj_and(took-2, inquired-8)
dobj(inquired-8, lively-9)
amod(Gilda-12, little-11)
prep_about(lively-9, Gilda-12)</deps>
      <events>
        <event id="e13" eiid="ei13" offset="2" string="took" tense="PAST" aspect="NONE" class="OCCURRENCE" polarity="POS" modality="" happen="" lowerBoundDuration="" upperBoundDuration="" />
        <event id="e14" eiid="ei14" offset="8" string="inquired" tense="PAST" aspect="NONE" class="OCCURRENCE" polarity="POS" modality="" happen="" lowerBoundDuration="" upperBoundDuration="" />
      </events>
      <timexes />
    </entry>
    <entry sid="6" file="9783732522033_045.txt">
      <sentence>`` You must bring the child to me next time , Fräulein von Ronach , '' she asked .</sentence>
      <tokens>
        <t>" " """ ""</t>
        <t>"" "You" " "</t>
        <t>" " "must" " "</t>
        <t>" " "bring" " "</t>
        <t>" " "the" " "</t>
        <t>" " "child" " "</t>
        <t>" " "to" " "</t>
        <t>" " "me" " "</t>
        <t>" " "next" " "</t>
        <t>" " "time" ""</t>
        <t>"" "," " "</t>
        <t>" " "Fräulein" " "</t>
        <t>" " "von" " "</t>
        <t>" " "Ronach" ""</t>
        <t>"" "," ""</t>
        <t>"" """ " "</t>
        <t>" " "she" " "</t>
        <t>" " "asked" ""</t>
        <t>"" "." ""</t>
      </tokens>
      <parse>(ROOT (S (`` ``) (S (NP (PRP You)) (VP (MD must) (VP (VB bring) (NP (NP (DT the) (NN child)) (PP (TO to) (NP (PRP me)))) (NP (JJ next) (NN time)) (, ,) (NP (NNP Fräulein) (NNP von) (NNP Ronach))))) (, ,) ('' '') (NP (PRP she)) (VP (VBD asked)) (. .)))</parse>
      <deps>nsubj(bring-4, You-2)
aux(bring-4, must-3)
ccomp(asked-18, bring-4)
det(child-6, the-5)
iobj(bring-4, child-6)
prep_to(child-6, me-8)
amod(time-10, next-9)
dobj(bring-4, time-10)
nn(Ronach-14, Fräulein-12)
nn(Ronach-14, von-13)
dobj(bring-4, Ronach-14)
nsubj(asked-18, she-17)
root(ROOT-0, asked-18)</deps>
      <events>
        <event id="e15" eiid="ei15" offset="4" string="bring" tense="NONE" aspect="NONE" class="OCCURRENCE" polarity="POS" modality="" happen="" lowerBoundDuration="" upperBoundDuration="" />
        <event id="e16" eiid="ei16" offset="18" string="asked" tense="PAST" aspect="NONE" class="OCCURRENCE" polarity="POS" modality="" happen="" lowerBoundDuration="" upperBoundDuration="" />
      </events>
      <timexes />
    </entry>
    <tlink event1="ei1" event2="ei3" relation="AFTER" closed="false" origin="ReichenbachDG13" type="ee" />
    <tlink event1="ei1" event2="ei5" relation="BEFORE" closed="false" origin="ReichenbachDG13" type="ee" />
    <tlink event1="ei2" event2="ei3" relation="AFTER" closed="false" origin="ReichenbachDG13" type="ee" />
    <tlink event1="ei2" event2="ei5" relation="BEFORE" closed="false" origin="ReichenbachDG13" type="ee" />
    <tlink event1="ei3" event2="ei5" relation="BEFORE" closed="false" origin="ReichenbachDG13" type="ee" />
    <tlink event1="ei3" event2="ei6" relation="BEFORE" closed="false" origin="ReichenbachDG13" type="ee" />
    <tlink event1="ei3" event2="ei7" relation="BEFORE" closed="false" origin="ReichenbachDG13" type="ee" />
    <tlink event1="ei5" event2="ei6" relation="AFTER" closed="false" origin="ReichenbachDG13" type="ee" />
    <tlink event1="ei5" event2="ei7" relation="AFTER" closed="false" origin="ReichenbachDG13" type="ee" />
    <tlink event1="ei3" event2="ei4" relation="BEFORE" closed="false" origin="XCompDepSieve" type="ee" />
    <tlink event1="ei8" event2="ei9" relation="BEFORE" closed="false" origin="XCompDepSieve" type="ee" />
    <tlink event1="ei8" event2="ei10" relation="VAGUE" closed="false" origin="XCompDepSieve" type="ee" />
    <tlink event1="ei8" event2="ei11" relation="AFTER" closed="false" origin="XCompDepSieve" type="ee" />
    <tlink event1="ei13" event2="ei14" relation="VAGUE" closed="false" origin="XCompDepSieve" type="ee" />
    <tlink event1="ei9" event2="ei11" relation="AFTER" closed="true" origin="XCompDepSieve" type="ee" />
    <tlink event1="ei2" event2="ei4" relation="VAGUE" closed="false" origin="WordNet209" type="ee" />
    <tlink event1="ei2" event2="ei7" relation="VAGUE" closed="false" origin="WordNet209" type="ee" />
    <tlink event1="ei7" event2="ei9" relation="VAGUE" closed="false" origin="WordNet209" type="ee" />
    <tlink event1="ei13" event2="ei15" relation="VAGUE" closed="false" origin="WordNet209" type="ee" />
    <tlink event1="ei13" event2="ei16" relation="VAGUE" closed="false" origin="WordNet209" type="ee" />
    <tlink event1="ei14" event2="ei16" relation="VAGUE" closed="false" origin="WordNet209" type="ee" />
    <tlink event1="ei1" event2="t1" relation="IS_INCLUDED" closed="false" origin="MLEventTimeSameSent" type="et" />
    <tlink event1="ei2" event2="ei6" relation="AFTER" closed="false" origin="MLEventEventDominates" type="ee" />
    <tlink event1="ei4" event2="ei5" relation="BEFORE" closed="false" origin="MLEventEventSameSent" type="ee" />
    <tlink event1="ei4" event2="ei6" relation="AFTER" closed="false" origin="MLEventEventSameSent" type="ee" />
    <tlink event1="ei9" event2="ei10" relation="VAGUE" closed="false" origin="MLEventEventSameSent" type="ee" />
    <tlink event1="ei10" event2="ei11" relation="BEFORE" closed="false" origin="MLEventEventSameSent" type="ee" />
    <tlink event1="ei15" event2="ei16" relation="VAGUE" closed="false" origin="MLEventEventSameSent" type="ee" />
    <tlink event1="ei1" event2="ei2" relation="VAGUE" closed="false" origin="AllVagueSieve" type="ee" />
    <tlink event1="ei1" event2="ei4" relation="VAGUE" closed="false" origin="AllVagueSieve" type="ee" />
    <tlink event1="ei1" event2="ei6" relation="VAGUE" closed="false" origin="AllVagueSieve" type="ee" />
    <tlink event1="t1" event2="ei2" relation="VAGUE" closed="false" origin="AllVagueSieve" type="et" />
    <tlink event1="t1" event2="ei3" relation="VAGUE" closed="false" origin="AllVagueSieve" type="et" />
    <tlink event1="t1" event2="ei4" relation="VAGUE" closed="false" origin="AllVagueSieve" type="et" />
    <tlink event1="t1" event2="ei5" relation="VAGUE" closed="false" origin="AllVagueSieve" type="et" />
    <tlink event1="t1" event2="ei6" relation="VAGUE" closed="false" origin="AllVagueSieve" type="et" />
    <tlink event1="ei4" event2="ei7" relation="VAGUE" closed="false" origin="AllVagueSieve" type="ee" />
    <tlink event1="ei6" event2="ei7" relation="VAGUE" closed="false" origin="AllVagueSieve" type="ee" />
    <tlink event1="ei7" event2="ei8" relation="VAGUE" closed="false" origin="AllVagueSieve" type="ee" />
    <tlink event1="ei7" event2="ei10" relation="VAGUE" closed="false" origin="AllVagueSieve" type="ee" />
    <tlink event1="ei7" event2="ei11" relation="VAGUE" closed="false" origin="AllVagueSieve" type="ee" />
    <tlink event1="ei8" event2="ei12" relation="VAGUE" closed="false" origin="AllVagueSieve" type="ee" />
    <tlink event1="ei9" event2="ei12" relation="VAGUE" closed="false" origin="AllVagueSieve" type="ee" />
    <tlink event1="ei10" event2="ei12" relation="VAGUE" closed="false" origin="AllVagueSieve" type="ee" />
    <tlink event1="ei11" event2="ei12" relation="VAGUE" closed="false" origin="AllVagueSieve" type="ee" />
    <tlink event1="ei12" event2="ei13" relation="VAGUE" closed="false" origin="AllVagueSieve" type="ee" />
    <tlink event1="ei12" event2="ei14" relation="VAGUE" closed="false" origin="AllVagueSieve" type="ee" />
    <tlink event1="ei14" event2="ei15" relation="VAGUE" closed="false" origin="AllVagueSieve" type="ee" />
  </file>
</root>

