<?xml version="1.0" encoding="UTF-8"?>
<root xmlns="http://chambers.com/corpusinfo">
  <file name="9783732522033_044.txt">
    <entry sid="0" file="9783732522033_044.txt">
      <sentence>The two gentlemen went out into the park and looked for Griseldis .</sentence>
      <tokens>
        <t>"" "The" " "</t>
        <t>" " "two" " "</t>
        <t>" " "gentlemen" " "</t>
        <t>" " "went" " "</t>
        <t>" " "out" " "</t>
        <t>" " "into" " "</t>
        <t>" " "the" " "</t>
        <t>" " "park" " "</t>
        <t>" " "and" " "</t>
        <t>" " "looked" " "</t>
        <t>" " "for" " "</t>
        <t>" " "Griseldis" ""</t>
        <t>"" "." " "</t>
      </tokens>
      <parse>(ROOT (S (NP (DT The) (CD two) (NNS gentlemen)) (VP (VP (VBD went) (PRT (RP out)) (PP (IN into) (NP (DT the) (NN park)))) (CC and) (VP (VBD looked) (PP (IN for) (NP (NNP Griseldis))))) (. .)))</parse>
      <deps>det(gentlemen-3, The-1)
num(gentlemen-3, two-2)
nsubj(went-4, gentlemen-3)
nsubj(looked-10, gentlemen-3)
root(ROOT-0, went-4)
prt(went-4, out-5)
det(park-8, the-7)
prep_into(went-4, park-8)
conj_and(went-4, looked-10)
prep_for(looked-10, Griseldis-12)</deps>
      <events>
        <event id="e1" eiid="ei1" offset="4" string="went" tense="PAST" aspect="NONE" class="OCCURRENCE" polarity="POS" modality="" happen="" lowerBoundDuration="" upperBoundDuration="" />
        <event id="e2" eiid="ei2" offset="10" string="looked" tense="PAST" aspect="NONE" class="OCCURRENCE" polarity="POS" modality="" happen="" lowerBoundDuration="" upperBoundDuration="" />
      </events>
      <timexes />
    </entry>
    <entry sid="1" file="9783732522033_044.txt">
      <sentence>The latter saw them coming and her heart pounded .</sentence>
      <tokens>
        <t>" " "The" " "</t>
        <t>" " "latter" " "</t>
        <t>" " "saw" " "</t>
        <t>" " "them" " "</t>
        <t>" " "coming" " "</t>
        <t>" " "and" " "</t>
        <t>" " "her" " "</t>
        <t>" " "heart" " "</t>
        <t>" " "pounded" ""</t>
        <t>"" "." " "</t>
      </tokens>
      <parse>(ROOT (S (S (NP (DT The) (NN latter)) (VP (VBD saw) (S (NP (PRP them)) (VP (VBG coming))))) (CC and) (S (NP (PRP$ her) (NN heart)) (VP (VBN pounded))) (. .)))</parse>
      <deps>det(latter-2, The-1)
nsubj(saw-3, latter-2)
root(ROOT-0, saw-3)
nsubj(coming-5, them-4)
dep(saw-3, coming-5)
poss(heart-8, her-7)
nsubj(pounded-9, heart-8)
conj_and(saw-3, pounded-9)</deps>
      <events>
        <event id="e3" eiid="ei3" offset="3" string="saw" tense="PAST" aspect="NONE" class="OCCURRENCE" polarity="POS" modality="" happen="" lowerBoundDuration="" upperBoundDuration="" />
        <event id="e4" eiid="ei4" offset="5" string="coming" tense="PRESPART" aspect="NONE" class="OCCURRENCE" polarity="POS" modality="" happen="" lowerBoundDuration="" upperBoundDuration="" />
        <event id="e5" eiid="ei5" offset="9" string="pounded" tense="PASTPART" aspect="NONE" class="OCCURRENCE" polarity="POS" modality="" happen="" lowerBoundDuration="" upperBoundDuration="" />
      </events>
      <timexes />
    </entry>
    <entry sid="2" file="9783732522033_044.txt">
      <sentence>She looked into Harro 's face and saw a glow in his eyes .</sentence>
      <tokens>
        <t>" " "She" " "</t>
        <t>" " "looked" " "</t>
        <t>" " "into" " "</t>
        <t>" " "Harro" ""</t>
        <t>"" "'s" " "</t>
        <t>" " "face" " "</t>
        <t>" " "and" " "</t>
        <t>" " "saw" " "</t>
        <t>" " "a" " "</t>
        <t>" " "glow" " "</t>
        <t>" " "in" " "</t>
        <t>" " "his" " "</t>
        <t>" " "eyes" ""</t>
        <t>"" "." " "</t>
      </tokens>
      <parse>(ROOT (S (NP (PRP She)) (VP (VP (VBD looked) (PP (IN into) (NP (NP (NNP Harro) (POS 's)) (NN face)))) (CC and) (VP (VBD saw) (NP (DT a) (NN glow)) (PP (IN in) (NP (PRP$ his) (NNS eyes))))) (. .)))</parse>
      <deps>nsubj(looked-2, She-1)
nsubj(saw-8, She-1)
root(ROOT-0, looked-2)
poss(face-6, Harro-4)
prep_into(looked-2, face-6)
conj_and(looked-2, saw-8)
det(glow-10, a-9)
dobj(saw-8, glow-10)
poss(eyes-13, his-12)
prep_in(saw-8, eyes-13)</deps>
      <events>
        <event id="e6" eiid="ei6" offset="2" string="looked" tense="PAST" aspect="NONE" class="OCCURRENCE" polarity="POS" modality="" happen="" lowerBoundDuration="" upperBoundDuration="" />
        <event id="e7" eiid="ei7" offset="8" string="saw" tense="PAST" aspect="NONE" class="OCCURRENCE" polarity="POS" modality="" happen="" lowerBoundDuration="" upperBoundDuration="" />
      </events>
      <timexes />
    </entry>
    <entry sid="3" file="9783732522033_044.txt">
      <sentence>She might have gratefully pressed the Baron 's hand that he had kept his promise .</sentence>
      <tokens>
        <t>" " "She" " "</t>
        <t>" " "might" " "</t>
        <t>" " "have" " "</t>
        <t>" " "gratefully" " "</t>
        <t>" " "pressed" " "</t>
        <t>" " "the" " "</t>
        <t>" " "Baron" ""</t>
        <t>"" "'s" " "</t>
        <t>" " "hand" " "</t>
        <t>" " "that" " "</t>
        <t>" " "he" " "</t>
        <t>" " "had" " "</t>
        <t>" " "kept" " "</t>
        <t>" " "his" " "</t>
        <t>" " "promise" ""</t>
        <t>"" "." " "</t>
      </tokens>
      <parse>(ROOT (S (NP (PRP She)) (VP (MD might) (VP (VB have) (ADVP (RB gratefully)) (VP (VBN pressed) (NP (NP (DT the) (NNP Baron) (POS 's)) (NN hand)) (SBAR (IN that) (S (NP (PRP he)) (VP (VBD had) (VP (VBN kept) (NP (PRP$ his) (NN promise))))))))) (. .)))</parse>
      <deps>nsubj(pressed-5, She-1)
aux(pressed-5, might-2)
aux(pressed-5, have-3)
advmod(pressed-5, gratefully-4)
root(ROOT-0, pressed-5)
det(Baron-7, the-6)
poss(hand-9, Baron-7)
dobj(pressed-5, hand-9)
mark(kept-13, that-10)
nsubj(kept-13, he-11)
aux(kept-13, had-12)
ccomp(pressed-5, kept-13)
poss(promise-15, his-14)
dobj(kept-13, promise-15)</deps>
      <events>
        <event id="e8" eiid="ei8" offset="5" string="pressed" tense="PAST" aspect="PERFECTIVE" class="OCCURRENCE" polarity="POS" modality="" happen="" lowerBoundDuration="" upperBoundDuration="" />
        <event id="e9" eiid="ei9" offset="13" string="kept" tense="PAST" aspect="PERFECTIVE" class="OCCURRENCE" polarity="POS" modality="" happen="" lowerBoundDuration="" upperBoundDuration="" />
      </events>
      <timexes />
    </entry>
    <entry sid="4" file="9783732522033_044.txt">
      <sentence>When the gentlemen had approached , Griseldis rose .</sentence>
      <tokens>
        <t>" " "When" " "</t>
        <t>" " "the" " "</t>
        <t>" " "gentlemen" " "</t>
        <t>" " "had" " "</t>
        <t>" " "approached" ""</t>
        <t>"" "," " "</t>
        <t>" " "Griseldis" " "</t>
        <t>" " "rose" ""</t>
        <t>"" "." " "</t>
      </tokens>
      <parse>(ROOT (S (SBAR (WHADVP (WRB When)) (S (NP (DT the) (NNS gentlemen)) (VP (VBD had) (VP (VBN approached))))) (, ,) (NP (NNP Griseldis)) (VP (VBD rose)) (. .)))</parse>
      <deps>advmod(approached-5, When-1)
det(gentlemen-3, the-2)
nsubj(approached-5, gentlemen-3)
aux(approached-5, had-4)
advcl(rose-8, approached-5)
nsubj(rose-8, Griseldis-7)
root(ROOT-0, rose-8)</deps>
      <events>
        <event id="e10" eiid="ei10" offset="5" string="approached" tense="PAST" aspect="PERFECTIVE" class="OCCURRENCE" polarity="POS" modality="" happen="" lowerBoundDuration="" upperBoundDuration="" />
        <event id="e11" eiid="ei11" offset="8" string="rose" tense="PAST" aspect="NONE" class="OCCURRENCE" polarity="POS" modality="" happen="" lowerBoundDuration="" upperBoundDuration="" />
      </events>
      <timexes />
    </entry>
    <entry sid="5" file="9783732522033_044.txt">
      <sentence>`` Fräulein von Ronach - permit me - , Baron Dalheim wishes to be introduced to you . ''</sentence>
      <tokens>
        <t>" " """ ""</t>
        <t>"" "Fräulein" " "</t>
        <t>" " "von" " "</t>
        <t>" " "Ronach" " "</t>
        <t>" " "-" " "</t>
        <t>" " "permit" " "</t>
        <t>" " "me" " "</t>
        <t>" " "-" ""</t>
        <t>"" "," " "</t>
        <t>" " "Baron" " "</t>
        <t>" " "Dalheim" " "</t>
        <t>" " "wishes" " "</t>
        <t>" " "to" " "</t>
        <t>" " "be" " "</t>
        <t>" " "introduced" " "</t>
        <t>" " "to" " "</t>
        <t>" " "you" ""</t>
        <t>"" "." ""</t>
        <t>"" """ " "</t>
      </tokens>
      <parse>(ROOT (S (`` ``) (S (NP (NNP Fräulein) (NNP von)) (VP (VBP Ronach))) (: -) (S (S (VP (VB permit) (NP (PRP me))) (: -)) (, ,) (NP (NNP Baron) (NNP Dalheim)) (VP (VBZ wishes) (S (VP (TO to) (VP (VB be) (VP (VBN introduced) (PP (TO to) (NP (PRP you))))))))) (. .) ('' '')))</parse>
      <deps>nn(von-3, Fräulein-2)
nsubj(Ronach-4, von-3)
root(ROOT-0, Ronach-4)
ccomp(wishes-12, permit-6)
dobj(permit-6, me-7)
nn(Dalheim-11, Baron-10)
nsubj(wishes-12, Dalheim-11)
xsubj(introduced-15, Dalheim-11)
parataxis(Ronach-4, wishes-12)
aux(introduced-15, to-13)
auxpass(introduced-15, be-14)
xcomp(wishes-12, introduced-15)
prep_to(introduced-15, you-17)</deps>
      <events>
        <event id="e12" eiid="ei12" offset="6" string="permit" tense="NONE" aspect="NONE" class="OCCURRENCE" polarity="POS" modality="" happen="" lowerBoundDuration="" upperBoundDuration="" />
        <event id="e13" eiid="ei13" offset="12" string="wishes" tense="PRESENT" aspect="NONE" class="I_STATE" polarity="POS" modality="" happen="" lowerBoundDuration="" upperBoundDuration="" />
        <event id="e14" eiid="ei14" offset="15" string="introduced" tense="NONE" aspect="NONE" class="OCCURRENCE" polarity="POS" modality="" happen="" lowerBoundDuration="" upperBoundDuration="" />
      </events>
      <timexes />
    </entry>
    <entry sid="6" file="9783732522033_044.txt">
      <sentence>`` I come to you with a mission , gracious Fräulein , '' said the latter , and neither he nor Griseldis betrayed with a mien that they knew each other .</sentence>
      <tokens>
        <t>" " """ ""</t>
        <t>"" "I" " "</t>
        <t>" " "come" " "</t>
        <t>" " "to" " "</t>
        <t>" " "you" " "</t>
        <t>" " "with" " "</t>
        <t>" " "a" " "</t>
        <t>" " "mission" ""</t>
        <t>"" "," " "</t>
        <t>" " "gracious" " "</t>
        <t>" " "Fräulein" ""</t>
        <t>"" "," ""</t>
        <t>"" """ " "</t>
        <t>" " "said" " "</t>
        <t>" " "the" " "</t>
        <t>" " "latter" ""</t>
        <t>"" "," " "</t>
        <t>" " "and" " "</t>
        <t>" " "neither" " "</t>
        <t>" " "he" " "</t>
        <t>" " "nor" " "</t>
        <t>" " "Griseldis" " "</t>
        <t>" " "betrayed" " "</t>
        <t>" " "with" " "</t>
        <t>" " "a" " "</t>
        <t>" " "mien" " "</t>
        <t>" " "that" " "</t>
        <t>" " "they" " "</t>
        <t>" " "knew" " "</t>
        <t>" " "each" " "</t>
        <t>" " "other" ""</t>
        <t>"" "." " "</t>
      </tokens>
      <parse>(ROOT (S (S (`` ``) (S (NP (PRP I)) (VP (VBP come) (PP (TO to) (NP (PRP you))) (PP (IN with) (NP (NP (DT a) (NN mission)) (, ,) (NP (NNP gracious) (NNP Fräulein)) (, ,))))) ('' '') (VP (VBD said) (NP (DT the) (NN latter)))) (, ,) (CC and) (S (NP (CC neither) (PRP he) (CC nor) (NNP Griseldis)) (VP (VBN betrayed) (PP (IN with) (NP (DT a) (NN mien))) (SBAR (IN that) (S (NP (PRP they)) (VP (VBD knew) (NP (DT each) (JJ other))))))) (. .)))</parse>
      <deps>nsubj(come-3, I-2)
ccomp(said-14, come-3)
csubj(said-14, come-3)
prep_to(come-3, you-5)
det(mission-8, a-7)
prep_with(come-3, mission-8)
nn(Fräulein-11, gracious-10)
appos(mission-8, Fräulein-11)
root(ROOT-0, said-14)
det(latter-16, the-15)
dobj(said-14, latter-16)
preconj(he-20, neither-19)
nsubj(betrayed-23, he-20)
conj_nor(he-20, Griseldis-22)
nsubj(betrayed-23, Griseldis-22)
conj_and(said-14, betrayed-23)
det(mien-26, a-25)
prep_with(betrayed-23, mien-26)
mark(knew-29, that-27)
nsubj(knew-29, they-28)
ccomp(betrayed-23, knew-29)
det(other-31, each-30)
dobj(knew-29, other-31)</deps>
      <events>
        <event id="e15" eiid="ei15" offset="14" string="said" tense="PAST" aspect="NONE" class="REPORTING" polarity="POS" modality="" happen="" lowerBoundDuration="" upperBoundDuration="" />
        <event id="e16" eiid="ei16" offset="23" string="betrayed" tense="PAST" aspect="NONE" class="OCCURRENCE" polarity="POS" modality="" happen="" lowerBoundDuration="" upperBoundDuration="" />
        <event id="e17" eiid="ei17" offset="29" string="knew" tense="PAST" aspect="NONE" class="OCCURRENCE" polarity="POS" modality="" happen="" lowerBoundDuration="" upperBoundDuration="" />
      </events>
      <timexes />
    </entry>
    <entry sid="7" file="9783732522033_044.txt">
      <sentence>`` My bride , Miss Tilly von Sarnow , is at present staying with her mother in Dalheim , and today at noon her father arrives with her sister Ruth .</sentence>
      <tokens>
        <t>" " """ ""</t>
        <t>"" "My" " "</t>
        <t>" " "bride" ""</t>
        <t>"" "," " "</t>
        <t>" " "Miss" " "</t>
        <t>" " "Tilly" " "</t>
        <t>" " "von" " "</t>
        <t>" " "Sarnow" ""</t>
        <t>"" "," " "</t>
        <t>" " "is" " "</t>
        <t>" " "at" " "</t>
        <t>" " "present" " "</t>
        <t>" " "staying" " "</t>
        <t>" " "with" " "</t>
        <t>" " "her" " "</t>
        <t>" " "mother" " "</t>
        <t>" " "in" " "</t>
        <t>" " "Dalheim" ""</t>
        <t>"" "," " "</t>
        <t>" " "and" " "</t>
        <t>" " "today" " "</t>
        <t>" " "at" " "</t>
        <t>" " "noon" " "</t>
        <t>" " "her" " "</t>
        <t>" " "father" " "</t>
        <t>" " "arrives" " "</t>
        <t>" " "with" " "</t>
        <t>" " "her" " "</t>
        <t>" " "sister" " "</t>
        <t>" " "Ruth" ""</t>
        <t>"" "." " "</t>
      </tokens>
      <parse>(ROOT (S (`` ``) (S (NP (NP (PRP$ My) (NN bride)) (, ,) (NP (NNP Miss) (NNP Tilly) (NNP von) (NNP Sarnow)) (, ,)) (VP (VBZ is) (ADVP (IN at)) (ADJP (JJ present)) (S (VP (VBG staying) (PP (IN with) (NP (NP (PRP$ her) (NN mother)) (PP (IN in) (NP (NNP Dalheim))))))))) (, ,) (CC and) (S (NP (NP (NN today)) (PP (IN at) (NP (NN noon) (PRP$ her) (NN father)))) (VP (VBZ arrives) (PP (IN with) (NP (PRP$ her) (JJ sister) (NNP Ruth))))) (. .)))</parse>
      <deps>poss(bride-3, My-2)
nsubj(present-12, bride-3)
nn(Sarnow-8, Miss-5)
nn(Sarnow-8, Tilly-6)
nn(Sarnow-8, von-7)
appos(bride-3, Sarnow-8)
cop(present-12, is-10)
advmod(present-12, at-11)
root(ROOT-0, present-12)
xcomp(present-12, staying-13)
poss(mother-16, her-15)
prep_with(staying-13, mother-16)
prep_in(mother-16, Dalheim-18)
nsubj(arrives-26, today-21)
nn(father-25, noon-23)
poss(father-25, her-24)
prep_at(today-21, father-25)
conj_and(present-12, arrives-26)
poss(Ruth-30, her-28)
amod(Ruth-30, sister-29)
prep_with(arrives-26, Ruth-30)</deps>
      <events>
        <event id="e18" eiid="ei18" offset="13" string="staying" tense="PRESPART" aspect="NONE" class="OCCURRENCE" polarity="POS" modality="" happen="" lowerBoundDuration="" upperBoundDuration="" />
        <event id="e19" eiid="ei19" offset="16" string="mother" tense="NONE" aspect="NONE" class="OCCURRENCE" polarity="POS" modality="" happen="" lowerBoundDuration="" upperBoundDuration="" />
        <event id="e20" eiid="ei20" offset="26" string="arrives" tense="PRESENT" aspect="NONE" class="OCCURRENCE" polarity="POS" modality="" happen="" lowerBoundDuration="" upperBoundDuration="" />
      </events>
      <timexes>
        <timex tid="t1" text="present" offset="12" length="1" type="DATE" value="PRESENT_REF" temporalFunction="false" />
        <timex tid="t2" text="noon" offset="23" length="1" type="TIME" value="T12:00" temporalFunction="false" />
      </timexes>
    </entry>
    <entry sid="8" file="9783732522033_044.txt">
      <sentence>My bride has heard of your being here and , at the same time on behalf of her mother , has asked for your visit .</sentence>
      <tokens>
        <t>" " "My" " "</t>
        <t>" " "bride" " "</t>
        <t>" " "has" " "</t>
        <t>" " "heard" " "</t>
        <t>" " "of" " "</t>
        <t>" " "your" " "</t>
        <t>" " "being" " "</t>
        <t>" " "here" " "</t>
        <t>" " "and" ""</t>
        <t>"" "," " "</t>
        <t>" " "at" " "</t>
        <t>" " "the" " "</t>
        <t>" " "same" " "</t>
        <t>" " "time" " "</t>
        <t>" " "on" " "</t>
        <t>" " "behalf" " "</t>
        <t>" " "of" " "</t>
        <t>" " "her" " "</t>
        <t>" " "mother" ""</t>
        <t>"" "," " "</t>
        <t>" " "has" " "</t>
        <t>" " "asked" " "</t>
        <t>" " "for" " "</t>
        <t>" " "your" " "</t>
        <t>" " "visit" ""</t>
        <t>"" "." " "</t>
      </tokens>
      <parse>(ROOT (S (NP (PRP$ My) (NN bride)) (VP (VBZ has) (VP (VP (VBN heard) (PP (IN of) (NP (PRP$ your) (NN being))) (ADVP (RB here))) (CC and) (PRN (, ,) (PP (IN at) (NP (NP (DT the) (JJ same) (NN time)) (PP (IN on) (NP (NP (NN behalf)) (PP (IN of) (NP (PRP$ her) (NN mother))))))) (, ,)) (VP (VBZ has) (VP (VBN asked) (PP (IN for) (NP (PRP$ your) (NN visit))))))) (. .)))</parse>
      <deps>poss(bride-2, My-1)
nsubj(heard-4, bride-2)
nsubj(asked-22, bride-2)
aux(heard-4, has-3)
root(ROOT-0, heard-4)
poss(being-7, your-6)
prep_of(heard-4, being-7)
advmod(heard-4, here-8)
dep(heard-4, at-11)
det(time-14, the-12)
amod(time-14, same-13)
pobj(at-11, time-14)
poss(mother-19, her-18)
prep_on_behalf_of(time-14, mother-19)
aux(asked-22, has-21)
conj_and(heard-4, asked-22)
poss(visit-25, your-24)
prep_for(asked-22, visit-25)</deps>
      <events>
        <event id="e21" eiid="ei21" offset="4" string="heard" tense="PRESENT" aspect="PERFECTIVE" class="OCCURRENCE" polarity="POS" modality="" happen="" lowerBoundDuration="" upperBoundDuration="" />
        <event id="e22" eiid="ei22" offset="22" string="asked" tense="PRESENT" aspect="PERFECTIVE" class="I_ACTION" polarity="POS" modality="" happen="" lowerBoundDuration="" upperBoundDuration="" />
        <event id="e23" eiid="ei23" offset="25" string="visit" tense="NONE" aspect="NONE" class="OCCURRENCE" polarity="POS" modality="" happen="" lowerBoundDuration="" upperBoundDuration="" />
      </events>
      <timexes />
    </entry>
    <entry sid="9" file="9783732522033_044.txt">
      <sentence>The whole Sarnow family will be delighted to welcome you . ''</sentence>
      <tokens>
        <t>" " "The" " "</t>
        <t>" " "whole" " "</t>
        <t>" " "Sarnow" " "</t>
        <t>" " "family" " "</t>
        <t>" " "will" " "</t>
        <t>" " "be" " "</t>
        <t>" " "delighted" " "</t>
        <t>" " "to" " "</t>
        <t>" " "welcome" " "</t>
        <t>" " "you" ""</t>
        <t>"" "." ""</t>
        <t>"" """ " "</t>
      </tokens>
      <parse>(ROOT (S (NP (DT The) (JJ whole) (NNP Sarnow) (NN family)) (VP (MD will) (VP (VB be) (ADJP (JJ delighted) (S (VP (TO to) (VP (VB welcome) (NP (PRP you)))))))) (. .) ('' '')))</parse>
      <deps>det(family-4, The-1)
amod(family-4, whole-2)
nn(family-4, Sarnow-3)
nsubj(delighted-7, family-4)
xsubj(welcome-9, family-4)
aux(delighted-7, will-5)
cop(delighted-7, be-6)
root(ROOT-0, delighted-7)
aux(welcome-9, to-8)
xcomp(delighted-7, welcome-9)
dobj(welcome-9, you-10)</deps>
      <events>
        <event id="e24" eiid="ei24" offset="7" string="delighted" tense="FUTURE" aspect="NONE" class="I_STATE" polarity="POS" modality="" happen="" lowerBoundDuration="" upperBoundDuration="" />
        <event id="e25" eiid="ei25" offset="9" string="welcome" tense="INFINITIVE" aspect="NONE" class="OCCURRENCE" polarity="POS" modality="" happen="" lowerBoundDuration="" upperBoundDuration="" />
      </events>
      <timexes />
    </entry>
    <entry sid="10" file="9783732522033_044.txt">
      <sentence>`` I thank you , Baron .</sentence>
      <tokens>
        <t>" " """ ""</t>
        <t>"" "I" " "</t>
        <t>" " "thank" " "</t>
        <t>" " "you" ""</t>
        <t>"" "," " "</t>
        <t>" " "Baron" ""</t>
        <t>"" "." " "</t>
      </tokens>
      <parse>(ROOT (S (`` ``) (NP (PRP I)) (VP (VBP thank) (NP (PRP you)) (, ,) (ADVP (RB Baron))) (. .)))</parse>
      <deps>nsubj(thank-3, I-2)
root(ROOT-0, thank-3)
dobj(thank-3, you-4)
advmod(thank-3, Baron-6)</deps>
      <events>
        <event id="e26" eiid="ei26" offset="3" string="thank" tense="PRESENT" aspect="NONE" class="I_STATE" polarity="POS" modality="" happen="" lowerBoundDuration="" upperBoundDuration="" />
      </events>
      <timexes />
    </entry>
    <entry sid="11" file="9783732522033_044.txt">
      <sentence>Please tell the ladies that I will be glad to come .</sentence>
      <tokens>
        <t>" " "Please" " "</t>
        <t>" " "tell" " "</t>
        <t>" " "the" " "</t>
        <t>" " "ladies" " "</t>
        <t>" " "that" " "</t>
        <t>" " "I" " "</t>
        <t>" " "will" " "</t>
        <t>" " "be" " "</t>
        <t>" " "glad" " "</t>
        <t>" " "to" " "</t>
        <t>" " "come" ""</t>
        <t>"" "." " "</t>
      </tokens>
      <parse>(ROOT (S (INTJ (VB Please)) (VP (VB tell) (NP (DT the) (NNS ladies)) (SBAR (IN that) (S (NP (PRP I)) (VP (MD will) (VP (VB be) (ADJP (JJ glad) (S (VP (TO to) (VP (VB come)))))))))) (. .)))</parse>
      <deps>discourse(tell-2, Please-1)
root(ROOT-0, tell-2)
det(ladies-4, the-3)
dobj(tell-2, ladies-4)
mark(glad-9, that-5)
nsubj(glad-9, I-6)
xsubj(come-11, I-6)
aux(glad-9, will-7)
cop(glad-9, be-8)
ccomp(tell-2, glad-9)
aux(come-11, to-10)
xcomp(glad-9, come-11)</deps>
      <events>
        <event id="e27" eiid="ei27" offset="2" string="tell" tense="NONE" aspect="NONE" class="OCCURRENCE" polarity="POS" modality="" happen="" lowerBoundDuration="" upperBoundDuration="" />
        <event id="e28" eiid="ei28" offset="9" string="glad" tense="FUTURE" aspect="NONE" class="I_STATE" polarity="POS" modality="" happen="" lowerBoundDuration="" upperBoundDuration="" />
        <event id="e29" eiid="ei29" offset="11" string="come" tense="INFINITIVE" aspect="NONE" class="OCCURRENCE" polarity="POS" modality="" happen="" lowerBoundDuration="" upperBoundDuration="" />
      </events>
      <timexes />
    </entry>
    <entry sid="12" file="9783732522033_044.txt">
      <sentence>I suppose I may take an afternoon off , Count ? ''</sentence>
      <tokens>
        <t>" " "I" " "</t>
        <t>" " "suppose" " "</t>
        <t>" " "I" " "</t>
        <t>" " "may" " "</t>
        <t>" " "take" " "</t>
        <t>" " "an" " "</t>
        <t>" " "afternoon" " "</t>
        <t>" " "off" ""</t>
        <t>"" "," " "</t>
        <t>" " "Count" ""</t>
        <t>"" "?" ""</t>
        <t>"" """ " "</t>
      </tokens>
      <parse>(ROOT (S (NP (PRP I)) (VP (VBP suppose) (SBAR (S (NP (PRP I)) (VP (MD may) (VP (VB take) (NP (DT an) (NN afternoon)) (PRT (RP off)) (, ,) (NP (NNP Count))))))) (. ?) ('' '')))</parse>
      <deps>nsubj(suppose-2, I-1)
root(ROOT-0, suppose-2)
nsubj(take-5, I-3)
aux(take-5, may-4)
ccomp(suppose-2, take-5)
det(afternoon-7, an-6)
dobj(take-5, afternoon-7)
prt(take-5, off-8)
dobj(take-5, Count-10)</deps>
      <events>
        <event id="e30" eiid="ei30" offset="5" string="take" tense="NONE" aspect="NONE" class="OCCURRENCE" polarity="POS" modality="" happen="" lowerBoundDuration="" upperBoundDuration="" />
      </events>
      <timexes>
        <timex tid="t3" text="afternoon" offset="7" length="1" type="TIME" value="TAF" temporalFunction="false" />
      </timexes>
    </entry>
    <entry sid="13" file="9783732522033_044.txt">
      <sentence>`` Of course !</sentence>
      <tokens>
        <t>" " """ ""</t>
        <t>"" "Of" " "</t>
        <t>" " "course" ""</t>
        <t>"" "!" " "</t>
      </tokens>
      <parse>(ROOT (PP (`` ``) (IN Of) (NP (NN course)) (. !)))</parse>
      <deps>root(ROOT-0, Of-2)
pobj(Of-2, course-3)</deps>
      <events />
      <timexes />
    </entry>
    <entry sid="14" file="9783732522033_044.txt">
      <sentence>And I am glad that you will have a little diversion . ''</sentence>
      <tokens>
        <t>" " "And" " "</t>
        <t>" " "I" " "</t>
        <t>" " "am" " "</t>
        <t>" " "glad" " "</t>
        <t>" " "that" " "</t>
        <t>" " "you" " "</t>
        <t>" " "will" " "</t>
        <t>" " "have" " "</t>
        <t>" " "a" " "</t>
        <t>" " "little" " "</t>
        <t>" " "diversion" ""</t>
        <t>"" "." ""</t>
        <t>"" """ ""</t>
      </tokens>
      <parse>(ROOT (S (CC And) (NP (PRP I)) (VP (VBP am) (ADJP (JJ glad) (SBAR (IN that) (S (NP (PRP you)) (VP (MD will) (VP (VB have) (NP (DT a) (JJ little) (NN diversion)))))))) (. .) ('' '')))</parse>
      <deps>cc(glad-4, And-1)
nsubj(glad-4, I-2)
cop(glad-4, am-3)
root(ROOT-0, glad-4)
mark(have-8, that-5)
nsubj(have-8, you-6)
aux(have-8, will-7)
ccomp(glad-4, have-8)
det(diversion-11, a-9)
amod(diversion-11, little-10)
dobj(have-8, diversion-11)</deps>
      <events>
        <event id="e31" eiid="ei31" offset="4" string="glad" tense="PRESENT" aspect="NONE" class="I_STATE" polarity="POS" modality="" happen="" lowerBoundDuration="" upperBoundDuration="" />
        <event id="e32" eiid="ei32" offset="8" string="have" tense="FUTURE" aspect="NONE" class="STATE" polarity="POS" modality="" happen="" lowerBoundDuration="" upperBoundDuration="" />
      </events>
      <timexes />
    </entry>
    <tlink event1="ei18" event2="t1" relation="IS_INCLUDED" closed="false" origin="AdjacentVerbTimex" type="et" />
    <tlink event1="ei20" event2="t1" relation="IS_INCLUDED" closed="false" origin="AdjacentVerbTimex" type="et" />
    <tlink event1="ei30" event2="t3" relation="IS_INCLUDED" closed="false" origin="AdjacentVerbTimex" type="et" />
    <tlink event1="ei15" event2="ei16" relation="AFTER" closed="false" origin="RepEventGovEvent" type="ee" />
    <tlink event1="ei6" event2="ei8" relation="BEFORE" closed="false" origin="ReichenbachDG13" type="ee" />
    <tlink event1="ei6" event2="ei9" relation="AFTER" closed="false" origin="ReichenbachDG13" type="ee" />
    <tlink event1="ei7" event2="ei8" relation="BEFORE" closed="false" origin="ReichenbachDG13" type="ee" />
    <tlink event1="ei7" event2="ei9" relation="AFTER" closed="false" origin="ReichenbachDG13" type="ee" />
    <tlink event1="ei8" event2="ei9" relation="AFTER" closed="false" origin="ReichenbachDG13" type="ee" />
    <tlink event1="ei8" event2="ei10" relation="AFTER" closed="false" origin="ReichenbachDG13" type="ee" />
    <tlink event1="ei8" event2="ei11" relation="AFTER" closed="false" origin="ReichenbachDG13" type="ee" />
    <tlink event1="ei9" event2="ei11" relation="BEFORE" closed="false" origin="ReichenbachDG13" type="ee" />
    <tlink event1="ei10" event2="ei11" relation="BEFORE" closed="false" origin="ReichenbachDG13" type="ee" />
    <tlink event1="ei10" event2="ei13" relation="BEFORE" closed="false" origin="ReichenbachDG13" type="ee" />
    <tlink event1="ei1" event2="ei2" relation="VAGUE" closed="false" origin="XCompDepSieve" type="ee" />
    <tlink event1="ei3" event2="ei5" relation="VAGUE" closed="false" origin="XCompDepSieve" type="ee" />
    <tlink event1="ei6" event2="ei7" relation="VAGUE" closed="false" origin="XCompDepSieve" type="ee" />
    <tlink event1="ei13" event2="ei14" relation="BEFORE" closed="false" origin="XCompDepSieve" type="ee" />
    <tlink event1="ei16" event2="ei17" relation="AFTER" closed="false" origin="XCompDepSieve" type="ee" />
    <tlink event1="ei21" event2="ei22" relation="VAGUE" closed="false" origin="XCompDepSieve" type="ee" />
    <tlink event1="ei24" event2="ei25" relation="BEFORE" closed="false" origin="XCompDepSieve" type="ee" />
    <tlink event1="ei27" event2="ei28" relation="BEFORE" closed="false" origin="XCompDepSieve" type="ee" />
    <tlink event1="ei28" event2="ei29" relation="BEFORE" closed="false" origin="XCompDepSieve" type="ee" />
    <tlink event1="ei31" event2="ei32" relation="BEFORE" closed="false" origin="XCompDepSieve" type="ee" />
    <tlink event1="ei15" event2="ei17" relation="AFTER" closed="true" origin="XCompDepSieve" type="ee" />
    <tlink event1="ei10" event2="ei14" relation="BEFORE" closed="true" origin="XCompDepSieve" type="ee" />
    <tlink event1="ei27" event2="ei29" relation="BEFORE" closed="true" origin="XCompDepSieve" type="ee" />
    <tlink event1="ei3" event2="ei7" relation="VAGUE" closed="false" origin="WordNet209" type="ee" />
    <tlink event1="ei19" event2="t1" relation="BEFORE" closed="false" origin="MLEventTimeSameSent" type="et" />
    <tlink event1="ei18" event2="t2" relation="VAGUE" closed="false" origin="MLEventTimeSameSent" type="et" />
    <tlink event1="ei19" event2="t2" relation="BEFORE" closed="false" origin="MLEventTimeSameSent" type="et" />
    <tlink event1="ei20" event2="t2" relation="VAGUE" closed="false" origin="MLEventTimeSameSent" type="et" />
    <tlink event1="ei18" event2="ei19" relation="AFTER" closed="true" origin="MLEventTimeSameSent" type="ee" />
    <tlink event1="ei20" event2="ei19" relation="AFTER" closed="true" origin="MLEventTimeSameSent" type="ee" />
    <tlink event1="ei3" event2="ei4" relation="VAGUE" closed="false" origin="MLEventEventDominates" type="ee" />
    <tlink event1="ei22" event2="ei23" relation="BEFORE" closed="false" origin="MLEventEventDominates" type="ee" />
    <tlink event1="ei4" event2="ei5" relation="VAGUE" closed="false" origin="MLEventEventSameSent" type="ee" />
    <tlink event1="ei12" event2="ei13" relation="VAGUE" closed="false" origin="MLEventEventSameSent" type="ee" />
    <tlink event1="ei12" event2="ei14" relation="VAGUE" closed="false" origin="MLEventEventSameSent" type="ee" />
    <tlink event1="ei18" event2="ei20" relation="VAGUE" closed="false" origin="MLEventEventSameSent" type="ee" />
    <tlink event1="ei21" event2="ei23" relation="VAGUE" closed="false" origin="MLEventEventSameSent" type="ee" />
    <tlink event1="ei1" event2="ei3" relation="VAGUE" closed="false" origin="AllVagueSieve" type="ee" />
    <tlink event1="ei1" event2="ei4" relation="VAGUE" closed="false" origin="AllVagueSieve" type="ee" />
    <tlink event1="ei1" event2="ei5" relation="VAGUE" closed="false" origin="AllVagueSieve" type="ee" />
    <tlink event1="ei2" event2="ei3" relation="VAGUE" closed="false" origin="AllVagueSieve" type="ee" />
    <tlink event1="ei2" event2="ei4" relation="VAGUE" closed="false" origin="AllVagueSieve" type="ee" />
    <tlink event1="ei2" event2="ei5" relation="VAGUE" closed="false" origin="AllVagueSieve" type="ee" />
    <tlink event1="ei3" event2="ei6" relation="VAGUE" closed="false" origin="AllVagueSieve" type="ee" />
    <tlink event1="ei4" event2="ei6" relation="VAGUE" closed="false" origin="AllVagueSieve" type="ee" />
    <tlink event1="ei4" event2="ei7" relation="VAGUE" closed="false" origin="AllVagueSieve" type="ee" />
    <tlink event1="ei5" event2="ei6" relation="VAGUE" closed="false" origin="AllVagueSieve" type="ee" />
    <tlink event1="ei5" event2="ei7" relation="VAGUE" closed="false" origin="AllVagueSieve" type="ee" />
    <tlink event1="ei9" event2="ei10" relation="VAGUE" closed="false" origin="AllVagueSieve" type="ee" />
    <tlink event1="ei10" event2="ei12" relation="VAGUE" closed="false" origin="AllVagueSieve" type="ee" />
    <tlink event1="ei11" event2="ei12" relation="VAGUE" closed="false" origin="AllVagueSieve" type="ee" />
    <tlink event1="ei11" event2="ei13" relation="VAGUE" closed="false" origin="AllVagueSieve" type="ee" />
    <tlink event1="ei11" event2="ei14" relation="VAGUE" closed="false" origin="AllVagueSieve" type="ee" />
    <tlink event1="ei12" event2="ei15" relation="VAGUE" closed="false" origin="AllVagueSieve" type="ee" />
    <tlink event1="ei12" event2="ei16" relation="VAGUE" closed="false" origin="AllVagueSieve" type="ee" />
    <tlink event1="ei12" event2="ei17" relation="VAGUE" closed="false" origin="AllVagueSieve" type="ee" />
    <tlink event1="ei13" event2="ei15" relation="VAGUE" closed="false" origin="AllVagueSieve" type="ee" />
    <tlink event1="ei13" event2="ei16" relation="VAGUE" closed="false" origin="AllVagueSieve" type="ee" />
    <tlink event1="ei13" event2="ei17" relation="VAGUE" closed="false" origin="AllVagueSieve" type="ee" />
    <tlink event1="ei14" event2="ei15" relation="VAGUE" closed="false" origin="AllVagueSieve" type="ee" />
    <tlink event1="ei14" event2="ei16" relation="VAGUE" closed="false" origin="AllVagueSieve" type="ee" />
    <tlink event1="ei14" event2="ei17" relation="VAGUE" closed="false" origin="AllVagueSieve" type="ee" />
    <tlink event1="ei15" event2="ei18" relation="VAGUE" closed="false" origin="AllVagueSieve" type="ee" />
    <tlink event1="ei15" event2="ei19" relation="VAGUE" closed="false" origin="AllVagueSieve" type="ee" />
    <tlink event1="ei15" event2="ei20" relation="VAGUE" closed="false" origin="AllVagueSieve" type="ee" />
    <tlink event1="ei15" event2="t1" relation="VAGUE" closed="false" origin="AllVagueSieve" type="et" />
    <tlink event1="ei15" event2="t2" relation="VAGUE" closed="false" origin="AllVagueSieve" type="et" />
    <tlink event1="ei16" event2="ei18" relation="VAGUE" closed="false" origin="AllVagueSieve" type="ee" />
    <tlink event1="ei16" event2="ei19" relation="VAGUE" closed="false" origin="AllVagueSieve" type="ee" />
    <tlink event1="ei16" event2="ei20" relation="VAGUE" closed="false" origin="AllVagueSieve" type="ee" />
    <tlink event1="ei16" event2="t1" relation="VAGUE" closed="false" origin="AllVagueSieve" type="et" />
    <tlink event1="ei16" event2="t2" relation="VAGUE" closed="false" origin="AllVagueSieve" type="et" />
    <tlink event1="ei17" event2="ei18" relation="VAGUE" closed="false" origin="AllVagueSieve" type="ee" />
    <tlink event1="ei17" event2="ei19" relation="VAGUE" closed="false" origin="AllVagueSieve" type="ee" />
    <tlink event1="ei17" event2="ei20" relation="VAGUE" closed="false" origin="AllVagueSieve" type="ee" />
    <tlink event1="ei17" event2="t1" relation="VAGUE" closed="false" origin="AllVagueSieve" type="et" />
    <tlink event1="ei17" event2="t2" relation="VAGUE" closed="false" origin="AllVagueSieve" type="et" />
    <tlink event1="ei18" event2="ei21" relation="VAGUE" closed="false" origin="AllVagueSieve" type="ee" />
    <tlink event1="ei18" event2="ei22" relation="VAGUE" closed="false" origin="AllVagueSieve" type="ee" />
    <tlink event1="ei18" event2="ei23" relation="VAGUE" closed="false" origin="AllVagueSieve" type="ee" />
    <tlink event1="ei19" event2="ei21" relation="VAGUE" closed="false" origin="AllVagueSieve" type="ee" />
    <tlink event1="ei19" event2="ei22" relation="VAGUE" closed="false" origin="AllVagueSieve" type="ee" />
    <tlink event1="ei19" event2="ei23" relation="VAGUE" closed="false" origin="AllVagueSieve" type="ee" />
    <tlink event1="ei20" event2="ei21" relation="VAGUE" closed="false" origin="AllVagueSieve" type="ee" />
    <tlink event1="ei20" event2="ei22" relation="VAGUE" closed="false" origin="AllVagueSieve" type="ee" />
    <tlink event1="ei20" event2="ei23" relation="VAGUE" closed="false" origin="AllVagueSieve" type="ee" />
    <tlink event1="t1" event2="t2" relation="VAGUE" closed="false" origin="AllVagueSieve" type="tt" />
    <tlink event1="t1" event2="ei21" relation="VAGUE" closed="false" origin="AllVagueSieve" type="et" />
    <tlink event1="t1" event2="ei22" relation="VAGUE" closed="false" origin="AllVagueSieve" type="et" />
    <tlink event1="t1" event2="ei23" relation="VAGUE" closed="false" origin="AllVagueSieve" type="et" />
    <tlink event1="t2" event2="ei21" relation="VAGUE" closed="false" origin="AllVagueSieve" type="et" />
    <tlink event1="t2" event2="ei22" relation="VAGUE" closed="false" origin="AllVagueSieve" type="et" />
    <tlink event1="t2" event2="ei23" relation="VAGUE" closed="false" origin="AllVagueSieve" type="et" />
    <tlink event1="ei21" event2="ei24" relation="VAGUE" closed="false" origin="AllVagueSieve" type="ee" />
    <tlink event1="ei21" event2="ei25" relation="VAGUE" closed="false" origin="AllVagueSieve" type="ee" />
    <tlink event1="ei22" event2="ei24" relation="VAGUE" closed="false" origin="AllVagueSieve" type="ee" />
    <tlink event1="ei22" event2="ei25" relation="VAGUE" closed="false" origin="AllVagueSieve" type="ee" />
    <tlink event1="ei23" event2="ei24" relation="VAGUE" closed="false" origin="AllVagueSieve" type="ee" />
    <tlink event1="ei23" event2="ei25" relation="VAGUE" closed="false" origin="AllVagueSieve" type="ee" />
    <tlink event1="ei24" event2="ei26" relation="VAGUE" closed="false" origin="AllVagueSieve" type="ee" />
    <tlink event1="ei25" event2="ei26" relation="VAGUE" closed="false" origin="AllVagueSieve" type="ee" />
    <tlink event1="ei26" event2="ei27" relation="VAGUE" closed="false" origin="AllVagueSieve" type="ee" />
    <tlink event1="ei26" event2="ei28" relation="VAGUE" closed="false" origin="AllVagueSieve" type="ee" />
    <tlink event1="ei26" event2="ei29" relation="VAGUE" closed="false" origin="AllVagueSieve" type="ee" />
    <tlink event1="ei27" event2="ei30" relation="VAGUE" closed="false" origin="AllVagueSieve" type="ee" />
    <tlink event1="ei27" event2="t3" relation="VAGUE" closed="false" origin="AllVagueSieve" type="et" />
    <tlink event1="ei28" event2="ei30" relation="VAGUE" closed="false" origin="AllVagueSieve" type="ee" />
    <tlink event1="ei28" event2="t3" relation="VAGUE" closed="false" origin="AllVagueSieve" type="et" />
    <tlink event1="ei29" event2="ei30" relation="VAGUE" closed="false" origin="AllVagueSieve" type="ee" />
    <tlink event1="ei29" event2="t3" relation="VAGUE" closed="false" origin="AllVagueSieve" type="et" />
  </file>
</root>

