<?xml version="1.0" encoding="UTF-8"?>
<root xmlns="http://chambers.com/corpusinfo">
  <file name="9783732522033_051.txt">
    <entry sid="0" file="9783732522033_051.txt">
      <sentence>And since she did not reach her goal , one evening she examined the closet in her room very carefully .</sentence>
      <tokens>
        <t>"" "And" " "</t>
        <t>" " "since" " "</t>
        <t>" " "she" " "</t>
        <t>" " "did" " "</t>
        <t>" " "not" " "</t>
        <t>" " "reach" " "</t>
        <t>" " "her" " "</t>
        <t>" " "goal" ""</t>
        <t>"" "," " "</t>
        <t>" " "one" " "</t>
        <t>" " "evening" " "</t>
        <t>" " "she" " "</t>
        <t>" " "examined" " "</t>
        <t>" " "the" " "</t>
        <t>" " "closet" " "</t>
        <t>" " "in" " "</t>
        <t>" " "her" " "</t>
        <t>" " "room" " "</t>
        <t>" " "very" " "</t>
        <t>" " "carefully" ""</t>
        <t>"" "." " "</t>
      </tokens>
      <parse>(ROOT (S (CC And) (SBAR (IN since) (S (NP (PRP she)) (VP (VBD did) (RB not) (VP (VB reach) (NP (PRP$ her) (NN goal)))))) (, ,) (NP (CD one) (NN evening)) (NP (PRP she)) (VP (VBD examined) (NP (DT the) (NN closet)) (PP (IN in) (NP (PRP$ her) (NN room))) (ADVP (RB very) (RB carefully))) (. .)))</parse>
      <deps>cc(examined-13, And-1)
mark(reach-6, since-2)
nsubj(reach-6, she-3)
aux(reach-6, did-4)
neg(reach-6, not-5)
advcl(examined-13, reach-6)
poss(goal-8, her-7)
dobj(reach-6, goal-8)
num(evening-11, one-10)
tmod(examined-13, evening-11)
nsubj(examined-13, she-12)
root(ROOT-0, examined-13)
det(closet-15, the-14)
dobj(examined-13, closet-15)
poss(room-18, her-17)
prep_in(examined-13, room-18)
advmod(carefully-20, very-19)
advmod(examined-13, carefully-20)</deps>
      <events>
        <event id="e1" eiid="ei1" offset="6" string="reach" tense="PAST" aspect="NONE" class="OCCURRENCE" polarity="POS" modality="" happen="" lowerBoundDuration="" upperBoundDuration="" />
        <event id="e2" eiid="ei2" offset="13" string="examined" tense="PAST" aspect="NONE" class="OCCURRENCE" polarity="POS" modality="" happen="" lowerBoundDuration="" upperBoundDuration="" />
      </events>
      <timexes>
        <timex tid="t1" text="evening" offset="11" length="1" type="TIME" value="TEV" temporalFunction="false" />
      </timexes>
    </entry>
    <entry sid="1" file="9783732522033_051.txt">
      <sentence>She had locked herself in and carefully scanned the entire inner wall of the closet , because she was convinced that there was a connection to the tower up here with her just as there was with the Countess downstairs .</sentence>
      <tokens>
        <t>" " "She" " "</t>
        <t>" " "had" " "</t>
        <t>" " "locked" " "</t>
        <t>" " "herself" " "</t>
        <t>" " "in" " "</t>
        <t>" " "and" " "</t>
        <t>" " "carefully" " "</t>
        <t>" " "scanned" " "</t>
        <t>" " "the" " "</t>
        <t>" " "entire" " "</t>
        <t>" " "inner" " "</t>
        <t>" " "wall" " "</t>
        <t>" " "of" " "</t>
        <t>" " "the" " "</t>
        <t>" " "closet" ""</t>
        <t>"" "," " "</t>
        <t>" " "because" " "</t>
        <t>" " "she" " "</t>
        <t>" " "was" " "</t>
        <t>" " "convinced" " "</t>
        <t>" " "that" " "</t>
        <t>" " "there" " "</t>
        <t>" " "was" " "</t>
        <t>" " "a" " "</t>
        <t>" " "connection" " "</t>
        <t>" " "to" " "</t>
        <t>" " "the" " "</t>
        <t>" " "tower" " "</t>
        <t>" " "up" " "</t>
        <t>" " "here" " "</t>
        <t>" " "with" " "</t>
        <t>" " "her" " "</t>
        <t>" " "just" " "</t>
        <t>" " "as" " "</t>
        <t>" " "there" " "</t>
        <t>" " "was" " "</t>
        <t>" " "with" " "</t>
        <t>" " "the" " "</t>
        <t>" " "Countess" " "</t>
        <t>" " "downstairs" ""</t>
        <t>"" "." " "</t>
      </tokens>
      <parse>(ROOT (S (NP (PRP She)) (VP (VBD had) (VP (VP (VBN locked) (NP (PRP herself)) (PP (IN in))) (CC and) (VP (ADVP (RB carefully)) (VBN scanned) (NP (NP (DT the) (JJ entire) (JJ inner) (NN wall)) (PP (IN of) (NP (DT the) (NN closet)))) (, ,) (SBAR (IN because) (S (NP (PRP she)) (VP (VBD was) (VP (VBN convinced) (SBAR (IN that) (S (NP (EX there)) (VP (VBD was) (NP (NP (DT a) (NN connection)) (PP (TO to) (NP (DT the) (NN tower)))) (ADVP (ADVP (ADVP (RB up) (RB here)) (PP (IN with) (NP (PRP$ her) (RB just)))) (SBAR (IN as) (S (NP (EX there)) (VP (VBD was) (PP (IN with) (NP (DT the) (NNP Countess) (NNS downstairs))))))))))))))))) (. .)))</parse>
      <deps>nsubj(locked-3, She-1)
nsubj(scanned-8, She-1)
aux(locked-3, had-2)
root(ROOT-0, locked-3)
dobj(locked-3, herself-4)
prep(locked-3, in-5)
advmod(scanned-8, carefully-7)
conj_and(locked-3, scanned-8)
det(wall-12, the-9)
amod(wall-12, entire-10)
amod(wall-12, inner-11)
dobj(scanned-8, wall-12)
det(closet-15, the-14)
prep_of(wall-12, closet-15)
mark(convinced-20, because-17)
nsubjpass(convinced-20, she-18)
auxpass(convinced-20, was-19)
advcl(scanned-8, convinced-20)
mark(was-23, that-21)
expl(was-23, there-22)
ccomp(convinced-20, was-23)
det(connection-25, a-24)
nsubj(was-23, connection-25)
det(tower-28, the-27)
prep_to(connection-25, tower-28)
advmod(here-30, up-29)
advmod(was-23, here-30)
prep(here-30, with-31)
poss(just-33, her-32)
pobj(with-31, just-33)
mark(was-36, as-34)
expl(was-36, there-35)
ccomp(here-30, was-36)
det(downstairs-40, the-38)
nn(downstairs-40, Countess-39)
prep_with(was-36, downstairs-40)</deps>
      <events>
        <event id="e3" eiid="ei3" offset="3" string="locked" tense="PAST" aspect="PERFECTIVE" class="OCCURRENCE" polarity="POS" modality="" happen="" lowerBoundDuration="" upperBoundDuration="" />
        <event id="e4" eiid="ei4" offset="8" string="scanned" tense="PRESENT" aspect="PERFECTIVE" class="OCCURRENCE" polarity="POS" modality="" happen="" lowerBoundDuration="" upperBoundDuration="" />
        <event id="e5" eiid="ei5" offset="20" string="convinced" tense="PAST" aspect="NONE" class="OCCURRENCE" polarity="POS" modality="" happen="" lowerBoundDuration="" upperBoundDuration="" />
      </events>
      <timexes />
    </entry>
    <entry sid="2" file="9783732522033_051.txt">
      <sentence>Griseldis had an electric flashlight .</sentence>
      <tokens>
        <t>" " "Griseldis" " "</t>
        <t>" " "had" " "</t>
        <t>" " "an" " "</t>
        <t>" " "electric" " "</t>
        <t>" " "flashlight" ""</t>
        <t>"" "." " "</t>
      </tokens>
      <parse>(ROOT (S (NP (NNS Griseldis)) (VP (VBD had) (NP (DT an) (JJ electric) (NN flashlight))) (. .)))</parse>
      <deps>nsubj(had-2, Griseldis-1)
root(ROOT-0, had-2)
det(flashlight-5, an-3)
amod(flashlight-5, electric-4)
dobj(had-2, flashlight-5)</deps>
      <events>
        <event id="e6" eiid="ei6" offset="2" string="had" tense="PAST" aspect="NONE" class="STATE" polarity="POS" modality="" happen="" lowerBoundDuration="" upperBoundDuration="" />
      </events>
      <timexes />
    </entry>
    <entry sid="3" file="9783732522033_051.txt">
      <sentence>She took out this flashlight and shone it into the closet .</sentence>
      <tokens>
        <t>" " "She" " "</t>
        <t>" " "took" " "</t>
        <t>" " "out" " "</t>
        <t>" " "this" " "</t>
        <t>" " "flashlight" " "</t>
        <t>" " "and" " "</t>
        <t>" " "shone" " "</t>
        <t>" " "it" " "</t>
        <t>" " "into" " "</t>
        <t>" " "the" " "</t>
        <t>" " "closet" ""</t>
        <t>"" "." " "</t>
      </tokens>
      <parse>(ROOT (S (NP (PRP She)) (VP (VP (VBD took) (PRT (RP out)) (NP (DT this) (NN flashlight))) (CC and) (VP (VBP shone) (NP (PRP it)) (PP (IN into) (NP (DT the) (NN closet))))) (. .)))</parse>
      <deps>nsubj(took-2, She-1)
nsubj(shone-7, She-1)
root(ROOT-0, took-2)
prt(took-2, out-3)
det(flashlight-5, this-4)
dobj(took-2, flashlight-5)
conj_and(took-2, shone-7)
dobj(shone-7, it-8)
det(closet-11, the-10)
prep_into(shone-7, closet-11)</deps>
      <events>
        <event id="e7" eiid="ei7" offset="2" string="took" tense="PAST" aspect="NONE" class="OCCURRENCE" polarity="POS" modality="" happen="" lowerBoundDuration="" upperBoundDuration="" />
        <event id="e8" eiid="ei8" offset="7" string="shone" tense="PRESENT" aspect="NONE" class="I_ACTION" polarity="POS" modality="" happen="" lowerBoundDuration="" upperBoundDuration="" />
      </events>
      <timexes />
    </entry>
    <entry sid="4" file="9783732522033_051.txt">
      <sentence>And she decided that from now on she would always carry this flashlight with her .</sentence>
      <tokens>
        <t>" " "And" " "</t>
        <t>" " "she" " "</t>
        <t>" " "decided" " "</t>
        <t>" " "that" " "</t>
        <t>" " "from" " "</t>
        <t>" " "now" " "</t>
        <t>" " "on" " "</t>
        <t>" " "she" " "</t>
        <t>" " "would" " "</t>
        <t>" " "always" " "</t>
        <t>" " "carry" " "</t>
        <t>" " "this" " "</t>
        <t>" " "flashlight" " "</t>
        <t>" " "with" " "</t>
        <t>" " "her" ""</t>
        <t>"" "." " "</t>
      </tokens>
      <parse>(ROOT (S (CC And) (NP (PRP she)) (VP (VBD decided) (SBAR (S (NP (NP (DT that)) (PP (IN from) (NP (NP (RB now)) (PP (IN on) (NP (PRP she)))))) (VP (MD would) (ADVP (RB always)) (VP (VB carry) (NP (DT this) (NN flashlight)) (PP (IN with) (NP (PRP her)))))))) (. .)))</parse>
      <deps>cc(decided-3, And-1)
nsubj(decided-3, she-2)
root(ROOT-0, decided-3)
nsubj(carry-11, that-4)
prep(that-4, from-5)
pobj(from-5, now-6)
prep_on(now-6, she-8)
aux(carry-11, would-9)
advmod(carry-11, always-10)
ccomp(decided-3, carry-11)
det(flashlight-13, this-12)
dobj(carry-11, flashlight-13)
prep_with(carry-11, her-15)</deps>
      <events>
        <event id="e9" eiid="ei9" offset="3" string="decided" tense="PAST" aspect="NONE" class="I_ACTION" polarity="POS" modality="" happen="" lowerBoundDuration="" upperBoundDuration="" />
        <event id="e10" eiid="ei10" offset="11" string="carry" tense="FUTURE" aspect="NONE" class="OCCURRENCE" polarity="POS" modality="" happen="" lowerBoundDuration="" upperBoundDuration="" />
      </events>
      <timexes>
        <timex tid="t2" text="now" offset="6" length="1" type="DATE" value="PRESENT_REF" temporalFunction="false" />
      </timexes>
    </entry>
    <entry sid="5" file="9783732522033_051.txt">
      <sentence>Because if one day she succeeded in discovering the cavities , she had to have an illumination with her .</sentence>
      <tokens>
        <t>" " "Because" " "</t>
        <t>" " "if" " "</t>
        <t>" " "one" " "</t>
        <t>" " "day" " "</t>
        <t>" " "she" " "</t>
        <t>" " "succeeded" " "</t>
        <t>" " "in" " "</t>
        <t>" " "discovering" " "</t>
        <t>" " "the" " "</t>
        <t>" " "cavities" ""</t>
        <t>"" "," " "</t>
        <t>" " "she" " "</t>
        <t>" " "had" " "</t>
        <t>" " "to" " "</t>
        <t>" " "have" " "</t>
        <t>" " "an" " "</t>
        <t>" " "illumination" " "</t>
        <t>" " "with" " "</t>
        <t>" " "her" ""</t>
        <t>"" "." " "</t>
      </tokens>
      <parse>(ROOT (S (SBAR (IN Because) (IN if) (S (NP (CD one) (NN day)) (NP (PRP she)) (VP (VBD succeeded) (PP (IN in) (S (VP (VBG discovering) (NP (DT the) (NNS cavities)))))))) (, ,) (NP (PRP she)) (VP (VBD had) (S (VP (TO to) (VP (VB have) (NP (NP (DT an) (NN illumination)) (PP (IN with) (NP (PRP her)))))))) (. .)))</parse>
      <deps>mark(succeeded-6, Because-1)
mark(succeeded-6, if-2)
num(day-4, one-3)
tmod(succeeded-6, day-4)
nsubj(succeeded-6, she-5)
advcl(had-13, succeeded-6)
prepc_in(succeeded-6, discovering-8)
det(cavities-10, the-9)
dobj(discovering-8, cavities-10)
nsubj(had-13, she-12)
xsubj(have-15, she-12)
root(ROOT-0, had-13)
aux(have-15, to-14)
xcomp(had-13, have-15)
det(illumination-17, an-16)
dobj(have-15, illumination-17)
prep_with(illumination-17, her-19)</deps>
      <events>
        <event id="e11" eiid="ei11" offset="6" string="succeeded" tense="PAST" aspect="NONE" class="OCCURRENCE" polarity="POS" modality="" happen="" lowerBoundDuration="" upperBoundDuration="" />
        <event id="e12" eiid="ei12" offset="8" string="discovering" tense="PRESPART" aspect="NONE" class="OCCURRENCE" polarity="POS" modality="" happen="" lowerBoundDuration="" upperBoundDuration="" />
        <event id="e13" eiid="ei13" offset="13" string="had" tense="PAST" aspect="NONE" class="OCCURRENCE" polarity="POS" modality="" happen="" lowerBoundDuration="" upperBoundDuration="" />
      </events>
      <timexes>
        <timex tid="t3" text="one day" offset="3" length="2" type="DURATION" value="P1D" temporalFunction="false" />
      </timexes>
    </entry>
    <entry sid="6" file="9783732522033_051.txt">
      <sentence>Now she used it to illuminate every spot of the closet .</sentence>
      <tokens>
        <t>" " "Now" " "</t>
        <t>" " "she" " "</t>
        <t>" " "used" " "</t>
        <t>" " "it" " "</t>
        <t>" " "to" " "</t>
        <t>" " "illuminate" " "</t>
        <t>" " "every" " "</t>
        <t>" " "spot" " "</t>
        <t>" " "of" " "</t>
        <t>" " "the" " "</t>
        <t>" " "closet" ""</t>
        <t>"" "." " "</t>
      </tokens>
      <parse>(ROOT (S (ADVP (RB Now)) (NP (PRP she)) (VP (VBD used) (S (NP (PRP it)) (VP (TO to) (VP (VB illuminate) (NP (NP (DT every) (NN spot)) (PP (IN of) (NP (DT the) (NN closet)))))))) (. .)))</parse>
      <deps>advmod(used-3, Now-1)
nsubj(used-3, she-2)
root(ROOT-0, used-3)
nsubj(illuminate-6, it-4)
aux(illuminate-6, to-5)
xcomp(used-3, illuminate-6)
det(spot-8, every-7)
dobj(illuminate-6, spot-8)
det(closet-11, the-10)
prep_of(spot-8, closet-11)</deps>
      <events>
        <event id="e14" eiid="ei14" offset="3" string="used" tense="PAST" aspect="NONE" class="OCCURRENCE" polarity="POS" modality="" happen="" lowerBoundDuration="" upperBoundDuration="" />
        <event id="e15" eiid="ei15" offset="6" string="illuminate" tense="INFINITIVE" aspect="NONE" class="OCCURRENCE" polarity="POS" modality="" happen="" lowerBoundDuration="" upperBoundDuration="" />
      </events>
      <timexes>
        <timex tid="t4" text="Now" offset="1" length="1" type="DATE" value="PRESENT_REF" temporalFunction="false" />
      </timexes>
    </entry>
    <entry sid="7" file="9783732522033_051.txt">
      <sentence>And there , at the very back in the pointed corner , she discovered a tiny wooden peg that protruded a little .</sentence>
      <tokens>
        <t>" " "And" " "</t>
        <t>" " "there" ""</t>
        <t>"" "," " "</t>
        <t>" " "at" " "</t>
        <t>" " "the" " "</t>
        <t>" " "very" " "</t>
        <t>" " "back" " "</t>
        <t>" " "in" " "</t>
        <t>" " "the" " "</t>
        <t>" " "pointed" " "</t>
        <t>" " "corner" ""</t>
        <t>"" "," " "</t>
        <t>" " "she" " "</t>
        <t>" " "discovered" " "</t>
        <t>" " "a" " "</t>
        <t>" " "tiny" " "</t>
        <t>" " "wooden" " "</t>
        <t>" " "peg" " "</t>
        <t>" " "that" " "</t>
        <t>" " "protruded" " "</t>
        <t>" " "a" " "</t>
        <t>" " "little" ""</t>
        <t>"" "." " "</t>
      </tokens>
      <parse>(ROOT (S (CC And) (NP (EX there)) (, ,) (PP (IN at) (NP (NP (DT the) (JJ very) (NN back)) (PP (IN in) (NP (DT the) (JJ pointed) (NN corner))))) (, ,) (NP (PRP she)) (VP (VBD discovered) (NP (NP (DT a) (JJ tiny) (JJ wooden) (NN peg)) (SBAR (WHNP (WDT that)) (S (VP (VBD protruded) (NP (DT a) (JJ little))))))) (. .)))</parse>
      <deps>cc(discovered-14, And-1)
expl(discovered-14, there-2)
det(back-7, the-5)
amod(back-7, very-6)
prep_at(discovered-14, back-7)
det(corner-11, the-9)
amod(corner-11, pointed-10)
prep_in(back-7, corner-11)
nsubj(discovered-14, she-13)
root(ROOT-0, discovered-14)
det(peg-18, a-15)
amod(peg-18, tiny-16)
amod(peg-18, wooden-17)
dobj(discovered-14, peg-18)
nsubj(discovered-14, peg-18)
nsubj(protruded-20, peg-18)
rcmod(peg-18, protruded-20)
det(little-22, a-21)
dobj(protruded-20, little-22)</deps>
      <events>
        <event id="e16" eiid="ei16" offset="14" string="discovered" tense="PAST" aspect="NONE" class="OCCURRENCE" polarity="POS" modality="" happen="" lowerBoundDuration="" upperBoundDuration="" />
        <event id="e17" eiid="ei17" offset="20" string="protruded" tense="PAST" aspect="NONE" class="OCCURRENCE" polarity="POS" modality="" happen="" lowerBoundDuration="" upperBoundDuration="" />
      </events>
      <timexes />
    </entry>
    <entry sid="8" file="9783732522033_051.txt">
      <sentence>At first she thought it was a knothole .</sentence>
      <tokens>
        <t>" " "At" " "</t>
        <t>" " "first" " "</t>
        <t>" " "she" " "</t>
        <t>" " "thought" " "</t>
        <t>" " "it" " "</t>
        <t>" " "was" " "</t>
        <t>" " "a" " "</t>
        <t>" " "knothole" ""</t>
        <t>"" "." " "</t>
      </tokens>
      <parse>(ROOT (S (PP (IN At) (NP (JJ first))) (NP (PRP she)) (VP (VBD thought) (SBAR (S (NP (PRP it)) (VP (VBD was) (NP (DT a) (NN knothole)))))) (. .)))</parse>
      <deps>prep_at(thought-4, first-2)
nsubj(thought-4, she-3)
root(ROOT-0, thought-4)
nsubj(knothole-8, it-5)
cop(knothole-8, was-6)
det(knothole-8, a-7)
ccomp(thought-4, knothole-8)</deps>
      <events>
        <event id="e18" eiid="ei18" offset="4" string="thought" tense="PAST" aspect="NONE" class="I_ACTION" polarity="POS" modality="" happen="" lowerBoundDuration="" upperBoundDuration="" />
      </events>
      <timexes />
    </entry>
    <entry sid="9" file="9783732522033_051.txt">
      <sentence>But then she grabbed it .</sentence>
      <tokens>
        <t>" " "But" " "</t>
        <t>" " "then" " "</t>
        <t>" " "she" " "</t>
        <t>" " "grabbed" " "</t>
        <t>" " "it" ""</t>
        <t>"" "." " "</t>
      </tokens>
      <parse>(ROOT (S (CC But) (ADVP (RB then)) (NP (PRP she)) (VP (VBD grabbed) (NP (PRP it))) (. .)))</parse>
      <deps>cc(grabbed-4, But-1)
advmod(grabbed-4, then-2)
nsubj(grabbed-4, she-3)
root(ROOT-0, grabbed-4)
dobj(grabbed-4, it-5)</deps>
      <events>
        <event id="e19" eiid="ei19" offset="4" string="grabbed" tense="PAST" aspect="NONE" class="OCCURRENCE" polarity="POS" modality="" happen="" lowerBoundDuration="" upperBoundDuration="" />
      </events>
      <timexes />
    </entry>
    <entry sid="10" file="9783732522033_051.txt">
      <sentence>She tried to pull it out .</sentence>
      <tokens>
        <t>" " "She" " "</t>
        <t>" " "tried" " "</t>
        <t>" " "to" " "</t>
        <t>" " "pull" " "</t>
        <t>" " "it" " "</t>
        <t>" " "out" ""</t>
        <t>"" "." " "</t>
      </tokens>
      <parse>(ROOT (S (NP (PRP She)) (VP (VBD tried) (S (VP (TO to) (VP (VB pull) (NP (PRP it)) (PRT (RP out)))))) (. .)))</parse>
      <deps>nsubj(tried-2, She-1)
xsubj(pull-4, She-1)
root(ROOT-0, tried-2)
aux(pull-4, to-3)
xcomp(tried-2, pull-4)
dobj(pull-4, it-5)
prt(pull-4, out-6)</deps>
      <events>
        <event id="e20" eiid="ei20" offset="2" string="tried" tense="PAST" aspect="NONE" class="I_ACTION" polarity="POS" modality="" happen="" lowerBoundDuration="" upperBoundDuration="" />
        <event id="e21" eiid="ei21" offset="4" string="pull" tense="INFINITIVE" aspect="NONE" class="OCCURRENCE" polarity="POS" modality="" happen="" lowerBoundDuration="" upperBoundDuration="" />
      </events>
      <timexes />
    </entry>
    <entry sid="11" file="9783732522033_051.txt">
      <sentence>She could n't .</sentence>
      <tokens>
        <t>" " "She" " "</t>
        <t>" " "could" ""</t>
        <t>"" "n't" ""</t>
        <t>"" "." " "</t>
      </tokens>
      <parse>(ROOT (S (NP (PRP She)) (VP (MD could) (RB n't)) (. .)))</parse>
      <deps>nsubj(could-2, She-1)
root(ROOT-0, could-2)
neg(could-2, n't-3)</deps>
      <events />
      <timexes />
    </entry>
    <entry sid="12" file="9783732522033_051.txt">
      <sentence>Then she pressed firmly on it .</sentence>
      <tokens>
        <t>" " "Then" " "</t>
        <t>" " "she" " "</t>
        <t>" " "pressed" " "</t>
        <t>" " "firmly" " "</t>
        <t>" " "on" " "</t>
        <t>" " "it" ""</t>
        <t>"" "." " "</t>
      </tokens>
      <parse>(ROOT (S (RB Then) (NP (PRP she)) (VP (VBD pressed) (ADVP (RB firmly)) (PP (IN on) (NP (PRP it)))) (. .)))</parse>
      <deps>advmod(pressed-3, Then-1)
nsubj(pressed-3, she-2)
root(ROOT-0, pressed-3)
advmod(pressed-3, firmly-4)
prep_on(pressed-3, it-6)</deps>
      <events>
        <event id="e22" eiid="ei22" offset="3" string="pressed" tense="PAST" aspect="NONE" class="OCCURRENCE" polarity="POS" modality="" happen="" lowerBoundDuration="" upperBoundDuration="" />
      </events>
      <timexes />
    </entry>
    <entry sid="13" file="9783732522033_051.txt">
      <sentence>It did not give .</sentence>
      <tokens>
        <t>" " "It" " "</t>
        <t>" " "did" " "</t>
        <t>" " "not" " "</t>
        <t>" " "give" ""</t>
        <t>"" "." " "</t>
      </tokens>
      <parse>(ROOT (S (NP (PRP It)) (VP (VBD did) (RB not) (VP (VB give))) (. .)))</parse>
      <deps>nsubj(give-4, It-1)
aux(give-4, did-2)
neg(give-4, not-3)
root(ROOT-0, give-4)</deps>
      <events>
        <event id="e23" eiid="ei23" offset="4" string="give" tense="PAST" aspect="NONE" class="OCCURRENCE" polarity="POS" modality="" happen="" lowerBoundDuration="" upperBoundDuration="" />
      </events>
      <timexes />
    </entry>
    <entry sid="14" file="9783732522033_051.txt">
      <sentence>Finally she tried to move it to the side , and when she pushed it even more into the acute angle , suddenly the bottom of the closet gave way like a flap , lay smoothly against the wall .</sentence>
      <tokens>
        <t>" " "Finally" " "</t>
        <t>" " "she" " "</t>
        <t>" " "tried" " "</t>
        <t>" " "to" " "</t>
        <t>" " "move" " "</t>
        <t>" " "it" " "</t>
        <t>" " "to" " "</t>
        <t>" " "the" " "</t>
        <t>" " "side" ""</t>
        <t>"" "," " "</t>
        <t>" " "and" " "</t>
        <t>" " "when" " "</t>
        <t>" " "she" " "</t>
        <t>" " "pushed" " "</t>
        <t>" " "it" " "</t>
        <t>" " "even" " "</t>
        <t>" " "more" " "</t>
        <t>" " "into" " "</t>
        <t>" " "the" " "</t>
        <t>" " "acute" " "</t>
        <t>" " "angle" ""</t>
        <t>"" "," " "</t>
        <t>" " "suddenly" " "</t>
        <t>" " "the" " "</t>
        <t>" " "bottom" " "</t>
        <t>" " "of" " "</t>
        <t>" " "the" " "</t>
        <t>" " "closet" " "</t>
        <t>" " "gave" " "</t>
        <t>" " "way" " "</t>
        <t>" " "like" " "</t>
        <t>" " "a" " "</t>
        <t>" " "flap" ""</t>
        <t>"" "," " "</t>
        <t>" " "lay" " "</t>
        <t>" " "smoothly" " "</t>
        <t>" " "against" " "</t>
        <t>" " "the" " "</t>
        <t>" " "wall" ""</t>
        <t>"" "." " "</t>
      </tokens>
      <parse>(ROOT (S (S (ADVP (RB Finally)) (NP (PRP she)) (VP (VBD tried) (S (VP (TO to) (VP (VB move) (NP (PRP it)) (PP (TO to) (NP (DT the) (NN side)))))))) (, ,) (CC and) (S (SBAR (WHADVP (WRB when)) (S (NP (PRP she)) (VP (VBD pushed) (SBAR (S (NP (PRP it)) (VP (ADVP (ADVP (RB even) (RBR more)) (PP (IN into) (NP (NP (DT the) (JJ acute) (NN angle)) (, ,) (ADVP (RB suddenly)) (NP (NP (DT the) (NN bottom)) (PP (IN of) (NP (DT the) (NN closet))))))) (VBD gave) (NP (NN way)) (PP (IN like) (NP (DT a) (NN flap))))))))) (, ,) (VP (VB lay) (ADVP (RB smoothly)) (PP (IN against) (NP (DT the) (NN wall))))) (. .)))</parse>
      <deps>advmod(tried-3, Finally-1)
nsubj(tried-3, she-2)
xsubj(move-5, she-2)
nsubj(lay-35, she-2)
root(ROOT-0, tried-3)
aux(move-5, to-4)
xcomp(tried-3, move-5)
dobj(move-5, it-6)
det(side-9, the-8)
prep_to(move-5, side-9)
advmod(pushed-14, when-12)
nsubj(pushed-14, she-13)
advcl(lay-35, pushed-14)
nsubj(gave-29, it-15)
advmod(more-17, even-16)
advmod(gave-29, more-17)
det(angle-21, the-19)
amod(angle-21, acute-20)
prep_into(more-17, angle-21)
advmod(angle-21, suddenly-23)
det(bottom-25, the-24)
dep(angle-21, bottom-25)
det(closet-28, the-27)
prep_of(bottom-25, closet-28)
ccomp(pushed-14, gave-29)
dobj(gave-29, way-30)
det(flap-33, a-32)
prep_like(gave-29, flap-33)
conj_and(tried-3, lay-35)
advmod(lay-35, smoothly-36)
det(wall-39, the-38)
prep_against(lay-35, wall-39)</deps>
      <events>
        <event id="e24" eiid="ei24" offset="3" string="tried" tense="PAST" aspect="NONE" class="I_ACTION" polarity="POS" modality="" happen="" lowerBoundDuration="" upperBoundDuration="" />
        <event id="e25" eiid="ei25" offset="5" string="move" tense="INFINITIVE" aspect="NONE" class="OCCURRENCE" polarity="POS" modality="" happen="" lowerBoundDuration="" upperBoundDuration="" />
        <event id="e26" eiid="ei26" offset="14" string="pushed" tense="PAST" aspect="NONE" class="OCCURRENCE" polarity="POS" modality="" happen="" lowerBoundDuration="" upperBoundDuration="" />
        <event id="e27" eiid="ei27" offset="29" string="gave" tense="PAST" aspect="NONE" class="OCCURRENCE" polarity="POS" modality="" happen="" lowerBoundDuration="" upperBoundDuration="" />
      </events>
      <timexes />
    </entry>
    <entry sid="15" file="9783732522033_051.txt">
      <sentence>Griseldis had let out a soft call .</sentence>
      <tokens>
        <t>" " "Griseldis" " "</t>
        <t>" " "had" " "</t>
        <t>" " "let" " "</t>
        <t>" " "out" " "</t>
        <t>" " "a" " "</t>
        <t>" " "soft" " "</t>
        <t>" " "call" ""</t>
        <t>"" "." " "</t>
      </tokens>
      <parse>(ROOT (S (NP (NNS Griseldis)) (VP (VBD had) (VP (VBN let) (PP (IN out) (NP (DT a) (JJ soft) (NN call))))) (. .)))</parse>
      <deps>nsubj(let-3, Griseldis-1)
aux(let-3, had-2)
root(ROOT-0, let-3)
det(call-7, a-5)
amod(call-7, soft-6)
prep_out(let-3, call-7)</deps>
      <events>
        <event id="e28" eiid="ei28" offset="3" string="let" tense="PAST" aspect="PERFECTIVE" class="OCCURRENCE" polarity="POS" modality="" happen="" lowerBoundDuration="" upperBoundDuration="" />
      </events>
      <timexes />
    </entry>
    <entry sid="16" file="9783732522033_051.txt">
      <sentence>Startled , she listened back to her room .</sentence>
      <tokens>
        <t>" " "Startled" ""</t>
        <t>"" "," " "</t>
        <t>" " "she" " "</t>
        <t>" " "listened" " "</t>
        <t>" " "back" " "</t>
        <t>" " "to" " "</t>
        <t>" " "her" " "</t>
        <t>" " "room" ""</t>
        <t>"" "." " "</t>
      </tokens>
      <parse>(ROOT (S (S (VP (VBN Startled))) (, ,) (NP (PRP she)) (VP (VBD listened) (ADVP (RB back)) (PP (TO to) (NP (PRP$ her) (NN room)))) (. .)))</parse>
      <deps>partmod(listened-4, Startled-1)
nsubj(listened-4, she-3)
root(ROOT-0, listened-4)
advmod(listened-4, back-5)
poss(room-8, her-7)
prep_to(listened-4, room-8)</deps>
      <events>
        <event id="e29" eiid="ei29" offset="1" string="Startled" tense="PAST" aspect="NONE" class="STATE" polarity="POS" modality="" happen="" lowerBoundDuration="" upperBoundDuration="" />
        <event id="e30" eiid="ei30" offset="4" string="listened" tense="PAST" aspect="NONE" class="OCCURRENCE" polarity="POS" modality="" happen="" lowerBoundDuration="" upperBoundDuration="" />
      </events>
      <timexes />
    </entry>
    <entry sid="17" file="9783732522033_051.txt">
      <sentence>Countess Beate lived next door to her room .</sentence>
      <tokens>
        <t>" " "Countess" " "</t>
        <t>" " "Beate" " "</t>
        <t>" " "lived" " "</t>
        <t>" " "next" " "</t>
        <t>" " "door" " "</t>
        <t>" " "to" " "</t>
        <t>" " "her" " "</t>
        <t>" " "room" ""</t>
        <t>"" "." " "</t>
      </tokens>
      <parse>(ROOT (S (NP (NNP Countess) (NNP Beate)) (VP (VBD lived) (ADVP (JJ next) (NN door)) (PP (TO to) (NP (PRP$ her) (NN room)))) (. .)))</parse>
      <deps>nn(Beate-2, Countess-1)
nsubj(lived-3, Beate-2)
root(ROOT-0, lived-3)
advmod(lived-3, next-4)
dep(next-4, door-5)
poss(room-8, her-7)
prep_to(lived-3, room-8)</deps>
      <events>
        <event id="e31" eiid="ei31" offset="3" string="lived" tense="PAST" aspect="NONE" class="OCCURRENCE" polarity="POS" modality="" happen="" lowerBoundDuration="" upperBoundDuration="" />
      </events>
      <timexes />
    </entry>
    <entry sid="18" file="9783732522033_051.txt">
      <sentence>She was not allowed to hear anything .</sentence>
      <tokens>
        <t>" " "She" " "</t>
        <t>" " "was" " "</t>
        <t>" " "not" " "</t>
        <t>" " "allowed" " "</t>
        <t>" " "to" " "</t>
        <t>" " "hear" " "</t>
        <t>" " "anything" ""</t>
        <t>"" "." " "</t>
      </tokens>
      <parse>(ROOT (S (NP (PRP She)) (VP (VBD was) (RB not) (VP (VBN allowed) (S (VP (TO to) (VP (VB hear) (NP (NN anything))))))) (. .)))</parse>
      <deps>nsubjpass(allowed-4, She-1)
xsubj(hear-6, She-1)
auxpass(allowed-4, was-2)
neg(allowed-4, not-3)
root(ROOT-0, allowed-4)
aux(hear-6, to-5)
xcomp(allowed-4, hear-6)
dobj(hear-6, anything-7)</deps>
      <events>
        <event id="e32" eiid="ei32" offset="4" string="allowed" tense="PAST" aspect="NONE" class="I_ACTION" polarity="POS" modality="" happen="" lowerBoundDuration="" upperBoundDuration="" />
        <event id="e33" eiid="ei33" offset="6" string="hear" tense="INFINITIVE" aspect="NONE" class="OCCURRENCE" polarity="POS" modality="" happen="" lowerBoundDuration="" upperBoundDuration="" />
      </events>
      <timexes />
    </entry>
    <entry sid="19" file="9783732522033_051.txt">
      <sentence>Griseldis breathed a deep sigh of relief .</sentence>
      <tokens>
        <t>" " "Griseldis" " "</t>
        <t>" " "breathed" " "</t>
        <t>" " "a" " "</t>
        <t>" " "deep" " "</t>
        <t>" " "sigh" " "</t>
        <t>" " "of" " "</t>
        <t>" " "relief" ""</t>
        <t>"" "." " "</t>
      </tokens>
      <parse>(ROOT (S (NP (NNS Griseldis)) (VP (VBD breathed) (NP (NP (DT a) (JJ deep) (NN sigh)) (PP (IN of) (NP (NN relief))))) (. .)))</parse>
      <deps>nsubj(breathed-2, Griseldis-1)
root(ROOT-0, breathed-2)
det(sigh-5, a-3)
amod(sigh-5, deep-4)
dobj(breathed-2, sigh-5)
prep_of(sigh-5, relief-7)</deps>
      <events>
        <event id="e34" eiid="ei34" offset="2" string="breathed" tense="PAST" aspect="NONE" class="OCCURRENCE" polarity="POS" modality="" happen="" lowerBoundDuration="" upperBoundDuration="" />
      </events>
      <timexes />
    </entry>
    <entry sid="20" file="9783732522033_051.txt">
      <sentence>And now she shone her flashlight down into the cavity .</sentence>
      <tokens>
        <t>" " "And" " "</t>
        <t>" " "now" " "</t>
        <t>" " "she" " "</t>
        <t>" " "shone" " "</t>
        <t>" " "her" " "</t>
        <t>" " "flashlight" " "</t>
        <t>" " "down" " "</t>
        <t>" " "into" " "</t>
        <t>" " "the" " "</t>
        <t>" " "cavity" ""</t>
        <t>"" "." " "</t>
      </tokens>
      <parse>(ROOT (S (CC And) (ADVP (RB now)) (NP (PRP she)) (VP (VBP shone) (NP (PRP$ her) (NN flashlight)) (PRT (RP down)) (PP (IN into) (NP (DT the) (NN cavity)))) (. .)))</parse>
      <deps>cc(shone-4, And-1)
advmod(shone-4, now-2)
nsubj(shone-4, she-3)
root(ROOT-0, shone-4)
poss(flashlight-6, her-5)
dobj(shone-4, flashlight-6)
prt(shone-4, down-7)
det(cavity-10, the-9)
prep_into(shone-4, cavity-10)</deps>
      <events>
        <event id="e35" eiid="ei35" offset="4" string="shone" tense="PRESENT" aspect="NONE" class="OCCURRENCE" polarity="POS" modality="" happen="" lowerBoundDuration="" upperBoundDuration="" />
        <event id="e36" eiid="ei36" offset="6" string="flashlight" tense="NONE" aspect="NONE" class="OCCURRENCE" polarity="POS" modality="" happen="" lowerBoundDuration="" upperBoundDuration="" />
      </events>
      <timexes>
        <timex tid="t5" text="now" offset="2" length="1" type="DATE" value="PRESENT_REF" temporalFunction="false" />
      </timexes>
    </entry>
    <entry sid="21" file="9783732522033_051.txt">
      <sentence>If someone was standing in this cavity , he could hardly reach down to the bottom of the closet with his arms outstretched .</sentence>
      <tokens>
        <t>" " "If" " "</t>
        <t>" " "someone" " "</t>
        <t>" " "was" " "</t>
        <t>" " "standing" " "</t>
        <t>" " "in" " "</t>
        <t>" " "this" " "</t>
        <t>" " "cavity" ""</t>
        <t>"" "," " "</t>
        <t>" " "he" " "</t>
        <t>" " "could" " "</t>
        <t>" " "hardly" " "</t>
        <t>" " "reach" " "</t>
        <t>" " "down" " "</t>
        <t>" " "to" " "</t>
        <t>" " "the" " "</t>
        <t>" " "bottom" " "</t>
        <t>" " "of" " "</t>
        <t>" " "the" " "</t>
        <t>" " "closet" " "</t>
        <t>" " "with" " "</t>
        <t>" " "his" " "</t>
        <t>" " "arms" " "</t>
        <t>" " "outstretched" ""</t>
        <t>"" "." " "</t>
      </tokens>
      <parse>(ROOT (S (SBAR (IN If) (S (NP (NN someone)) (VP (VBD was) (VP (VBG standing) (PP (IN in) (NP (DT this) (NN cavity))))))) (, ,) (NP (PRP he)) (VP (MD could) (ADVP (RB hardly)) (VP (VB reach) (PRT (RP down)) (PP (TO to) (NP (NP (DT the) (NN bottom)) (PP (IN of) (NP (NP (DT the) (NN closet)) (PP (IN with) (NP (NP (PRP$ his) (NNS arms)) (VP (VBN outstretched)))))))))) (. .)))</parse>
      <deps>mark(standing-4, If-1)
nsubj(standing-4, someone-2)
aux(standing-4, was-3)
advcl(reach-12, standing-4)
det(cavity-7, this-6)
prep_in(standing-4, cavity-7)
nsubj(reach-12, he-9)
aux(reach-12, could-10)
advmod(reach-12, hardly-11)
root(ROOT-0, reach-12)
prt(reach-12, down-13)
det(bottom-16, the-15)
prep_to(reach-12, bottom-16)
det(closet-19, the-18)
prep_of(bottom-16, closet-19)
poss(arms-22, his-21)
prep_with(closet-19, arms-22)
partmod(arms-22, outstretched-23)</deps>
      <events>
        <event id="e37" eiid="ei37" offset="4" string="standing" tense="PAST" aspect="PROGRESSIVE" class="OCCURRENCE" polarity="POS" modality="" happen="" lowerBoundDuration="" upperBoundDuration="" />
        <event id="e38" eiid="ei38" offset="12" string="reach" tense="NONE" aspect="NONE" class="OCCURRENCE" polarity="POS" modality="" happen="" lowerBoundDuration="" upperBoundDuration="" />
        <event id="e39" eiid="ei39" offset="23" string="outstretched" tense="PASTPART" aspect="NONE" class="OCCURRENCE" polarity="POS" modality="" happen="" lowerBoundDuration="" upperBoundDuration="" />
      </events>
      <timexes />
    </entry>
    <entry sid="22" file="9783732522033_051.txt">
      <sentence>But she made a more important discovery first .</sentence>
      <tokens>
        <t>" " "But" " "</t>
        <t>" " "she" " "</t>
        <t>" " "made" " "</t>
        <t>" " "a" " "</t>
        <t>" " "more" " "</t>
        <t>" " "important" " "</t>
        <t>" " "discovery" " "</t>
        <t>" " "first" ""</t>
        <t>"" "." " "</t>
      </tokens>
      <parse>(ROOT (S (CC But) (NP (PRP she)) (VP (VBD made) (NP (DT a) (ADJP (RBR more) (JJ important)) (NN discovery)) (ADVP (RB first))) (. .)))</parse>
      <deps>cc(made-3, But-1)
nsubj(made-3, she-2)
root(ROOT-0, made-3)
det(discovery-7, a-4)
advmod(important-6, more-5)
amod(discovery-7, important-6)
dobj(made-3, discovery-7)
advmod(made-3, first-8)</deps>
      <events>
        <event id="e40" eiid="ei40" offset="3" string="made" tense="PAST" aspect="NONE" class="I_ACTION" polarity="POS" modality="" happen="" lowerBoundDuration="" upperBoundDuration="" />
      </events>
      <timexes />
    </entry>
    <entry sid="23" file="9783732522033_051.txt">
      <sentence>On the tower side , she saw the outline of a door in the cavity .</sentence>
      <tokens>
        <t>" " "On" " "</t>
        <t>" " "the" " "</t>
        <t>" " "tower" " "</t>
        <t>" " "side" ""</t>
        <t>"" "," " "</t>
        <t>" " "she" " "</t>
        <t>" " "saw" " "</t>
        <t>" " "the" " "</t>
        <t>" " "outline" " "</t>
        <t>" " "of" " "</t>
        <t>" " "a" " "</t>
        <t>" " "door" " "</t>
        <t>" " "in" " "</t>
        <t>" " "the" " "</t>
        <t>" " "cavity" ""</t>
        <t>"" "." " "</t>
      </tokens>
      <parse>(ROOT (S (PP (IN On) (NP (DT the) (NN tower) (NN side))) (, ,) (NP (PRP she)) (VP (VBD saw) (NP (NP (DT the) (NN outline)) (PP (IN of) (NP (DT a) (NN door)))) (PP (IN in) (NP (DT the) (NN cavity)))) (. .)))</parse>
      <deps>det(side-4, the-2)
nn(side-4, tower-3)
prep_on(saw-7, side-4)
nsubj(saw-7, she-6)
root(ROOT-0, saw-7)
det(outline-9, the-8)
dobj(saw-7, outline-9)
det(door-12, a-11)
prep_of(outline-9, door-12)
det(cavity-15, the-14)
prep_in(saw-7, cavity-15)</deps>
      <events>
        <event id="e41" eiid="ei41" offset="7" string="saw" tense="PAST" aspect="NONE" class="OCCURRENCE" polarity="POS" modality="" happen="" lowerBoundDuration="" upperBoundDuration="" />
      </events>
      <timexes />
    </entry>
    <entry sid="24" file="9783732522033_051.txt">
      <sentence>It appeared to be thick , no lock of any kind was visible on it .</sentence>
      <tokens>
        <t>" " "It" " "</t>
        <t>" " "appeared" " "</t>
        <t>" " "to" " "</t>
        <t>" " "be" " "</t>
        <t>" " "thick" ""</t>
        <t>"" "," " "</t>
        <t>" " "no" " "</t>
        <t>" " "lock" " "</t>
        <t>" " "of" " "</t>
        <t>" " "any" " "</t>
        <t>" " "kind" " "</t>
        <t>" " "was" " "</t>
        <t>" " "visible" " "</t>
        <t>" " "on" " "</t>
        <t>" " "it" ""</t>
        <t>"" "." " "</t>
      </tokens>
      <parse>(ROOT (S (S (NP (PRP It)) (VP (VBD appeared) (S (VP (TO to) (VP (VB be) (ADJP (JJ thick))))))) (, ,) (NP (NP (DT no) (NN lock)) (PP (IN of) (NP (DT any) (NN kind)))) (VP (VBD was) (ADJP (JJ visible) (PP (IN on) (NP (PRP it))))) (. .)))</parse>
      <deps>nsubj(appeared-2, It-1)
xsubj(thick-5, It-1)
ccomp(visible-13, appeared-2)
aux(thick-5, to-3)
cop(thick-5, be-4)
xcomp(appeared-2, thick-5)
det(lock-8, no-7)
nsubj(visible-13, lock-8)
det(kind-11, any-10)
prep_of(lock-8, kind-11)
cop(visible-13, was-12)
root(ROOT-0, visible-13)
prep_on(visible-13, it-15)</deps>
      <events>
        <event id="e42" eiid="ei42" offset="2" string="appeared" tense="PAST" aspect="NONE" class="OCCURRENCE" polarity="POS" modality="" happen="" lowerBoundDuration="" upperBoundDuration="" />
        <event id="e43" eiid="ei43" offset="5" string="thick" tense="PRESENT" aspect="NONE" class="STATE" polarity="POS" modality="" happen="" lowerBoundDuration="" upperBoundDuration="" />
        <event id="e44" eiid="ei44" offset="11" string="kind" tense="NONE" aspect="NONE" class="OCCURRENCE" polarity="POS" modality="" happen="" lowerBoundDuration="" upperBoundDuration="" />
        <event id="e45" eiid="ei45" offset="13" string="visible" tense="PAST" aspect="NONE" class="STATE" polarity="POS" modality="" happen="" lowerBoundDuration="" upperBoundDuration="" />
      </events>
      <timexes />
    </entry>
    <entry sid="25" file="9783732522033_051.txt">
      <sentence>But a door it was , the approximate size of the dolphin 's frame .</sentence>
      <tokens>
        <t>" " "But" " "</t>
        <t>" " "a" " "</t>
        <t>" " "door" " "</t>
        <t>" " "it" " "</t>
        <t>" " "was" ""</t>
        <t>"" "," " "</t>
        <t>" " "the" " "</t>
        <t>" " "approximate" " "</t>
        <t>" " "size" " "</t>
        <t>" " "of" " "</t>
        <t>" " "the" " "</t>
        <t>" " "dolphin" ""</t>
        <t>"" "'s" " "</t>
        <t>" " "frame" ""</t>
        <t>"" "." " "</t>
      </tokens>
      <parse>(ROOT (S (CC But) (ADVP (DT a) (NN door)) (NP (PRP it)) (VP (VP (VBD was)) (, ,) (NP (NP (DT the) (JJ approximate) (NN size)) (PP (IN of) (NP (NP (DT the) (NN dolphin) (POS 's)) (NN frame))))) (. .)))</parse>
      <deps>cc(was-5, But-1)
det(door-3, a-2)
advmod(was-5, door-3)
nsubj(was-5, it-4)
root(ROOT-0, was-5)
det(size-9, the-7)
amod(size-9, approximate-8)
dobj(was-5, size-9)
det(dolphin-12, the-11)
poss(frame-14, dolphin-12)
prep_of(size-9, frame-14)</deps>
      <events />
      <timexes />
    </entry>
    <entry sid="26" file="9783732522033_051.txt">
      <sentence>Griseldis breathed deeply and heavily .</sentence>
      <tokens>
        <t>" " "Griseldis" " "</t>
        <t>" " "breathed" " "</t>
        <t>" " "deeply" " "</t>
        <t>" " "and" " "</t>
        <t>" " "heavily" ""</t>
        <t>"" "." " "</t>
      </tokens>
      <parse>(ROOT (S (NP (NNS Griseldis)) (VP (VBD breathed) (ADVP (RB deeply) (CC and) (RB heavily))) (. .)))</parse>
      <deps>nsubj(breathed-2, Griseldis-1)
root(ROOT-0, breathed-2)
advmod(breathed-2, deeply-3)
advmod(breathed-2, heavily-5)
conj_and(deeply-3, heavily-5)</deps>
      <events>
        <event id="e46" eiid="ei46" offset="2" string="breathed" tense="PAST" aspect="NONE" class="OCCURRENCE" polarity="POS" modality="" happen="" lowerBoundDuration="" upperBoundDuration="" />
      </events>
      <timexes />
    </entry>
    <entry sid="27" file="9783732522033_051.txt">
      <sentence>Her hunch had not deceived her .</sentence>
      <tokens>
        <t>" " "Her" " "</t>
        <t>" " "hunch" " "</t>
        <t>" " "had" " "</t>
        <t>" " "not" " "</t>
        <t>" " "deceived" " "</t>
        <t>" " "her" ""</t>
        <t>"" "." " "</t>
      </tokens>
      <parse>(ROOT (S (NP (PRP$ Her) (NN hunch)) (VP (VBD had) (RB not) (VP (VBN deceived) (NP (PRP her)))) (. .)))</parse>
      <deps>poss(hunch-2, Her-1)
nsubj(deceived-5, hunch-2)
aux(deceived-5, had-3)
neg(deceived-5, not-4)
root(ROOT-0, deceived-5)
dobj(deceived-5, her-6)</deps>
      <events>
        <event id="e47" eiid="ei47" offset="5" string="deceived" tense="PAST" aspect="NONE" class="OCCURRENCE" polarity="POS" modality="" happen="" lowerBoundDuration="" upperBoundDuration="" />
      </events>
      <timexes />
    </entry>
    <entry sid="28" file="9783732522033_051.txt">
      <sentence>This discovery gave new food to her suspicions .</sentence>
      <tokens>
        <t>" " "This" " "</t>
        <t>" " "discovery" " "</t>
        <t>" " "gave" " "</t>
        <t>" " "new" " "</t>
        <t>" " "food" " "</t>
        <t>" " "to" " "</t>
        <t>" " "her" " "</t>
        <t>" " "suspicions" ""</t>
        <t>"" "." " "</t>
      </tokens>
      <parse>(ROOT (S (NP (DT This) (NN discovery)) (VP (VBD gave) (NP (JJ new) (NN food)) (PP (TO to) (NP (PRP$ her) (NNS suspicions)))) (. .)))</parse>
      <deps>det(discovery-2, This-1)
nsubj(gave-3, discovery-2)
root(ROOT-0, gave-3)
amod(food-5, new-4)
dobj(gave-3, food-5)
poss(suspicions-8, her-7)
prep_to(gave-3, suspicions-8)</deps>
      <events>
        <event id="e48" eiid="ei48" offset="3" string="gave" tense="PAST" aspect="NONE" class="OCCURRENCE" polarity="POS" modality="" happen="" lowerBoundDuration="" upperBoundDuration="" />
      </events>
      <timexes />
    </entry>
    <entry sid="29" file="9783732522033_051.txt">
      <sentence>She now tried to close the bottom of the closet again .</sentence>
      <tokens>
        <t>" " "She" " "</t>
        <t>" " "now" " "</t>
        <t>" " "tried" " "</t>
        <t>" " "to" " "</t>
        <t>" " "close" " "</t>
        <t>" " "the" " "</t>
        <t>" " "bottom" " "</t>
        <t>" " "of" " "</t>
        <t>" " "the" " "</t>
        <t>" " "closet" " "</t>
        <t>" " "again" ""</t>
        <t>"" "." " "</t>
      </tokens>
      <parse>(ROOT (S (NP (PRP She)) (ADVP (RB now)) (VP (VBD tried) (S (VP (TO to) (VP (VB close) (NP (NP (DT the) (NN bottom)) (PP (IN of) (NP (DT the) (NN closet)))) (ADVP (RB again)))))) (. .)))</parse>
      <deps>nsubj(tried-3, She-1)
xsubj(close-5, She-1)
advmod(tried-3, now-2)
root(ROOT-0, tried-3)
aux(close-5, to-4)
xcomp(tried-3, close-5)
det(bottom-7, the-6)
dobj(close-5, bottom-7)
det(closet-10, the-9)
prep_of(bottom-7, closet-10)
advmod(close-5, again-11)</deps>
      <events>
        <event id="e49" eiid="ei49" offset="3" string="tried" tense="PAST" aspect="NONE" class="I_STATE" polarity="POS" modality="" happen="" lowerBoundDuration="" upperBoundDuration="" />
        <event id="e50" eiid="ei50" offset="5" string="close" tense="INFINITIVE" aspect="NONE" class="OCCURRENCE" polarity="POS" modality="" happen="" lowerBoundDuration="" upperBoundDuration="" />
      </events>
      <timexes>
        <timex tid="t6" text="now" offset="2" length="1" type="DATE" value="PRESENT_REF" temporalFunction="false" />
      </timexes>
    </entry>
    <entry sid="30" file="9783732522033_051.txt">
      <sentence>At first she did not succeed .</sentence>
      <tokens>
        <t>" " "At" " "</t>
        <t>" " "first" " "</t>
        <t>" " "she" " "</t>
        <t>" " "did" " "</t>
        <t>" " "not" " "</t>
        <t>" " "succeed" ""</t>
        <t>"" "." " "</t>
      </tokens>
      <parse>(ROOT (S (PP (IN At) (NP (JJ first))) (NP (PRP she)) (VP (VBD did) (RB not) (VP (VB succeed))) (. .)))</parse>
      <deps>prep_at(succeed-6, first-2)
nsubj(succeed-6, she-3)
aux(succeed-6, did-4)
neg(succeed-6, not-5)
root(ROOT-0, succeed-6)</deps>
      <events>
        <event id="e51" eiid="ei51" offset="6" string="succeed" tense="PAST" aspect="NONE" class="OCCURRENCE" polarity="POS" modality="" happen="" lowerBoundDuration="" upperBoundDuration="" />
      </events>
      <timexes />
    </entry>
    <entry sid="31" file="9783732522033_051.txt">
      <sentence>But finally she succeeded by stabbing a pair of scissors into the wood and pulling the bottom up until it snapped back into the lock .</sentence>
      <tokens>
        <t>" " "But" " "</t>
        <t>" " "finally" " "</t>
        <t>" " "she" " "</t>
        <t>" " "succeeded" " "</t>
        <t>" " "by" " "</t>
        <t>" " "stabbing" " "</t>
        <t>" " "a" " "</t>
        <t>" " "pair" " "</t>
        <t>" " "of" " "</t>
        <t>" " "scissors" " "</t>
        <t>" " "into" " "</t>
        <t>" " "the" " "</t>
        <t>" " "wood" " "</t>
        <t>" " "and" " "</t>
        <t>" " "pulling" " "</t>
        <t>" " "the" " "</t>
        <t>" " "bottom" " "</t>
        <t>" " "up" " "</t>
        <t>" " "until" " "</t>
        <t>" " "it" " "</t>
        <t>" " "snapped" " "</t>
        <t>" " "back" " "</t>
        <t>" " "into" " "</t>
        <t>" " "the" " "</t>
        <t>" " "lock" ""</t>
        <t>"" "." " "</t>
      </tokens>
      <parse>(ROOT (S (CC But) (ADVP (RB finally)) (NP (PRP she)) (VP (VBD succeeded) (PP (IN by) (S (VP (VP (VBG stabbing) (NP (NP (DT a) (NN pair)) (PP (IN of) (NP (NNS scissors)))) (PP (IN into) (NP (DT the) (NN wood)))) (CC and) (VP (VBG pulling) (NP (DT the) (NN bottom)) (PRT (RP up)) (SBAR (IN until) (S (NP (PRP it)) (VP (VBD snapped) (ADVP (RB back)) (PP (IN into) (NP (DT the) (NN lock))))))))))) (. .)))</parse>
      <deps>cc(succeeded-4, But-1)
advmod(succeeded-4, finally-2)
nsubj(succeeded-4, she-3)
root(ROOT-0, succeeded-4)
prepc_by(succeeded-4, stabbing-6)
det(pair-8, a-7)
dobj(stabbing-6, pair-8)
prep_of(pair-8, scissors-10)
det(wood-13, the-12)
prep_into(stabbing-6, wood-13)
prepc_by(succeeded-4, pulling-15)
conj_and(stabbing-6, pulling-15)
det(bottom-17, the-16)
dobj(pulling-15, bottom-17)
prt(pulling-15, up-18)
mark(snapped-21, until-19)
nsubj(snapped-21, it-20)
advcl(pulling-15, snapped-21)
advmod(snapped-21, back-22)
det(lock-25, the-24)
prep_into(snapped-21, lock-25)</deps>
      <events>
        <event id="e52" eiid="ei52" offset="4" string="succeeded" tense="PAST" aspect="NONE" class="OCCURRENCE" polarity="POS" modality="" happen="" lowerBoundDuration="" upperBoundDuration="" />
        <event id="e53" eiid="ei53" offset="6" string="stabbing" tense="NONE" aspect="NONE" class="OCCURRENCE" polarity="POS" modality="" happen="" lowerBoundDuration="" upperBoundDuration="" />
        <event id="e54" eiid="ei54" offset="15" string="pulling" tense="PRESPART" aspect="NONE" class="OCCURRENCE" polarity="POS" modality="" happen="" lowerBoundDuration="" upperBoundDuration="" />
        <event id="e55" eiid="ei55" offset="21" string="snapped" tense="PAST" aspect="NONE" class="OCCURRENCE" polarity="POS" modality="" happen="" lowerBoundDuration="" upperBoundDuration="" />
      </events>
      <timexes />
    </entry>
    <entry sid="32" file="9783732522033_051.txt">
      <sentence>Very excited , she now went to her camp .</sentence>
      <tokens>
        <t>" " "Very" " "</t>
        <t>" " "excited" ""</t>
        <t>"" "," " "</t>
        <t>" " "she" " "</t>
        <t>" " "now" " "</t>
        <t>" " "went" " "</t>
        <t>" " "to" " "</t>
        <t>" " "her" " "</t>
        <t>" " "camp" ""</t>
        <t>"" "." " "</t>
      </tokens>
      <parse>(ROOT (S (S (ADJP (RB Very) (JJ excited))) (, ,) (NP (PRP she)) (ADVP (RB now)) (VP (VBD went) (PP (TO to) (NP (PRP$ her) (NN camp)))) (. .)))</parse>
      <deps>advmod(excited-2, Very-1)
ccomp(went-6, excited-2)
nsubj(went-6, she-4)
advmod(went-6, now-5)
root(ROOT-0, went-6)
poss(camp-9, her-8)
prep_to(went-6, camp-9)</deps>
      <events>
        <event id="e56" eiid="ei56" offset="6" string="went" tense="PAST" aspect="NONE" class="I_STATE" polarity="POS" modality="" happen="" lowerBoundDuration="" upperBoundDuration="" />
      </events>
      <timexes>
        <timex tid="t7" text="now" offset="5" length="1" type="DATE" value="PRESENT_REF" temporalFunction="false" />
      </timexes>
    </entry>
    <entry sid="33" file="9783732522033_051.txt">
      <sentence>And it was a comforting feeling to her that the tower key was in her possession .</sentence>
      <tokens>
        <t>" " "And" " "</t>
        <t>" " "it" " "</t>
        <t>" " "was" " "</t>
        <t>" " "a" " "</t>
        <t>" " "comforting" " "</t>
        <t>" " "feeling" " "</t>
        <t>" " "to" " "</t>
        <t>" " "her" " "</t>
        <t>" " "that" " "</t>
        <t>" " "the" " "</t>
        <t>" " "tower" " "</t>
        <t>" " "key" " "</t>
        <t>" " "was" " "</t>
        <t>" " "in" " "</t>
        <t>" " "her" " "</t>
        <t>" " "possession" ""</t>
        <t>"" "." ""</t>
      </tokens>
      <parse>(ROOT (S (CC And) (NP (PRP it)) (VP (VBD was) (NP (NP (DT a) (JJ comforting) (NN feeling)) (PP (TO to) (NP (PRP her)))) (SBAR (IN that) (S (NP (DT the) (NN tower) (NN key)) (VP (VBD was) (PP (IN in) (NP (PRP$ her) (NN possession))))))) (. .)))</parse>
      <deps>cc(feeling-6, And-1)
nsubj(feeling-6, it-2)
cop(feeling-6, was-3)
det(feeling-6, a-4)
amod(feeling-6, comforting-5)
root(ROOT-0, feeling-6)
prep_to(feeling-6, her-8)
mark(was-13, that-9)
det(key-12, the-10)
nn(key-12, tower-11)
nsubj(was-13, key-12)
ccomp(feeling-6, was-13)
poss(possession-16, her-15)
prep_in(was-13, possession-16)</deps>
      <events />
      <timexes />
    </entry>
    <tlink event1="ei2" event2="t1" relation="IS_INCLUDED" closed="false" origin="AdjacentVerbTimex" type="et" />
    <tlink event1="ei9" event2="t2" relation="AFTER" closed="false" origin="AdjacentVerbTimex" type="et" />
    <tlink event1="ei14" event2="t4" relation="VAGUE" closed="false" origin="AdjacentVerbTimex" type="et" />
    <tlink event1="ei35" event2="t5" relation="VAGUE" closed="false" origin="AdjacentVerbTimex" type="et" />
    <tlink event1="ei49" event2="t6" relation="VAGUE" closed="false" origin="AdjacentVerbTimex" type="et" />
    <tlink event1="ei56" event2="t7" relation="VAGUE" closed="false" origin="AdjacentVerbTimex" type="et" />
    <tlink event1="ei1" event2="ei3" relation="AFTER" closed="false" origin="ReichenbachDG13" type="ee" />
    <tlink event1="ei2" event2="ei3" relation="AFTER" closed="false" origin="ReichenbachDG13" type="ee" />
    <tlink event1="ei3" event2="ei4" relation="BEFORE" closed="false" origin="ReichenbachDG13" type="ee" />
    <tlink event1="ei3" event2="ei5" relation="BEFORE" closed="false" origin="ReichenbachDG13" type="ee" />
    <tlink event1="ei3" event2="ei6" relation="BEFORE" closed="false" origin="ReichenbachDG13" type="ee" />
    <tlink event1="ei7" event2="ei10" relation="BEFORE" closed="false" origin="ReichenbachDG13" type="ee" />
    <tlink event1="ei8" event2="ei10" relation="BEFORE" closed="false" origin="ReichenbachDG13" type="ee" />
    <tlink event1="ei9" event2="ei10" relation="BEFORE" closed="false" origin="ReichenbachDG13" type="ee" />
    <tlink event1="ei10" event2="ei11" relation="AFTER" closed="false" origin="ReichenbachDG13" type="ee" />
    <tlink event1="ei10" event2="ei13" relation="AFTER" closed="false" origin="ReichenbachDG13" type="ee" />
    <tlink event1="ei24" event2="ei28" relation="AFTER" closed="false" origin="ReichenbachDG13" type="ee" />
    <tlink event1="ei26" event2="ei28" relation="AFTER" closed="false" origin="ReichenbachDG13" type="ee" />
    <tlink event1="ei27" event2="ei28" relation="AFTER" closed="false" origin="ReichenbachDG13" type="ee" />
    <tlink event1="ei28" event2="ei29" relation="BEFORE" closed="false" origin="ReichenbachDG13" type="ee" />
    <tlink event1="ei28" event2="ei30" relation="BEFORE" closed="false" origin="ReichenbachDG13" type="ee" />
    <tlink event1="ei35" event2="ei38" relation="BEFORE" closed="false" origin="ReichenbachDG13" type="ee" />
    <tlink event1="ei38" event2="ei40" relation="AFTER" closed="false" origin="ReichenbachDG13" type="ee" />
    <tlink event1="t2" event2="ei10" relation="BEFORE" closed="true" origin="ReichenbachDG13" type="et" />
    <tlink event1="ei2" event2="ei1" relation="AFTER" closed="false" origin="XCompDepSieve" type="ee" />
    <tlink event1="ei4" event2="ei5" relation="BEFORE" closed="false" origin="XCompDepSieve" type="ee" />
    <tlink event1="ei7" event2="ei8" relation="VAGUE" closed="false" origin="XCompDepSieve" type="ee" />
    <tlink event1="ei14" event2="ei15" relation="BEFORE" closed="false" origin="XCompDepSieve" type="ee" />
    <tlink event1="ei20" event2="ei21" relation="BEFORE" closed="false" origin="XCompDepSieve" type="ee" />
    <tlink event1="ei24" event2="ei25" relation="BEFORE" closed="false" origin="XCompDepSieve" type="ee" />
    <tlink event1="ei26" event2="ei27" relation="AFTER" closed="false" origin="XCompDepSieve" type="ee" />
    <tlink event1="ei32" event2="ei33" relation="BEFORE" closed="false" origin="XCompDepSieve" type="ee" />
    <tlink event1="ei42" event2="ei43" relation="BEFORE" closed="false" origin="XCompDepSieve" type="ee" />
    <tlink event1="ei45" event2="ei42" relation="AFTER" closed="false" origin="XCompDepSieve" type="ee" />
    <tlink event1="ei49" event2="ei50" relation="BEFORE" closed="false" origin="XCompDepSieve" type="ee" />
    <tlink event1="ei53" event2="ei54" relation="VAGUE" closed="false" origin="XCompDepSieve" type="ee" />
    <tlink event1="ei54" event2="ei55" relation="BEFORE" closed="false" origin="XCompDepSieve" type="ee" />
    <tlink event1="ei28" event2="ei25" relation="BEFORE" closed="true" origin="XCompDepSieve" type="ee" />
    <tlink event1="ei6" event2="ei7" relation="VAGUE" closed="false" origin="WordNet209" type="ee" />
    <tlink event1="ei23" event2="ei27" relation="VAGUE" closed="false" origin="WordNet209" type="ee" />
    <tlink event1="ei51" event2="ei52" relation="VAGUE" closed="false" origin="WordNet209" type="ee" />
    <tlink event1="ei1" event2="t1" relation="VAGUE" closed="false" origin="MLEventTimeSameSent" type="et" />
    <tlink event1="ei11" event2="t3" relation="IS_INCLUDED" closed="false" origin="MLEventTimeSameSent" type="et" />
    <tlink event1="ei12" event2="t3" relation="VAGUE" closed="false" origin="MLEventTimeSameSent" type="et" />
    <tlink event1="ei13" event2="t3" relation="BEFORE" closed="false" origin="MLEventTimeSameSent" type="et" />
    <tlink event1="ei15" event2="t4" relation="VAGUE" closed="false" origin="MLEventTimeSameSent" type="et" />
    <tlink event1="ei36" event2="t5" relation="BEFORE" closed="false" origin="MLEventTimeSameSent" type="et" />
    <tlink event1="ei50" event2="t6" relation="VAGUE" closed="false" origin="MLEventTimeSameSent" type="et" />
    <tlink event1="ei11" event2="ei13" relation="AFTER" closed="true" origin="MLEventTimeSameSent" type="ee" />
    <tlink event1="ei11" event2="ei12" relation="VAGUE" closed="false" origin="MLEventEventDominates" type="ee" />
    <tlink event1="ei16" event2="ei17" relation="AFTER" closed="false" origin="MLEventEventDominates" type="ee" />
    <tlink event1="ei35" event2="ei36" relation="AFTER" closed="false" origin="MLEventEventDominates" type="ee" />
    <tlink event1="ei38" event2="ei39" relation="VAGUE" closed="false" origin="MLEventEventDominates" type="ee" />
    <tlink event1="ei52" event2="ei53" relation="AFTER" closed="false" origin="MLEventEventDominates" type="ee" />
    <tlink event1="ei52" event2="ei54" relation="AFTER" closed="false" origin="MLEventEventDominates" type="ee" />
    <tlink event1="ei52" event2="ei55" relation="AFTER" closed="false" origin="MLEventEventDominates" type="ee" />
    <tlink event1="ei38" event2="ei36" relation="AFTER" closed="true" origin="MLEventEventDominates" type="ee" />
    <tlink event1="ei12" event2="ei13" relation="VAGUE" closed="false" origin="MLEventEventSameSent" type="ee" />
    <tlink event1="ei24" event2="ei26" relation="VAGUE" closed="false" origin="MLEventEventSameSent" type="ee" />
    <tlink event1="ei24" event2="ei27" relation="VAGUE" closed="false" origin="MLEventEventSameSent" type="ee" />
    <tlink event1="ei25" event2="ei26" relation="AFTER" closed="false" origin="MLEventEventSameSent" type="ee" />
    <tlink event1="ei25" event2="ei27" relation="AFTER" closed="false" origin="MLEventEventSameSent" type="ee" />
    <tlink event1="ei29" event2="ei30" relation="VAGUE" closed="false" origin="MLEventEventSameSent" type="ee" />
    <tlink event1="ei37" event2="ei38" relation="VAGUE" closed="false" origin="MLEventEventSameSent" type="ee" />
    <tlink event1="ei37" event2="ei39" relation="VAGUE" closed="false" origin="MLEventEventSameSent" type="ee" />
    <tlink event1="ei42" event2="ei44" relation="VAGUE" closed="false" origin="MLEventEventSameSent" type="ee" />
    <tlink event1="ei43" event2="ei44" relation="IS_INCLUDED" closed="false" origin="MLEventEventSameSent" type="ee" />
    <tlink event1="ei43" event2="ei45" relation="AFTER" closed="false" origin="MLEventEventSameSent" type="ee" />
    <tlink event1="ei44" event2="ei45" relation="VAGUE" closed="false" origin="MLEventEventSameSent" type="ee" />
    <tlink event1="ei53" event2="ei55" relation="VAGUE" closed="false" origin="MLEventEventSameSent" type="ee" />
    <tlink event1="ei1" event2="ei4" relation="VAGUE" closed="false" origin="AllVagueSieve" type="ee" />
    <tlink event1="ei1" event2="ei5" relation="VAGUE" closed="false" origin="AllVagueSieve" type="ee" />
    <tlink event1="ei2" event2="ei4" relation="VAGUE" closed="false" origin="AllVagueSieve" type="ee" />
    <tlink event1="ei2" event2="ei5" relation="VAGUE" closed="false" origin="AllVagueSieve" type="ee" />
    <tlink event1="t1" event2="ei3" relation="VAGUE" closed="false" origin="AllVagueSieve" type="et" />
    <tlink event1="t1" event2="ei4" relation="VAGUE" closed="false" origin="AllVagueSieve" type="et" />
    <tlink event1="t1" event2="ei5" relation="VAGUE" closed="false" origin="AllVagueSieve" type="et" />
    <tlink event1="ei4" event2="ei6" relation="VAGUE" closed="false" origin="AllVagueSieve" type="ee" />
    <tlink event1="ei5" event2="ei6" relation="VAGUE" closed="false" origin="AllVagueSieve" type="ee" />
    <tlink event1="ei6" event2="ei8" relation="VAGUE" closed="false" origin="AllVagueSieve" type="ee" />
    <tlink event1="ei7" event2="ei9" relation="VAGUE" closed="false" origin="AllVagueSieve" type="ee" />
    <tlink event1="ei7" event2="t2" relation="VAGUE" closed="false" origin="AllVagueSieve" type="et" />
    <tlink event1="ei8" event2="ei9" relation="VAGUE" closed="false" origin="AllVagueSieve" type="ee" />
    <tlink event1="ei8" event2="t2" relation="VAGUE" closed="false" origin="AllVagueSieve" type="et" />
    <tlink event1="ei9" event2="ei11" relation="VAGUE" closed="false" origin="AllVagueSieve" type="ee" />
    <tlink event1="ei9" event2="ei12" relation="VAGUE" closed="false" origin="AllVagueSieve" type="ee" />
    <tlink event1="ei9" event2="ei13" relation="VAGUE" closed="false" origin="AllVagueSieve" type="ee" />
    <tlink event1="ei9" event2="t3" relation="VAGUE" closed="false" origin="AllVagueSieve" type="et" />
    <tlink event1="ei10" event2="ei12" relation="VAGUE" closed="false" origin="AllVagueSieve" type="ee" />
    <tlink event1="ei10" event2="t3" relation="VAGUE" closed="false" origin="AllVagueSieve" type="et" />
    <tlink event1="t2" event2="t3" relation="VAGUE" closed="false" origin="AllVagueSieve" type="tt" />
    <tlink event1="t2" event2="ei11" relation="VAGUE" closed="false" origin="AllVagueSieve" type="et" />
    <tlink event1="t2" event2="ei12" relation="VAGUE" closed="false" origin="AllVagueSieve" type="et" />
    <tlink event1="t2" event2="ei13" relation="VAGUE" closed="false" origin="AllVagueSieve" type="et" />
    <tlink event1="ei11" event2="ei14" relation="VAGUE" closed="false" origin="AllVagueSieve" type="ee" />
    <tlink event1="ei11" event2="ei15" relation="VAGUE" closed="false" origin="AllVagueSieve" type="ee" />
    <tlink event1="ei11" event2="t4" relation="VAGUE" closed="false" origin="AllVagueSieve" type="et" />
    <tlink event1="ei12" event2="ei14" relation="VAGUE" closed="false" origin="AllVagueSieve" type="ee" />
    <tlink event1="ei12" event2="ei15" relation="VAGUE" closed="false" origin="AllVagueSieve" type="ee" />
    <tlink event1="ei12" event2="t4" relation="VAGUE" closed="false" origin="AllVagueSieve" type="et" />
    <tlink event1="ei13" event2="ei14" relation="VAGUE" closed="false" origin="AllVagueSieve" type="ee" />
    <tlink event1="ei13" event2="ei15" relation="VAGUE" closed="false" origin="AllVagueSieve" type="ee" />
    <tlink event1="ei13" event2="t4" relation="VAGUE" closed="false" origin="AllVagueSieve" type="et" />
    <tlink event1="t3" event2="t4" relation="VAGUE" closed="false" origin="AllVagueSieve" type="tt" />
    <tlink event1="t3" event2="ei14" relation="VAGUE" closed="false" origin="AllVagueSieve" type="et" />
    <tlink event1="t3" event2="ei15" relation="VAGUE" closed="false" origin="AllVagueSieve" type="et" />
    <tlink event1="ei14" event2="ei16" relation="VAGUE" closed="false" origin="AllVagueSieve" type="ee" />
    <tlink event1="ei14" event2="ei17" relation="VAGUE" closed="false" origin="AllVagueSieve" type="ee" />
    <tlink event1="ei15" event2="ei16" relation="VAGUE" closed="false" origin="AllVagueSieve" type="ee" />
    <tlink event1="ei15" event2="ei17" relation="VAGUE" closed="false" origin="AllVagueSieve" type="ee" />
    <tlink event1="t4" event2="ei16" relation="VAGUE" closed="false" origin="AllVagueSieve" type="et" />
    <tlink event1="t4" event2="ei17" relation="VAGUE" closed="false" origin="AllVagueSieve" type="et" />
    <tlink event1="ei16" event2="ei18" relation="VAGUE" closed="false" origin="AllVagueSieve" type="ee" />
    <tlink event1="ei17" event2="ei18" relation="VAGUE" closed="false" origin="AllVagueSieve" type="ee" />
    <tlink event1="ei18" event2="ei19" relation="VAGUE" closed="false" origin="AllVagueSieve" type="ee" />
    <tlink event1="ei19" event2="ei20" relation="VAGUE" closed="false" origin="AllVagueSieve" type="ee" />
    <tlink event1="ei19" event2="ei21" relation="VAGUE" closed="false" origin="AllVagueSieve" type="ee" />
    <tlink event1="ei22" event2="ei23" relation="VAGUE" closed="false" origin="AllVagueSieve" type="ee" />
    <tlink event1="ei23" event2="ei24" relation="VAGUE" closed="false" origin="AllVagueSieve" type="ee" />
    <tlink event1="ei23" event2="ei25" relation="VAGUE" closed="false" origin="AllVagueSieve" type="ee" />
    <tlink event1="ei23" event2="ei26" relation="VAGUE" closed="false" origin="AllVagueSieve" type="ee" />
    <tlink event1="ei29" event2="ei31" relation="VAGUE" closed="false" origin="AllVagueSieve" type="ee" />
    <tlink event1="ei30" event2="ei31" relation="VAGUE" closed="false" origin="AllVagueSieve" type="ee" />
    <tlink event1="ei31" event2="ei32" relation="VAGUE" closed="false" origin="AllVagueSieve" type="ee" />
    <tlink event1="ei31" event2="ei33" relation="VAGUE" closed="false" origin="AllVagueSieve" type="ee" />
    <tlink event1="ei32" event2="ei34" relation="VAGUE" closed="false" origin="AllVagueSieve" type="ee" />
    <tlink event1="ei33" event2="ei34" relation="VAGUE" closed="false" origin="AllVagueSieve" type="ee" />
    <tlink event1="ei34" event2="ei35" relation="VAGUE" closed="false" origin="AllVagueSieve" type="ee" />
    <tlink event1="ei34" event2="ei36" relation="VAGUE" closed="false" origin="AllVagueSieve" type="ee" />
    <tlink event1="ei34" event2="t5" relation="VAGUE" closed="false" origin="AllVagueSieve" type="et" />
    <tlink event1="ei35" event2="ei37" relation="VAGUE" closed="false" origin="AllVagueSieve" type="ee" />
    <tlink event1="ei35" event2="ei39" relation="VAGUE" closed="false" origin="AllVagueSieve" type="ee" />
    <tlink event1="ei36" event2="ei37" relation="VAGUE" closed="false" origin="AllVagueSieve" type="ee" />
    <tlink event1="ei36" event2="ei39" relation="VAGUE" closed="false" origin="AllVagueSieve" type="ee" />
    <tlink event1="t5" event2="ei37" relation="VAGUE" closed="false" origin="AllVagueSieve" type="et" />
    <tlink event1="t5" event2="ei38" relation="VAGUE" closed="false" origin="AllVagueSieve" type="et" />
    <tlink event1="t5" event2="ei39" relation="VAGUE" closed="false" origin="AllVagueSieve" type="et" />
    <tlink event1="ei37" event2="ei40" relation="VAGUE" closed="false" origin="AllVagueSieve" type="ee" />
    <tlink event1="ei39" event2="ei40" relation="VAGUE" closed="false" origin="AllVagueSieve" type="ee" />
    <tlink event1="ei40" event2="ei41" relation="VAGUE" closed="false" origin="AllVagueSieve" type="ee" />
    <tlink event1="ei41" event2="ei42" relation="VAGUE" closed="false" origin="AllVagueSieve" type="ee" />
    <tlink event1="ei41" event2="ei43" relation="VAGUE" closed="false" origin="AllVagueSieve" type="ee" />
    <tlink event1="ei41" event2="ei44" relation="VAGUE" closed="false" origin="AllVagueSieve" type="ee" />
    <tlink event1="ei41" event2="ei45" relation="VAGUE" closed="false" origin="AllVagueSieve" type="ee" />
    <tlink event1="ei46" event2="ei47" relation="VAGUE" closed="false" origin="AllVagueSieve" type="ee" />
    <tlink event1="ei47" event2="ei48" relation="VAGUE" closed="false" origin="AllVagueSieve" type="ee" />
    <tlink event1="ei48" event2="ei49" relation="VAGUE" closed="false" origin="AllVagueSieve" type="ee" />
    <tlink event1="ei48" event2="ei50" relation="VAGUE" closed="false" origin="AllVagueSieve" type="ee" />
    <tlink event1="ei48" event2="t6" relation="VAGUE" closed="false" origin="AllVagueSieve" type="et" />
    <tlink event1="ei49" event2="ei51" relation="VAGUE" closed="false" origin="AllVagueSieve" type="ee" />
    <tlink event1="ei50" event2="ei51" relation="VAGUE" closed="false" origin="AllVagueSieve" type="ee" />
    <tlink event1="t6" event2="ei51" relation="VAGUE" closed="false" origin="AllVagueSieve" type="et" />
    <tlink event1="ei51" event2="ei53" relation="VAGUE" closed="false" origin="AllVagueSieve" type="ee" />
    <tlink event1="ei51" event2="ei54" relation="VAGUE" closed="false" origin="AllVagueSieve" type="ee" />
    <tlink event1="ei51" event2="ei55" relation="VAGUE" closed="false" origin="AllVagueSieve" type="ee" />
    <tlink event1="ei52" event2="ei56" relation="VAGUE" closed="false" origin="AllVagueSieve" type="ee" />
    <tlink event1="ei52" event2="t7" relation="VAGUE" closed="false" origin="AllVagueSieve" type="et" />
    <tlink event1="ei53" event2="ei56" relation="VAGUE" closed="false" origin="AllVagueSieve" type="ee" />
    <tlink event1="ei53" event2="t7" relation="VAGUE" closed="false" origin="AllVagueSieve" type="et" />
    <tlink event1="ei54" event2="ei56" relation="VAGUE" closed="false" origin="AllVagueSieve" type="ee" />
    <tlink event1="ei54" event2="t7" relation="VAGUE" closed="false" origin="AllVagueSieve" type="et" />
    <tlink event1="ei55" event2="ei56" relation="VAGUE" closed="false" origin="AllVagueSieve" type="ee" />
    <tlink event1="ei55" event2="t7" relation="VAGUE" closed="false" origin="AllVagueSieve" type="et" />
  </file>
</root>

