<?xml version="1.0" encoding="UTF-8"?>
<root xmlns="http://chambers.com/corpusinfo">
  <file name="9783732522033_008.txt">
    <entry sid="0" file="9783732522033_008.txt">
      <sentence>Quickly he went out .</sentence>
      <tokens>
        <t>" " "Quickly" " "</t>
        <t>" " "he" " "</t>
        <t>" " "went" " "</t>
        <t>" " "out" ""</t>
        <t>"" "." " "</t>
      </tokens>
      <parse>(ROOT (S (ADVP (RB Quickly)) (NP (PRP he)) (VP (VBD went) (PRT (RP out))) (. .)))</parse>
      <deps>advmod(went-3, Quickly-1)
nsubj(went-3, he-2)
root(ROOT-0, went-3)
prt(went-3, out-4)</deps>
      <events>
        <event id="e1" eiid="ei1" offset="3" string="went" tense="PAST" aspect="NONE" class="OCCURRENCE" polarity="POS" modality="" happen="" lowerBoundDuration="" upperBoundDuration="" />
      </events>
      <timexes />
    </entry>
    <entry sid="1" file="9783732522033_008.txt">
      <sentence>But his wife 's rooms were locked .</sentence>
      <tokens>
        <t>" " "But" " "</t>
        <t>" " "his" " "</t>
        <t>" " "wife" ""</t>
        <t>"" "'s" " "</t>
        <t>" " "rooms" " "</t>
        <t>" " "were" " "</t>
        <t>" " "locked" ""</t>
        <t>"" "." " "</t>
      </tokens>
      <parse>(ROOT (S (CC But) (NP (NP (PRP$ his) (NN wife) (POS 's)) (NNS rooms)) (VP (VBD were) (VP (VBN locked))) (. .)))</parse>
      <deps>cc(locked-7, But-1)
poss(wife-3, his-2)
poss(rooms-5, wife-3)
nsubjpass(locked-7, rooms-5)
auxpass(locked-7, were-6)
root(ROOT-0, locked-7)</deps>
      <events>
        <event id="e2" eiid="ei2" offset="7" string="locked" tense="PAST" aspect="NONE" class="OCCURRENCE" polarity="POS" modality="" happen="" lowerBoundDuration="" upperBoundDuration="" />
      </events>
      <timexes />
    </entry>
    <entry sid="2" file="9783732522033_008.txt">
      <sentence>So he returned to his chambers and rang the bell for his servant .</sentence>
      <tokens>
        <t>" " "So" " "</t>
        <t>" " "he" " "</t>
        <t>" " "returned" " "</t>
        <t>" " "to" " "</t>
        <t>" " "his" " "</t>
        <t>" " "chambers" " "</t>
        <t>" " "and" " "</t>
        <t>" " "rang" " "</t>
        <t>" " "the" " "</t>
        <t>" " "bell" " "</t>
        <t>" " "for" " "</t>
        <t>" " "his" " "</t>
        <t>" " "servant" ""</t>
        <t>"" "." " "</t>
      </tokens>
      <parse>(ROOT (S (IN So) (NP (PRP he)) (VP (VP (VBD returned) (PP (TO to) (NP (PRP$ his) (NNS chambers)))) (CC and) (VP (VBD rang) (NP (DT the) (NN bell)) (PP (IN for) (NP (PRP$ his) (NN servant))))) (. .)))</parse>
      <deps>dep(returned-3, So-1)
nsubj(returned-3, he-2)
nsubj(rang-8, he-2)
root(ROOT-0, returned-3)
poss(chambers-6, his-5)
prep_to(returned-3, chambers-6)
conj_and(returned-3, rang-8)
det(bell-10, the-9)
dobj(rang-8, bell-10)
poss(servant-13, his-12)
prep_for(rang-8, servant-13)</deps>
      <events>
        <event id="e3" eiid="ei3" offset="3" string="returned" tense="PAST" aspect="NONE" class="I_ACTION" polarity="POS" modality="" happen="" lowerBoundDuration="" upperBoundDuration="" />
        <event id="e4" eiid="ei4" offset="8" string="rang" tense="PAST" aspect="NONE" class="OCCURRENCE" polarity="POS" modality="" happen="" lowerBoundDuration="" upperBoundDuration="" />
      </events>
      <timexes />
    </entry>
    <entry sid="3" file="9783732522033_008.txt">
      <sentence>`` Grollmann , go to Countess Beate .</sentence>
      <tokens>
        <t>" " """ ""</t>
        <t>"" "Grollmann" ""</t>
        <t>"" "," " "</t>
        <t>" " "go" " "</t>
        <t>" " "to" " "</t>
        <t>" " "Countess" " "</t>
        <t>" " "Beate" ""</t>
        <t>"" "." " "</t>
      </tokens>
      <parse>(ROOT (S (`` ``) (NP (NNP Grollmann)) (, ,) (VP (VB go) (PP (TO to) (NP (NNP Countess) (NNP Beate)))) (. .)))</parse>
      <deps>nsubj(go-4, Grollmann-2)
root(ROOT-0, go-4)
nn(Beate-7, Countess-6)
prep_to(go-4, Beate-7)</deps>
      <events>
        <event id="e5" eiid="ei5" offset="4" string="go" tense="PRESENT" aspect="NONE" class="OCCURRENCE" polarity="POS" modality="" happen="" lowerBoundDuration="" upperBoundDuration="" />
      </events>
      <timexes />
    </entry>
    <entry sid="4" file="9783732522033_008.txt">
      <sentence>I ask for the keys to my wife 's rooms . ''</sentence>
      <tokens>
        <t>" " "I" " "</t>
        <t>" " "ask" " "</t>
        <t>" " "for" " "</t>
        <t>" " "the" " "</t>
        <t>" " "keys" " "</t>
        <t>" " "to" " "</t>
        <t>" " "my" " "</t>
        <t>" " "wife" ""</t>
        <t>"" "'s" " "</t>
        <t>" " "rooms" ""</t>
        <t>"" "." ""</t>
        <t>"" """ " "</t>
      </tokens>
      <parse>(ROOT (S (NP (PRP I)) (VP (VBP ask) (PP (IN for) (NP (DT the) (NNS keys))) (PP (TO to) (NP (NP (PRP$ my) (NN wife) (POS 's)) (NNS rooms)))) (. .) ('' '')))</parse>
      <deps>nsubj(ask-2, I-1)
root(ROOT-0, ask-2)
det(keys-5, the-4)
prep_for(ask-2, keys-5)
poss(wife-8, my-7)
poss(rooms-10, wife-8)
prep_to(ask-2, rooms-10)</deps>
      <events>
        <event id="e6" eiid="ei6" offset="2" string="ask" tense="PRESENT" aspect="NONE" class="I_STATE" polarity="POS" modality="" happen="" lowerBoundDuration="" upperBoundDuration="" />
      </events>
      <timexes />
    </entry>
    <entry sid="5" file="9783732522033_008.txt">
      <sentence>Grollmann had brought the keys to his master , and he now went over to his wife 's rooms again and opened them .</sentence>
      <tokens>
        <t>" " "Grollmann" " "</t>
        <t>" " "had" " "</t>
        <t>" " "brought" " "</t>
        <t>" " "the" " "</t>
        <t>" " "keys" " "</t>
        <t>" " "to" " "</t>
        <t>" " "his" " "</t>
        <t>" " "master" ""</t>
        <t>"" "," " "</t>
        <t>" " "and" " "</t>
        <t>" " "he" " "</t>
        <t>" " "now" " "</t>
        <t>" " "went" " "</t>
        <t>" " "over" " "</t>
        <t>" " "to" " "</t>
        <t>" " "his" " "</t>
        <t>" " "wife" ""</t>
        <t>"" "'s" " "</t>
        <t>" " "rooms" " "</t>
        <t>" " "again" " "</t>
        <t>" " "and" " "</t>
        <t>" " "opened" " "</t>
        <t>" " "them" ""</t>
        <t>"" "." " "</t>
      </tokens>
      <parse>(ROOT (S (S (NP (NNP Grollmann)) (VP (VBD had) (VP (VBN brought) (NP (DT the) (NNS keys)) (PP (TO to) (NP (PRP$ his) (NN master)))))) (, ,) (CC and) (S (NP (PRP he)) (ADVP (RB now)) (VP (VP (VBD went) (PRT (RP over)) (PP (TO to) (NP (NP (PRP$ his) (NN wife) (POS 's)) (NNS rooms))) (ADVP (RB again))) (CC and) (VP (VBD opened) (NP (PRP them))))) (. .)))</parse>
      <deps>nsubj(brought-3, Grollmann-1)
aux(brought-3, had-2)
root(ROOT-0, brought-3)
det(keys-5, the-4)
dobj(brought-3, keys-5)
poss(master-8, his-7)
prep_to(brought-3, master-8)
nsubj(went-13, he-11)
nsubj(opened-22, he-11)
advmod(went-13, now-12)
conj_and(brought-3, went-13)
prt(went-13, over-14)
poss(wife-17, his-16)
poss(rooms-19, wife-17)
prep_to(went-13, rooms-19)
advmod(went-13, again-20)
conj_and(brought-3, opened-22)
conj_and(went-13, opened-22)
dobj(opened-22, them-23)</deps>
      <events>
        <event id="e7" eiid="ei7" offset="3" string="brought" tense="PAST" aspect="PERFECTIVE" class="OCCURRENCE" polarity="POS" modality="" happen="" lowerBoundDuration="" upperBoundDuration="" />
        <event id="e8" eiid="ei8" offset="13" string="went" tense="PAST" aspect="NONE" class="OCCURRENCE" polarity="POS" modality="" happen="" lowerBoundDuration="" upperBoundDuration="" />
        <event id="e9" eiid="ei9" offset="22" string="opened" tense="PAST" aspect="NONE" class="OCCURRENCE" polarity="POS" modality="" happen="" lowerBoundDuration="" upperBoundDuration="" />
      </events>
      <timexes>
        <timex tid="t1" text="now" offset="12" length="1" type="DATE" value="PRESENT_REF" temporalFunction="false" />
      </timexes>
    </entry>
    <entry sid="6" file="9783732522033_008.txt">
      <sentence>Slowly he walked through the large rooms .</sentence>
      <tokens>
        <t>" " "Slowly" " "</t>
        <t>" " "he" " "</t>
        <t>" " "walked" " "</t>
        <t>" " "through" " "</t>
        <t>" " "the" " "</t>
        <t>" " "large" " "</t>
        <t>" " "rooms" ""</t>
        <t>"" "." " "</t>
      </tokens>
      <parse>(ROOT (S (ADVP (RB Slowly)) (NP (PRP he)) (VP (VBD walked) (PP (IN through) (NP (DT the) (JJ large) (NNS rooms)))) (. .)))</parse>
      <deps>advmod(walked-3, Slowly-1)
nsubj(walked-3, he-2)
root(ROOT-0, walked-3)
det(rooms-7, the-5)
amod(rooms-7, large-6)
prep_through(walked-3, rooms-7)</deps>
      <events>
        <event id="e10" eiid="ei10" offset="3" string="walked" tense="PAST" aspect="NONE" class="OCCURRENCE" polarity="POS" modality="" happen="" lowerBoundDuration="" upperBoundDuration="" />
      </events>
      <timexes />
    </entry>
    <entry sid="7" file="9783732522033_008.txt">
      <sentence>There was a whole suite of rooms , and one of them was always more sumptuously furnished than the other .</sentence>
      <tokens>
        <t>" " "There" " "</t>
        <t>" " "was" " "</t>
        <t>" " "a" " "</t>
        <t>" " "whole" " "</t>
        <t>" " "suite" " "</t>
        <t>" " "of" " "</t>
        <t>" " "rooms" ""</t>
        <t>"" "," " "</t>
        <t>" " "and" " "</t>
        <t>" " "one" " "</t>
        <t>" " "of" " "</t>
        <t>" " "them" " "</t>
        <t>" " "was" " "</t>
        <t>" " "always" " "</t>
        <t>" " "more" " "</t>
        <t>" " "sumptuously" " "</t>
        <t>" " "furnished" " "</t>
        <t>" " "than" " "</t>
        <t>" " "the" " "</t>
        <t>" " "other" ""</t>
        <t>"" "." " "</t>
      </tokens>
      <parse>(ROOT (S (S (NP (EX There)) (VP (VBD was) (NP (NP (DT a) (JJ whole) (NN suite)) (PP (IN of) (NP (NNS rooms)))))) (, ,) (CC and) (S (NP (NP (CD one)) (PP (IN of) (NP (PRP them)))) (VP (VBD was) (ADVP (RB always)) (ADJP (ADJP (RBR more) (RB sumptuously) (JJ furnished)) (PP (IN than) (NP (DT the) (JJ other)))))) (. .)))</parse>
      <deps>expl(was-2, There-1)
root(ROOT-0, was-2)
det(suite-5, a-3)
amod(suite-5, whole-4)
nsubj(was-2, suite-5)
prep_of(suite-5, rooms-7)
nsubj(furnished-17, one-10)
prep_of(one-10, them-12)
cop(furnished-17, was-13)
advmod(furnished-17, always-14)
advmod(furnished-17, more-15)
advmod(furnished-17, sumptuously-16)
conj_and(was-2, furnished-17)
det(other-20, the-19)
prep_than(furnished-17, other-20)</deps>
      <events />
      <timexes />
    </entry>
    <entry sid="8" file="9783732522033_008.txt">
      <sentence>They were the only rooms in the whole castle that were furnished according to modern taste and with new furniture .</sentence>
      <tokens>
        <t>" " "They" " "</t>
        <t>" " "were" " "</t>
        <t>" " "the" " "</t>
        <t>" " "only" " "</t>
        <t>" " "rooms" " "</t>
        <t>" " "in" " "</t>
        <t>" " "the" " "</t>
        <t>" " "whole" " "</t>
        <t>" " "castle" " "</t>
        <t>" " "that" " "</t>
        <t>" " "were" " "</t>
        <t>" " "furnished" " "</t>
        <t>" " "according" " "</t>
        <t>" " "to" " "</t>
        <t>" " "modern" " "</t>
        <t>" " "taste" " "</t>
        <t>" " "and" " "</t>
        <t>" " "with" " "</t>
        <t>" " "new" " "</t>
        <t>" " "furniture" ""</t>
        <t>"" "." " "</t>
      </tokens>
      <parse>(ROOT (S (NP (PRP They)) (VP (VBD were) (NP (NP (DT the) (JJ only) (NNS rooms)) (PP (IN in) (NP (NP (DT the) (JJ whole) (NN castle)) (SBAR (WHNP (WDT that)) (S (VP (VBD were) (VP (VBN furnished) (PP (VBG according) (PP (PP (TO to) (NP (JJ modern) (NN taste))) (CC and) (PP (IN with) (NP (JJ new) (NN furniture))))))))))))) (. .)))</parse>
      <deps>nsubj(rooms-5, They-1)
cop(rooms-5, were-2)
det(rooms-5, the-3)
amod(rooms-5, only-4)
root(ROOT-0, rooms-5)
det(castle-9, the-7)
amod(castle-9, whole-8)
prep_in(rooms-5, castle-9)
nsubjpass(furnished-12, castle-9)
auxpass(furnished-12, were-11)
rcmod(castle-9, furnished-12)
prepc_according_to(furnished-12, to-14)
amod(taste-16, modern-15)
pobj(furnished-12, taste-16)
rcmod(castle-9, with-18)
conj_and(furnished-12, with-18)
amod(furniture-20, new-19)
pobj(with-18, furniture-20)</deps>
      <events>
        <event id="e11" eiid="ei11" offset="12" string="furnished" tense="PAST" aspect="NONE" class="OCCURRENCE" polarity="POS" modality="" happen="" lowerBoundDuration="" upperBoundDuration="" />
        <event id="e12" eiid="ei12" offset="13" string="according" tense="PRESPART" aspect="NONE" class="REPORTING" polarity="POS" modality="" happen="" lowerBoundDuration="" upperBoundDuration="" />
      </events>
      <timexes />
    </entry>
    <entry sid="9" file="9783732522033_008.txt">
      <sentence>So he finally came to the bedroom where Countess Alice had died .</sentence>
      <tokens>
        <t>" " "So" " "</t>
        <t>" " "he" " "</t>
        <t>" " "finally" " "</t>
        <t>" " "came" " "</t>
        <t>" " "to" " "</t>
        <t>" " "the" " "</t>
        <t>" " "bedroom" " "</t>
        <t>" " "where" " "</t>
        <t>" " "Countess" " "</t>
        <t>" " "Alice" " "</t>
        <t>" " "had" " "</t>
        <t>" " "died" ""</t>
        <t>"" "." " "</t>
      </tokens>
      <parse>(ROOT (S (CC So) (NP (PRP he)) (ADVP (RB finally)) (VP (VBD came) (PP (TO to) (NP (DT the) (NN bedroom))) (SBAR (WHADVP (WRB where)) (S (NP (NNP Countess) (NNP Alice)) (VP (VBD had) (VP (VBN died)))))) (. .)))</parse>
      <deps>cc(came-4, So-1)
nsubj(came-4, he-2)
advmod(came-4, finally-3)
root(ROOT-0, came-4)
det(bedroom-7, the-6)
prep_to(came-4, bedroom-7)
advmod(died-12, where-8)
nn(Alice-10, Countess-9)
nsubj(died-12, Alice-10)
aux(died-12, had-11)
advcl(came-4, died-12)</deps>
      <events>
        <event id="e13" eiid="ei13" offset="4" string="came" tense="PAST" aspect="NONE" class="OCCURRENCE" polarity="POS" modality="" happen="" lowerBoundDuration="" upperBoundDuration="" />
        <event id="e14" eiid="ei14" offset="12" string="died" tense="PAST" aspect="PERFECTIVE" class="OCCURRENCE" polarity="POS" modality="" happen="" lowerBoundDuration="" upperBoundDuration="" />
      </events>
      <timexes />
    </entry>
    <entry sid="10" file="9783732522033_008.txt">
      <sentence>It was the last of the suite of rooms .</sentence>
      <tokens>
        <t>" " "It" " "</t>
        <t>" " "was" " "</t>
        <t>" " "the" " "</t>
        <t>" " "last" " "</t>
        <t>" " "of" " "</t>
        <t>" " "the" " "</t>
        <t>" " "suite" " "</t>
        <t>" " "of" " "</t>
        <t>" " "rooms" ""</t>
        <t>"" "." " "</t>
      </tokens>
      <parse>(ROOT (S (NP (PRP It)) (VP (VBD was) (NP (NP (DT the) (JJ last)) (PP (IN of) (NP (NP (DT the) (NN suite)) (PP (IN of) (NP (NNS rooms))))))) (. .)))</parse>
      <deps>nsubj(last-4, It-1)
cop(last-4, was-2)
det(last-4, the-3)
root(ROOT-0, last-4)
det(suite-7, the-6)
prep_of(last-4, suite-7)
prep_of(suite-7, rooms-9)</deps>
      <events />
      <timexes />
    </entry>
    <entry sid="11" file="9783732522033_008.txt">
      <sentence>There stood the lace-strewn bed , filled with silk pillows and blankets , in which she had been found dead .</sentence>
      <tokens>
        <t>" " "There" " "</t>
        <t>" " "stood" " "</t>
        <t>" " "the" " "</t>
        <t>" " "lace-strewn" " "</t>
        <t>" " "bed" ""</t>
        <t>"" "," " "</t>
        <t>" " "filled" " "</t>
        <t>" " "with" " "</t>
        <t>" " "silk" " "</t>
        <t>" " "pillows" " "</t>
        <t>" " "and" " "</t>
        <t>" " "blankets" ""</t>
        <t>"" "," " "</t>
        <t>" " "in" " "</t>
        <t>" " "which" " "</t>
        <t>" " "she" " "</t>
        <t>" " "had" " "</t>
        <t>" " "been" " "</t>
        <t>" " "found" " "</t>
        <t>" " "dead" ""</t>
        <t>"" "." " "</t>
      </tokens>
      <parse>(ROOT (S (NP (EX There)) (VP (VBD stood) (NP (NP (DT the) (JJ lace-strewn) (NN bed)) (, ,) (VP (VBN filled) (PP (IN with) (NP (NN silk) (NNS pillows) (CC and) (NNS blankets)))) (, ,) (SBAR (WHPP (IN in) (WHNP (WDT which))) (S (NP (PRP she)) (VP (VBD had) (VP (VBN been) (VP (VBN found) (S (ADJP (JJ dead)))))))))) (. .)))</parse>
      <deps>expl(stood-2, There-1)
root(ROOT-0, stood-2)
det(bed-5, the-3)
amod(bed-5, lace-strewn-4)
dobj(stood-2, bed-5)
nsubj(stood-2, bed-5)
prep_in(found-19, bed-5)
partmod(bed-5, filled-7)
nn(pillows-10, silk-9)
prep_with(filled-7, pillows-10)
prep_with(filled-7, blankets-12)
conj_and(pillows-10, blankets-12)
rel(found-19, in-14)
nsubjpass(found-19, she-16)
aux(found-19, had-17)
auxpass(found-19, been-18)
rcmod(bed-5, found-19)
acomp(found-19, dead-20)</deps>
      <events>
        <event id="e15" eiid="ei15" offset="2" string="stood" tense="PAST" aspect="NONE" class="OCCURRENCE" polarity="POS" modality="" happen="" lowerBoundDuration="" upperBoundDuration="" />
        <event id="e16" eiid="ei16" offset="19" string="found" tense="PAST" aspect="PERFECTIVE" class="OCCURRENCE" polarity="POS" modality="" happen="" lowerBoundDuration="" upperBoundDuration="" />
      </events>
      <timexes />
    </entry>
    <entry sid="12" file="9783732522033_008.txt">
      <sentence>Count Harro heaved a sigh of relief and looked around the room .</sentence>
      <tokens>
        <t>" " "Count" " "</t>
        <t>" " "Harro" " "</t>
        <t>" " "heaved" " "</t>
        <t>" " "a" " "</t>
        <t>" " "sigh" " "</t>
        <t>" " "of" " "</t>
        <t>" " "relief" " "</t>
        <t>" " "and" " "</t>
        <t>" " "looked" " "</t>
        <t>" " "around" " "</t>
        <t>" " "the" " "</t>
        <t>" " "room" ""</t>
        <t>"" "." " "</t>
      </tokens>
      <parse>(ROOT (S (NP (NNP Count) (NNP Harro)) (VP (VP (VBD heaved) (NP (NP (DT a) (NN sigh)) (PP (IN of) (NP (NN relief))))) (CC and) (VP (VBD looked) (PRT (RP around)) (NP (DT the) (NN room)))) (. .)))</parse>
      <deps>nn(Harro-2, Count-1)
nsubj(heaved-3, Harro-2)
nsubj(looked-9, Harro-2)
root(ROOT-0, heaved-3)
det(sigh-5, a-4)
dobj(heaved-3, sigh-5)
prep_of(sigh-5, relief-7)
conj_and(heaved-3, looked-9)
prt(looked-9, around-10)
det(room-12, the-11)
dobj(looked-9, room-12)</deps>
      <events>
        <event id="e17" eiid="ei17" offset="3" string="heaved" tense="PAST" aspect="NONE" class="OCCURRENCE" polarity="POS" modality="" happen="" lowerBoundDuration="" upperBoundDuration="" />
        <event id="e18" eiid="ei18" offset="9" string="looked" tense="PAST" aspect="NONE" class="OCCURRENCE" polarity="POS" modality="" happen="" lowerBoundDuration="" upperBoundDuration="" />
      </events>
      <timexes />
    </entry>
    <entry sid="13" file="9783732522033_008.txt">
      <sentence>Two-thirds of the height of the wall showed a precious wood paneling decorated with inlays of marvelous delicacy .</sentence>
      <tokens>
        <t>" " "Two-thirds" " "</t>
        <t>" " "of" " "</t>
        <t>" " "the" " "</t>
        <t>" " "height" " "</t>
        <t>" " "of" " "</t>
        <t>" " "the" " "</t>
        <t>" " "wall" " "</t>
        <t>" " "showed" " "</t>
        <t>" " "a" " "</t>
        <t>" " "precious" " "</t>
        <t>" " "wood" " "</t>
        <t>" " "paneling" " "</t>
        <t>" " "decorated" " "</t>
        <t>" " "with" " "</t>
        <t>" " "inlays" " "</t>
        <t>" " "of" " "</t>
        <t>" " "marvelous" " "</t>
        <t>" " "delicacy" ""</t>
        <t>"" "." " "</t>
      </tokens>
      <parse>(ROOT (S (NP (NP (NNS Two-thirds)) (PP (IN of) (NP (NP (DT the) (NN height)) (PP (IN of) (NP (DT the) (NN wall)))))) (VP (VBD showed) (NP (NP (DT a) (JJ precious) (NN wood) (NN paneling)) (VP (VBN decorated) (PP (IN with) (NP (NP (NNS inlays)) (PP (IN of) (NP (JJ marvelous) (NN delicacy)))))))) (. .)))</parse>
      <deps>nsubj(showed-8, Two-thirds-1)
det(height-4, the-3)
prep_of(Two-thirds-1, height-4)
det(wall-7, the-6)
prep_of(height-4, wall-7)
root(ROOT-0, showed-8)
det(paneling-12, a-9)
amod(paneling-12, precious-10)
nn(paneling-12, wood-11)
dobj(showed-8, paneling-12)
partmod(paneling-12, decorated-13)
prep_with(decorated-13, inlays-15)
amod(delicacy-18, marvelous-17)
prep_of(inlays-15, delicacy-18)</deps>
      <events>
        <event id="e19" eiid="ei19" offset="8" string="showed" tense="PAST" aspect="NONE" class="OCCURRENCE" polarity="POS" modality="" happen="" lowerBoundDuration="" upperBoundDuration="" />
        <event id="e20" eiid="ei20" offset="13" string="decorated" tense="PASTPART" aspect="NONE" class="OCCURRENCE" polarity="POS" modality="" happen="" lowerBoundDuration="" upperBoundDuration="" />
      </events>
      <timexes />
    </entry>
    <entry sid="14" file="9783732522033_008.txt">
      <sentence>At regular intervals , about a meter wide , there were carved pilasters supporting a wide projecting panel .</sentence>
      <tokens>
        <t>" " "At" " "</t>
        <t>" " "regular" " "</t>
        <t>" " "intervals" ""</t>
        <t>"" "," " "</t>
        <t>" " "about" " "</t>
        <t>" " "a" " "</t>
        <t>" " "meter" " "</t>
        <t>" " "wide" ""</t>
        <t>"" "," " "</t>
        <t>" " "there" " "</t>
        <t>" " "were" " "</t>
        <t>" " "carved" " "</t>
        <t>" " "pilasters" " "</t>
        <t>" " "supporting" " "</t>
        <t>" " "a" " "</t>
        <t>" " "wide" " "</t>
        <t>" " "projecting" " "</t>
        <t>" " "panel" ""</t>
        <t>"" "." " "</t>
      </tokens>
      <parse>(ROOT (S (PP (IN At) (NP (JJ regular) (NNS intervals))) (, ,) (PP (IN about) (NP (DT a) (NN meter) (JJ wide))) (, ,) (NP (EX there)) (VP (VBD were) (VP (VBN carved) (NP (NNS pilasters)) (S (VP (VBG supporting) (NP (DT a) (JJ wide) (JJ projecting) (NN panel)))))) (. .)))</parse>
      <deps>amod(intervals-3, regular-2)
prep_at(carved-12, intervals-3)
det(meter-7, a-6)
prep_about(carved-12, meter-7)
amod(meter-7, wide-8)
expl(carved-12, there-10)
auxpass(carved-12, were-11)
root(ROOT-0, carved-12)
dobj(carved-12, pilasters-13)
nsubjpass(carved-12, pilasters-13)
xcomp(carved-12, supporting-14)
det(panel-18, a-15)
amod(panel-18, wide-16)
amod(panel-18, projecting-17)
dobj(supporting-14, panel-18)</deps>
      <events>
        <event id="e21" eiid="ei21" offset="12" string="carved" tense="PAST" aspect="NONE" class="OCCURRENCE" polarity="POS" modality="" happen="" lowerBoundDuration="" upperBoundDuration="" />
        <event id="e22" eiid="ei22" offset="14" string="supporting" tense="PRESPART" aspect="NONE" class="OCCURRENCE" polarity="POS" modality="" happen="" lowerBoundDuration="" upperBoundDuration="" />
      </events>
      <timexes />
    </entry>
    <entry sid="15" file="9783732522033_008.txt">
      <sentence>The light , modern bedroom furniture did not want to match this probably very old but wonderfully preserved wood paneling , and so Countess Alice had the wall above the paneling and the ceiling covered tent-like with light blue silk to create a more airy and luminous effect .</sentence>
      <tokens>
        <t>" " "The" " "</t>
        <t>" " "light" ""</t>
        <t>"" "," " "</t>
        <t>" " "modern" " "</t>
        <t>" " "bedroom" " "</t>
        <t>" " "furniture" " "</t>
        <t>" " "did" " "</t>
        <t>" " "not" " "</t>
        <t>" " "want" " "</t>
        <t>" " "to" " "</t>
        <t>" " "match" " "</t>
        <t>" " "this" " "</t>
        <t>" " "probably" " "</t>
        <t>" " "very" " "</t>
        <t>" " "old" " "</t>
        <t>" " "but" " "</t>
        <t>" " "wonderfully" " "</t>
        <t>" " "preserved" " "</t>
        <t>" " "wood" " "</t>
        <t>" " "paneling" ""</t>
        <t>"" "," " "</t>
        <t>" " "and" " "</t>
        <t>" " "so" " "</t>
        <t>" " "Countess" " "</t>
        <t>" " "Alice" " "</t>
        <t>" " "had" " "</t>
        <t>" " "the" " "</t>
        <t>" " "wall" " "</t>
        <t>" " "above" " "</t>
        <t>" " "the" " "</t>
        <t>" " "paneling" " "</t>
        <t>" " "and" " "</t>
        <t>" " "the" " "</t>
        <t>" " "ceiling" " "</t>
        <t>" " "covered" " "</t>
        <t>" " "tent-like" " "</t>
        <t>" " "with" " "</t>
        <t>" " "light" " "</t>
        <t>" " "blue" " "</t>
        <t>" " "silk" " "</t>
        <t>" " "to" " "</t>
        <t>" " "create" " "</t>
        <t>" " "a" " "</t>
        <t>" " "more" " "</t>
        <t>" " "airy" " "</t>
        <t>" " "and" " "</t>
        <t>" " "luminous" " "</t>
        <t>" " "effect" ""</t>
        <t>"" "." " "</t>
      </tokens>
      <parse>(ROOT (S (S (NP (DT The) (JJ light) (, ,) (JJ modern) (NN bedroom) (NN furniture)) (VP (VBD did) (RB not) (VP (VB want) (S (VP (TO to) (VP (VB match) (NP (DT this) (ADJP (ADJP (RB probably) (RB very) (JJ old)) (CC but) (ADJP (RB wonderfully) (JJ preserved))) (NN wood) (NN paneling)))))))) (, ,) (CC and) (IN so) (S (NP (NNP Countess) (NNP Alice)) (VP (VBD had) (NP (NP (DT the) (NN wall)) (PP (IN above) (NP (DT the) (NN paneling)))))) (CC and) (S (NP (DT the) (NN ceiling)) (VP (VBD covered) (NP (NN tent-like)) (PP (IN with) (NP (JJ light) (JJ blue) (NN silk))) (S (VP (TO to) (VP (VB create) (NP (DT a) (ADJP (RBR more) (JJ airy) (CC and) (JJ luminous)) (NN effect))))))) (. .)))</parse>
      <deps>det(furniture-6, The-1)
amod(furniture-6, light-2)
amod(furniture-6, modern-4)
nn(furniture-6, bedroom-5)
nsubj(want-9, furniture-6)
xsubj(match-11, furniture-6)
aux(want-9, did-7)
neg(want-9, not-8)
root(ROOT-0, want-9)
aux(match-11, to-10)
xcomp(want-9, match-11)
det(paneling-20, this-12)
advmod(old-15, probably-13)
advmod(old-15, very-14)
amod(paneling-20, old-15)
advmod(preserved-18, wonderfully-17)
conj_but(old-15, preserved-18)
amod(paneling-20, preserved-18)
nn(paneling-20, wood-19)
dobj(match-11, paneling-20)
conj_and(want-9, so-23)
nn(Alice-25, Countess-24)
nsubj(had-26, Alice-25)
dep(want-9, had-26)
det(wall-28, the-27)
dobj(had-26, wall-28)
det(paneling-31, the-30)
prep_above(wall-28, paneling-31)
det(ceiling-34, the-33)
nsubj(covered-35, ceiling-34)
xsubj(create-42, ceiling-34)
conj_and(want-9, covered-35)
dobj(covered-35, tent-like-36)
amod(silk-40, light-38)
amod(silk-40, blue-39)
prep_with(covered-35, silk-40)
aux(create-42, to-41)
xcomp(covered-35, create-42)
det(effect-48, a-43)
advmod(airy-45, more-44)
amod(effect-48, airy-45)
conj_and(airy-45, luminous-47)
amod(effect-48, luminous-47)
dobj(create-42, effect-48)</deps>
      <events>
        <event id="e23" eiid="ei23" offset="9" string="want" tense="PAST" aspect="NONE" class="I_STATE" polarity="POS" modality="" happen="" lowerBoundDuration="" upperBoundDuration="" />
        <event id="e24" eiid="ei24" offset="11" string="match" tense="INFINITIVE" aspect="NONE" class="OCCURRENCE" polarity="POS" modality="" happen="" lowerBoundDuration="" upperBoundDuration="" />
        <event id="e25" eiid="ei25" offset="26" string="had" tense="PAST" aspect="NONE" class="OCCURRENCE" polarity="POS" modality="" happen="" lowerBoundDuration="" upperBoundDuration="" />
        <event id="e26" eiid="ei26" offset="35" string="covered" tense="PAST" aspect="NONE" class="OCCURRENCE" polarity="POS" modality="" happen="" lowerBoundDuration="" upperBoundDuration="" />
        <event id="e27" eiid="ei27" offset="42" string="create" tense="INFINITIVE" aspect="NONE" class="OCCURRENCE" polarity="POS" modality="" happen="" lowerBoundDuration="" upperBoundDuration="" />
      </events>
      <timexes />
    </entry>
    <entry sid="16" file="9783732522033_008.txt">
      <sentence>Harro had been used to such inconsistencies in his wife 's surroundings .</sentence>
      <tokens>
        <t>" " "Harro" " "</t>
        <t>" " "had" " "</t>
        <t>" " "been" " "</t>
        <t>" " "used" " "</t>
        <t>" " "to" " "</t>
        <t>" " "such" " "</t>
        <t>" " "inconsistencies" " "</t>
        <t>" " "in" " "</t>
        <t>" " "his" " "</t>
        <t>" " "wife" ""</t>
        <t>"" "'s" " "</t>
        <t>" " "surroundings" ""</t>
        <t>"" "." " "</t>
      </tokens>
      <parse>(ROOT (S (NP (NNP Harro)) (VP (VBD had) (VP (VBN been) (VP (VBN used) (PP (TO to) (NP (NP (JJ such) (NNS inconsistencies)) (PP (IN in) (NP (NP (PRP$ his) (NN wife) (POS 's)) (NNS surroundings)))))))) (. .)))</parse>
      <deps>nsubjpass(used-4, Harro-1)
aux(used-4, had-2)
auxpass(used-4, been-3)
root(ROOT-0, used-4)
amod(inconsistencies-7, such-6)
prep_to(used-4, inconsistencies-7)
poss(wife-10, his-9)
poss(surroundings-12, wife-10)
prep_in(inconsistencies-7, surroundings-12)</deps>
      <events>
        <event id="e28" eiid="ei28" offset="4" string="used" tense="PAST" aspect="PERFECTIVE" class="OCCURRENCE" polarity="POS" modality="" happen="" lowerBoundDuration="" upperBoundDuration="" />
      </events>
      <timexes />
    </entry>
    <entry sid="17" file="9783732522033_008.txt">
      <sentence>He hardly noticed it now either .</sentence>
      <tokens>
        <t>" " "He" " "</t>
        <t>" " "hardly" " "</t>
        <t>" " "noticed" " "</t>
        <t>" " "it" " "</t>
        <t>" " "now" " "</t>
        <t>" " "either" ""</t>
        <t>"" "." " "</t>
      </tokens>
      <parse>(ROOT (S (NP (PRP He)) (ADVP (RB hardly)) (VP (VBD noticed) (NP (PRP it)) (ADVP (RB now)) (ADVP (RB either))) (. .)))</parse>
      <deps>nsubj(noticed-3, He-1)
advmod(noticed-3, hardly-2)
root(ROOT-0, noticed-3)
dobj(noticed-3, it-4)
advmod(noticed-3, now-5)
advmod(noticed-3, either-6)</deps>
      <events>
        <event id="e29" eiid="ei29" offset="3" string="noticed" tense="PAST" aspect="NONE" class="OCCURRENCE" polarity="POS" modality="" happen="" lowerBoundDuration="" upperBoundDuration="" />
      </events>
      <timexes>
        <timex tid="t2" text="now" offset="5" length="1" type="DATE" value="PRESENT_REF" temporalFunction="false" />
      </timexes>
    </entry>
    <entry sid="18" file="9783732522033_008.txt">
      <sentence>The only thing he had to think about was why there was no connecting door leading from this room to the round tower .</sentence>
      <tokens>
        <t>" " "The" " "</t>
        <t>" " "only" " "</t>
        <t>" " "thing" " "</t>
        <t>" " "he" " "</t>
        <t>" " "had" " "</t>
        <t>" " "to" " "</t>
        <t>" " "think" " "</t>
        <t>" " "about" " "</t>
        <t>" " "was" " "</t>
        <t>" " "why" " "</t>
        <t>" " "there" " "</t>
        <t>" " "was" " "</t>
        <t>" " "no" " "</t>
        <t>" " "connecting" " "</t>
        <t>" " "door" " "</t>
        <t>" " "leading" " "</t>
        <t>" " "from" " "</t>
        <t>" " "this" " "</t>
        <t>" " "room" " "</t>
        <t>" " "to" " "</t>
        <t>" " "the" " "</t>
        <t>" " "round" " "</t>
        <t>" " "tower" ""</t>
        <t>"" "." " "</t>
      </tokens>
      <parse>(ROOT (S (NP (NP (DT The) (JJ only) (NN thing)) (SBAR (S (NP (PRP he)) (VP (VBD had) (S (VP (TO to) (VP (VB think) (PRT (RP about))))))))) (VP (VBD was) (SBAR (WHADVP (WRB why)) (S (NP (EX there)) (VP (VBD was) (NP (NP (DT no) (JJ connecting) (NN door)) (VP (VBG leading) (PP (IN from) (NP (DT this) (NN room))) (PP (TO to) (NP (DT the) (NN round) (NN tower))))))))) (. .)))</parse>
      <deps>det(thing-3, The-1)
amod(thing-3, only-2)
dobj(had-5, thing-3)
nsubj(was-9, thing-3)
nsubj(had-5, he-4)
xsubj(think-7, he-4)
rcmod(thing-3, had-5)
aux(think-7, to-6)
xcomp(had-5, think-7)
prt(think-7, about-8)
root(ROOT-0, was-9)
advmod(was-12, why-10)
expl(was-12, there-11)
advcl(was-9, was-12)
det(door-15, no-13)
amod(door-15, connecting-14)
nsubj(was-12, door-15)
partmod(door-15, leading-16)
det(room-19, this-18)
prep_from(leading-16, room-19)
det(tower-23, the-21)
nn(tower-23, round-22)
prep_to(leading-16, tower-23)</deps>
      <events>
        <event id="e30" eiid="ei30" offset="7" string="think" tense="INFINITIVE" aspect="NONE" class="OCCURRENCE" polarity="POS" modality="" happen="" lowerBoundDuration="" upperBoundDuration="" />
      </events>
      <timexes />
    </entry>
    <entry sid="19" file="9783732522033_008.txt">
      <sentence>Treuenfels Castle had two square towers on the flanks of the large central building that matched the style and architecture , and a round tower that was at the end of the west wing and did n't really want to fit in with the whole .</sentence>
      <tokens>
        <t>" " "Treuenfels" " "</t>
        <t>" " "Castle" " "</t>
        <t>" " "had" " "</t>
        <t>" " "two" " "</t>
        <t>" " "square" " "</t>
        <t>" " "towers" " "</t>
        <t>" " "on" " "</t>
        <t>" " "the" " "</t>
        <t>" " "flanks" " "</t>
        <t>" " "of" " "</t>
        <t>" " "the" " "</t>
        <t>" " "large" " "</t>
        <t>" " "central" " "</t>
        <t>" " "building" " "</t>
        <t>" " "that" " "</t>
        <t>" " "matched" " "</t>
        <t>" " "the" " "</t>
        <t>" " "style" " "</t>
        <t>" " "and" " "</t>
        <t>" " "architecture" ""</t>
        <t>"" "," " "</t>
        <t>" " "and" " "</t>
        <t>" " "a" " "</t>
        <t>" " "round" " "</t>
        <t>" " "tower" " "</t>
        <t>" " "that" " "</t>
        <t>" " "was" " "</t>
        <t>" " "at" " "</t>
        <t>" " "the" " "</t>
        <t>" " "end" " "</t>
        <t>" " "of" " "</t>
        <t>" " "the" " "</t>
        <t>" " "west" " "</t>
        <t>" " "wing" " "</t>
        <t>" " "and" " "</t>
        <t>" " "did" ""</t>
        <t>"" "n't" " "</t>
        <t>" " "really" " "</t>
        <t>" " "want" " "</t>
        <t>" " "to" " "</t>
        <t>" " "fit" " "</t>
        <t>" " "in" " "</t>
        <t>" " "with" " "</t>
        <t>" " "the" " "</t>
        <t>" " "whole" ""</t>
        <t>"" "." " "</t>
      </tokens>
      <parse>(ROOT (S (NP (NNP Treuenfels) (NNP Castle)) (VP (VP (VBD had) (NP (NP (CD two) (JJ square) (NNS towers)) (PP (IN on) (NP (NP (DT the) (NNS flanks)) (PP (IN of) (NP (NP (NP (DT the) (JJ large) (JJ central) (NN building)) (SBAR (WHNP (WDT that)) (S (VP (VBD matched) (NP (DT the) (NN style) (CC and) (NN architecture)))))) (, ,) (CC and) (NP (NP (DT a) (NN round) (NN tower)) (SBAR (WHNP (WDT that)) (S (VP (VBD was) (PP (IN at) (NP (NP (DT the) (NN end)) (PP (IN of) (NP (DT the) (JJ west) (NN wing))))))))))))))) (CC and) (VP (VBD did) (RB n't) (VP (ADVP (RB really)) (VB want) (S (VP (TO to) (VP (VB fit) (PRT (RP in)) (PP (IN with) (NP (DT the) (NN whole))))))))) (. .)))</parse>
      <deps>nn(Castle-2, Treuenfels-1)
nsubj(had-3, Castle-2)
nsubj(want-39, Castle-2)
xsubj(fit-41, Castle-2)
root(ROOT-0, had-3)
num(towers-6, two-4)
amod(towers-6, square-5)
dobj(had-3, towers-6)
det(flanks-9, the-8)
prep_on(towers-6, flanks-9)
det(building-14, the-11)
amod(building-14, large-12)
amod(building-14, central-13)
prep_of(flanks-9, building-14)
nsubj(matched-16, building-14)
rcmod(building-14, matched-16)
det(style-18, the-17)
dobj(matched-16, style-18)
dobj(matched-16, architecture-20)
conj_and(style-18, architecture-20)
det(tower-25, a-23)
nn(tower-25, round-24)
prep_of(flanks-9, tower-25)
conj_and(building-14, tower-25)
nsubj(was-27, tower-25)
rcmod(tower-25, was-27)
det(end-30, the-29)
prep_at(was-27, end-30)
det(wing-34, the-32)
amod(wing-34, west-33)
prep_of(end-30, wing-34)
aux(want-39, did-36)
neg(want-39, n't-37)
advmod(want-39, really-38)
conj_and(had-3, want-39)
aux(fit-41, to-40)
xcomp(want-39, fit-41)
prt(fit-41, in-42)
det(whole-45, the-44)
prep_with(fit-41, whole-45)</deps>
      <events>
        <event id="e31" eiid="ei31" offset="3" string="had" tense="PAST" aspect="NONE" class="OCCURRENCE" polarity="POS" modality="" happen="" lowerBoundDuration="" upperBoundDuration="" />
        <event id="e32" eiid="ei32" offset="16" string="matched" tense="PAST" aspect="NONE" class="OCCURRENCE" polarity="POS" modality="" happen="" lowerBoundDuration="" upperBoundDuration="" />
        <event id="e33" eiid="ei33" offset="36" string="did" tense="PAST" aspect="NONE" class="OCCURRENCE" polarity="POS" modality="" happen="" lowerBoundDuration="" upperBoundDuration="" />
        <event id="e34" eiid="ei34" offset="39" string="want" tense="NONE" aspect="NONE" class="I_STATE" polarity="POS" modality="" happen="" lowerBoundDuration="" upperBoundDuration="" />
        <event id="e35" eiid="ei35" offset="41" string="fit" tense="INFINITIVE" aspect="NONE" class="OCCURRENCE" polarity="POS" modality="" happen="" lowerBoundDuration="" upperBoundDuration="" />
      </events>
      <timexes />
    </entry>
    <entry sid="20" file="9783732522033_008.txt">
      <sentence>It was the first time he thought about it .</sentence>
      <tokens>
        <t>" " "It" " "</t>
        <t>" " "was" " "</t>
        <t>" " "the" " "</t>
        <t>" " "first" " "</t>
        <t>" " "time" " "</t>
        <t>" " "he" " "</t>
        <t>" " "thought" " "</t>
        <t>" " "about" " "</t>
        <t>" " "it" ""</t>
        <t>"" "." " "</t>
      </tokens>
      <parse>(ROOT (S (NP (PRP It)) (VP (VBD was) (NP (NP (DT the) (JJ first) (NN time)) (SBAR (S (NP (PRP he)) (VP (VBD thought) (PP (IN about) (NP (PRP it)))))))) (. .)))</parse>
      <deps>nsubj(time-5, It-1)
cop(time-5, was-2)
det(time-5, the-3)
amod(time-5, first-4)
root(ROOT-0, time-5)
dobj(thought-7, time-5)
nsubj(thought-7, he-6)
rcmod(time-5, thought-7)
prep_about(thought-7, it-9)</deps>
      <events>
        <event id="e36" eiid="ei36" offset="7" string="thought" tense="PAST" aspect="NONE" class="I_STATE" polarity="POS" modality="" happen="" lowerBoundDuration="" upperBoundDuration="" />
      </events>
      <timexes />
    </entry>
    <entry sid="21" file="9783732522033_008.txt">
      <sentence>It did n't occupy him for long today either .</sentence>
      <tokens>
        <t>" " "It" " "</t>
        <t>" " "did" ""</t>
        <t>"" "n't" " "</t>
        <t>" " "occupy" " "</t>
        <t>" " "him" " "</t>
        <t>" " "for" " "</t>
        <t>" " "long" " "</t>
        <t>" " "today" " "</t>
        <t>" " "either" ""</t>
        <t>"" "." " "</t>
      </tokens>
      <parse>(ROOT (S (NP (PRP It)) (VP (VBD did) (RB n't) (VP (VB occupy) (NP (PRP him)) (PP (IN for) (NP (JJ long) (NN today))) (ADVP (RB either)))) (. .)))</parse>
      <deps>nsubj(occupy-4, It-1)
aux(occupy-4, did-2)
neg(occupy-4, n't-3)
root(ROOT-0, occupy-4)
dobj(occupy-4, him-5)
amod(today-8, long-7)
prep_for(occupy-4, today-8)
advmod(occupy-4, either-9)</deps>
      <events>
        <event id="e37" eiid="ei37" offset="4" string="occupy" tense="NONE" aspect="NONE" class="OCCURRENCE" polarity="POS" modality="" happen="" lowerBoundDuration="" upperBoundDuration="" />
      </events>
      <timexes />
    </entry>
    <entry sid="22" file="9783732522033_008.txt">
      <sentence>He turned and went back to the room where Countess Alice 's desk was .</sentence>
      <tokens>
        <t>" " "He" " "</t>
        <t>" " "turned" " "</t>
        <t>" " "and" " "</t>
        <t>" " "went" " "</t>
        <t>" " "back" " "</t>
        <t>" " "to" " "</t>
        <t>" " "the" " "</t>
        <t>" " "room" " "</t>
        <t>" " "where" " "</t>
        <t>" " "Countess" " "</t>
        <t>" " "Alice" ""</t>
        <t>"" "'s" " "</t>
        <t>" " "desk" " "</t>
        <t>" " "was" ""</t>
        <t>"" "." " "</t>
      </tokens>
      <parse>(ROOT (S (NP (PRP He)) (VP (VP (VBD turned)) (CC and) (VP (VBD went) (PRT (RP back)) (PP (TO to) (NP (DT the) (NN room)))) (SBAR (WHADVP (WRB where)) (S (NP (NP (NNP Countess) (NNP Alice) (POS 's)) (NN desk)) (VP (VBD was))))) (. .)))</parse>
      <deps>nsubj(turned-2, He-1)
nsubj(went-4, He-1)
root(ROOT-0, turned-2)
conj_and(turned-2, went-4)
prt(went-4, back-5)
det(room-8, the-7)
prep_to(went-4, room-8)
advmod(was-14, where-9)
nn(Alice-11, Countess-10)
poss(desk-13, Alice-11)
nsubj(was-14, desk-13)
advcl(turned-2, was-14)</deps>
      <events>
        <event id="e38" eiid="ei38" offset="2" string="turned" tense="PAST" aspect="NONE" class="OCCURRENCE" polarity="POS" modality="" happen="" lowerBoundDuration="" upperBoundDuration="" />
        <event id="e39" eiid="ei39" offset="4" string="went" tense="PAST" aspect="NONE" class="OCCURRENCE" polarity="POS" modality="" happen="" lowerBoundDuration="" upperBoundDuration="" />
      </events>
      <timexes />
    </entry>
    <entry sid="23" file="9783732522033_008.txt">
      <sentence>On the bunch of keys that Grollmann had fetched for him from Comtesse Beate , there was also the desk key .</sentence>
      <tokens>
        <t>" " "On" " "</t>
        <t>" " "the" " "</t>
        <t>" " "bunch" " "</t>
        <t>" " "of" " "</t>
        <t>" " "keys" " "</t>
        <t>" " "that" " "</t>
        <t>" " "Grollmann" " "</t>
        <t>" " "had" " "</t>
        <t>" " "fetched" " "</t>
        <t>" " "for" " "</t>
        <t>" " "him" " "</t>
        <t>" " "from" " "</t>
        <t>" " "Comtesse" " "</t>
        <t>" " "Beate" ""</t>
        <t>"" "," " "</t>
        <t>" " "there" " "</t>
        <t>" " "was" " "</t>
        <t>" " "also" " "</t>
        <t>" " "the" " "</t>
        <t>" " "desk" " "</t>
        <t>" " "key" ""</t>
        <t>"" "." " "</t>
      </tokens>
      <parse>(ROOT (S (PP (IN On) (NP (NP (DT the) (NN bunch)) (PP (IN of) (NP (NP (NNS keys)) (SBAR (IN that) (S (NP (NNP Grollmann)) (VP (VBD had) (VP (VBN fetched) (PP (IN for) (NP (PRP him))) (PP (IN from) (NP (NNP Comtesse) (NNP Beate))))))))))) (, ,) (NP (EX there)) (VP (VBD was) (ADVP (RB also)) (NP (DT the) (NN desk) (NN key))) (. .)))</parse>
      <deps>det(bunch-3, the-2)
prep_on(was-17, bunch-3)
prep_of(bunch-3, keys-5)
dobj(fetched-9, keys-5)
mark(fetched-9, that-6)
nsubj(fetched-9, Grollmann-7)
aux(fetched-9, had-8)
dep(keys-5, fetched-9)
prep_for(fetched-9, him-11)
nn(Beate-14, Comtesse-13)
prep_from(fetched-9, Beate-14)
expl(was-17, there-16)
root(ROOT-0, was-17)
advmod(was-17, also-18)
det(key-21, the-19)
nn(key-21, desk-20)
nsubj(was-17, key-21)</deps>
      <events>
        <event id="e40" eiid="ei40" offset="9" string="fetched" tense="PAST" aspect="PERFECTIVE" class="OCCURRENCE" polarity="POS" modality="" happen="" lowerBoundDuration="" upperBoundDuration="" />
      </events>
      <timexes />
    </entry>
    <entry sid="24" file="9783732522033_008.txt">
      <sentence>He settled down in the armchair in front of the desk and opened it .</sentence>
      <tokens>
        <t>" " "He" " "</t>
        <t>" " "settled" " "</t>
        <t>" " "down" " "</t>
        <t>" " "in" " "</t>
        <t>" " "the" " "</t>
        <t>" " "armchair" " "</t>
        <t>" " "in" " "</t>
        <t>" " "front" " "</t>
        <t>" " "of" " "</t>
        <t>" " "the" " "</t>
        <t>" " "desk" " "</t>
        <t>" " "and" " "</t>
        <t>" " "opened" " "</t>
        <t>" " "it" ""</t>
        <t>"" "." " "</t>
      </tokens>
      <parse>(ROOT (S (NP (PRP He)) (VP (VP (VBD settled) (PRT (RP down)) (PP (IN in) (NP (NP (DT the) (NN armchair)) (PP (IN in) (NP (NP (NN front)) (PP (IN of) (NP (DT the) (NN desk)))))))) (CC and) (VP (VBD opened) (NP (PRP it)))) (. .)))</parse>
      <deps>nsubj(settled-2, He-1)
nsubj(opened-13, He-1)
root(ROOT-0, settled-2)
prt(settled-2, down-3)
det(armchair-6, the-5)
prep_in(settled-2, armchair-6)
det(desk-11, the-10)
prep_in_front_of(armchair-6, desk-11)
conj_and(settled-2, opened-13)
dobj(opened-13, it-14)</deps>
      <events>
        <event id="e41" eiid="ei41" offset="2" string="settled" tense="PAST" aspect="NONE" class="OCCURRENCE" polarity="POS" modality="" happen="" lowerBoundDuration="" upperBoundDuration="" />
        <event id="e42" eiid="ei42" offset="13" string="opened" tense="PAST" aspect="NONE" class="OCCURRENCE" polarity="POS" modality="" happen="" lowerBoundDuration="" upperBoundDuration="" />
      </events>
      <timexes />
    </entry>
    <entry sid="25" file="9783732522033_008.txt">
      <sentence>Thoughtfully and carefully , he examined the contents down to the last sheet of paper .</sentence>
      <tokens>
        <t>" " "Thoughtfully" " "</t>
        <t>" " "and" " "</t>
        <t>" " "carefully" ""</t>
        <t>"" "," " "</t>
        <t>" " "he" " "</t>
        <t>" " "examined" " "</t>
        <t>" " "the" " "</t>
        <t>" " "contents" " "</t>
        <t>" " "down" " "</t>
        <t>" " "to" " "</t>
        <t>" " "the" " "</t>
        <t>" " "last" " "</t>
        <t>" " "sheet" " "</t>
        <t>" " "of" " "</t>
        <t>" " "paper" ""</t>
        <t>"" "." " "</t>
      </tokens>
      <parse>(ROOT (S (ADVP (ADVP (RB Thoughtfully)) (CC and) (ADVP (RB carefully))) (, ,) (NP (PRP he)) (VP (VBD examined) (NP (DT the) (NNS contents)) (PRT (RP down)) (PP (TO to) (NP (NP (DT the) (JJ last) (NN sheet)) (PP (IN of) (NP (NN paper)))))) (. .)))</parse>
      <deps>advmod(examined-6, Thoughtfully-1)
conj_and(Thoughtfully-1, carefully-3)
advmod(examined-6, carefully-3)
nsubj(examined-6, he-5)
root(ROOT-0, examined-6)
det(contents-8, the-7)
dobj(examined-6, contents-8)
prt(examined-6, down-9)
det(sheet-13, the-11)
amod(sheet-13, last-12)
prep_to(examined-6, sheet-13)
prep_of(sheet-13, paper-15)</deps>
      <events>
        <event id="e43" eiid="ei43" offset="6" string="examined" tense="PAST" aspect="NONE" class="I_ACTION" polarity="POS" modality="" happen="" lowerBoundDuration="" upperBoundDuration="" />
      </events>
      <timexes />
    </entry>
    <entry sid="26" file="9783732522033_008.txt">
      <sentence>But all his searching was in vain .</sentence>
      <tokens>
        <t>" " "But" " "</t>
        <t>" " "all" " "</t>
        <t>" " "his" " "</t>
        <t>" " "searching" " "</t>
        <t>" " "was" " "</t>
        <t>" " "in" " "</t>
        <t>" " "vain" ""</t>
        <t>"" "." " "</t>
      </tokens>
      <parse>(ROOT (S (CC But) (NP (PDT all) (PRP$ his) (NNS searching)) (VP (VBD was) (PP (IN in) (NP (JJ vain)))) (. .)))</parse>
      <deps>cc(was-5, But-1)
predet(searching-4, all-2)
poss(searching-4, his-3)
nsubj(was-5, searching-4)
root(ROOT-0, was-5)
prep_in(was-5, vain-7)</deps>
      <events />
      <timexes />
    </entry>
    <entry sid="27" file="9783732522033_008.txt">
      <sentence>He rose at last .</sentence>
      <tokens>
        <t>" " "He" " "</t>
        <t>" " "rose" " "</t>
        <t>" " "at" " "</t>
        <t>" " "last" ""</t>
        <t>"" "." " "</t>
      </tokens>
      <parse>(ROOT (S (NP (PRP He)) (VP (VBD rose) (PP (IN at) (NP (JJ last)))) (. .)))</parse>
      <deps>nsubj(rose-2, He-1)
root(ROOT-0, rose-2)
prep_at(rose-2, last-4)</deps>
      <events>
        <event id="e44" eiid="ei44" offset="2" string="rose" tense="PAST" aspect="NONE" class="OCCURRENCE" polarity="POS" modality="" happen="" lowerBoundDuration="" upperBoundDuration="" />
      </events>
      <timexes />
    </entry>
    <entry sid="28" file="9783732522033_008.txt">
      <sentence>Midnight had long since passed , and everything in the castle was silent .</sentence>
      <tokens>
        <t>" " "Midnight" " "</t>
        <t>" " "had" " "</t>
        <t>" " "long" " "</t>
        <t>" " "since" " "</t>
        <t>" " "passed" ""</t>
        <t>"" "," " "</t>
        <t>" " "and" " "</t>
        <t>" " "everything" " "</t>
        <t>" " "in" " "</t>
        <t>" " "the" " "</t>
        <t>" " "castle" " "</t>
        <t>" " "was" " "</t>
        <t>" " "silent" ""</t>
        <t>"" "." ""</t>
      </tokens>
      <parse>(ROOT (S (S (NP (NNP Midnight)) (VP (VBD had) (ADVP (RB long) (IN since)) (VP (VBN passed)))) (, ,) (CC and) (S (NP (NP (NN everything)) (PP (IN in) (NP (DT the) (NN castle)))) (VP (VBD was) (ADJP (JJ silent)))) (. .)))</parse>
      <deps>nsubj(passed-5, Midnight-1)
aux(passed-5, had-2)
advmod(since-4, long-3)
advmod(passed-5, since-4)
root(ROOT-0, passed-5)
nsubj(silent-13, everything-8)
det(castle-11, the-10)
prep_in(everything-8, castle-11)
cop(silent-13, was-12)
conj_and(passed-5, silent-13)</deps>
      <events>
        <event id="e45" eiid="ei45" offset="5" string="passed" tense="PRESENT" aspect="NONE" class="OCCURRENCE" polarity="POS" modality="" happen="" lowerBoundDuration="" upperBoundDuration="" />
      </events>
      <timexes>
        <timex tid="t3" text="Midnight" offset="1" length="1" type="TIME" value="T00:00" temporalFunction="false" />
      </timexes>
    </entry>
    <tlink event1="ei8" event2="t1" relation="VAGUE" closed="false" origin="AdjacentVerbTimex" type="et" />
    <tlink event1="ei29" event2="t2" relation="IS_INCLUDED" closed="false" origin="AdjacentVerbTimex" type="et" />
    <tlink event1="ei45" event2="t3" relation="IS_INCLUDED" closed="false" origin="AdjacentVerbTimex" type="et" />
    <tlink event1="ei6" event2="ei7" relation="AFTER" closed="false" origin="ReichenbachDG13" type="ee" />
    <tlink event1="ei7" event2="ei8" relation="BEFORE" closed="false" origin="ReichenbachDG13" type="ee" />
    <tlink event1="ei7" event2="ei9" relation="BEFORE" closed="false" origin="ReichenbachDG13" type="ee" />
    <tlink event1="ei7" event2="ei10" relation="BEFORE" closed="false" origin="ReichenbachDG13" type="ee" />
    <tlink event1="ei11" event2="ei14" relation="AFTER" closed="false" origin="ReichenbachDG13" type="ee" />
    <tlink event1="ei13" event2="ei14" relation="AFTER" closed="false" origin="ReichenbachDG13" type="ee" />
    <tlink event1="ei15" event2="ei16" relation="AFTER" closed="false" origin="ReichenbachDG13" type="ee" />
    <tlink event1="ei16" event2="ei17" relation="BEFORE" closed="false" origin="ReichenbachDG13" type="ee" />
    <tlink event1="ei16" event2="ei18" relation="BEFORE" closed="false" origin="ReichenbachDG13" type="ee" />
    <tlink event1="ei23" event2="ei28" relation="AFTER" closed="false" origin="ReichenbachDG13" type="ee" />
    <tlink event1="ei25" event2="ei28" relation="AFTER" closed="false" origin="ReichenbachDG13" type="ee" />
    <tlink event1="ei26" event2="ei28" relation="AFTER" closed="false" origin="ReichenbachDG13" type="ee" />
    <tlink event1="ei28" event2="ei29" relation="BEFORE" closed="false" origin="ReichenbachDG13" type="ee" />
    <tlink event1="ei38" event2="ei40" relation="AFTER" closed="false" origin="ReichenbachDG13" type="ee" />
    <tlink event1="ei39" event2="ei40" relation="AFTER" closed="false" origin="ReichenbachDG13" type="ee" />
    <tlink event1="ei40" event2="ei41" relation="BEFORE" closed="false" origin="ReichenbachDG13" type="ee" />
    <tlink event1="ei40" event2="ei42" relation="BEFORE" closed="false" origin="ReichenbachDG13" type="ee" />
    <tlink event1="ei3" event2="ei4" relation="VAGUE" closed="false" origin="XCompDepSieve" type="ee" />
    <tlink event1="ei8" event2="ei9" relation="VAGUE" closed="false" origin="XCompDepSieve" type="ee" />
    <tlink event1="ei17" event2="ei18" relation="VAGUE" closed="false" origin="XCompDepSieve" type="ee" />
    <tlink event1="ei21" event2="ei22" relation="SIMULTANEOUS" closed="false" origin="XCompDepSieve" type="ee" />
    <tlink event1="ei23" event2="ei24" relation="BEFORE" closed="false" origin="XCompDepSieve" type="ee" />
    <tlink event1="ei23" event2="ei26" relation="VAGUE" closed="false" origin="XCompDepSieve" type="ee" />
    <tlink event1="ei26" event2="ei27" relation="BEFORE" closed="false" origin="XCompDepSieve" type="ee" />
    <tlink event1="ei31" event2="ei34" relation="VAGUE" closed="false" origin="XCompDepSieve" type="ee" />
    <tlink event1="ei34" event2="ei35" relation="BEFORE" closed="false" origin="XCompDepSieve" type="ee" />
    <tlink event1="ei38" event2="ei39" relation="VAGUE" closed="false" origin="XCompDepSieve" type="ee" />
    <tlink event1="ei41" event2="ei42" relation="VAGUE" closed="false" origin="XCompDepSieve" type="ee" />
    <tlink event1="ei28" event2="ei24" relation="BEFORE" closed="true" origin="XCompDepSieve" type="ee" />
    <tlink event1="ei28" event2="ei27" relation="BEFORE" closed="true" origin="XCompDepSieve" type="ee" />
    <tlink event1="ei32" event2="ei35" relation="VAGUE" closed="false" origin="WordNet209" type="ee" />
    <tlink event1="ei7" event2="t1" relation="VAGUE" closed="false" origin="MLEventTimeSameSent" type="et" />
    <tlink event1="ei9" event2="t1" relation="BEFORE" closed="false" origin="MLEventTimeSameSent" type="et" />
    <tlink event1="ei11" event2="ei12" relation="AFTER" closed="false" origin="MLEventEventDominates" type="ee" />
    <tlink event1="ei19" event2="ei20" relation="AFTER" closed="false" origin="MLEventEventDominates" type="ee" />
    <tlink event1="ei31" event2="ei32" relation="AFTER" closed="false" origin="MLEventEventDominates" type="ee" />
    <tlink event1="ei33" event2="ei34" relation="BEFORE" closed="false" origin="MLEventEventDominates" type="ee" />
    <tlink event1="ei33" event2="ei35" relation="BEFORE" closed="false" origin="MLEventEventDominates" type="ee" />
    <tlink event1="ei23" event2="ei25" relation="AFTER" closed="false" origin="MLEventEventSameSent" type="ee" />
    <tlink event1="ei23" event2="ei27" relation="BEFORE" closed="false" origin="MLEventEventSameSent" type="ee" />
    <tlink event1="ei24" event2="ei25" relation="VAGUE" closed="false" origin="MLEventEventSameSent" type="ee" />
    <tlink event1="ei24" event2="ei26" relation="VAGUE" closed="false" origin="MLEventEventSameSent" type="ee" />
    <tlink event1="ei24" event2="ei27" relation="VAGUE" closed="false" origin="MLEventEventSameSent" type="ee" />
    <tlink event1="ei25" event2="ei26" relation="BEFORE" closed="false" origin="MLEventEventSameSent" type="ee" />
    <tlink event1="ei25" event2="ei27" relation="BEFORE" closed="false" origin="MLEventEventSameSent" type="ee" />
    <tlink event1="ei31" event2="ei33" relation="VAGUE" closed="false" origin="MLEventEventSameSent" type="ee" />
    <tlink event1="ei31" event2="ei35" relation="BEFORE" closed="false" origin="MLEventEventSameSent" type="ee" />
    <tlink event1="ei32" event2="ei33" relation="BEFORE" closed="false" origin="MLEventEventSameSent" type="ee" />
    <tlink event1="ei32" event2="ei34" relation="VAGUE" closed="false" origin="MLEventEventSameSent" type="ee" />
    <tlink event1="ei1" event2="ei2" relation="VAGUE" closed="false" origin="AllVagueSieve" type="ee" />
    <tlink event1="ei2" event2="ei3" relation="VAGUE" closed="false" origin="AllVagueSieve" type="ee" />
    <tlink event1="ei2" event2="ei4" relation="VAGUE" closed="false" origin="AllVagueSieve" type="ee" />
    <tlink event1="ei3" event2="ei5" relation="VAGUE" closed="false" origin="AllVagueSieve" type="ee" />
    <tlink event1="ei4" event2="ei5" relation="VAGUE" closed="false" origin="AllVagueSieve" type="ee" />
    <tlink event1="ei5" event2="ei6" relation="VAGUE" closed="false" origin="AllVagueSieve" type="ee" />
    <tlink event1="ei6" event2="ei8" relation="VAGUE" closed="false" origin="AllVagueSieve" type="ee" />
    <tlink event1="ei6" event2="ei9" relation="VAGUE" closed="false" origin="AllVagueSieve" type="ee" />
    <tlink event1="ei6" event2="t1" relation="VAGUE" closed="false" origin="AllVagueSieve" type="et" />
    <tlink event1="ei8" event2="ei10" relation="VAGUE" closed="false" origin="AllVagueSieve" type="ee" />
    <tlink event1="ei9" event2="ei10" relation="VAGUE" closed="false" origin="AllVagueSieve" type="ee" />
    <tlink event1="t1" event2="ei10" relation="VAGUE" closed="false" origin="AllVagueSieve" type="et" />
    <tlink event1="ei11" event2="ei13" relation="VAGUE" closed="false" origin="AllVagueSieve" type="ee" />
    <tlink event1="ei12" event2="ei13" relation="VAGUE" closed="false" origin="AllVagueSieve" type="ee" />
    <tlink event1="ei12" event2="ei14" relation="VAGUE" closed="false" origin="AllVagueSieve" type="ee" />
    <tlink event1="ei15" event2="ei17" relation="VAGUE" closed="false" origin="AllVagueSieve" type="ee" />
    <tlink event1="ei15" event2="ei18" relation="VAGUE" closed="false" origin="AllVagueSieve" type="ee" />
    <tlink event1="ei17" event2="ei19" relation="VAGUE" closed="false" origin="AllVagueSieve" type="ee" />
    <tlink event1="ei17" event2="ei20" relation="VAGUE" closed="false" origin="AllVagueSieve" type="ee" />
    <tlink event1="ei18" event2="ei19" relation="VAGUE" closed="false" origin="AllVagueSieve" type="ee" />
    <tlink event1="ei18" event2="ei20" relation="VAGUE" closed="false" origin="AllVagueSieve" type="ee" />
    <tlink event1="ei19" event2="ei21" relation="VAGUE" closed="false" origin="AllVagueSieve" type="ee" />
    <tlink event1="ei19" event2="ei22" relation="VAGUE" closed="false" origin="AllVagueSieve" type="ee" />
    <tlink event1="ei20" event2="ei21" relation="VAGUE" closed="false" origin="AllVagueSieve" type="ee" />
    <tlink event1="ei20" event2="ei22" relation="VAGUE" closed="false" origin="AllVagueSieve" type="ee" />
    <tlink event1="ei21" event2="ei23" relation="VAGUE" closed="false" origin="AllVagueSieve" type="ee" />
    <tlink event1="ei21" event2="ei24" relation="VAGUE" closed="false" origin="AllVagueSieve" type="ee" />
    <tlink event1="ei21" event2="ei25" relation="VAGUE" closed="false" origin="AllVagueSieve" type="ee" />
    <tlink event1="ei21" event2="ei26" relation="VAGUE" closed="false" origin="AllVagueSieve" type="ee" />
    <tlink event1="ei21" event2="ei27" relation="VAGUE" closed="false" origin="AllVagueSieve" type="ee" />
    <tlink event1="ei22" event2="ei23" relation="VAGUE" closed="false" origin="AllVagueSieve" type="ee" />
    <tlink event1="ei22" event2="ei24" relation="VAGUE" closed="false" origin="AllVagueSieve" type="ee" />
    <tlink event1="ei22" event2="ei25" relation="VAGUE" closed="false" origin="AllVagueSieve" type="ee" />
    <tlink event1="ei22" event2="ei26" relation="VAGUE" closed="false" origin="AllVagueSieve" type="ee" />
    <tlink event1="ei22" event2="ei27" relation="VAGUE" closed="false" origin="AllVagueSieve" type="ee" />
    <tlink event1="ei28" event2="t2" relation="VAGUE" closed="false" origin="AllVagueSieve" type="et" />
    <tlink event1="ei29" event2="ei30" relation="VAGUE" closed="false" origin="AllVagueSieve" type="ee" />
    <tlink event1="t2" event2="ei30" relation="VAGUE" closed="false" origin="AllVagueSieve" type="et" />
    <tlink event1="ei30" event2="ei31" relation="VAGUE" closed="false" origin="AllVagueSieve" type="ee" />
    <tlink event1="ei30" event2="ei32" relation="VAGUE" closed="false" origin="AllVagueSieve" type="ee" />
    <tlink event1="ei30" event2="ei33" relation="VAGUE" closed="false" origin="AllVagueSieve" type="ee" />
    <tlink event1="ei30" event2="ei34" relation="VAGUE" closed="false" origin="AllVagueSieve" type="ee" />
    <tlink event1="ei30" event2="ei35" relation="VAGUE" closed="false" origin="AllVagueSieve" type="ee" />
    <tlink event1="ei31" event2="ei36" relation="VAGUE" closed="false" origin="AllVagueSieve" type="ee" />
    <tlink event1="ei32" event2="ei36" relation="VAGUE" closed="false" origin="AllVagueSieve" type="ee" />
    <tlink event1="ei33" event2="ei36" relation="VAGUE" closed="false" origin="AllVagueSieve" type="ee" />
    <tlink event1="ei34" event2="ei36" relation="VAGUE" closed="false" origin="AllVagueSieve" type="ee" />
    <tlink event1="ei35" event2="ei36" relation="VAGUE" closed="false" origin="AllVagueSieve" type="ee" />
    <tlink event1="ei36" event2="ei37" relation="VAGUE" closed="false" origin="AllVagueSieve" type="ee" />
    <tlink event1="ei37" event2="ei38" relation="VAGUE" closed="false" origin="AllVagueSieve" type="ee" />
    <tlink event1="ei37" event2="ei39" relation="VAGUE" closed="false" origin="AllVagueSieve" type="ee" />
    <tlink event1="ei41" event2="ei43" relation="VAGUE" closed="false" origin="AllVagueSieve" type="ee" />
    <tlink event1="ei42" event2="ei43" relation="VAGUE" closed="false" origin="AllVagueSieve" type="ee" />
    <tlink event1="ei44" event2="ei45" relation="VAGUE" closed="false" origin="AllVagueSieve" type="ee" />
    <tlink event1="ei44" event2="t3" relation="VAGUE" closed="false" origin="AllVagueSieve" type="et" />
  </file>
</root>

