<?xml version="1.0" encoding="UTF-8"?>
<root xmlns="http://chambers.com/corpusinfo">
  <file name="9783732522033_042.txt">
    <entry sid="0" file="9783732522033_042.txt">
      <sentence>The next morning Griseldis awoke with the feeling that today was a day of celebration .</sentence>
      <tokens>
        <t>"" "The" " "</t>
        <t>" " "next" " "</t>
        <t>" " "morning" " "</t>
        <t>" " "Griseldis" " "</t>
        <t>" " "awoke" " "</t>
        <t>" " "with" " "</t>
        <t>" " "the" " "</t>
        <t>" " "feeling" " "</t>
        <t>" " "that" " "</t>
        <t>" " "today" " "</t>
        <t>" " "was" " "</t>
        <t>" " "a" " "</t>
        <t>" " "day" " "</t>
        <t>" " "of" " "</t>
        <t>" " "celebration" ""</t>
        <t>"" "." " "</t>
      </tokens>
      <parse>(ROOT (S (NP (DT The) (JJ next) (NN morning) (NNS Griseldis)) (VP (VBD awoke) (PP (IN with) (NP (DT the) (NN feeling))) (SBAR (IN that) (S (NP (NN today)) (VP (VBD was) (NP (NP (DT a) (NN day)) (PP (IN of) (NP (NN celebration)))))))) (. .)))</parse>
      <deps>det(Griseldis-4, The-1)
amod(Griseldis-4, next-2)
nn(Griseldis-4, morning-3)
nsubj(awoke-5, Griseldis-4)
root(ROOT-0, awoke-5)
det(feeling-8, the-7)
prep_with(awoke-5, feeling-8)
mark(day-13, that-9)
nsubj(day-13, today-10)
cop(day-13, was-11)
det(day-13, a-12)
ccomp(awoke-5, day-13)
prep_of(day-13, celebration-15)</deps>
      <events>
        <event id="e1" eiid="ei1" offset="5" string="awoke" tense="PAST" aspect="NONE" class="OCCURRENCE" polarity="POS" modality="" happen="" lowerBoundDuration="" upperBoundDuration="" />
      </events>
      <timexes>
        <timex tid="t1" text="morning" offset="3" length="1" type="TIME" value="TMO" temporalFunction="false" />
        <timex tid="t2" text="a day" offset="12" length="2" type="DURATION" value="P1D" temporalFunction="false" />
      </timexes>
    </entry>
    <entry sid="1" file="9783732522033_042.txt">
      <sentence>Baron Dalheim was coming today to shake her friend 's hand and tell him that he believed in his innocence .</sentence>
      <tokens>
        <t>" " "Baron" " "</t>
        <t>" " "Dalheim" " "</t>
        <t>" " "was" " "</t>
        <t>" " "coming" " "</t>
        <t>" " "today" " "</t>
        <t>" " "to" " "</t>
        <t>" " "shake" " "</t>
        <t>" " "her" " "</t>
        <t>" " "friend" ""</t>
        <t>"" "'s" " "</t>
        <t>" " "hand" " "</t>
        <t>" " "and" " "</t>
        <t>" " "tell" " "</t>
        <t>" " "him" " "</t>
        <t>" " "that" " "</t>
        <t>" " "he" " "</t>
        <t>" " "believed" " "</t>
        <t>" " "in" " "</t>
        <t>" " "his" " "</t>
        <t>" " "innocence" ""</t>
        <t>"" "." " "</t>
      </tokens>
      <parse>(ROOT (S (NP (NNP Baron) (NNP Dalheim)) (VP (VBD was) (VP (VBG coming) (ADVP (NN today)) (S (VP (TO to) (VP (VP (VB shake) (NP (NP (PRP$ her) (NN friend) (POS 's)) (NN hand))) (CC and) (VP (VB tell) (NP (PRP him)) (SBAR (IN that) (S (NP (PRP he)) (VP (VBD believed) (PP (IN in) (NP (PRP$ his) (NN innocence)))))))))))) (. .)))</parse>
      <deps>nn(Dalheim-2, Baron-1)
nsubj(coming-4, Dalheim-2)
xsubj(shake-7, Dalheim-2)
aux(coming-4, was-3)
root(ROOT-0, coming-4)
advmod(coming-4, today-5)
aux(shake-7, to-6)
xcomp(coming-4, shake-7)
poss(friend-9, her-8)
poss(hand-11, friend-9)
dobj(shake-7, hand-11)
xcomp(coming-4, tell-13)
conj_and(shake-7, tell-13)
dobj(tell-13, him-14)
mark(believed-17, that-15)
nsubj(believed-17, he-16)
ccomp(tell-13, believed-17)
poss(innocence-20, his-19)
prep_in(believed-17, innocence-20)</deps>
      <events>
        <event id="e2" eiid="ei2" offset="4" string="coming" tense="PAST" aspect="PROGRESSIVE" class="OCCURRENCE" polarity="POS" modality="" happen="" lowerBoundDuration="" upperBoundDuration="" />
        <event id="e3" eiid="ei3" offset="7" string="shake" tense="INFINITIVE" aspect="NONE" class="OCCURRENCE" polarity="POS" modality="" happen="" lowerBoundDuration="" upperBoundDuration="" />
        <event id="e4" eiid="ei4" offset="13" string="tell" tense="INFINITIVE" aspect="NONE" class="OCCURRENCE" polarity="POS" modality="" happen="" lowerBoundDuration="" upperBoundDuration="" />
        <event id="e5" eiid="ei5" offset="17" string="believed" tense="PAST" aspect="NONE" class="OCCURRENCE" polarity="POS" modality="" happen="" lowerBoundDuration="" upperBoundDuration="" />
      </events>
      <timexes />
    </entry>
    <entry sid="2" file="9783732522033_042.txt">
      <sentence>Immediately after breakfast , Griseldis went with Gilda to the pavilion in the park to begin the lesson .</sentence>
      <tokens>
        <t>" " "Immediately" " "</t>
        <t>" " "after" " "</t>
        <t>" " "breakfast" ""</t>
        <t>"" "," " "</t>
        <t>" " "Griseldis" " "</t>
        <t>" " "went" " "</t>
        <t>" " "with" " "</t>
        <t>" " "Gilda" " "</t>
        <t>" " "to" " "</t>
        <t>" " "the" " "</t>
        <t>" " "pavilion" " "</t>
        <t>" " "in" " "</t>
        <t>" " "the" " "</t>
        <t>" " "park" " "</t>
        <t>" " "to" " "</t>
        <t>" " "begin" " "</t>
        <t>" " "the" " "</t>
        <t>" " "lesson" ""</t>
        <t>"" "." " "</t>
      </tokens>
      <parse>(ROOT (S (PP (ADVP (RB Immediately)) (IN after) (NP (NN breakfast))) (, ,) (NP (NNP Griseldis)) (VP (VBD went) (PP (IN with) (NP (NNP Gilda))) (PP (TO to) (NP (NP (DT the) (NN pavilion)) (PP (IN in) (NP (DT the) (NN park))))) (S (VP (TO to) (VP (VB begin) (NP (DT the) (NN lesson)))))) (. .)))</parse>
      <deps>advmod(went-6, Immediately-1)
prep_after(went-6, breakfast-3)
nsubj(went-6, Griseldis-5)
xsubj(begin-16, Griseldis-5)
root(ROOT-0, went-6)
prep_with(went-6, Gilda-8)
det(pavilion-11, the-10)
prep_to(went-6, pavilion-11)
det(park-14, the-13)
prep_in(pavilion-11, park-14)
aux(begin-16, to-15)
xcomp(went-6, begin-16)
det(lesson-18, the-17)
dobj(begin-16, lesson-18)</deps>
      <events>
        <event id="e6" eiid="ei6" offset="6" string="went" tense="PAST" aspect="NONE" class="OCCURRENCE" polarity="POS" modality="" happen="" lowerBoundDuration="" upperBoundDuration="" />
        <event id="e7" eiid="ei7" offset="16" string="begin" tense="INFINITIVE" aspect="NONE" class="ASPECTUAL" polarity="POS" modality="" happen="" lowerBoundDuration="" upperBoundDuration="" />
      </events>
      <timexes />
    </entry>
    <entry sid="3" file="9783732522033_042.txt">
      <sentence>The second lesson had just ended when Count Harro came over from the castle .</sentence>
      <tokens>
        <t>" " "The" " "</t>
        <t>" " "second" " "</t>
        <t>" " "lesson" " "</t>
        <t>" " "had" " "</t>
        <t>" " "just" " "</t>
        <t>" " "ended" " "</t>
        <t>" " "when" " "</t>
        <t>" " "Count" " "</t>
        <t>" " "Harro" " "</t>
        <t>" " "came" " "</t>
        <t>" " "over" " "</t>
        <t>" " "from" " "</t>
        <t>" " "the" " "</t>
        <t>" " "castle" ""</t>
        <t>"" "." " "</t>
      </tokens>
      <parse>(ROOT (S (NP (DT The) (JJ second) (NN lesson)) (VP (VBD had) (ADVP (RB just)) (VP (VBN ended) (SBAR (WHADVP (WRB when)) (S (NP (NNP Count) (NNP Harro)) (VP (VBD came) (PRT (RP over)) (PP (IN from) (NP (DT the) (NN castle)))))))) (. .)))</parse>
      <deps>det(lesson-3, The-1)
amod(lesson-3, second-2)
nsubj(ended-6, lesson-3)
aux(ended-6, had-4)
advmod(ended-6, just-5)
root(ROOT-0, ended-6)
advmod(came-10, when-7)
nn(Harro-9, Count-8)
nsubj(came-10, Harro-9)
advcl(ended-6, came-10)
prt(came-10, over-11)
det(castle-14, the-13)
prep_from(came-10, castle-14)</deps>
      <events>
        <event id="e8" eiid="ei8" offset="4" string="had" tense="PAST" aspect="NONE" class="OCCURRENCE" polarity="POS" modality="" happen="" lowerBoundDuration="" upperBoundDuration="" />
        <event id="e9" eiid="ei9" offset="6" string="ended" tense="PAST" aspect="NONE" class="ASPECTUAL" polarity="POS" modality="" happen="" lowerBoundDuration="" upperBoundDuration="" />
        <event id="e10" eiid="ei10" offset="10" string="came" tense="PAST" aspect="NONE" class="OCCURRENCE" polarity="POS" modality="" happen="" lowerBoundDuration="" upperBoundDuration="" />
      </events>
      <timexes />
    </entry>
    <entry sid="4" file="9783732522033_042.txt">
      <sentence>Griseldis called Gilda 's attention to this .</sentence>
      <tokens>
        <t>" " "Griseldis" " "</t>
        <t>" " "called" " "</t>
        <t>" " "Gilda" ""</t>
        <t>"" "'s" " "</t>
        <t>" " "attention" " "</t>
        <t>" " "to" " "</t>
        <t>" " "this" ""</t>
        <t>"" "." " "</t>
      </tokens>
      <parse>(ROOT (S (NP (NNS Griseldis)) (VP (VBD called) (NP (NP (NNP Gilda) (POS 's)) (NN attention)) (PP (TO to) (NP (DT this)))) (. .)))</parse>
      <deps>nsubj(called-2, Griseldis-1)
root(ROOT-0, called-2)
poss(attention-5, Gilda-3)
dobj(called-2, attention-5)
prep_to(called-2, this-7)</deps>
      <events>
        <event id="e11" eiid="ei11" offset="2" string="called" tense="PAST" aspect="NONE" class="I_ACTION" polarity="POS" modality="" happen="" lowerBoundDuration="" upperBoundDuration="" />
      </events>
      <timexes />
    </entry>
    <entry sid="5" file="9783732522033_042.txt">
      <sentence>The latter hurried jubilantly toward her father , and he caught her in his arms .</sentence>
      <tokens>
        <t>" " "The" " "</t>
        <t>" " "latter" " "</t>
        <t>" " "hurried" " "</t>
        <t>" " "jubilantly" " "</t>
        <t>" " "toward" " "</t>
        <t>" " "her" " "</t>
        <t>" " "father" ""</t>
        <t>"" "," " "</t>
        <t>" " "and" " "</t>
        <t>" " "he" " "</t>
        <t>" " "caught" " "</t>
        <t>" " "her" " "</t>
        <t>" " "in" " "</t>
        <t>" " "his" " "</t>
        <t>" " "arms" ""</t>
        <t>"" "." " "</t>
      </tokens>
      <parse>(ROOT (S (S (NP (DT The) (NN latter)) (VP (VBN hurried) (ADVP (RB jubilantly)) (PP (IN toward) (NP (PRP$ her) (NN father))))) (, ,) (CC and) (S (NP (PRP he)) (VP (VBD caught) (NP (PRP her)) (PP (IN in) (NP (PRP$ his) (NNS arms))))) (. .)))</parse>
      <deps>det(latter-2, The-1)
nsubj(hurried-3, latter-2)
root(ROOT-0, hurried-3)
advmod(hurried-3, jubilantly-4)
poss(father-7, her-6)
prep_toward(hurried-3, father-7)
nsubj(caught-11, he-10)
conj_and(hurried-3, caught-11)
dobj(caught-11, her-12)
poss(arms-15, his-14)
prep_in(caught-11, arms-15)</deps>
      <events>
        <event id="e12" eiid="ei12" offset="3" string="hurried" tense="PAST" aspect="NONE" class="OCCURRENCE" polarity="POS" modality="" happen="" lowerBoundDuration="" upperBoundDuration="" />
        <event id="e13" eiid="ei13" offset="11" string="caught" tense="PAST" aspect="NONE" class="OCCURRENCE" polarity="POS" modality="" happen="" lowerBoundDuration="" upperBoundDuration="" />
      </events>
      <timexes />
    </entry>
    <entry sid="6" file="9783732522033_042.txt">
      <sentence>She then pulled him along to the pavilion , and he had to sit down .</sentence>
      <tokens>
        <t>" " "She" " "</t>
        <t>" " "then" " "</t>
        <t>" " "pulled" " "</t>
        <t>" " "him" " "</t>
        <t>" " "along" " "</t>
        <t>" " "to" " "</t>
        <t>" " "the" " "</t>
        <t>" " "pavilion" ""</t>
        <t>"" "," " "</t>
        <t>" " "and" " "</t>
        <t>" " "he" " "</t>
        <t>" " "had" " "</t>
        <t>" " "to" " "</t>
        <t>" " "sit" " "</t>
        <t>" " "down" ""</t>
        <t>"" "." " "</t>
      </tokens>
      <parse>(ROOT (S (S (NP (PRP She)) (ADVP (RB then)) (VP (VBD pulled) (NP (PRP him)) (PRT (RP along)) (PP (TO to) (NP (DT the) (NN pavilion))))) (, ,) (CC and) (S (NP (PRP he)) (VP (VBD had) (S (VP (TO to) (VP (VB sit) (PRT (RP down))))))) (. .)))</parse>
      <deps>nsubj(pulled-3, She-1)
advmod(pulled-3, then-2)
root(ROOT-0, pulled-3)
dobj(pulled-3, him-4)
prt(pulled-3, along-5)
det(pavilion-8, the-7)
prep_to(pulled-3, pavilion-8)
nsubj(had-12, he-11)
xsubj(sit-14, he-11)
conj_and(pulled-3, had-12)
aux(sit-14, to-13)
xcomp(had-12, sit-14)
prt(sit-14, down-15)</deps>
      <events>
        <event id="e14" eiid="ei14" offset="3" string="pulled" tense="PAST" aspect="NONE" class="OCCURRENCE" polarity="POS" modality="" happen="" lowerBoundDuration="" upperBoundDuration="" />
        <event id="e15" eiid="ei15" offset="14" string="sit" tense="INFINITIVE" aspect="NONE" class="OCCURRENCE" polarity="POS" modality="" happen="" lowerBoundDuration="" upperBoundDuration="" />
      </events>
      <timexes />
    </entry>
    <entry sid="7" file="9783732522033_042.txt">
      <sentence>`` Come , Papa , Griseldis is going to tell a fairy tale , and you must listen , '' said Gilda , making herself comfortable on his knees .</sentence>
      <tokens>
        <t>" " """ ""</t>
        <t>"" "Come" ""</t>
        <t>"" "," " "</t>
        <t>" " "Papa" ""</t>
        <t>"" "," " "</t>
        <t>" " "Griseldis" " "</t>
        <t>" " "is" " "</t>
        <t>" " "going" " "</t>
        <t>" " "to" " "</t>
        <t>" " "tell" " "</t>
        <t>" " "a" " "</t>
        <t>" " "fairy" " "</t>
        <t>" " "tale" ""</t>
        <t>"" "," " "</t>
        <t>" " "and" " "</t>
        <t>" " "you" " "</t>
        <t>" " "must" " "</t>
        <t>" " "listen" ""</t>
        <t>"" "," ""</t>
        <t>"" """ " "</t>
        <t>" " "said" " "</t>
        <t>" " "Gilda" ""</t>
        <t>"" "," " "</t>
        <t>" " "making" " "</t>
        <t>" " "herself" " "</t>
        <t>" " "comfortable" " "</t>
        <t>" " "on" " "</t>
        <t>" " "his" " "</t>
        <t>" " "knees" ""</t>
        <t>"" "." " "</t>
      </tokens>
      <parse>(ROOT (SINV (`` ``) (S (S (NP (NAC (NNP Come) (, ,) (NNP Papa) (, ,)) (NNP Griseldis)) (VP (VBZ is) (VP (VBG going) (S (VP (TO to) (VP (VB tell) (NP (DT a) (NN fairy) (NN tale)))))))) (, ,) (CC and) (S (NP (PRP you)) (VP (MD must) (VP (VB listen))))) (, ,) ('' '') (VP (VBD said)) (NP (NNP Gilda)) (, ,) (S (VP (VBG making) (S (NP (PRP herself)) (ADJP (JJ comfortable) (PP (IN on) (NP (PRP$ his) (NNS knees))))))) (. .)))</parse>
      <deps>dep(Griseldis-6, Come-2)
dep(Come-2, Papa-4)
nsubj(going-8, Griseldis-6)
xsubj(tell-10, Griseldis-6)
aux(going-8, is-7)
ccomp(said-21, going-8)
aux(tell-10, to-9)
xcomp(going-8, tell-10)
det(tale-13, a-11)
nn(tale-13, fairy-12)
dobj(tell-10, tale-13)
nsubj(listen-18, you-16)
aux(listen-18, must-17)
conj_and(going-8, listen-18)
ccomp(said-21, listen-18)
root(ROOT-0, said-21)
nsubj(said-21, Gilda-22)
partmod(said-21, making-24)
nsubj(comfortable-26, herself-25)
xcomp(making-24, comfortable-26)
poss(knees-29, his-28)
prep_on(comfortable-26, knees-29)</deps>
      <events>
        <event id="e16" eiid="ei16" offset="10" string="tell" tense="INFINITIVE" aspect="NONE" class="REPORTING" polarity="POS" modality="" happen="" lowerBoundDuration="" upperBoundDuration="" />
        <event id="e17" eiid="ei17" offset="18" string="listen" tense="NONE" aspect="NONE" class="OCCURRENCE" polarity="POS" modality="" happen="" lowerBoundDuration="" upperBoundDuration="" />
        <event id="e18" eiid="ei18" offset="21" string="said" tense="PAST" aspect="NONE" class="REPORTING" polarity="POS" modality="" happen="" lowerBoundDuration="" upperBoundDuration="" />
        <event id="e19" eiid="ei19" offset="24" string="making" tense="PRESPART" aspect="NONE" class="OCCURRENCE" polarity="POS" modality="" happen="" lowerBoundDuration="" upperBoundDuration="" />
      </events>
      <timexes />
    </entry>
    <entry sid="8" file="9783732522033_042.txt">
      <sentence>Griseldis did n't want to start the fairy tale at first .</sentence>
      <tokens>
        <t>" " "Griseldis" " "</t>
        <t>" " "did" ""</t>
        <t>"" "n't" " "</t>
        <t>" " "want" " "</t>
        <t>" " "to" " "</t>
        <t>" " "start" " "</t>
        <t>" " "the" " "</t>
        <t>" " "fairy" " "</t>
        <t>" " "tale" " "</t>
        <t>" " "at" " "</t>
        <t>" " "first" ""</t>
        <t>"" "." " "</t>
      </tokens>
      <parse>(ROOT (S (NP (NNS Griseldis)) (VP (VBD did) (RB n't) (VP (VB want) (S (VP (TO to) (VP (VB start) (NP (DT the) (NN fairy) (NN tale)) (PP (IN at) (NP (JJ first)))))))) (. .)))</parse>
      <deps>nsubj(want-4, Griseldis-1)
xsubj(start-6, Griseldis-1)
aux(want-4, did-2)
neg(want-4, n't-3)
root(ROOT-0, want-4)
aux(start-6, to-5)
xcomp(want-4, start-6)
det(tale-9, the-7)
nn(tale-9, fairy-8)
dobj(start-6, tale-9)
prep_at(start-6, first-11)</deps>
      <events>
        <event id="e20" eiid="ei20" offset="4" string="want" tense="NONE" aspect="NONE" class="I_STATE" polarity="POS" modality="" happen="" lowerBoundDuration="" upperBoundDuration="" />
        <event id="e21" eiid="ei21" offset="6" string="start" tense="INFINITIVE" aspect="NONE" class="OCCURRENCE" polarity="POS" modality="" happen="" lowerBoundDuration="" upperBoundDuration="" />
      </events>
      <timexes />
    </entry>
    <entry sid="9" file="9783732522033_042.txt">
      <sentence>But he asked for it .</sentence>
      <tokens>
        <t>" " "But" " "</t>
        <t>" " "he" " "</t>
        <t>" " "asked" " "</t>
        <t>" " "for" " "</t>
        <t>" " "it" ""</t>
        <t>"" "." " "</t>
      </tokens>
      <parse>(ROOT (S (CC But) (NP (PRP he)) (VP (VBD asked) (PP (IN for) (NP (PRP it)))) (. .)))</parse>
      <deps>cc(asked-3, But-1)
nsubj(asked-3, he-2)
root(ROOT-0, asked-3)
prep_for(asked-3, it-5)</deps>
      <events>
        <event id="e22" eiid="ei22" offset="3" string="asked" tense="PAST" aspect="NONE" class="I_ACTION" polarity="POS" modality="" happen="" lowerBoundDuration="" upperBoundDuration="" />
      </events>
      <timexes />
    </entry>
    <entry sid="10" file="9783732522033_042.txt">
      <sentence>So Griseldis told a fairy tale .</sentence>
      <tokens>
        <t>" " "So" " "</t>
        <t>" " "Griseldis" " "</t>
        <t>" " "told" " "</t>
        <t>" " "a" " "</t>
        <t>" " "fairy" " "</t>
        <t>" " "tale" ""</t>
        <t>"" "." " "</t>
      </tokens>
      <parse>(ROOT (S (IN So) (NP (NNP Griseldis)) (VP (VBD told) (NP (DT a) (NN fairy) (NN tale))) (. .)))</parse>
      <deps>dep(told-3, So-1)
nsubj(told-3, Griseldis-2)
root(ROOT-0, told-3)
det(tale-6, a-4)
nn(tale-6, fairy-5)
dobj(told-3, tale-6)</deps>
      <events>
        <event id="e23" eiid="ei23" offset="3" string="told" tense="PAST" aspect="NONE" class="REPORTING" polarity="POS" modality="" happen="" lowerBoundDuration="" upperBoundDuration="" />
      </events>
      <timexes />
    </entry>
    <entry sid="11" file="9783732522033_042.txt">
      <sentence>When her fairy tale was over , he breathed a deep sigh of relief .</sentence>
      <tokens>
        <t>" " "When" " "</t>
        <t>" " "her" " "</t>
        <t>" " "fairy" " "</t>
        <t>" " "tale" " "</t>
        <t>" " "was" " "</t>
        <t>" " "over" ""</t>
        <t>"" "," " "</t>
        <t>" " "he" " "</t>
        <t>" " "breathed" " "</t>
        <t>" " "a" " "</t>
        <t>" " "deep" " "</t>
        <t>" " "sigh" " "</t>
        <t>" " "of" " "</t>
        <t>" " "relief" ""</t>
        <t>"" "." " "</t>
      </tokens>
      <parse>(ROOT (S (SBAR (WHADVP (WRB When)) (S (NP (PRP$ her) (NN fairy) (NN tale)) (VP (VBD was) (ADJP (RP over))))) (, ,) (NP (PRP he)) (VP (VBD breathed) (NP (NP (DT a) (JJ deep) (NN sigh)) (PP (IN of) (NP (NN relief))))) (. .)))</parse>
      <deps>advmod(over-6, When-1)
poss(tale-4, her-2)
nn(tale-4, fairy-3)
nsubj(over-6, tale-4)
cop(over-6, was-5)
advcl(breathed-9, over-6)
nsubj(breathed-9, he-8)
root(ROOT-0, breathed-9)
det(sigh-12, a-10)
amod(sigh-12, deep-11)
dobj(breathed-9, sigh-12)
prep_of(sigh-12, relief-14)</deps>
      <events>
        <event id="e24" eiid="ei24" offset="9" string="breathed" tense="PAST" aspect="NONE" class="I_ACTION" polarity="POS" modality="" happen="" lowerBoundDuration="" upperBoundDuration="" />
      </events>
      <timexes />
    </entry>
    <entry sid="12" file="9783732522033_042.txt">
      <sentence>`` You can become a child again , Fräulein von Ronach .</sentence>
      <tokens>
        <t>" " """ ""</t>
        <t>"" "You" " "</t>
        <t>" " "can" " "</t>
        <t>" " "become" " "</t>
        <t>" " "a" " "</t>
        <t>" " "child" " "</t>
        <t>" " "again" ""</t>
        <t>"" "," " "</t>
        <t>" " "Fräulein" " "</t>
        <t>" " "von" " "</t>
        <t>" " "Ronach" ""</t>
        <t>"" "." " "</t>
      </tokens>
      <parse>(ROOT (S (`` ``) (S (NP (PRP You)) (VP (MD can) (VP (VB become) (NP (DT a) (NN child)) (ADVP (RB again))))) (, ,) (NP (NNP Fräulein) (NNP von)) (VP (VBP Ronach)) (. .)))</parse>
      <deps>nsubj(child-6, You-2)
aux(child-6, can-3)
cop(child-6, become-4)
det(child-6, a-5)
ccomp(Ronach-11, child-6)
advmod(child-6, again-7)
nn(von-10, Fräulein-9)
nsubj(Ronach-11, von-10)
root(ROOT-0, Ronach-11)</deps>
      <events>
        <event id="e25" eiid="ei25" offset="4" string="become" tense="NONE" aspect="NONE" class="OCCURRENCE" polarity="POS" modality="" happen="" lowerBoundDuration="" upperBoundDuration="" />
      </events>
      <timexes />
    </entry>
    <entry sid="13" file="9783732522033_042.txt">
      <sentence>You tell a wonderful story .</sentence>
      <tokens>
        <t>" " "You" " "</t>
        <t>" " "tell" " "</t>
        <t>" " "a" " "</t>
        <t>" " "wonderful" " "</t>
        <t>" " "story" ""</t>
        <t>"" "." " "</t>
      </tokens>
      <parse>(ROOT (S (NP (PRP You)) (VP (VBP tell) (NP (DT a) (JJ wonderful) (NN story))) (. .)))</parse>
      <deps>nsubj(tell-2, You-1)
root(ROOT-0, tell-2)
det(story-5, a-3)
amod(story-5, wonderful-4)
dobj(tell-2, story-5)</deps>
      <events>
        <event id="e26" eiid="ei26" offset="2" string="tell" tense="PRESENT" aspect="NONE" class="I_STATE" polarity="POS" modality="" happen="" lowerBoundDuration="" upperBoundDuration="" />
      </events>
      <timexes />
    </entry>
    <entry sid="14" file="9783732522033_042.txt">
      <sentence>But I did n't quite agree with one point . ''</sentence>
      <tokens>
        <t>" " "But" " "</t>
        <t>" " "I" " "</t>
        <t>" " "did" ""</t>
        <t>"" "n't" " "</t>
        <t>" " "quite" " "</t>
        <t>" " "agree" " "</t>
        <t>" " "with" " "</t>
        <t>" " "one" " "</t>
        <t>" " "point" ""</t>
        <t>"" "." ""</t>
        <t>"" """ " "</t>
      </tokens>
      <parse>(ROOT (S (CC But) (NP (PRP I)) (VP (VBD did) (RB n't) (ADVP (RB quite)) (VP (VB agree) (PP (IN with) (NP (CD one) (NN point))))) (. .) ('' '')))</parse>
      <deps>cc(agree-6, But-1)
nsubj(agree-6, I-2)
aux(agree-6, did-3)
neg(agree-6, n't-4)
advmod(agree-6, quite-5)
root(ROOT-0, agree-6)
num(point-9, one-8)
prep_with(agree-6, point-9)</deps>
      <events>
        <event id="e27" eiid="ei27" offset="6" string="agree" tense="NONE" aspect="NONE" class="OCCURRENCE" polarity="POS" modality="" happen="" lowerBoundDuration="" upperBoundDuration="" />
      </events>
      <timexes />
    </entry>
    <entry sid="15" file="9783732522033_042.txt">
      <sentence>She looked questioningly into his smiling face .</sentence>
      <tokens>
        <t>" " "She" " "</t>
        <t>" " "looked" " "</t>
        <t>" " "questioningly" " "</t>
        <t>" " "into" " "</t>
        <t>" " "his" " "</t>
        <t>" " "smiling" " "</t>
        <t>" " "face" ""</t>
        <t>"" "." " "</t>
      </tokens>
      <parse>(ROOT (S (NP (PRP She)) (VP (VBD looked) (ADVP (RB questioningly)) (PP (IN into) (NP (PRP$ his) (VBG smiling) (NN face)))) (. .)))</parse>
      <deps>nsubj(looked-2, She-1)
root(ROOT-0, looked-2)
advmod(looked-2, questioningly-3)
poss(face-7, his-5)
amod(face-7, smiling-6)
prep_into(looked-2, face-7)</deps>
      <events>
        <event id="e28" eiid="ei28" offset="2" string="looked" tense="PAST" aspect="NONE" class="OCCURRENCE" polarity="POS" modality="" happen="" lowerBoundDuration="" upperBoundDuration="" />
      </events>
      <timexes />
    </entry>
    <entry sid="16" file="9783732522033_042.txt">
      <sentence>`` Your fairy princess had black hair like ebony .</sentence>
      <tokens>
        <t>" " """ ""</t>
        <t>"" "Your" " "</t>
        <t>" " "fairy" " "</t>
        <t>" " "princess" " "</t>
        <t>" " "had" " "</t>
        <t>" " "black" " "</t>
        <t>" " "hair" " "</t>
        <t>" " "like" " "</t>
        <t>" " "ebony" ""</t>
        <t>"" "." " "</t>
      </tokens>
      <parse>(ROOT (S (`` ``) (NP (PRP$ Your) (NN fairy) (NNS princess)) (VP (VBD had) (NP (NP (JJ black) (NN hair)) (PP (IN like) (NP (NN ebony))))) (. .)))</parse>
      <deps>poss(princess-4, Your-2)
nn(princess-4, fairy-3)
nsubj(had-5, princess-4)
root(ROOT-0, had-5)
amod(hair-7, black-6)
dobj(had-5, hair-7)
prep_like(hair-7, ebony-9)</deps>
      <events />
      <timexes />
    </entry>
    <entry sid="17" file="9783732522033_042.txt">
      <sentence>I do n't like that .</sentence>
      <tokens>
        <t>" " "I" " "</t>
        <t>" " "do" ""</t>
        <t>"" "n't" " "</t>
        <t>" " "like" " "</t>
        <t>" " "that" ""</t>
        <t>"" "." " "</t>
      </tokens>
      <parse>(ROOT (S (NP (PRP I)) (VP (VBP do) (RB n't) (VP (VB like) (NP (DT that)))) (. .)))</parse>
      <deps>nsubj(like-4, I-1)
aux(like-4, do-2)
neg(like-4, n't-3)
root(ROOT-0, like-4)
dobj(like-4, that-5)</deps>
      <events>
        <event id="e29" eiid="ei29" offset="4" string="like" tense="NONE" aspect="NONE" class="I_ACTION" polarity="POS" modality="" happen="" lowerBoundDuration="" upperBoundDuration="" />
      </events>
      <timexes />
    </entry>
    <entry sid="18" file="9783732522033_042.txt">
      <sentence>Fairy princesses have to have golden hair - like you - then they are only real fairy princesses .</sentence>
      <tokens>
        <t>" " "Fairy" " "</t>
        <t>" " "princesses" " "</t>
        <t>" " "have" " "</t>
        <t>" " "to" " "</t>
        <t>" " "have" " "</t>
        <t>" " "golden" " "</t>
        <t>" " "hair" " "</t>
        <t>" " "-" " "</t>
        <t>" " "like" " "</t>
        <t>" " "you" " "</t>
        <t>" " "-" " "</t>
        <t>" " "then" " "</t>
        <t>" " "they" " "</t>
        <t>" " "are" " "</t>
        <t>" " "only" " "</t>
        <t>" " "real" " "</t>
        <t>" " "fairy" " "</t>
        <t>" " "princesses" ""</t>
        <t>"" "." " "</t>
      </tokens>
      <parse>(ROOT (S (S (NP (JJ Fairy) (NNS princesses)) (VP (VBP have) (S (VP (TO to) (VP (VB have) (NP (JJ golden) (NN hair))))))) (: -) (S (FRAG (PP (IN like) (NP (PRP you))) (: -) (ADVP (RB then))) (NP (PRP they)) (VP (VBP are) (NP (RB only) (JJ real) (NN fairy) (NNS princesses)))) (. .)))</parse>
      <deps>amod(princesses-2, Fairy-1)
nsubj(have-3, princesses-2)
xsubj(have-5, princesses-2)
root(ROOT-0, have-3)
aux(have-5, to-4)
xcomp(have-3, have-5)
amod(hair-7, golden-6)
dobj(have-5, hair-7)
prep_like(then-12, you-10)
dep(princesses-18, then-12)
nsubj(princesses-18, they-13)
cop(princesses-18, are-14)
advmod(princesses-18, only-15)
amod(princesses-18, real-16)
nn(princesses-18, fairy-17)
parataxis(have-3, princesses-18)</deps>
      <events />
      <timexes />
    </entry>
    <entry sid="19" file="9783732522033_042.txt">
      <sentence>I would suddenly have a great desire to be a fairy-tale prince .</sentence>
      <tokens>
        <t>" " "I" " "</t>
        <t>" " "would" " "</t>
        <t>" " "suddenly" " "</t>
        <t>" " "have" " "</t>
        <t>" " "a" " "</t>
        <t>" " "great" " "</t>
        <t>" " "desire" " "</t>
        <t>" " "to" " "</t>
        <t>" " "be" " "</t>
        <t>" " "a" " "</t>
        <t>" " "fairy-tale" " "</t>
        <t>" " "prince" ""</t>
        <t>"" "." " "</t>
      </tokens>
      <parse>(ROOT (S (NP (PRP I)) (VP (MD would) (ADVP (RB suddenly)) (VP (VB have) (NP (DT a) (JJ great) (NN desire) (S (VP (TO to) (VP (VB be) (NP (DT a) (JJ fairy-tale) (NN prince)))))))) (. .)))</parse>
      <deps>nsubj(have-4, I-1)
aux(have-4, would-2)
advmod(have-4, suddenly-3)
root(ROOT-0, have-4)
det(desire-7, a-5)
amod(desire-7, great-6)
dobj(have-4, desire-7)
aux(prince-12, to-8)
cop(prince-12, be-9)
det(prince-12, a-10)
amod(prince-12, fairy-tale-11)
infmod(desire-7, prince-12)</deps>
      <events />
      <timexes />
    </entry>
    <entry sid="20" file="9783732522033_042.txt">
      <sentence>But unfortunately I 'm not one - I 'm just a kind of nasty frog prince who does n't have the right to marry a beautiful princess , but who has to wait nicely until he 's released from his hideous , frightening form , which everyone is horrified by . ''</sentence>
      <tokens>
        <t>" " "But" " "</t>
        <t>" " "unfortunately" " "</t>
        <t>" " "I" ""</t>
        <t>"" "'m" " "</t>
        <t>" " "not" " "</t>
        <t>" " "one" " "</t>
        <t>" " "-" " "</t>
        <t>" " "I" ""</t>
        <t>"" "'m" " "</t>
        <t>" " "just" " "</t>
        <t>" " "a" " "</t>
        <t>" " "kind" " "</t>
        <t>" " "of" " "</t>
        <t>" " "nasty" " "</t>
        <t>" " "frog" " "</t>
        <t>" " "prince" " "</t>
        <t>" " "who" " "</t>
        <t>" " "does" ""</t>
        <t>"" "n't" " "</t>
        <t>" " "have" " "</t>
        <t>" " "the" " "</t>
        <t>" " "right" " "</t>
        <t>" " "to" " "</t>
        <t>" " "marry" " "</t>
        <t>" " "a" " "</t>
        <t>" " "beautiful" " "</t>
        <t>" " "princess" ""</t>
        <t>"" "," " "</t>
        <t>" " "but" " "</t>
        <t>" " "who" " "</t>
        <t>" " "has" " "</t>
        <t>" " "to" " "</t>
        <t>" " "wait" " "</t>
        <t>" " "nicely" " "</t>
        <t>" " "until" " "</t>
        <t>" " "he" ""</t>
        <t>"" "'s" " "</t>
        <t>" " "released" " "</t>
        <t>" " "from" " "</t>
        <t>" " "his" " "</t>
        <t>" " "hideous" ""</t>
        <t>"" "," " "</t>
        <t>" " "frightening" " "</t>
        <t>" " "form" ""</t>
        <t>"" "," " "</t>
        <t>" " "which" " "</t>
        <t>" " "everyone" " "</t>
        <t>" " "is" " "</t>
        <t>" " "horrified" " "</t>
        <t>" " "by" ""</t>
        <t>"" "." ""</t>
        <t>"" """ " "</t>
      </tokens>
      <parse>(ROOT (S (CC But) (ADVP (RB unfortunately)) (NP (PRP I)) (VP (VBP 'm) (RB not) (ADVP (CD one)) (: -) (SBAR (SBAR (S (NP (PRP I)) (VP (VBP 'm) (ADVP (RB just)) (NP (NP (DT a) (NN kind)) (PP (IN of) (NP (NP (JJ nasty) (NN frog) (NN prince)) (SBAR (WHNP (WP who)) (S (VP (VBZ does) (RB n't) (VP (VB have) (NP (DT the) (NN right) (S (VP (TO to) (VP (VB marry) (NP (DT a) (JJ beautiful) (NNS princess)))))))))))))))) (, ,) (CC but) (SBAR (WHNP (WP who)) (S (VP (VBZ has) (S (VP (TO to) (VP (VB wait) (ADVP (RB nicely)) (SBAR (IN until) (S (NP (PRP he)) (VP (VBZ 's) (VP (VBN released) (PP (IN from) (NP (NP (PRP$ his) (ADJP (JJ hideous) (, ,) (JJ frightening)) (NN form)) (, ,) (SBAR (WHNP (WDT which)) (S (NP (NN everyone)) (VP (VBZ is) (VP (VBN horrified) (PP (IN by)))))))))))))))))))) (. .) ('' '')))</parse>
      <deps>cc('m-4, But-1)
advmod('m-4, unfortunately-2)
nsubj('m-4, I-3)
root(ROOT-0, 'm-4)
neg('m-4, not-5)
advmod('m-4, one-6)
nsubj(kind-12, I-8)
cop(kind-12, 'm-9)
advmod(kind-12, just-10)
det(kind-12, a-11)
parataxis('m-4, kind-12)
amod(prince-16, nasty-14)
nn(prince-16, frog-15)
prep_of(kind-12, prince-16)
nsubj(have-20, prince-16)
aux(have-20, does-18)
neg(have-20, n't-19)
rcmod(prince-16, have-20)
det(right-22, the-21)
dobj(have-20, right-22)
aux(marry-24, to-23)
infmod(right-22, marry-24)
det(princess-27, a-25)
amod(princess-27, beautiful-26)
dobj(marry-24, princess-27)
nsubj(has-31, who-30)
xsubj(wait-33, who-30)
parataxis('m-4, has-31)
conj_but(kind-12, has-31)
aux(wait-33, to-32)
xcomp(has-31, wait-33)
advmod(wait-33, nicely-34)
mark(released-38, until-35)
nsubjpass(released-38, he-36)
auxpass(released-38, 's-37)
advcl(wait-33, released-38)
poss(form-44, his-40)
amod(frightening-43, hideous-41)
amod(form-44, frightening-43)
prep_from(released-38, form-44)
rel(horrified-49, which-46)
nsubjpass(horrified-49, everyone-47)
auxpass(horrified-49, is-48)
rcmod(form-44, horrified-49)
prep(horrified-49, by-50)</deps>
      <events>
        <event id="e30" eiid="ei30" offset="24" string="marry" tense="INFINITIVE" aspect="NONE" class="OCCURRENCE" polarity="POS" modality="" happen="" lowerBoundDuration="" upperBoundDuration="" />
        <event id="e31" eiid="ei31" offset="33" string="wait" tense="INFINITIVE" aspect="NONE" class="OCCURRENCE" polarity="POS" modality="" happen="" lowerBoundDuration="" upperBoundDuration="" />
        <event id="e32" eiid="ei32" offset="38" string="released" tense="PRESENT" aspect="NONE" class="OCCURRENCE" polarity="POS" modality="" happen="" lowerBoundDuration="" upperBoundDuration="" />
        <event id="e33" eiid="ei33" offset="49" string="horrified" tense="PRESENT" aspect="NONE" class="OCCURRENCE" polarity="POS" modality="" happen="" lowerBoundDuration="" upperBoundDuration="" />
      </events>
      <timexes />
    </entry>
    <entry sid="21" file="9783732522033_042.txt">
      <sentence>Fortunately , she was relieved of the answer .</sentence>
      <tokens>
        <t>" " "Fortunately" ""</t>
        <t>"" "," " "</t>
        <t>" " "she" " "</t>
        <t>" " "was" " "</t>
        <t>" " "relieved" " "</t>
        <t>" " "of" " "</t>
        <t>" " "the" " "</t>
        <t>" " "answer" ""</t>
        <t>"" "." " "</t>
      </tokens>
      <parse>(ROOT (S (ADVP (RB Fortunately)) (, ,) (NP (PRP she)) (VP (VBD was) (VP (VBN relieved) (PP (IN of) (NP (DT the) (NN answer))))) (. .)))</parse>
      <deps>advmod(relieved-5, Fortunately-1)
nsubjpass(relieved-5, she-3)
auxpass(relieved-5, was-4)
root(ROOT-0, relieved-5)
det(answer-8, the-7)
prep_of(relieved-5, answer-8)</deps>
      <events>
        <event id="e34" eiid="ei34" offset="5" string="relieved" tense="PAST" aspect="NONE" class="OCCURRENCE" polarity="POS" modality="" happen="" lowerBoundDuration="" upperBoundDuration="" />
      </events>
      <timexes />
    </entry>
    <entry sid="22" file="9783732522033_042.txt">
      <sentence>The servant Heinrich came quickly up to the pavilion .</sentence>
      <tokens>
        <t>" " "The" " "</t>
        <t>" " "servant" " "</t>
        <t>" " "Heinrich" " "</t>
        <t>" " "came" " "</t>
        <t>" " "quickly" " "</t>
        <t>" " "up" " "</t>
        <t>" " "to" " "</t>
        <t>" " "the" " "</t>
        <t>" " "pavilion" ""</t>
        <t>"" "." " "</t>
      </tokens>
      <parse>(ROOT (S (NP (DT The) (NN servant) (NN Heinrich)) (VP (VBD came) (ADVP (RB quickly) (RB up)) (PP (TO to) (NP (DT the) (NN pavilion)))) (. .)))</parse>
      <deps>det(Heinrich-3, The-1)
nn(Heinrich-3, servant-2)
nsubj(came-4, Heinrich-3)
root(ROOT-0, came-4)
advmod(up-6, quickly-5)
advmod(came-4, up-6)
det(pavilion-9, the-8)
prep_to(came-4, pavilion-9)</deps>
      <events>
        <event id="e35" eiid="ei35" offset="4" string="came" tense="PAST" aspect="NONE" class="OCCURRENCE" polarity="POS" modality="" happen="" lowerBoundDuration="" upperBoundDuration="" />
      </events>
      <timexes />
    </entry>
    <entry sid="23" file="9783732522033_042.txt">
      <sentence>`` Baron Dalheim wishes to speak to the Count , '' he reported .</sentence>
      <tokens>
        <t>" " """ ""</t>
        <t>"" "Baron" " "</t>
        <t>" " "Dalheim" " "</t>
        <t>" " "wishes" " "</t>
        <t>" " "to" " "</t>
        <t>" " "speak" " "</t>
        <t>" " "to" " "</t>
        <t>" " "the" " "</t>
        <t>" " "Count" ""</t>
        <t>"" "," ""</t>
        <t>"" """ " "</t>
        <t>" " "he" " "</t>
        <t>" " "reported" ""</t>
        <t>"" "." " "</t>
      </tokens>
      <parse>(ROOT (S (`` ``) (S (NP (NNP Baron) (NNP Dalheim)) (VP (VBZ wishes) (S (VP (TO to) (VP (VB speak) (PP (TO to) (NP (DT the) (NNP Count)))))))) (, ,) ('' '') (NP (PRP he)) (VP (VBD reported)) (. .)))</parse>
      <deps>nn(Dalheim-3, Baron-2)
nsubj(wishes-4, Dalheim-3)
xsubj(speak-6, Dalheim-3)
ccomp(reported-13, wishes-4)
aux(speak-6, to-5)
xcomp(wishes-4, speak-6)
det(Count-9, the-8)
prep_to(speak-6, Count-9)
nsubj(reported-13, he-12)
root(ROOT-0, reported-13)</deps>
      <events>
        <event id="e36" eiid="ei36" offset="4" string="wishes" tense="PRESENT" aspect="NONE" class="I_STATE" polarity="POS" modality="" happen="" lowerBoundDuration="" upperBoundDuration="" />
        <event id="e37" eiid="ei37" offset="6" string="speak" tense="INFINITIVE" aspect="NONE" class="OCCURRENCE" polarity="POS" modality="" happen="" lowerBoundDuration="" upperBoundDuration="" />
        <event id="e38" eiid="ei38" offset="13" string="reported" tense="PAST" aspect="NONE" class="REPORTING" polarity="POS" modality="" happen="" lowerBoundDuration="" upperBoundDuration="" />
      </events>
      <timexes />
    </entry>
    <entry sid="24" file="9783732522033_042.txt">
      <sentence>Count Harro set Gilda down and rose with a jerk .</sentence>
      <tokens>
        <t>" " "Count" " "</t>
        <t>" " "Harro" " "</t>
        <t>" " "set" " "</t>
        <t>" " "Gilda" " "</t>
        <t>" " "down" " "</t>
        <t>" " "and" " "</t>
        <t>" " "rose" " "</t>
        <t>" " "with" " "</t>
        <t>" " "a" " "</t>
        <t>" " "jerk" ""</t>
        <t>"" "." " "</t>
      </tokens>
      <parse>(ROOT (S (NP (NNP Count) (NNP Harro)) (VP (VP (VBD set) (NP (NNP Gilda)) (PRT (RP down))) (CC and) (VP (VBD rose) (PP (IN with) (NP (DT a) (NN jerk))))) (. .)))</parse>
      <deps>nn(Harro-2, Count-1)
nsubj(set-3, Harro-2)
nsubj(rose-7, Harro-2)
root(ROOT-0, set-3)
dobj(set-3, Gilda-4)
prt(set-3, down-5)
conj_and(set-3, rose-7)
det(jerk-10, a-9)
prep_with(rose-7, jerk-10)</deps>
      <events>
        <event id="e39" eiid="ei39" offset="3" string="set" tense="PAST" aspect="NONE" class="OCCURRENCE" polarity="POS" modality="" happen="" lowerBoundDuration="" upperBoundDuration="" />
        <event id="e40" eiid="ei40" offset="7" string="rose" tense="PAST" aspect="NONE" class="OCCURRENCE" polarity="POS" modality="" happen="" lowerBoundDuration="" upperBoundDuration="" />
      </events>
      <timexes />
    </entry>
    <entry sid="25" file="9783732522033_042.txt">
      <sentence>He had turned white as a sheet and looked at the servant as if he had misheard .</sentence>
      <tokens>
        <t>" " "He" " "</t>
        <t>" " "had" " "</t>
        <t>" " "turned" " "</t>
        <t>" " "white" " "</t>
        <t>" " "as" " "</t>
        <t>" " "a" " "</t>
        <t>" " "sheet" " "</t>
        <t>" " "and" " "</t>
        <t>" " "looked" " "</t>
        <t>" " "at" " "</t>
        <t>" " "the" " "</t>
        <t>" " "servant" " "</t>
        <t>" " "as" " "</t>
        <t>" " "if" " "</t>
        <t>" " "he" " "</t>
        <t>" " "had" " "</t>
        <t>" " "misheard" ""</t>
        <t>"" "." " "</t>
      </tokens>
      <parse>(ROOT (S (NP (PRP He)) (VP (VBD had) (VP (VP (VBN turned) (ADJP (JJ white)) (PP (IN as) (NP (DT a) (NN sheet)))) (CC and) (VP (VBN looked) (PP (IN at) (NP (DT the) (NN servant))) (SBAR (RB as) (IN if) (S (NP (PRP he)) (VP (VBD had) (VP (VBN misheard)))))))) (. .)))</parse>
      <deps>nsubj(turned-3, He-1)
nsubj(looked-9, He-1)
aux(turned-3, had-2)
root(ROOT-0, turned-3)
acomp(turned-3, white-4)
det(sheet-7, a-6)
prep_as(turned-3, sheet-7)
conj_and(turned-3, looked-9)
det(servant-12, the-11)
prep_at(looked-9, servant-12)
advmod(misheard-17, as-13)
mark(misheard-17, if-14)
nsubj(misheard-17, he-15)
aux(misheard-17, had-16)
advcl(looked-9, misheard-17)
ccomp(looked-9, misheard-17)</deps>
      <events>
        <event id="e41" eiid="ei41" offset="3" string="turned" tense="PAST" aspect="PERFECTIVE" class="OCCURRENCE" polarity="POS" modality="" happen="" lowerBoundDuration="" upperBoundDuration="" />
        <event id="e42" eiid="ei42" offset="9" string="looked" tense="PAST" aspect="NONE" class="OCCURRENCE" polarity="POS" modality="" happen="" lowerBoundDuration="" upperBoundDuration="" />
        <event id="e43" eiid="ei43" offset="17" string="misheard" tense="PAST" aspect="PERFECTIVE" class="OCCURRENCE" polarity="POS" modality="" happen="" lowerBoundDuration="" upperBoundDuration="" />
      </events>
      <timexes />
    </entry>
    <entry sid="26" file="9783732522033_042.txt">
      <sentence>He stroked his forehead .</sentence>
      <tokens>
        <t>" " "He" " "</t>
        <t>" " "stroked" " "</t>
        <t>" " "his" " "</t>
        <t>" " "forehead" ""</t>
        <t>"" "." " "</t>
      </tokens>
      <parse>(ROOT (S (NP (PRP He)) (VP (VBD stroked) (NP (PRP$ his) (NN forehead))) (. .)))</parse>
      <deps>nsubj(stroked-2, He-1)
root(ROOT-0, stroked-2)
poss(forehead-4, his-3)
dobj(stroked-2, forehead-4)</deps>
      <events>
        <event id="e44" eiid="ei44" offset="2" string="stroked" tense="PAST" aspect="NONE" class="OCCURRENCE" polarity="POS" modality="" happen="" lowerBoundDuration="" upperBoundDuration="" />
      </events>
      <timexes />
    </entry>
    <entry sid="27" file="9783732522033_042.txt">
      <sentence>`` I 'm coming , '' he said to the servant , and he quickly went back to the castle .</sentence>
      <tokens>
        <t>" " """ ""</t>
        <t>"" "I" ""</t>
        <t>"" "'m" " "</t>
        <t>" " "coming" ""</t>
        <t>"" "," ""</t>
        <t>"" """ " "</t>
        <t>" " "he" " "</t>
        <t>" " "said" " "</t>
        <t>" " "to" " "</t>
        <t>" " "the" " "</t>
        <t>" " "servant" ""</t>
        <t>"" "," " "</t>
        <t>" " "and" " "</t>
        <t>" " "he" " "</t>
        <t>" " "quickly" " "</t>
        <t>" " "went" " "</t>
        <t>" " "back" " "</t>
        <t>" " "to" " "</t>
        <t>" " "the" " "</t>
        <t>" " "castle" ""</t>
        <t>"" "." " "</t>
      </tokens>
      <parse>(ROOT (S (S (`` ``) (S (NP (PRP I)) (VP (VBP 'm) (VP (VBG coming)))) (, ,) ('' '') (NP (PRP he)) (VP (VBD said) (PP (TO to) (NP (DT the) (NN servant))))) (, ,) (CC and) (S (NP (PRP he)) (ADVP (RB quickly)) (VP (VBD went) (ADVP (RB back)) (PP (TO to) (NP (DT the) (NN castle))))) (. .)))</parse>
      <deps>nsubj(coming-4, I-2)
aux(coming-4, 'm-3)
ccomp(said-8, coming-4)
nsubj(said-8, he-7)
root(ROOT-0, said-8)
det(servant-11, the-10)
prep_to(said-8, servant-11)
nsubj(went-16, he-14)
advmod(went-16, quickly-15)
conj_and(said-8, went-16)
advmod(went-16, back-17)
det(castle-20, the-19)
prep_to(went-16, castle-20)</deps>
      <events>
        <event id="e45" eiid="ei45" offset="4" string="coming" tense="PRESENT" aspect="PROGRESSIVE" class="OCCURRENCE" polarity="POS" modality="" happen="" lowerBoundDuration="" upperBoundDuration="" />
        <event id="e46" eiid="ei46" offset="8" string="said" tense="PAST" aspect="NONE" class="REPORTING" polarity="POS" modality="" happen="" lowerBoundDuration="" upperBoundDuration="" />
        <event id="e47" eiid="ei47" offset="16" string="went" tense="PAST" aspect="NONE" class="OCCURRENCE" polarity="POS" modality="" happen="" lowerBoundDuration="" upperBoundDuration="" />
      </events>
      <timexes />
    </entry>
    <entry sid="28" file="9783732522033_042.txt">
      <sentence>`` Do you understand , Fräulein von Ronach ?</sentence>
      <tokens>
        <t>" " """ ""</t>
        <t>"" "Do" " "</t>
        <t>" " "you" " "</t>
        <t>" " "understand" ""</t>
        <t>"" "," " "</t>
        <t>" " "Fräulein" " "</t>
        <t>" " "von" " "</t>
        <t>" " "Ronach" ""</t>
        <t>"" "?" " "</t>
      </tokens>
      <parse>(ROOT (SQ (`` ``) (VBP Do) (NP (PRP you)) (VP (VB understand) (, ,) (NP (NNP Fräulein) (NNP von) (NNP Ronach))) (. ?)))</parse>
      <deps>aux(understand-4, Do-2)
nsubj(understand-4, you-3)
root(ROOT-0, understand-4)
nn(Ronach-8, Fräulein-6)
nn(Ronach-8, von-7)
dobj(understand-4, Ronach-8)</deps>
      <events />
      <timexes />
    </entry>
    <entry sid="29" file="9783732522033_042.txt">
      <sentence>Baron Dalheim is coming to see me in Treuenfels !</sentence>
      <tokens>
        <t>" " "Baron" " "</t>
        <t>" " "Dalheim" " "</t>
        <t>" " "is" " "</t>
        <t>" " "coming" " "</t>
        <t>" " "to" " "</t>
        <t>" " "see" " "</t>
        <t>" " "me" " "</t>
        <t>" " "in" " "</t>
        <t>" " "Treuenfels" ""</t>
        <t>"" "!" " "</t>
      </tokens>
      <parse>(ROOT (S (NP (NNP Baron) (NNP Dalheim)) (VP (VBZ is) (VP (VBG coming) (S (VP (TO to) (VP (VB see) (NP (PRP me)) (PP (IN in) (NP (NNP Treuenfels)))))))) (. !)))</parse>
      <deps>nn(Dalheim-2, Baron-1)
nsubj(coming-4, Dalheim-2)
xsubj(see-6, Dalheim-2)
aux(coming-4, is-3)
root(ROOT-0, coming-4)
aux(see-6, to-5)
xcomp(coming-4, see-6)
dobj(see-6, me-7)
prep_in(see-6, Treuenfels-9)</deps>
      <events>
        <event id="e48" eiid="ei48" offset="4" string="coming" tense="PRESENT" aspect="PROGRESSIVE" class="I_STATE" polarity="POS" modality="" happen="" lowerBoundDuration="" upperBoundDuration="" />
        <event id="e49" eiid="ei49" offset="6" string="see" tense="INFINITIVE" aspect="NONE" class="PERCEPTION" polarity="POS" modality="" happen="" lowerBoundDuration="" upperBoundDuration="" />
      </events>
      <timexes />
    </entry>
    <entry sid="30" file="9783732522033_042.txt">
      <sentence>What does that mean ? ''</sentence>
      <tokens>
        <t>" " "What" " "</t>
        <t>" " "does" " "</t>
        <t>" " "that" " "</t>
        <t>" " "mean" ""</t>
        <t>"" "?" ""</t>
        <t>"" """ " "</t>
      </tokens>
      <parse>(ROOT (SBARQ (WHNP (WP What)) (SQ (VBZ does) (NP (DT that)) (VP (VB mean))) (. ?) ('' '')))</parse>
      <deps>dobj(mean-4, What-1)
aux(mean-4, does-2)
nsubj(mean-4, that-3)
root(ROOT-0, mean-4)</deps>
      <events />
      <timexes />
    </entry>
    <entry sid="31" file="9783732522033_042.txt">
      <sentence>`` It will mean that he has changed his mind , Count . ''</sentence>
      <tokens>
        <t>" " """ ""</t>
        <t>"" "It" " "</t>
        <t>" " "will" " "</t>
        <t>" " "mean" " "</t>
        <t>" " "that" " "</t>
        <t>" " "he" " "</t>
        <t>" " "has" " "</t>
        <t>" " "changed" " "</t>
        <t>" " "his" " "</t>
        <t>" " "mind" ""</t>
        <t>"" "," " "</t>
        <t>" " "Count" ""</t>
        <t>"" "." ""</t>
        <t>"" """ " "</t>
      </tokens>
      <parse>(ROOT (S (`` ``) (NP (PRP It)) (VP (MD will) (VP (VB mean) (SBAR (IN that) (S (NP (PRP he)) (VP (VBZ has) (VP (VBN changed) (NP (NP (PRP$ his) (NN mind)) (, ,) (NP (NNP Count))))))))) (. .) ('' '')))</parse>
      <deps>nsubj(mean-4, It-2)
aux(mean-4, will-3)
root(ROOT-0, mean-4)
mark(changed-8, that-5)
nsubj(changed-8, he-6)
aux(changed-8, has-7)
ccomp(mean-4, changed-8)
poss(mind-10, his-9)
dobj(changed-8, mind-10)
appos(mind-10, Count-12)</deps>
      <events>
        <event id="e50" eiid="ei50" offset="4" string="mean" tense="FUTURE" aspect="NONE" class="OCCURRENCE" polarity="POS" modality="" happen="" lowerBoundDuration="" upperBoundDuration="" />
        <event id="e51" eiid="ei51" offset="8" string="changed" tense="PRESENT" aspect="PERFECTIVE" class="OCCURRENCE" polarity="POS" modality="" happen="" lowerBoundDuration="" upperBoundDuration="" />
      </events>
      <timexes />
    </entry>
    <entry sid="32" file="9783732522033_042.txt">
      <sentence>`` There will be nothing but disappointment in it , '' he said wanly , and walked away with heavy steps .</sentence>
      <tokens>
        <t>" " """ ""</t>
        <t>"" "There" " "</t>
        <t>" " "will" " "</t>
        <t>" " "be" " "</t>
        <t>" " "nothing" " "</t>
        <t>" " "but" " "</t>
        <t>" " "disappointment" " "</t>
        <t>" " "in" " "</t>
        <t>" " "it" ""</t>
        <t>"" "," ""</t>
        <t>"" """ " "</t>
        <t>" " "he" " "</t>
        <t>" " "said" " "</t>
        <t>" " "wanly" ""</t>
        <t>"" "," " "</t>
        <t>" " "and" " "</t>
        <t>" " "walked" " "</t>
        <t>" " "away" " "</t>
        <t>" " "with" " "</t>
        <t>" " "heavy" " "</t>
        <t>" " "steps" ""</t>
        <t>"" "." ""</t>
      </tokens>
      <parse>(ROOT (S (`` ``) (S (NP (EX There)) (VP (MD will) (VP (VB be) (ADJP (NN nothing) (CC but) (VBG disappointment)) (PP (IN in) (NP (PRP it)))))) (, ,) ('' '') (NP (PRP he)) (VP (VP (VBD said) (ADVP (RB wanly))) (, ,) (CC and) (VP (VBD walked) (PRT (RP away)) (PP (IN with) (NP (JJ heavy) (NNS steps))))) (. .)))</parse>
      <deps>expl(nothing-5, There-2)
aux(nothing-5, will-3)
cop(nothing-5, be-4)
ccomp(said-13, nothing-5)
conj_but(nothing-5, disappointment-7)
ccomp(said-13, disappointment-7)
prep_in(nothing-5, it-9)
nsubj(said-13, he-12)
nsubj(walked-17, he-12)
root(ROOT-0, said-13)
advmod(said-13, wanly-14)
conj_and(said-13, walked-17)
prt(walked-17, away-18)
amod(steps-21, heavy-20)
prep_with(walked-17, steps-21)</deps>
      <events>
        <event id="e52" eiid="ei52" offset="13" string="said" tense="PAST" aspect="NONE" class="REPORTING" polarity="POS" modality="" happen="" lowerBoundDuration="" upperBoundDuration="" />
        <event id="e53" eiid="ei53" offset="17" string="walked" tense="PAST" aspect="NONE" class="OCCURRENCE" polarity="POS" modality="" happen="" lowerBoundDuration="" upperBoundDuration="" />
      </events>
      <timexes />
    </entry>
    <tlink event1="ei46" event2="ei45" relation="IS_INCLUDED" closed="false" origin="RepEventGovEvent" type="ee" />
    <tlink event1="ei46" event2="ei47" relation="AFTER" closed="false" origin="RepEventGovEvent" type="ee" />
    <tlink event1="ei52" event2="ei53" relation="AFTER" closed="false" origin="RepEventGovEvent" type="ee" />
    <tlink event1="ei39" event2="ei41" relation="AFTER" closed="false" origin="ReichenbachDG13" type="ee" />
    <tlink event1="ei39" event2="ei43" relation="AFTER" closed="false" origin="ReichenbachDG13" type="ee" />
    <tlink event1="ei40" event2="ei41" relation="AFTER" closed="false" origin="ReichenbachDG13" type="ee" />
    <tlink event1="ei40" event2="ei43" relation="AFTER" closed="false" origin="ReichenbachDG13" type="ee" />
    <tlink event1="ei41" event2="ei42" relation="BEFORE" closed="false" origin="ReichenbachDG13" type="ee" />
    <tlink event1="ei41" event2="ei44" relation="BEFORE" closed="false" origin="ReichenbachDG13" type="ee" />
    <tlink event1="ei42" event2="ei43" relation="AFTER" closed="false" origin="ReichenbachDG13" type="ee" />
    <tlink event1="ei43" event2="ei44" relation="BEFORE" closed="false" origin="ReichenbachDG13" type="ee" />
    <tlink event1="ei50" event2="ei51" relation="AFTER" closed="false" origin="ReichenbachDG13" type="ee" />
    <tlink event1="ei50" event2="ei52" relation="AFTER" closed="false" origin="ReichenbachDG13" type="ee" />
    <tlink event1="ei50" event2="ei53" relation="AFTER" closed="false" origin="ReichenbachDG13" type="ee" />
    <tlink event1="ei2" event2="ei3" relation="BEFORE" closed="false" origin="XCompDepSieve" type="ee" />
    <tlink event1="ei2" event2="ei4" relation="BEFORE" closed="false" origin="XCompDepSieve" type="ee" />
    <tlink event1="ei3" event2="ei4" relation="VAGUE" closed="false" origin="XCompDepSieve" type="ee" />
    <tlink event1="ei6" event2="ei7" relation="BEFORE" closed="false" origin="XCompDepSieve" type="ee" />
    <tlink event1="ei9" event2="ei10" relation="VAGUE" closed="false" origin="XCompDepSieve" type="ee" />
    <tlink event1="ei12" event2="ei13" relation="VAGUE" closed="false" origin="XCompDepSieve" type="ee" />
    <tlink event1="ei20" event2="ei21" relation="BEFORE" closed="false" origin="XCompDepSieve" type="ee" />
    <tlink event1="ei31" event2="ei32" relation="BEFORE" closed="false" origin="XCompDepSieve" type="ee" />
    <tlink event1="ei36" event2="ei37" relation="BEFORE" closed="false" origin="XCompDepSieve" type="ee" />
    <tlink event1="ei38" event2="ei36" relation="IS_INCLUDED" closed="false" origin="XCompDepSieve" type="ee" />
    <tlink event1="ei39" event2="ei40" relation="VAGUE" closed="false" origin="XCompDepSieve" type="ee" />
    <tlink event1="ei48" event2="ei49" relation="BEFORE" closed="false" origin="XCompDepSieve" type="ee" />
    <tlink event1="ei37" event2="ei38" relation="AFTER" closed="true" origin="XCompDepSieve" type="ee" />
    <tlink event1="ei16" event2="ei18" relation="VAGUE" closed="false" origin="WordNet209" type="ee" />
    <tlink event1="ei1" event2="t1" relation="IS_INCLUDED" closed="false" origin="MLEventTimeSameSent" type="et" />
    <tlink event1="ei1" event2="t2" relation="AFTER" closed="false" origin="MLEventTimeSameSent" type="et" />
    <tlink event1="ei2" event2="ei5" relation="VAGUE" closed="false" origin="MLEventEventDominates" type="ee" />
    <tlink event1="ei4" event2="ei5" relation="VAGUE" closed="false" origin="MLEventEventDominates" type="ee" />
    <tlink event1="ei8" event2="ei9" relation="VAGUE" closed="false" origin="MLEventEventDominates" type="ee" />
    <tlink event1="ei8" event2="ei10" relation="AFTER" closed="false" origin="MLEventEventDominates" type="ee" />
    <tlink event1="ei31" event2="ei33" relation="AFTER" closed="false" origin="MLEventEventDominates" type="ee" />
    <tlink event1="ei32" event2="ei33" relation="AFTER" closed="false" origin="MLEventEventDominates" type="ee" />
    <tlink event1="ei3" event2="ei5" relation="VAGUE" closed="false" origin="MLEventEventSameSent" type="ee" />
    <tlink event1="ei14" event2="ei15" relation="BEFORE" closed="false" origin="MLEventEventSameSent" type="ee" />
    <tlink event1="ei16" event2="ei17" relation="BEFORE" closed="false" origin="MLEventEventSameSent" type="ee" />
    <tlink event1="ei16" event2="ei19" relation="VAGUE" closed="false" origin="MLEventEventSameSent" type="ee" />
    <tlink event1="ei17" event2="ei18" relation="VAGUE" closed="false" origin="MLEventEventSameSent" type="ee" />
    <tlink event1="ei17" event2="ei19" relation="VAGUE" closed="false" origin="MLEventEventSameSent" type="ee" />
    <tlink event1="ei18" event2="ei19" relation="VAGUE" closed="false" origin="MLEventEventSameSent" type="ee" />
    <tlink event1="ei30" event2="ei31" relation="VAGUE" closed="false" origin="MLEventEventSameSent" type="ee" />
    <tlink event1="ei30" event2="ei32" relation="VAGUE" closed="false" origin="MLEventEventSameSent" type="ee" />
    <tlink event1="ei30" event2="ei33" relation="VAGUE" closed="false" origin="MLEventEventSameSent" type="ee" />
    <tlink event1="ei41" event2="ei43" relation="VAGUE" closed="false" origin="MLEventEventSameSent" type="ee" />
    <tlink event1="ei45" event2="ei47" relation="VAGUE" closed="false" origin="MLEventEventSameSent" type="ee" />
    <tlink event1="ei1" event2="ei2" relation="VAGUE" closed="false" origin="AllVagueSieve" type="ee" />
    <tlink event1="ei1" event2="ei3" relation="VAGUE" closed="false" origin="AllVagueSieve" type="ee" />
    <tlink event1="ei1" event2="ei4" relation="VAGUE" closed="false" origin="AllVagueSieve" type="ee" />
    <tlink event1="ei1" event2="ei5" relation="VAGUE" closed="false" origin="AllVagueSieve" type="ee" />
    <tlink event1="t1" event2="t2" relation="VAGUE" closed="false" origin="AllVagueSieve" type="tt" />
    <tlink event1="t1" event2="ei2" relation="VAGUE" closed="false" origin="AllVagueSieve" type="et" />
    <tlink event1="t1" event2="ei3" relation="VAGUE" closed="false" origin="AllVagueSieve" type="et" />
    <tlink event1="t1" event2="ei4" relation="VAGUE" closed="false" origin="AllVagueSieve" type="et" />
    <tlink event1="t1" event2="ei5" relation="VAGUE" closed="false" origin="AllVagueSieve" type="et" />
    <tlink event1="t2" event2="ei2" relation="VAGUE" closed="false" origin="AllVagueSieve" type="et" />
    <tlink event1="t2" event2="ei3" relation="VAGUE" closed="false" origin="AllVagueSieve" type="et" />
    <tlink event1="t2" event2="ei4" relation="VAGUE" closed="false" origin="AllVagueSieve" type="et" />
    <tlink event1="t2" event2="ei5" relation="VAGUE" closed="false" origin="AllVagueSieve" type="et" />
    <tlink event1="ei2" event2="ei6" relation="VAGUE" closed="false" origin="AllVagueSieve" type="ee" />
    <tlink event1="ei2" event2="ei7" relation="VAGUE" closed="false" origin="AllVagueSieve" type="ee" />
    <tlink event1="ei3" event2="ei6" relation="VAGUE" closed="false" origin="AllVagueSieve" type="ee" />
    <tlink event1="ei3" event2="ei7" relation="VAGUE" closed="false" origin="AllVagueSieve" type="ee" />
    <tlink event1="ei4" event2="ei6" relation="VAGUE" closed="false" origin="AllVagueSieve" type="ee" />
    <tlink event1="ei4" event2="ei7" relation="VAGUE" closed="false" origin="AllVagueSieve" type="ee" />
    <tlink event1="ei5" event2="ei6" relation="VAGUE" closed="false" origin="AllVagueSieve" type="ee" />
    <tlink event1="ei5" event2="ei7" relation="VAGUE" closed="false" origin="AllVagueSieve" type="ee" />
    <tlink event1="ei6" event2="ei8" relation="VAGUE" closed="false" origin="AllVagueSieve" type="ee" />
    <tlink event1="ei6" event2="ei9" relation="VAGUE" closed="false" origin="AllVagueSieve" type="ee" />
    <tlink event1="ei6" event2="ei10" relation="VAGUE" closed="false" origin="AllVagueSieve" type="ee" />
    <tlink event1="ei7" event2="ei8" relation="VAGUE" closed="false" origin="AllVagueSieve" type="ee" />
    <tlink event1="ei7" event2="ei9" relation="VAGUE" closed="false" origin="AllVagueSieve" type="ee" />
    <tlink event1="ei7" event2="ei10" relation="VAGUE" closed="false" origin="AllVagueSieve" type="ee" />
    <tlink event1="ei8" event2="ei11" relation="VAGUE" closed="false" origin="AllVagueSieve" type="ee" />
    <tlink event1="ei9" event2="ei11" relation="VAGUE" closed="false" origin="AllVagueSieve" type="ee" />
    <tlink event1="ei10" event2="ei11" relation="VAGUE" closed="false" origin="AllVagueSieve" type="ee" />
    <tlink event1="ei11" event2="ei12" relation="VAGUE" closed="false" origin="AllVagueSieve" type="ee" />
    <tlink event1="ei11" event2="ei13" relation="VAGUE" closed="false" origin="AllVagueSieve" type="ee" />
    <tlink event1="ei12" event2="ei14" relation="VAGUE" closed="false" origin="AllVagueSieve" type="ee" />
    <tlink event1="ei12" event2="ei15" relation="VAGUE" closed="false" origin="AllVagueSieve" type="ee" />
    <tlink event1="ei13" event2="ei14" relation="VAGUE" closed="false" origin="AllVagueSieve" type="ee" />
    <tlink event1="ei13" event2="ei15" relation="VAGUE" closed="false" origin="AllVagueSieve" type="ee" />
    <tlink event1="ei14" event2="ei16" relation="VAGUE" closed="false" origin="AllVagueSieve" type="ee" />
    <tlink event1="ei14" event2="ei17" relation="VAGUE" closed="false" origin="AllVagueSieve" type="ee" />
    <tlink event1="ei14" event2="ei18" relation="VAGUE" closed="false" origin="AllVagueSieve" type="ee" />
    <tlink event1="ei14" event2="ei19" relation="VAGUE" closed="false" origin="AllVagueSieve" type="ee" />
    <tlink event1="ei15" event2="ei16" relation="VAGUE" closed="false" origin="AllVagueSieve" type="ee" />
    <tlink event1="ei15" event2="ei17" relation="VAGUE" closed="false" origin="AllVagueSieve" type="ee" />
    <tlink event1="ei15" event2="ei18" relation="VAGUE" closed="false" origin="AllVagueSieve" type="ee" />
    <tlink event1="ei15" event2="ei19" relation="VAGUE" closed="false" origin="AllVagueSieve" type="ee" />
    <tlink event1="ei16" event2="ei20" relation="VAGUE" closed="false" origin="AllVagueSieve" type="ee" />
    <tlink event1="ei16" event2="ei21" relation="VAGUE" closed="false" origin="AllVagueSieve" type="ee" />
    <tlink event1="ei17" event2="ei20" relation="VAGUE" closed="false" origin="AllVagueSieve" type="ee" />
    <tlink event1="ei17" event2="ei21" relation="VAGUE" closed="false" origin="AllVagueSieve" type="ee" />
    <tlink event1="ei18" event2="ei20" relation="VAGUE" closed="false" origin="AllVagueSieve" type="ee" />
    <tlink event1="ei18" event2="ei21" relation="VAGUE" closed="false" origin="AllVagueSieve" type="ee" />
    <tlink event1="ei19" event2="ei20" relation="VAGUE" closed="false" origin="AllVagueSieve" type="ee" />
    <tlink event1="ei19" event2="ei21" relation="VAGUE" closed="false" origin="AllVagueSieve" type="ee" />
    <tlink event1="ei20" event2="ei22" relation="VAGUE" closed="false" origin="AllVagueSieve" type="ee" />
    <tlink event1="ei21" event2="ei22" relation="VAGUE" closed="false" origin="AllVagueSieve" type="ee" />
    <tlink event1="ei22" event2="ei23" relation="VAGUE" closed="false" origin="AllVagueSieve" type="ee" />
    <tlink event1="ei23" event2="ei24" relation="VAGUE" closed="false" origin="AllVagueSieve" type="ee" />
    <tlink event1="ei24" event2="ei25" relation="VAGUE" closed="false" origin="AllVagueSieve" type="ee" />
    <tlink event1="ei25" event2="ei26" relation="VAGUE" closed="false" origin="AllVagueSieve" type="ee" />
    <tlink event1="ei26" event2="ei27" relation="VAGUE" closed="false" origin="AllVagueSieve" type="ee" />
    <tlink event1="ei27" event2="ei28" relation="VAGUE" closed="false" origin="AllVagueSieve" type="ee" />
    <tlink event1="ei30" event2="ei34" relation="VAGUE" closed="false" origin="AllVagueSieve" type="ee" />
    <tlink event1="ei31" event2="ei34" relation="VAGUE" closed="false" origin="AllVagueSieve" type="ee" />
    <tlink event1="ei32" event2="ei34" relation="VAGUE" closed="false" origin="AllVagueSieve" type="ee" />
    <tlink event1="ei33" event2="ei34" relation="VAGUE" closed="false" origin="AllVagueSieve" type="ee" />
    <tlink event1="ei34" event2="ei35" relation="VAGUE" closed="false" origin="AllVagueSieve" type="ee" />
    <tlink event1="ei35" event2="ei36" relation="VAGUE" closed="false" origin="AllVagueSieve" type="ee" />
    <tlink event1="ei35" event2="ei37" relation="VAGUE" closed="false" origin="AllVagueSieve" type="ee" />
    <tlink event1="ei35" event2="ei38" relation="VAGUE" closed="false" origin="AllVagueSieve" type="ee" />
    <tlink event1="ei36" event2="ei39" relation="VAGUE" closed="false" origin="AllVagueSieve" type="ee" />
    <tlink event1="ei36" event2="ei40" relation="VAGUE" closed="false" origin="AllVagueSieve" type="ee" />
    <tlink event1="ei37" event2="ei39" relation="VAGUE" closed="false" origin="AllVagueSieve" type="ee" />
    <tlink event1="ei37" event2="ei40" relation="VAGUE" closed="false" origin="AllVagueSieve" type="ee" />
    <tlink event1="ei38" event2="ei39" relation="VAGUE" closed="false" origin="AllVagueSieve" type="ee" />
    <tlink event1="ei38" event2="ei40" relation="VAGUE" closed="false" origin="AllVagueSieve" type="ee" />
    <tlink event1="ei39" event2="ei42" relation="VAGUE" closed="false" origin="AllVagueSieve" type="ee" />
    <tlink event1="ei40" event2="ei42" relation="VAGUE" closed="false" origin="AllVagueSieve" type="ee" />
    <tlink event1="ei42" event2="ei44" relation="VAGUE" closed="false" origin="AllVagueSieve" type="ee" />
    <tlink event1="ei44" event2="ei45" relation="VAGUE" closed="false" origin="AllVagueSieve" type="ee" />
    <tlink event1="ei44" event2="ei46" relation="VAGUE" closed="false" origin="AllVagueSieve" type="ee" />
    <tlink event1="ei44" event2="ei47" relation="VAGUE" closed="false" origin="AllVagueSieve" type="ee" />
    <tlink event1="ei51" event2="ei52" relation="VAGUE" closed="false" origin="AllVagueSieve" type="ee" />
    <tlink event1="ei51" event2="ei53" relation="VAGUE" closed="false" origin="AllVagueSieve" type="ee" />
  </file>
</root>

