<?xml version="1.0" encoding="UTF-8"?>
<root xmlns="http://chambers.com/corpusinfo">
  <file name="9783732522033_047.txt">
    <entry sid="0" file="9783732522033_047.txt">
      <sentence>The following Saturday afternoon Griseldis drove over to Dalheim with Gilda .</sentence>
      <tokens>
        <t>"" "The" " "</t>
        <t>" " "following" " "</t>
        <t>" " "Saturday" " "</t>
        <t>" " "afternoon" " "</t>
        <t>" " "Griseldis" " "</t>
        <t>" " "drove" " "</t>
        <t>" " "over" " "</t>
        <t>" " "to" " "</t>
        <t>" " "Dalheim" " "</t>
        <t>" " "with" " "</t>
        <t>" " "Gilda" ""</t>
        <t>"" "." " "</t>
      </tokens>
      <parse>(ROOT (S (NP (DT The) (VBG following) (NNP Saturday) (NN afternoon) (NNS Griseldis)) (VP (VBD drove) (PRT (RP over)) (PP (TO to) (NP (NNP Dalheim))) (PP (IN with) (NP (NNP Gilda)))) (. .)))</parse>
      <deps>det(Griseldis-5, The-1)
amod(Griseldis-5, following-2)
nn(Griseldis-5, Saturday-3)
nn(Griseldis-5, afternoon-4)
nsubj(drove-6, Griseldis-5)
root(ROOT-0, drove-6)
prt(drove-6, over-7)
prep_to(drove-6, Dalheim-9)
prep_with(drove-6, Gilda-11)</deps>
      <events>
        <event id="e1" eiid="ei1" offset="6" string="drove" tense="PAST" aspect="NONE" class="OCCURRENCE" polarity="POS" modality="" happen="" lowerBoundDuration="" upperBoundDuration="" />
      </events>
      <timexes>
        <timex tid="t1" text="afternoon" offset="4" length="1" type="TIME" value="TAF" temporalFunction="false" />
      </timexes>
    </entry>
    <entry sid="1" file="9783732522033_047.txt">
      <sentence>The comtesse was pampered and caressed from all sides .</sentence>
      <tokens>
        <t>" " "The" " "</t>
        <t>" " "comtesse" " "</t>
        <t>" " "was" " "</t>
        <t>" " "pampered" " "</t>
        <t>" " "and" " "</t>
        <t>" " "caressed" " "</t>
        <t>" " "from" " "</t>
        <t>" " "all" " "</t>
        <t>" " "sides" ""</t>
        <t>"" "." " "</t>
      </tokens>
      <parse>(ROOT (S (NP (DT The) (NN comtesse)) (VP (VBD was) (VP (VBN pampered) (CC and) (VBN caressed) (PP (IN from) (NP (DT all) (NNS sides))))) (. .)))</parse>
      <deps>det(comtesse-2, The-1)
nsubjpass(pampered-4, comtesse-2)
nsubjpass(caressed-6, comtesse-2)
auxpass(pampered-4, was-3)
root(ROOT-0, pampered-4)
conj_and(pampered-4, caressed-6)
det(sides-9, all-8)
prep_from(pampered-4, sides-9)</deps>
      <events>
        <event id="e2" eiid="ei2" offset="4" string="pampered" tense="PAST" aspect="NONE" class="OCCURRENCE" polarity="POS" modality="" happen="" lowerBoundDuration="" upperBoundDuration="" />
        <event id="e3" eiid="ei3" offset="6" string="caressed" tense="PRESENT" aspect="NONE" class="OCCURRENCE" polarity="POS" modality="" happen="" lowerBoundDuration="" upperBoundDuration="" />
      </events>
      <timexes />
    </entry>
    <entry sid="2" file="9783732522033_047.txt">
      <sentence>Ruth , however , occupied herself most with her , and Gilda became warm friends with her .</sentence>
      <tokens>
        <t>" " "Ruth" ""</t>
        <t>"" "," " "</t>
        <t>" " "however" ""</t>
        <t>"" "," " "</t>
        <t>" " "occupied" " "</t>
        <t>" " "herself" " "</t>
        <t>" " "most" " "</t>
        <t>" " "with" " "</t>
        <t>" " "her" ""</t>
        <t>"" "," " "</t>
        <t>" " "and" " "</t>
        <t>" " "Gilda" " "</t>
        <t>" " "became" " "</t>
        <t>" " "warm" " "</t>
        <t>" " "friends" " "</t>
        <t>" " "with" " "</t>
        <t>" " "her" ""</t>
        <t>"" "." " "</t>
      </tokens>
      <parse>(ROOT (S (S (NP (NNP Ruth)) (, ,) (ADVP (RB however)) (, ,) (VP (VBD occupied) (NP (PRP herself)) (ADVP (RBS most)) (PP (IN with) (NP (PRP her))))) (, ,) (CC and) (S (NP (NNP Gilda)) (VP (VBD became) (NP (JJ warm) (NNS friends)) (PP (IN with) (NP (PRP her))))) (. .)))</parse>
      <deps>nsubj(occupied-5, Ruth-1)
advmod(occupied-5, however-3)
root(ROOT-0, occupied-5)
dobj(occupied-5, herself-6)
advmod(occupied-5, most-7)
prep_with(occupied-5, her-9)
nsubj(friends-15, Gilda-12)
cop(friends-15, became-13)
amod(friends-15, warm-14)
conj_and(occupied-5, friends-15)
prep_with(friends-15, her-17)</deps>
      <events>
        <event id="e4" eiid="ei4" offset="5" string="occupied" tense="PAST" aspect="NONE" class="OCCURRENCE" polarity="POS" modality="" happen="" lowerBoundDuration="" upperBoundDuration="" />
        <event id="e5" eiid="ei5" offset="13" string="became" tense="PAST" aspect="NONE" class="OCCURRENCE" polarity="POS" modality="" happen="" lowerBoundDuration="" upperBoundDuration="" />
      </events>
      <timexes />
    </entry>
    <entry sid="3" file="9783732522033_047.txt">
      <sentence>On the way home , she chatted very happily about her new friend Ruth .</sentence>
      <tokens>
        <t>" " "On" " "</t>
        <t>" " "the" " "</t>
        <t>" " "way" " "</t>
        <t>" " "home" ""</t>
        <t>"" "," " "</t>
        <t>" " "she" " "</t>
        <t>" " "chatted" " "</t>
        <t>" " "very" " "</t>
        <t>" " "happily" " "</t>
        <t>" " "about" " "</t>
        <t>" " "her" " "</t>
        <t>" " "new" " "</t>
        <t>" " "friend" " "</t>
        <t>" " "Ruth" ""</t>
        <t>"" "." " "</t>
      </tokens>
      <parse>(ROOT (S (PP (IN On) (NP (DT the) (NN way) (NN home))) (, ,) (NP (PRP she)) (VP (VBD chatted) (ADJP (RB very) (JJ happily)) (PP (IN about) (NP (PRP$ her) (JJ new) (NN friend) (NNP Ruth)))) (. .)))</parse>
      <deps>det(home-4, the-2)
nn(home-4, way-3)
prep_on(chatted-7, home-4)
nsubj(chatted-7, she-6)
root(ROOT-0, chatted-7)
advmod(happily-9, very-8)
acomp(chatted-7, happily-9)
poss(Ruth-14, her-11)
amod(Ruth-14, new-12)
nn(Ruth-14, friend-13)
prep_about(chatted-7, Ruth-14)</deps>
      <events>
        <event id="e6" eiid="ei6" offset="7" string="chatted" tense="PAST" aspect="NONE" class="OCCURRENCE" polarity="POS" modality="" happen="" lowerBoundDuration="" upperBoundDuration="" />
      </events>
      <timexes />
    </entry>
    <entry sid="4" file="9783732522033_047.txt">
      <sentence>Today Harro had not waited in Treuenfels for Griseldis ' return .</sentence>
      <tokens>
        <t>" " "Today" " "</t>
        <t>" " "Harro" " "</t>
        <t>" " "had" " "</t>
        <t>" " "not" " "</t>
        <t>" " "waited" " "</t>
        <t>" " "in" " "</t>
        <t>" " "Treuenfels" " "</t>
        <t>" " "for" " "</t>
        <t>" " "Griseldis" ""</t>
        <t>"" "'" " "</t>
        <t>" " "return" ""</t>
        <t>"" "." " "</t>
      </tokens>
      <parse>(ROOT (S (NP (NNP Today) (NNP Harro)) (VP (VBD had) (RB not) (VP (VBN waited) (PP (IN in) (NP (NP (NNP Treuenfels)) (PP (IN for) (NP (NP (NNP Griseldis) (POS ')) (NN return))))))) (. .)))</parse>
      <deps>nn(Harro-2, Today-1)
nsubj(waited-5, Harro-2)
aux(waited-5, had-3)
neg(waited-5, not-4)
root(ROOT-0, waited-5)
prep_in(waited-5, Treuenfels-7)
poss(return-11, Griseldis-9)
prep_for(Treuenfels-7, return-11)</deps>
      <events>
        <event id="e7" eiid="ei7" offset="5" string="waited" tense="PAST" aspect="NONE" class="OCCURRENCE" polarity="POS" modality="" happen="" lowerBoundDuration="" upperBoundDuration="" />
      </events>
      <timexes />
    </entry>
    <entry sid="5" file="9783732522033_047.txt">
      <sentence>Today , after all , Gilda was in her company , and that gave him an excuse to ride out to meet the carriage .</sentence>
      <tokens>
        <t>" " "Today" ""</t>
        <t>"" "," " "</t>
        <t>" " "after" " "</t>
        <t>" " "all" ""</t>
        <t>"" "," " "</t>
        <t>" " "Gilda" " "</t>
        <t>" " "was" " "</t>
        <t>" " "in" " "</t>
        <t>" " "her" " "</t>
        <t>" " "company" ""</t>
        <t>"" "," " "</t>
        <t>" " "and" " "</t>
        <t>" " "that" " "</t>
        <t>" " "gave" " "</t>
        <t>" " "him" " "</t>
        <t>" " "an" " "</t>
        <t>" " "excuse" " "</t>
        <t>" " "to" " "</t>
        <t>" " "ride" " "</t>
        <t>" " "out" " "</t>
        <t>" " "to" " "</t>
        <t>" " "meet" " "</t>
        <t>" " "the" " "</t>
        <t>" " "carriage" ""</t>
        <t>"" "." " "</t>
      </tokens>
      <parse>(ROOT (S (NP (NN Today)) (, ,) (PP (IN after) (NP (DT all))) (, ,) (NP (NNP Gilda)) (VP (VBD was) (UCP (PP (IN in) (NP (PRP$ her) (NN company))) (, ,) (CC and) (SBAR (WHNP (WDT that)) (S (VP (VBD gave) (NP (PRP him)) (NP (DT an) (NN excuse) (S (VP (TO to) (VP (VB ride) (PRT (RP out)) (S (VP (TO to) (VP (VB meet) (NP (DT the) (NN carriage)))))))))))))) (. .)))</parse>
      <deps>tmod(was-7, Today-1)
prep_after(was-7, all-4)
nsubj(was-7, Gilda-6)
root(ROOT-0, was-7)
dep(was-7, in-8)
poss(company-10, her-9)
pobj(in-8, company-10)
nsubj(gave-14, that-13)
dep(was-7, gave-14)
conj_and(in-8, gave-14)
iobj(gave-14, him-15)
det(excuse-17, an-16)
dobj(gave-14, excuse-17)
aux(ride-19, to-18)
infmod(excuse-17, ride-19)
prt(ride-19, out-20)
aux(meet-22, to-21)
xcomp(ride-19, meet-22)
det(carriage-24, the-23)
dobj(meet-22, carriage-24)</deps>
      <events>
        <event id="e8" eiid="ei8" offset="14" string="gave" tense="PAST" aspect="NONE" class="OCCURRENCE" polarity="POS" modality="" happen="" lowerBoundDuration="" upperBoundDuration="" />
        <event id="e9" eiid="ei9" offset="19" string="ride" tense="INFINITIVE" aspect="NONE" class="OCCURRENCE" polarity="POS" modality="" happen="" lowerBoundDuration="" upperBoundDuration="" />
        <event id="e10" eiid="ei10" offset="22" string="meet" tense="INFINITIVE" aspect="NONE" class="OCCURRENCE" polarity="POS" modality="" happen="" lowerBoundDuration="" upperBoundDuration="" />
      </events>
      <timexes />
    </entry>
    <entry sid="6" file="9783732522033_047.txt">
      <sentence>At the border path between Treuenfels and Dalheim , he waited on his horse until the carriage came into sight .</sentence>
      <tokens>
        <t>" " "At" " "</t>
        <t>" " "the" " "</t>
        <t>" " "border" " "</t>
        <t>" " "path" " "</t>
        <t>" " "between" " "</t>
        <t>" " "Treuenfels" " "</t>
        <t>" " "and" " "</t>
        <t>" " "Dalheim" ""</t>
        <t>"" "," " "</t>
        <t>" " "he" " "</t>
        <t>" " "waited" " "</t>
        <t>" " "on" " "</t>
        <t>" " "his" " "</t>
        <t>" " "horse" " "</t>
        <t>" " "until" " "</t>
        <t>" " "the" " "</t>
        <t>" " "carriage" " "</t>
        <t>" " "came" " "</t>
        <t>" " "into" " "</t>
        <t>" " "sight" ""</t>
        <t>"" "." " "</t>
      </tokens>
      <parse>(ROOT (S (PP (IN At) (NP (NP (DT the) (NN border) (NN path)) (PP (IN between) (NP (NNP Treuenfels) (CC and) (NNP Dalheim))))) (, ,) (NP (PRP he)) (VP (VBD waited) (PP (IN on) (NP (PRP$ his) (NN horse))) (SBAR (IN until) (S (NP (DT the) (NN carriage)) (VP (VBD came) (PP (IN into) (NP (NN sight))))))) (. .)))</parse>
      <deps>det(path-4, the-2)
nn(path-4, border-3)
prep_at(waited-11, path-4)
prep_between(path-4, Treuenfels-6)
prep_between(path-4, Dalheim-8)
conj_and(Treuenfels-6, Dalheim-8)
nsubj(waited-11, he-10)
root(ROOT-0, waited-11)
poss(horse-14, his-13)
prep_on(waited-11, horse-14)
mark(came-18, until-15)
det(carriage-17, the-16)
nsubj(came-18, carriage-17)
advcl(waited-11, came-18)
prep_into(came-18, sight-20)</deps>
      <events>
        <event id="e11" eiid="ei11" offset="11" string="waited" tense="PAST" aspect="NONE" class="I_STATE" polarity="POS" modality="" happen="" lowerBoundDuration="" upperBoundDuration="" />
        <event id="e12" eiid="ei12" offset="18" string="came" tense="PAST" aspect="NONE" class="OCCURRENCE" polarity="POS" modality="" happen="" lowerBoundDuration="" upperBoundDuration="" />
      </events>
      <timexes />
    </entry>
    <entry sid="7" file="9783732522033_047.txt">
      <sentence>He rode out to meet it , and as he greeted Gilda , his gaze met Griseldis ' eyes with a flash .</sentence>
      <tokens>
        <t>" " "He" " "</t>
        <t>" " "rode" " "</t>
        <t>" " "out" " "</t>
        <t>" " "to" " "</t>
        <t>" " "meet" " "</t>
        <t>" " "it" ""</t>
        <t>"" "," " "</t>
        <t>" " "and" " "</t>
        <t>" " "as" " "</t>
        <t>" " "he" " "</t>
        <t>" " "greeted" " "</t>
        <t>" " "Gilda" ""</t>
        <t>"" "," " "</t>
        <t>" " "his" " "</t>
        <t>" " "gaze" " "</t>
        <t>" " "met" " "</t>
        <t>" " "Griseldis" ""</t>
        <t>"" "'" " "</t>
        <t>" " "eyes" " "</t>
        <t>" " "with" " "</t>
        <t>" " "a" " "</t>
        <t>" " "flash" ""</t>
        <t>"" "." " "</t>
      </tokens>
      <parse>(ROOT (S (S (NP (PRP He)) (VP (VBD rode) (PRT (RP out)) (S (VP (TO to) (VP (VB meet) (NP (PRP it))))))) (, ,) (CC and) (S (SBAR (IN as) (S (NP (PRP he)) (VP (VBD greeted) (NP (NNP Gilda))))) (, ,) (NP (PRP$ his) (NN gaze)) (VP (VBD met) (NP (NP (NNP Griseldis) (POS ')) (NNS eyes)) (PP (IN with) (NP (DT a) (NN flash))))) (. .)))</parse>
      <deps>nsubj(rode-2, He-1)
xsubj(meet-5, He-1)
root(ROOT-0, rode-2)
prt(rode-2, out-3)
aux(meet-5, to-4)
xcomp(rode-2, meet-5)
dobj(meet-5, it-6)
mark(greeted-11, as-9)
nsubj(greeted-11, he-10)
advcl(met-16, greeted-11)
dobj(greeted-11, Gilda-12)
poss(gaze-15, his-14)
nsubj(met-16, gaze-15)
conj_and(rode-2, met-16)
poss(eyes-19, Griseldis-17)
dobj(met-16, eyes-19)
det(flash-22, a-21)
prep_with(met-16, flash-22)</deps>
      <events>
        <event id="e13" eiid="ei13" offset="2" string="rode" tense="PAST" aspect="NONE" class="OCCURRENCE" polarity="POS" modality="" happen="" lowerBoundDuration="" upperBoundDuration="" />
        <event id="e14" eiid="ei14" offset="5" string="meet" tense="INFINITIVE" aspect="NONE" class="OCCURRENCE" polarity="POS" modality="" happen="" lowerBoundDuration="" upperBoundDuration="" />
        <event id="e15" eiid="ei15" offset="11" string="greeted" tense="PAST" aspect="NONE" class="OCCURRENCE" polarity="POS" modality="" happen="" lowerBoundDuration="" upperBoundDuration="" />
        <event id="e16" eiid="ei16" offset="16" string="met" tense="PAST" aspect="NONE" class="OCCURRENCE" polarity="POS" modality="" happen="" lowerBoundDuration="" upperBoundDuration="" />
      </events>
      <timexes />
    </entry>
    <entry sid="8" file="9783732522033_047.txt">
      <sentence>I have longed for you namelessly , those eyes spoke to her .</sentence>
      <tokens>
        <t>" " "I" " "</t>
        <t>" " "have" " "</t>
        <t>" " "longed" " "</t>
        <t>" " "for" " "</t>
        <t>" " "you" " "</t>
        <t>" " "namelessly" ""</t>
        <t>"" "," " "</t>
        <t>" " "those" " "</t>
        <t>" " "eyes" " "</t>
        <t>" " "spoke" " "</t>
        <t>" " "to" " "</t>
        <t>" " "her" ""</t>
        <t>"" "." " "</t>
      </tokens>
      <parse>(ROOT (S (S (NP (PRP I)) (VP (VBP have) (VP (VBN longed) (PP (IN for) (NP (PRP you))) (ADVP (RB namelessly))))) (, ,) (NP (DT those) (NNS eyes)) (VP (VBD spoke) (PP (TO to) (NP (PRP her)))) (. .)))</parse>
      <deps>nsubj(longed-3, I-1)
aux(longed-3, have-2)
ccomp(spoke-10, longed-3)
prep_for(longed-3, you-5)
advmod(longed-3, namelessly-6)
det(eyes-9, those-8)
nsubj(spoke-10, eyes-9)
root(ROOT-0, spoke-10)
prep_to(spoke-10, her-12)</deps>
      <events>
        <event id="e17" eiid="ei17" offset="3" string="longed" tense="PRESENT" aspect="PERFECTIVE" class="OCCURRENCE" polarity="POS" modality="" happen="" lowerBoundDuration="" upperBoundDuration="" />
        <event id="e18" eiid="ei18" offset="10" string="spoke" tense="PAST" aspect="NONE" class="OCCURRENCE" polarity="POS" modality="" happen="" lowerBoundDuration="" upperBoundDuration="" />
      </events>
      <timexes />
    </entry>
    <entry sid="9" file="9783732522033_047.txt">
      <sentence>And she felt with a silent shiver how dear she was to him and how much he loved her .</sentence>
      <tokens>
        <t>" " "And" " "</t>
        <t>" " "she" " "</t>
        <t>" " "felt" " "</t>
        <t>" " "with" " "</t>
        <t>" " "a" " "</t>
        <t>" " "silent" " "</t>
        <t>" " "shiver" " "</t>
        <t>" " "how" " "</t>
        <t>" " "dear" " "</t>
        <t>" " "she" " "</t>
        <t>" " "was" " "</t>
        <t>" " "to" " "</t>
        <t>" " "him" " "</t>
        <t>" " "and" " "</t>
        <t>" " "how" " "</t>
        <t>" " "much" " "</t>
        <t>" " "he" " "</t>
        <t>" " "loved" " "</t>
        <t>" " "her" ""</t>
        <t>"" "." " "</t>
      </tokens>
      <parse>(ROOT (S (CC And) (NP (PRP she)) (VP (VBD felt) (PP (IN with) (NP (DT a) (JJ silent) (NN shiver))) (SBAR (SBAR (WHADVP (WRB how) (ADJP (RB dear))) (S (NP (PRP she)) (VP (VBD was) (PP (TO to) (NP (PRP him)))))) (CC and) (SBAR (WHADJP (WRB how) (JJ much)) (S (NP (PRP he)) (VP (VBD loved) (NP (PRP her))))))) (. .)))</parse>
      <deps>cc(felt-3, And-1)
nsubj(felt-3, she-2)
root(ROOT-0, felt-3)
det(shiver-7, a-5)
amod(shiver-7, silent-6)
prep_with(felt-3, shiver-7)
advmod(was-11, how-8)
dep(how-8, dear-9)
nsubj(was-11, she-10)
dep(felt-3, was-11)
prep_to(was-11, him-13)
advmod(much-16, how-15)
dep(loved-18, much-16)
nsubj(loved-18, he-17)
dep(felt-3, loved-18)
conj_and(was-11, loved-18)
dobj(loved-18, her-19)</deps>
      <events>
        <event id="e19" eiid="ei19" offset="3" string="felt" tense="PAST" aspect="NONE" class="OCCURRENCE" polarity="POS" modality="" happen="" lowerBoundDuration="" upperBoundDuration="" />
        <event id="e20" eiid="ei20" offset="18" string="loved" tense="PAST" aspect="NONE" class="OCCURRENCE" polarity="POS" modality="" happen="" lowerBoundDuration="" upperBoundDuration="" />
      </events>
      <timexes />
    </entry>
    <entry sid="10" file="9783732522033_047.txt">
      <sentence>It rose moistly in her eyes with emotion .</sentence>
      <tokens>
        <t>" " "It" " "</t>
        <t>" " "rose" " "</t>
        <t>" " "moistly" " "</t>
        <t>" " "in" " "</t>
        <t>" " "her" " "</t>
        <t>" " "eyes" " "</t>
        <t>" " "with" " "</t>
        <t>" " "emotion" ""</t>
        <t>"" "." ""</t>
      </tokens>
      <parse>(ROOT (S (NP (PRP It)) (VP (VBD rose) (ADVP (RB moistly)) (PP (IN in) (NP (PRP$ her) (NNS eyes))) (PP (IN with) (NP (NN emotion)))) (. .)))</parse>
      <deps>nsubj(rose-2, It-1)
root(ROOT-0, rose-2)
advmod(rose-2, moistly-3)
poss(eyes-6, her-5)
prep_in(rose-2, eyes-6)
prep_with(rose-2, emotion-8)</deps>
      <events>
        <event id="e21" eiid="ei21" offset="2" string="rose" tense="PAST" aspect="NONE" class="OCCURRENCE" polarity="POS" modality="" happen="" lowerBoundDuration="" upperBoundDuration="" />
      </events>
      <timexes />
    </entry>
    <tlink event1="ei2" event2="ei3" relation="VAGUE" closed="false" origin="XCompDepSieve" type="ee" />
    <tlink event1="ei9" event2="ei10" relation="BEFORE" closed="false" origin="XCompDepSieve" type="ee" />
    <tlink event1="ei11" event2="ei12" relation="BEFORE" closed="false" origin="XCompDepSieve" type="ee" />
    <tlink event1="ei13" event2="ei14" relation="BEFORE" closed="false" origin="XCompDepSieve" type="ee" />
    <tlink event1="ei13" event2="ei16" relation="VAGUE" closed="false" origin="XCompDepSieve" type="ee" />
    <tlink event1="ei16" event2="ei15" relation="SIMULTANEOUS" closed="false" origin="XCompDepSieve" type="ee" />
    <tlink event1="ei18" event2="ei17" relation="AFTER" closed="false" origin="XCompDepSieve" type="ee" />
    <tlink event1="ei14" event2="ei16" relation="VAGUE" closed="false" origin="WordNet209" type="ee" />
    <tlink event1="ei1" event2="t1" relation="IS_INCLUDED" closed="false" origin="MLEventTimeSameSent" type="et" />
    <tlink event1="ei8" event2="ei9" relation="BEFORE" closed="false" origin="MLEventEventDominates" type="ee" />
    <tlink event1="ei8" event2="ei10" relation="BEFORE" closed="false" origin="MLEventEventDominates" type="ee" />
    <tlink event1="ei19" event2="ei20" relation="AFTER" closed="false" origin="MLEventEventDominates" type="ee" />
    <tlink event1="ei4" event2="ei5" relation="BEFORE" closed="false" origin="MLEventEventSameSent" type="ee" />
    <tlink event1="ei13" event2="ei15" relation="VAGUE" closed="false" origin="MLEventEventSameSent" type="ee" />
    <tlink event1="ei14" event2="ei15" relation="VAGUE" closed="false" origin="MLEventEventSameSent" type="ee" />
    <tlink event1="ei1" event2="ei2" relation="VAGUE" closed="false" origin="AllVagueSieve" type="ee" />
    <tlink event1="ei1" event2="ei3" relation="VAGUE" closed="false" origin="AllVagueSieve" type="ee" />
    <tlink event1="t1" event2="ei2" relation="VAGUE" closed="false" origin="AllVagueSieve" type="et" />
    <tlink event1="t1" event2="ei3" relation="VAGUE" closed="false" origin="AllVagueSieve" type="et" />
    <tlink event1="ei2" event2="ei4" relation="VAGUE" closed="false" origin="AllVagueSieve" type="ee" />
    <tlink event1="ei2" event2="ei5" relation="VAGUE" closed="false" origin="AllVagueSieve" type="ee" />
    <tlink event1="ei3" event2="ei4" relation="VAGUE" closed="false" origin="AllVagueSieve" type="ee" />
    <tlink event1="ei3" event2="ei5" relation="VAGUE" closed="false" origin="AllVagueSieve" type="ee" />
    <tlink event1="ei4" event2="ei6" relation="VAGUE" closed="false" origin="AllVagueSieve" type="ee" />
    <tlink event1="ei5" event2="ei6" relation="VAGUE" closed="false" origin="AllVagueSieve" type="ee" />
    <tlink event1="ei6" event2="ei7" relation="VAGUE" closed="false" origin="AllVagueSieve" type="ee" />
    <tlink event1="ei7" event2="ei8" relation="VAGUE" closed="false" origin="AllVagueSieve" type="ee" />
    <tlink event1="ei7" event2="ei9" relation="VAGUE" closed="false" origin="AllVagueSieve" type="ee" />
    <tlink event1="ei7" event2="ei10" relation="VAGUE" closed="false" origin="AllVagueSieve" type="ee" />
    <tlink event1="ei8" event2="ei11" relation="VAGUE" closed="false" origin="AllVagueSieve" type="ee" />
    <tlink event1="ei8" event2="ei12" relation="VAGUE" closed="false" origin="AllVagueSieve" type="ee" />
    <tlink event1="ei9" event2="ei11" relation="VAGUE" closed="false" origin="AllVagueSieve" type="ee" />
    <tlink event1="ei9" event2="ei12" relation="VAGUE" closed="false" origin="AllVagueSieve" type="ee" />
    <tlink event1="ei10" event2="ei11" relation="VAGUE" closed="false" origin="AllVagueSieve" type="ee" />
    <tlink event1="ei10" event2="ei12" relation="VAGUE" closed="false" origin="AllVagueSieve" type="ee" />
    <tlink event1="ei11" event2="ei13" relation="VAGUE" closed="false" origin="AllVagueSieve" type="ee" />
    <tlink event1="ei11" event2="ei14" relation="VAGUE" closed="false" origin="AllVagueSieve" type="ee" />
    <tlink event1="ei11" event2="ei15" relation="VAGUE" closed="false" origin="AllVagueSieve" type="ee" />
    <tlink event1="ei11" event2="ei16" relation="VAGUE" closed="false" origin="AllVagueSieve" type="ee" />
    <tlink event1="ei12" event2="ei13" relation="VAGUE" closed="false" origin="AllVagueSieve" type="ee" />
    <tlink event1="ei12" event2="ei14" relation="VAGUE" closed="false" origin="AllVagueSieve" type="ee" />
    <tlink event1="ei12" event2="ei15" relation="VAGUE" closed="false" origin="AllVagueSieve" type="ee" />
    <tlink event1="ei12" event2="ei16" relation="VAGUE" closed="false" origin="AllVagueSieve" type="ee" />
    <tlink event1="ei13" event2="ei17" relation="VAGUE" closed="false" origin="AllVagueSieve" type="ee" />
    <tlink event1="ei13" event2="ei18" relation="VAGUE" closed="false" origin="AllVagueSieve" type="ee" />
    <tlink event1="ei14" event2="ei17" relation="VAGUE" closed="false" origin="AllVagueSieve" type="ee" />
    <tlink event1="ei14" event2="ei18" relation="VAGUE" closed="false" origin="AllVagueSieve" type="ee" />
    <tlink event1="ei15" event2="ei17" relation="VAGUE" closed="false" origin="AllVagueSieve" type="ee" />
    <tlink event1="ei15" event2="ei18" relation="VAGUE" closed="false" origin="AllVagueSieve" type="ee" />
    <tlink event1="ei16" event2="ei17" relation="VAGUE" closed="false" origin="AllVagueSieve" type="ee" />
    <tlink event1="ei16" event2="ei18" relation="VAGUE" closed="false" origin="AllVagueSieve" type="ee" />
    <tlink event1="ei17" event2="ei19" relation="VAGUE" closed="false" origin="AllVagueSieve" type="ee" />
    <tlink event1="ei17" event2="ei20" relation="VAGUE" closed="false" origin="AllVagueSieve" type="ee" />
    <tlink event1="ei18" event2="ei19" relation="VAGUE" closed="false" origin="AllVagueSieve" type="ee" />
    <tlink event1="ei18" event2="ei20" relation="VAGUE" closed="false" origin="AllVagueSieve" type="ee" />
    <tlink event1="ei19" event2="ei21" relation="VAGUE" closed="false" origin="AllVagueSieve" type="ee" />
    <tlink event1="ei20" event2="ei21" relation="VAGUE" closed="false" origin="AllVagueSieve" type="ee" />
  </file>
</root>

