<?xml version="1.0" encoding="UTF-8"?>
<root xmlns="http://chambers.com/corpusinfo">
  <file name="9783732522033_000.txt">
    <entry sid="0" file="9783732522033_000.txt">
      <sentence>The storm howled and roared over forests and fields , bending the strongest trees so that they shook their crowns , which did not yet bear green leaves , and bending young saplings in the forests .</sentence>
      <tokens>
        <t>"" "The" " "</t>
        <t>" " "storm" " "</t>
        <t>" " "howled" " "</t>
        <t>" " "and" " "</t>
        <t>" " "roared" " "</t>
        <t>" " "over" " "</t>
        <t>" " "forests" " "</t>
        <t>" " "and" " "</t>
        <t>" " "fields" ""</t>
        <t>"" "," " "</t>
        <t>" " "bending" " "</t>
        <t>" " "the" " "</t>
        <t>" " "strongest" " "</t>
        <t>" " "trees" " "</t>
        <t>" " "so" " "</t>
        <t>" " "that" " "</t>
        <t>" " "they" " "</t>
        <t>" " "shook" " "</t>
        <t>" " "their" " "</t>
        <t>" " "crowns" ""</t>
        <t>"" "," " "</t>
        <t>" " "which" " "</t>
        <t>" " "did" " "</t>
        <t>" " "not" " "</t>
        <t>" " "yet" " "</t>
        <t>" " "bear" " "</t>
        <t>" " "green" " "</t>
        <t>" " "leaves" ""</t>
        <t>"" "," " "</t>
        <t>" " "and" " "</t>
        <t>" " "bending" " "</t>
        <t>" " "young" " "</t>
        <t>" " "saplings" " "</t>
        <t>" " "in" " "</t>
        <t>" " "the" " "</t>
        <t>" " "forests" ""</t>
        <t>"" "." " "</t>
      </tokens>
      <parse>(ROOT (S (NP (DT The) (NN storm)) (VP (VP (VBD howled)) (CC and) (VP (VBD roared) (PP (IN over) (NP (NNS forests) (CC and) (NNS fields))) (, ,) (S (VP (VP (VBG bending) (NP (DT the) (JJS strongest) (NNS trees)) (SBAR (RB so) (IN that) (S (NP (PRP they)) (VP (VBD shook) (NP (NP (PRP$ their) (NNS crowns)) (, ,) (SBAR (WHNP (WDT which)) (S (VP (VBD did) (RB not) (ADVP (RB yet)) (VP (VB bear) (NP (JJ green) (NNS leaves))))))))))) (, ,) (CC and) (VP (VBG bending) (NP (JJ young) (NNS saplings)) (PP (IN in) (NP (DT the) (NNS forests)))))))) (. .)))</parse>
      <deps>det(storm-2, The-1)
nsubj(howled-3, storm-2)
nsubj(roared-5, storm-2)
root(ROOT-0, howled-3)
conj_and(howled-3, roared-5)
prep_over(roared-5, forests-7)
prep_over(roared-5, fields-9)
conj_and(forests-7, fields-9)
ccomp(roared-5, bending-11)
det(trees-14, the-12)
amod(trees-14, strongest-13)
dobj(bending-11, trees-14)
advmod(shook-18, so-15)
mark(shook-18, that-16)
nsubj(shook-18, they-17)
advcl(bending-11, shook-18)
poss(crowns-20, their-19)
dobj(shook-18, crowns-20)
nsubj(bear-26, crowns-20)
aux(bear-26, did-23)
neg(bear-26, not-24)
advmod(bear-26, yet-25)
rcmod(crowns-20, bear-26)
amod(leaves-28, green-27)
dobj(bear-26, leaves-28)
ccomp(roared-5, bending-31)
conj_and(bending-11, bending-31)
amod(saplings-33, young-32)
dobj(bending-31, saplings-33)
det(forests-36, the-35)
prep_in(bending-31, forests-36)</deps>
      <events>
        <event id="e1" eiid="ei1" offset="3" string="howled" tense="PAST" aspect="NONE" class="OCCURRENCE" polarity="POS" modality="" happen="" lowerBoundDuration="" upperBoundDuration="" />
        <event id="e2" eiid="ei2" offset="5" string="roared" tense="PAST" aspect="NONE" class="OCCURRENCE" polarity="POS" modality="" happen="" lowerBoundDuration="" upperBoundDuration="" />
        <event id="e3" eiid="ei3" offset="11" string="bending" tense="PRESPART" aspect="NONE" class="OCCURRENCE" polarity="POS" modality="" happen="" lowerBoundDuration="" upperBoundDuration="" />
        <event id="e4" eiid="ei4" offset="18" string="shook" tense="PAST" aspect="NONE" class="OCCURRENCE" polarity="POS" modality="" happen="" lowerBoundDuration="" upperBoundDuration="" />
        <event id="e5" eiid="ei5" offset="26" string="bear" tense="NONE" aspect="NONE" class="OCCURRENCE" polarity="POS" modality="" happen="" lowerBoundDuration="" upperBoundDuration="" />
        <event id="e6" eiid="ei6" offset="31" string="bending" tense="PRESPART" aspect="NONE" class="OCCURRENCE" polarity="POS" modality="" happen="" lowerBoundDuration="" upperBoundDuration="" />
      </events>
      <timexes />
    </entry>
    <entry sid="1" file="9783732522033_000.txt">
      <sentence>Such a storm , which made the rain rain down at an angle , did not make a stay in the open air pleasant .</sentence>
      <tokens>
        <t>" " "Such" " "</t>
        <t>" " "a" " "</t>
        <t>" " "storm" ""</t>
        <t>"" "," " "</t>
        <t>" " "which" " "</t>
        <t>" " "made" " "</t>
        <t>" " "the" " "</t>
        <t>" " "rain" " "</t>
        <t>" " "rain" " "</t>
        <t>" " "down" " "</t>
        <t>" " "at" " "</t>
        <t>" " "an" " "</t>
        <t>" " "angle" ""</t>
        <t>"" "," " "</t>
        <t>" " "did" " "</t>
        <t>" " "not" " "</t>
        <t>" " "make" " "</t>
        <t>" " "a" " "</t>
        <t>" " "stay" " "</t>
        <t>" " "in" " "</t>
        <t>" " "the" " "</t>
        <t>" " "open" " "</t>
        <t>" " "air" " "</t>
        <t>" " "pleasant" ""</t>
        <t>"" "." " "</t>
      </tokens>
      <parse>(ROOT (S (NP (NP (PDT Such) (DT a) (NN storm)) (, ,) (SBAR (WHNP (WDT which)) (S (VP (VBD made) (NP (DT the) (NN rain) (NN rain)) (PRT (RP down)) (PP (IN at) (NP (DT an) (NN angle)))))) (, ,)) (VP (VBD did) (RB not) (VP (VB make) (NP (NP (DT a) (NN stay)) (PP (IN in) (NP (DT the) (JJ open) (NN air) (NN pleasant)))))) (. .)))</parse>
      <deps>predet(storm-3, Such-1)
det(storm-3, a-2)
nsubj(made-6, storm-3)
nsubj(make-17, storm-3)
rcmod(storm-3, made-6)
det(rain-9, the-7)
nn(rain-9, rain-8)
dobj(made-6, rain-9)
prt(made-6, down-10)
det(angle-13, an-12)
prep_at(made-6, angle-13)
aux(make-17, did-15)
neg(make-17, not-16)
root(ROOT-0, make-17)
det(stay-19, a-18)
dobj(make-17, stay-19)
det(pleasant-24, the-21)
amod(pleasant-24, open-22)
nn(pleasant-24, air-23)
prep_in(stay-19, pleasant-24)</deps>
      <events>
        <event id="e7" eiid="ei7" offset="6" string="made" tense="PAST" aspect="NONE" class="OCCURRENCE" polarity="POS" modality="" happen="" lowerBoundDuration="" upperBoundDuration="" />
        <event id="e8" eiid="ei8" offset="17" string="make" tense="PAST" aspect="NONE" class="OCCURRENCE" polarity="POS" modality="" happen="" lowerBoundDuration="" upperBoundDuration="" />
      </events>
      <timexes />
    </entry>
    <entry sid="2" file="9783732522033_000.txt">
      <sentence>This opinion was also shared by the driver of the motor vehicle , who steered a vehicle through the storm-tossed forest .</sentence>
      <tokens>
        <t>" " "This" " "</t>
        <t>" " "opinion" " "</t>
        <t>" " "was" " "</t>
        <t>" " "also" " "</t>
        <t>" " "shared" " "</t>
        <t>" " "by" " "</t>
        <t>" " "the" " "</t>
        <t>" " "driver" " "</t>
        <t>" " "of" " "</t>
        <t>" " "the" " "</t>
        <t>" " "motor" " "</t>
        <t>" " "vehicle" ""</t>
        <t>"" "," " "</t>
        <t>" " "who" " "</t>
        <t>" " "steered" " "</t>
        <t>" " "a" " "</t>
        <t>" " "vehicle" " "</t>
        <t>" " "through" " "</t>
        <t>" " "the" " "</t>
        <t>" " "storm-tossed" " "</t>
        <t>" " "forest" ""</t>
        <t>"" "." " "</t>
      </tokens>
      <parse>(ROOT (S (NP (DT This) (NN opinion)) (VP (VBD was) (ADVP (RB also)) (VP (VBN shared) (PP (IN by) (NP (NP (DT the) (NN driver)) (PP (IN of) (NP (NP (DT the) (NN motor) (NN vehicle)) (, ,) (SBAR (WHNP (WP who)) (S (VP (VBD steered) (NP (DT a) (NN vehicle)) (PP (IN through) (NP (DT the) (JJ storm-tossed) (NN forest)))))))))))) (. .)))</parse>
      <deps>det(opinion-2, This-1)
nsubjpass(shared-5, opinion-2)
auxpass(shared-5, was-3)
advmod(shared-5, also-4)
root(ROOT-0, shared-5)
det(driver-8, the-7)
agent(shared-5, driver-8)
det(vehicle-12, the-10)
nn(vehicle-12, motor-11)
prep_of(driver-8, vehicle-12)
nsubj(steered-15, vehicle-12)
rcmod(vehicle-12, steered-15)
det(vehicle-17, a-16)
dobj(steered-15, vehicle-17)
det(forest-21, the-19)
amod(forest-21, storm-tossed-20)
prep_through(steered-15, forest-21)</deps>
      <events>
        <event id="e9" eiid="ei9" offset="5" string="shared" tense="PAST" aspect="NONE" class="OCCURRENCE" polarity="POS" modality="" happen="" lowerBoundDuration="" upperBoundDuration="" />
        <event id="e10" eiid="ei10" offset="15" string="steered" tense="PAST" aspect="NONE" class="OCCURRENCE" polarity="POS" modality="" happen="" lowerBoundDuration="" upperBoundDuration="" />
      </events>
      <timexes />
    </entry>
    <entry sid="3" file="9783732522033_000.txt">
      <sentence>The truck drove slowly and carefully , for darkness had already fallen , and here and there a tree trunk bent by the storm lay across the path .</sentence>
      <tokens>
        <t>" " "The" " "</t>
        <t>" " "truck" " "</t>
        <t>" " "drove" " "</t>
        <t>" " "slowly" " "</t>
        <t>" " "and" " "</t>
        <t>" " "carefully" ""</t>
        <t>"" "," " "</t>
        <t>" " "for" " "</t>
        <t>" " "darkness" " "</t>
        <t>" " "had" " "</t>
        <t>" " "already" " "</t>
        <t>" " "fallen" ""</t>
        <t>"" "," " "</t>
        <t>" " "and" " "</t>
        <t>" " "here" " "</t>
        <t>" " "and" " "</t>
        <t>" " "there" " "</t>
        <t>" " "a" " "</t>
        <t>" " "tree" " "</t>
        <t>" " "trunk" " "</t>
        <t>" " "bent" " "</t>
        <t>" " "by" " "</t>
        <t>" " "the" " "</t>
        <t>" " "storm" " "</t>
        <t>" " "lay" " "</t>
        <t>" " "across" " "</t>
        <t>" " "the" " "</t>
        <t>" " "path" ""</t>
        <t>"" "." " "</t>
      </tokens>
      <parse>(ROOT (S (S (NP (DT The) (NN truck)) (VP (VBD drove) (ADVP (RB slowly) (CC and) (RB carefully)) (, ,) (SBAR (IN for) (S (NP (NNS darkness)) (VP (VBD had) (ADVP (RB already)) (VP (VBN fallen))))))) (, ,) (CC and) (S (NP (NP (ADVP (RB here) (CC and) (RB there)) (DT a) (NN tree) (NN trunk)) (ADJP (JJ bent) (PP (IN by) (NP (DT the) (NN storm))))) (VP (VBD lay) (PP (IN across) (NP (DT the) (NN path))))) (. .)))</parse>
      <deps>det(truck-2, The-1)
nsubj(drove-3, truck-2)
root(ROOT-0, drove-3)
advmod(drove-3, slowly-4)
advmod(drove-3, carefully-6)
conj_and(slowly-4, carefully-6)
mark(fallen-12, for-8)
nsubj(fallen-12, darkness-9)
aux(fallen-12, had-10)
advmod(fallen-12, already-11)
advcl(drove-3, fallen-12)
advmod(trunk-20, here-15)
conj_and(here-15, there-17)
advmod(trunk-20, there-17)
det(trunk-20, a-18)
nn(trunk-20, tree-19)
nsubj(lay-25, trunk-20)
amod(trunk-20, bent-21)
det(storm-24, the-23)
prep_by(bent-21, storm-24)
conj_and(drove-3, lay-25)
det(path-28, the-27)
prep_across(lay-25, path-28)</deps>
      <events>
        <event id="e11" eiid="ei11" offset="3" string="drove" tense="PAST" aspect="NONE" class="OCCURRENCE" polarity="POS" modality="" happen="" lowerBoundDuration="" upperBoundDuration="" />
        <event id="e12" eiid="ei12" offset="12" string="fallen" tense="PRESENT" aspect="NONE" class="OCCURRENCE" polarity="POS" modality="" happen="" lowerBoundDuration="" upperBoundDuration="" />
        <event id="e13" eiid="ei13" offset="25" string="lay" tense="PAST" aspect="NONE" class="OCCURRENCE" polarity="POS" modality="" happen="" lowerBoundDuration="" upperBoundDuration="" />
      </events>
      <timexes />
    </entry>
    <entry sid="4" file="9783732522033_000.txt">
      <sentence>Next to the driver sat a servant .</sentence>
      <tokens>
        <t>" " "Next" " "</t>
        <t>" " "to" " "</t>
        <t>" " "the" " "</t>
        <t>" " "driver" " "</t>
        <t>" " "sat" " "</t>
        <t>" " "a" " "</t>
        <t>" " "servant" ""</t>
        <t>"" "." " "</t>
      </tokens>
      <parse>(ROOT (S (NP (NP (NNP Next)) (PP (TO to) (NP (DT the) (NN driver)))) (VP (VBD sat) (NP (DT a) (NN servant))) (. .)))</parse>
      <deps>nsubj(sat-5, Next-1)
det(driver-4, the-3)
prep_to(Next-1, driver-4)
root(ROOT-0, sat-5)
det(servant-7, a-6)
dobj(sat-5, servant-7)</deps>
      <events>
        <event id="e14" eiid="ei14" offset="5" string="sat" tense="PAST" aspect="NONE" class="OCCURRENCE" polarity="POS" modality="" happen="" lowerBoundDuration="" upperBoundDuration="" />
      </events>
      <timexes />
    </entry>
    <entry sid="5" file="9783732522033_000.txt">
      <sentence>The latter had to get out repeatedly to clear the obstacles out of the way .</sentence>
      <tokens>
        <t>" " "The" " "</t>
        <t>" " "latter" " "</t>
        <t>" " "had" " "</t>
        <t>" " "to" " "</t>
        <t>" " "get" " "</t>
        <t>" " "out" " "</t>
        <t>" " "repeatedly" " "</t>
        <t>" " "to" " "</t>
        <t>" " "clear" " "</t>
        <t>" " "the" " "</t>
        <t>" " "obstacles" " "</t>
        <t>" " "out" " "</t>
        <t>" " "of" " "</t>
        <t>" " "the" " "</t>
        <t>" " "way" ""</t>
        <t>"" "." " "</t>
      </tokens>
      <parse>(ROOT (S (NP (DT The) (NN latter)) (VP (VBD had) (S (VP (TO to) (VP (VB get) (PRT (RP out)) (ADVP (RB repeatedly))))) (S (VP (TO to) (VP (VB clear) (NP (DT the) (NNS obstacles)) (PRT (RP out)) (PP (IN of) (NP (DT the) (NN way))))))) (. .)))</parse>
      <deps>det(latter-2, The-1)
nsubj(had-3, latter-2)
xsubj(get-5, latter-2)
xsubj(clear-9, latter-2)
root(ROOT-0, had-3)
aux(get-5, to-4)
xcomp(had-3, get-5)
prt(get-5, out-6)
advmod(get-5, repeatedly-7)
aux(clear-9, to-8)
xcomp(had-3, clear-9)
det(obstacles-11, the-10)
dobj(clear-9, obstacles-11)
det(way-15, the-14)
prep_out_of(clear-9, way-15)</deps>
      <events>
        <event id="e15" eiid="ei15" offset="5" string="get" tense="INFINITIVE" aspect="NONE" class="OCCURRENCE" polarity="POS" modality="" happen="" lowerBoundDuration="" upperBoundDuration="" />
        <event id="e16" eiid="ei16" offset="9" string="clear" tense="INFINITIVE" aspect="NONE" class="OCCURRENCE" polarity="POS" modality="" happen="" lowerBoundDuration="" upperBoundDuration="" />
      </events>
      <timexes />
    </entry>
    <entry sid="6" file="9783732522033_000.txt">
      <sentence>`` It 's like all the devils are out today , '' he said angrily .</sentence>
      <tokens>
        <t>" " """ ""</t>
        <t>"" "It" ""</t>
        <t>"" "'s" " "</t>
        <t>" " "like" " "</t>
        <t>" " "all" " "</t>
        <t>" " "the" " "</t>
        <t>" " "devils" " "</t>
        <t>" " "are" " "</t>
        <t>" " "out" " "</t>
        <t>" " "today" ""</t>
        <t>"" "," ""</t>
        <t>"" """ " "</t>
        <t>" " "he" " "</t>
        <t>" " "said" " "</t>
        <t>" " "angrily" ""</t>
        <t>"" "." " "</t>
      </tokens>
      <parse>(ROOT (S (`` ``) (S (NP (PRP It)) (VP (VBZ 's) (SBAR (IN like) (S (NP (PDT all) (DT the) (NNS devils)) (VP (VBP are) (ADVP (RB out)) (NP (NN today))))))) (, ,) ('' '') (NP (PRP he)) (VP (VBD said) (ADVP (RB angrily))) (. .)))</parse>
      <deps>nsubj('s-3, It-2)
ccomp(said-14, 's-3)
mark(today-10, like-4)
predet(devils-7, all-5)
det(devils-7, the-6)
nsubj(today-10, devils-7)
cop(today-10, are-8)
advmod(today-10, out-9)
advcl('s-3, today-10)
nsubj(said-14, he-13)
root(ROOT-0, said-14)
advmod(said-14, angrily-15)</deps>
      <events>
        <event id="e17" eiid="ei17" offset="14" string="said" tense="PAST" aspect="NONE" class="REPORTING" polarity="POS" modality="" happen="" lowerBoundDuration="" upperBoundDuration="" />
      </events>
      <timexes />
    </entry>
    <entry sid="7" file="9783732522033_000.txt">
      <sentence>`` Pure hell weather . ''</sentence>
      <tokens>
        <t>" " """ ""</t>
        <t>"" "Pure" " "</t>
        <t>" " "hell" " "</t>
        <t>" " "weather" ""</t>
        <t>"" "." ""</t>
        <t>"" """ " "</t>
      </tokens>
      <parse>(ROOT (S (`` ``) (NP (NNP Pure) (NNP hell)) (VP (VBP weather)) (. .) ('' '')))</parse>
      <deps>nn(hell-3, Pure-2)
nsubj(weather-4, hell-3)
root(ROOT-0, weather-4)</deps>
      <events />
      <timexes />
    </entry>
    <entry sid="8" file="9783732522033_000.txt">
      <sentence>They looked timidly at the motor vehicle , which meanwhile was parked by the road .</sentence>
      <tokens>
        <t>" " "They" " "</t>
        <t>" " "looked" " "</t>
        <t>" " "timidly" " "</t>
        <t>" " "at" " "</t>
        <t>" " "the" " "</t>
        <t>" " "motor" " "</t>
        <t>" " "vehicle" ""</t>
        <t>"" "," " "</t>
        <t>" " "which" " "</t>
        <t>" " "meanwhile" " "</t>
        <t>" " "was" " "</t>
        <t>" " "parked" " "</t>
        <t>" " "by" " "</t>
        <t>" " "the" " "</t>
        <t>" " "road" ""</t>
        <t>"" "." " "</t>
      </tokens>
      <parse>(ROOT (S (NP (PRP They)) (VP (VBD looked) (ADVP (RB timidly)) (PP (IN at) (NP (NP (DT the) (NN motor) (NN vehicle)) (, ,) (SBAR (WHNP (WDT which)) (S (ADVP (RB meanwhile)) (VP (VBD was) (VP (VBN parked) (PP (IN by) (NP (DT the) (NN road)))))))))) (. .)))</parse>
      <deps>nsubj(looked-2, They-1)
root(ROOT-0, looked-2)
advmod(looked-2, timidly-3)
det(vehicle-7, the-5)
nn(vehicle-7, motor-6)
prep_at(looked-2, vehicle-7)
nsubjpass(parked-12, vehicle-7)
advmod(parked-12, meanwhile-10)
auxpass(parked-12, was-11)
rcmod(vehicle-7, parked-12)
det(road-15, the-14)
agent(parked-12, road-15)</deps>
      <events>
        <event id="e18" eiid="ei18" offset="2" string="looked" tense="PAST" aspect="NONE" class="OCCURRENCE" polarity="POS" modality="" happen="" lowerBoundDuration="" upperBoundDuration="" />
        <event id="e19" eiid="ei19" offset="12" string="parked" tense="PAST" aspect="NONE" class="OCCURRENCE" polarity="POS" modality="" happen="" lowerBoundDuration="" upperBoundDuration="" />
      </events>
      <timexes />
    </entry>
    <entry sid="9" file="9783732522033_000.txt">
      <sentence>For a moment a pale man 's face had appeared at the window of the vehicle , from which the eyes looked gloomy .</sentence>
      <tokens>
        <t>" " "For" " "</t>
        <t>" " "a" " "</t>
        <t>" " "moment" " "</t>
        <t>" " "a" " "</t>
        <t>" " "pale" " "</t>
        <t>" " "man" ""</t>
        <t>"" "'s" " "</t>
        <t>" " "face" " "</t>
        <t>" " "had" " "</t>
        <t>" " "appeared" " "</t>
        <t>" " "at" " "</t>
        <t>" " "the" " "</t>
        <t>" " "window" " "</t>
        <t>" " "of" " "</t>
        <t>" " "the" " "</t>
        <t>" " "vehicle" ""</t>
        <t>"" "," " "</t>
        <t>" " "from" " "</t>
        <t>" " "which" " "</t>
        <t>" " "the" " "</t>
        <t>" " "eyes" " "</t>
        <t>" " "looked" " "</t>
        <t>" " "gloomy" ""</t>
        <t>"" "." " "</t>
      </tokens>
      <parse>(ROOT (S (PP (IN For) (NP (DT a) (NN moment))) (NP (NP (DT a) (JJ pale) (NN man) (POS 's)) (NN face)) (VP (VBD had) (VP (VBN appeared) (PP (IN at) (NP (NP (DT the) (NN window)) (PP (IN of) (NP (NP (DT the) (NN vehicle)) (, ,) (SBAR (WHPP (IN from) (WHNP (WDT which))) (S (NP (DT the) (NNS eyes)) (VP (VBD looked) (ADJP (JJ gloomy))))))))))) (. .)))</parse>
      <deps>det(moment-3, a-2)
prep_for(appeared-10, moment-3)
det(man-6, a-4)
amod(man-6, pale-5)
poss(face-8, man-6)
nsubj(appeared-10, face-8)
aux(appeared-10, had-9)
root(ROOT-0, appeared-10)
det(window-13, the-12)
prep_at(appeared-10, window-13)
det(vehicle-16, the-15)
prep_of(window-13, vehicle-16)
prep_from(looked-22, vehicle-16)
rel(looked-22, from-18)
det(eyes-21, the-20)
nsubj(looked-22, eyes-21)
rcmod(vehicle-16, looked-22)
acomp(looked-22, gloomy-23)</deps>
      <events>
        <event id="e20" eiid="ei20" offset="10" string="appeared" tense="PAST" aspect="PERFECTIVE" class="OCCURRENCE" polarity="POS" modality="" happen="" lowerBoundDuration="" upperBoundDuration="" />
        <event id="e21" eiid="ei21" offset="22" string="looked" tense="PAST" aspect="NONE" class="OCCURRENCE" polarity="POS" modality="" happen="" lowerBoundDuration="" upperBoundDuration="" />
      </events>
      <timexes />
    </entry>
    <entry sid="10" file="9783732522033_000.txt">
      <sentence>The occupant of the car had apparently leaned back into the cushions again apathetically , when the way was clear again .</sentence>
      <tokens>
        <t>" " "The" " "</t>
        <t>" " "occupant" " "</t>
        <t>" " "of" " "</t>
        <t>" " "the" " "</t>
        <t>" " "car" " "</t>
        <t>" " "had" " "</t>
        <t>" " "apparently" " "</t>
        <t>" " "leaned" " "</t>
        <t>" " "back" " "</t>
        <t>" " "into" " "</t>
        <t>" " "the" " "</t>
        <t>" " "cushions" " "</t>
        <t>" " "again" " "</t>
        <t>" " "apathetically" ""</t>
        <t>"" "," " "</t>
        <t>" " "when" " "</t>
        <t>" " "the" " "</t>
        <t>" " "way" " "</t>
        <t>" " "was" " "</t>
        <t>" " "clear" " "</t>
        <t>" " "again" ""</t>
        <t>"" "." " "</t>
      </tokens>
      <parse>(ROOT (S (NP (NP (DT The) (NN occupant)) (PP (IN of) (NP (DT the) (NN car)))) (VP (VBD had) (VP (ADVP (RB apparently)) (VBN leaned) (PRT (RP back)) (PP (IN into) (NP (NP (DT the) (NNS cushions)) (ADVP (RB again)))) (ADVP (RB apathetically)) (, ,) (SBAR (WHADVP (WRB when)) (S (NP (DT the) (NN way)) (VP (VBD was) (ADJP (JJ clear)) (ADVP (RB again))))))) (. .)))</parse>
      <deps>det(occupant-2, The-1)
nsubj(leaned-8, occupant-2)
det(car-5, the-4)
prep_of(occupant-2, car-5)
aux(leaned-8, had-6)
advmod(leaned-8, apparently-7)
root(ROOT-0, leaned-8)
prt(leaned-8, back-9)
det(cushions-12, the-11)
prep_into(leaned-8, cushions-12)
advmod(cushions-12, again-13)
advmod(leaned-8, apathetically-14)
advmod(clear-20, when-16)
det(way-18, the-17)
nsubj(clear-20, way-18)
cop(clear-20, was-19)
advcl(leaned-8, clear-20)
advmod(clear-20, again-21)</deps>
      <events>
        <event id="e22" eiid="ei22" offset="8" string="leaned" tense="PAST" aspect="NONE" class="OCCURRENCE" polarity="POS" modality="" happen="" lowerBoundDuration="" upperBoundDuration="" />
      </events>
      <timexes />
    </entry>
    <entry sid="11" file="9783732522033_000.txt">
      <sentence>And soon the car drove out of the forest and up a gradually rising hill .</sentence>
      <tokens>
        <t>" " "And" " "</t>
        <t>" " "soon" " "</t>
        <t>" " "the" " "</t>
        <t>" " "car" " "</t>
        <t>" " "drove" " "</t>
        <t>" " "out" " "</t>
        <t>" " "of" " "</t>
        <t>" " "the" " "</t>
        <t>" " "forest" " "</t>
        <t>" " "and" " "</t>
        <t>" " "up" " "</t>
        <t>" " "a" " "</t>
        <t>" " "gradually" " "</t>
        <t>" " "rising" " "</t>
        <t>" " "hill" ""</t>
        <t>"" "." ""</t>
      </tokens>
      <parse>(ROOT (S (CC And) (ADVP (RB soon)) (NP (DT the) (NN car)) (VP (VBD drove) (PRT (RP out)) (PP (PP (IN of) (NP (DT the) (NN forest))) (CC and) (PP (IN up) (NP (DT a) (NN gradually) (VBG rising) (NN hill))))) (. .)))</parse>
      <deps>advmod(drove-5, soon-2)
det(car-4, the-3)
nsubj(drove-5, car-4)
root(ROOT-0, drove-5)
det(forest-9, the-8)
prep_out_of(drove-5, forest-9)
conj_and(drove-5, up-11)
det(hill-15, a-12)
nn(hill-15, gradually-13)
amod(hill-15, rising-14)
pobj(up-11, hill-15)</deps>
      <events>
        <event id="e23" eiid="ei23" offset="5" string="drove" tense="PAST" aspect="NONE" class="OCCURRENCE" polarity="POS" modality="" happen="" lowerBoundDuration="" upperBoundDuration="" />
      </events>
      <timexes />
    </entry>
    <tlink event1="ei18" event2="ei20" relation="AFTER" closed="false" origin="ReichenbachDG13" type="ee" />
    <tlink event1="ei19" event2="ei20" relation="AFTER" closed="false" origin="ReichenbachDG13" type="ee" />
    <tlink event1="ei20" event2="ei21" relation="BEFORE" closed="false" origin="ReichenbachDG13" type="ee" />
    <tlink event1="ei20" event2="ei22" relation="BEFORE" closed="false" origin="ReichenbachDG13" type="ee" />
    <tlink event1="ei1" event2="ei2" relation="VAGUE" closed="false" origin="XCompDepSieve" type="ee" />
    <tlink event1="ei3" event2="ei6" relation="VAGUE" closed="false" origin="XCompDepSieve" type="ee" />
    <tlink event1="ei11" event2="ei13" relation="VAGUE" closed="false" origin="XCompDepSieve" type="ee" />
    <tlink event1="ei7" event2="ei8" relation="VAGUE" closed="false" origin="WordNet209" type="ee" />
    <tlink event1="ei18" event2="ei21" relation="VAGUE" closed="false" origin="WordNet209" type="ee" />
    <tlink event1="ei2" event2="ei3" relation="BEFORE" closed="false" origin="MLEventEventDominates" type="ee" />
    <tlink event1="ei2" event2="ei4" relation="BEFORE" closed="false" origin="MLEventEventDominates" type="ee" />
    <tlink event1="ei2" event2="ei5" relation="BEFORE" closed="false" origin="MLEventEventDominates" type="ee" />
    <tlink event1="ei2" event2="ei6" relation="BEFORE" closed="false" origin="MLEventEventDominates" type="ee" />
    <tlink event1="ei3" event2="ei4" relation="VAGUE" closed="false" origin="MLEventEventDominates" type="ee" />
    <tlink event1="ei3" event2="ei5" relation="VAGUE" closed="false" origin="MLEventEventDominates" type="ee" />
    <tlink event1="ei4" event2="ei5" relation="VAGUE" closed="false" origin="MLEventEventDominates" type="ee" />
    <tlink event1="ei9" event2="ei10" relation="VAGUE" closed="false" origin="MLEventEventDominates" type="ee" />
    <tlink event1="ei11" event2="ei12" relation="AFTER" closed="false" origin="MLEventEventDominates" type="ee" />
    <tlink event1="ei18" event2="ei19" relation="AFTER" closed="false" origin="MLEventEventDominates" type="ee" />
    <tlink event1="ei1" event2="ei3" relation="VAGUE" closed="false" origin="MLEventEventSameSent" type="ee" />
    <tlink event1="ei1" event2="ei4" relation="VAGUE" closed="false" origin="MLEventEventSameSent" type="ee" />
    <tlink event1="ei1" event2="ei5" relation="VAGUE" closed="false" origin="MLEventEventSameSent" type="ee" />
    <tlink event1="ei1" event2="ei6" relation="VAGUE" closed="false" origin="MLEventEventSameSent" type="ee" />
    <tlink event1="ei4" event2="ei6" relation="VAGUE" closed="false" origin="MLEventEventSameSent" type="ee" />
    <tlink event1="ei5" event2="ei6" relation="VAGUE" closed="false" origin="MLEventEventSameSent" type="ee" />
    <tlink event1="ei12" event2="ei13" relation="VAGUE" closed="false" origin="MLEventEventSameSent" type="ee" />
    <tlink event1="ei15" event2="ei16" relation="VAGUE" closed="false" origin="MLEventEventSameSent" type="ee" />
    <tlink event1="ei1" event2="ei7" relation="VAGUE" closed="false" origin="AllVagueSieve" type="ee" />
    <tlink event1="ei1" event2="ei8" relation="VAGUE" closed="false" origin="AllVagueSieve" type="ee" />
    <tlink event1="ei2" event2="ei7" relation="VAGUE" closed="false" origin="AllVagueSieve" type="ee" />
    <tlink event1="ei2" event2="ei8" relation="VAGUE" closed="false" origin="AllVagueSieve" type="ee" />
    <tlink event1="ei3" event2="ei7" relation="VAGUE" closed="false" origin="AllVagueSieve" type="ee" />
    <tlink event1="ei3" event2="ei8" relation="VAGUE" closed="false" origin="AllVagueSieve" type="ee" />
    <tlink event1="ei4" event2="ei7" relation="VAGUE" closed="false" origin="AllVagueSieve" type="ee" />
    <tlink event1="ei4" event2="ei8" relation="VAGUE" closed="false" origin="AllVagueSieve" type="ee" />
    <tlink event1="ei5" event2="ei7" relation="VAGUE" closed="false" origin="AllVagueSieve" type="ee" />
    <tlink event1="ei5" event2="ei8" relation="VAGUE" closed="false" origin="AllVagueSieve" type="ee" />
    <tlink event1="ei6" event2="ei7" relation="VAGUE" closed="false" origin="AllVagueSieve" type="ee" />
    <tlink event1="ei6" event2="ei8" relation="VAGUE" closed="false" origin="AllVagueSieve" type="ee" />
    <tlink event1="ei7" event2="ei9" relation="VAGUE" closed="false" origin="AllVagueSieve" type="ee" />
    <tlink event1="ei7" event2="ei10" relation="VAGUE" closed="false" origin="AllVagueSieve" type="ee" />
    <tlink event1="ei8" event2="ei9" relation="VAGUE" closed="false" origin="AllVagueSieve" type="ee" />
    <tlink event1="ei8" event2="ei10" relation="VAGUE" closed="false" origin="AllVagueSieve" type="ee" />
    <tlink event1="ei9" event2="ei11" relation="VAGUE" closed="false" origin="AllVagueSieve" type="ee" />
    <tlink event1="ei9" event2="ei12" relation="VAGUE" closed="false" origin="AllVagueSieve" type="ee" />
    <tlink event1="ei9" event2="ei13" relation="VAGUE" closed="false" origin="AllVagueSieve" type="ee" />
    <tlink event1="ei10" event2="ei11" relation="VAGUE" closed="false" origin="AllVagueSieve" type="ee" />
    <tlink event1="ei10" event2="ei12" relation="VAGUE" closed="false" origin="AllVagueSieve" type="ee" />
    <tlink event1="ei10" event2="ei13" relation="VAGUE" closed="false" origin="AllVagueSieve" type="ee" />
    <tlink event1="ei11" event2="ei14" relation="VAGUE" closed="false" origin="AllVagueSieve" type="ee" />
    <tlink event1="ei12" event2="ei14" relation="VAGUE" closed="false" origin="AllVagueSieve" type="ee" />
    <tlink event1="ei13" event2="ei14" relation="VAGUE" closed="false" origin="AllVagueSieve" type="ee" />
    <tlink event1="ei14" event2="ei15" relation="VAGUE" closed="false" origin="AllVagueSieve" type="ee" />
    <tlink event1="ei14" event2="ei16" relation="VAGUE" closed="false" origin="AllVagueSieve" type="ee" />
    <tlink event1="ei15" event2="ei17" relation="VAGUE" closed="false" origin="AllVagueSieve" type="ee" />
    <tlink event1="ei16" event2="ei17" relation="VAGUE" closed="false" origin="AllVagueSieve" type="ee" />
    <tlink event1="ei19" event2="ei21" relation="VAGUE" closed="false" origin="AllVagueSieve" type="ee" />
    <tlink event1="ei21" event2="ei22" relation="VAGUE" closed="false" origin="AllVagueSieve" type="ee" />
    <tlink event1="ei22" event2="ei23" relation="VAGUE" closed="false" origin="AllVagueSieve" type="ee" />
  </file>
</root>

