<?xml version="1.0" encoding="UTF-8"?>
<root xmlns="http://chambers.com/corpusinfo">
  <file name="9783732535200_017.txt">
    <entry sid="0" file="9783732535200_017.txt">
      <sentence>He needed to calm down so he did n't do anything rash .</sentence>
      <tokens>
        <t>"" "He" " "</t>
        <t>" " "needed" " "</t>
        <t>" " "to" " "</t>
        <t>" " "calm" " "</t>
        <t>" " "down" " "</t>
        <t>" " "so" " "</t>
        <t>" " "he" " "</t>
        <t>" " "did" ""</t>
        <t>"" "n't" " "</t>
        <t>" " "do" " "</t>
        <t>" " "anything" " "</t>
        <t>" " "rash" ""</t>
        <t>"" "." " "</t>
      </tokens>
      <parse>(ROOT (S (NP (PRP He)) (VP (VBD needed) (S (VP (TO to) (VP (VB calm) (PRT (RP down)) (SBAR (IN so) (S (NP (PRP he)) (VP (VBD did) (RB n't) (VP (VB do) (NP (NN anything) (NN rash)))))))))) (. .)))</parse>
      <deps>nsubj(needed-2, He-1)
xsubj(calm-4, He-1)
root(ROOT-0, needed-2)
aux(calm-4, to-3)
xcomp(needed-2, calm-4)
prt(calm-4, down-5)
mark(do-10, so-6)
nsubj(do-10, he-7)
aux(do-10, did-8)
neg(do-10, n't-9)
advcl(calm-4, do-10)
nn(rash-12, anything-11)
dobj(do-10, rash-12)</deps>
      <events>
        <event id="e1" eiid="ei1" offset="2" string="needed" tense="PAST" aspect="NONE" class="I_ACTION" polarity="POS" modality="" happen="" lowerBoundDuration="" upperBoundDuration="" />
        <event id="e2" eiid="ei2" offset="4" string="calm" tense="INFINITIVE" aspect="NONE" class="OCCURRENCE" polarity="POS" modality="" happen="" lowerBoundDuration="" upperBoundDuration="" />
        <event id="e3" eiid="ei3" offset="10" string="do" tense="PAST" aspect="NONE" class="OCCURRENCE" polarity="POS" modality="" happen="" lowerBoundDuration="" upperBoundDuration="" />
      </events>
      <timexes />
    </entry>
    <entry sid="1" file="9783732535200_017.txt">
      <sentence>Corman let himself sink into an armchair .</sentence>
      <tokens>
        <t>" " "Corman" " "</t>
        <t>" " "let" " "</t>
        <t>" " "himself" " "</t>
        <t>" " "sink" " "</t>
        <t>" " "into" " "</t>
        <t>" " "an" " "</t>
        <t>" " "armchair" ""</t>
        <t>"" "." " "</t>
      </tokens>
      <parse>(ROOT (S (NP (NNP Corman)) (VP (VBP let) (S (NP (PRP himself)) (VP (VB sink) (PP (IN into) (NP (DT an) (NN armchair)))))) (. .)))</parse>
      <deps>nsubj(let-2, Corman-1)
root(ROOT-0, let-2)
nsubj(sink-4, himself-3)
ccomp(let-2, sink-4)
det(armchair-7, an-6)
prep_into(sink-4, armchair-7)</deps>
      <events>
        <event id="e4" eiid="ei4" offset="4" string="sink" tense="PRESENT" aspect="NONE" class="OCCURRENCE" polarity="POS" modality="" happen="" lowerBoundDuration="" upperBoundDuration="" />
      </events>
      <timexes />
    </entry>
    <entry sid="2" file="9783732535200_017.txt">
      <sentence>To distract himself , he turned on the television .</sentence>
      <tokens>
        <t>" " "To" " "</t>
        <t>" " "distract" " "</t>
        <t>" " "himself" ""</t>
        <t>"" "," " "</t>
        <t>" " "he" " "</t>
        <t>" " "turned" " "</t>
        <t>" " "on" " "</t>
        <t>" " "the" " "</t>
        <t>" " "television" ""</t>
        <t>"" "." " "</t>
      </tokens>
      <parse>(ROOT (S (S (VP (TO To) (VP (VB distract) (NP (PRP himself))))) (, ,) (NP (PRP he)) (VP (VBD turned) (PP (IN on) (NP (DT the) (NN television)))) (. .)))</parse>
      <deps>aux(distract-2, To-1)
advcl(turned-6, distract-2)
dobj(distract-2, himself-3)
nsubj(turned-6, he-5)
root(ROOT-0, turned-6)
det(television-9, the-8)
prep_on(turned-6, television-9)</deps>
      <events>
        <event id="e5" eiid="ei5" offset="2" string="distract" tense="INFINITIVE" aspect="NONE" class="OCCURRENCE" polarity="POS" modality="" happen="" lowerBoundDuration="" upperBoundDuration="" />
        <event id="e6" eiid="ei6" offset="6" string="turned" tense="PAST" aspect="NONE" class="I_STATE" polarity="POS" modality="" happen="" lowerBoundDuration="" upperBoundDuration="" />
      </events>
      <timexes />
    </entry>
    <entry sid="3" file="9783732535200_017.txt">
      <sentence>Without much interest , he zapped through the programs until a report on the CNN news channel suddenly caught his attention .</sentence>
      <tokens>
        <t>" " "Without" " "</t>
        <t>" " "much" " "</t>
        <t>" " "interest" ""</t>
        <t>"" "," " "</t>
        <t>" " "he" " "</t>
        <t>" " "zapped" " "</t>
        <t>" " "through" " "</t>
        <t>" " "the" " "</t>
        <t>" " "programs" " "</t>
        <t>" " "until" " "</t>
        <t>" " "a" " "</t>
        <t>" " "report" " "</t>
        <t>" " "on" " "</t>
        <t>" " "the" " "</t>
        <t>" " "CNN" " "</t>
        <t>" " "news" " "</t>
        <t>" " "channel" " "</t>
        <t>" " "suddenly" " "</t>
        <t>" " "caught" " "</t>
        <t>" " "his" " "</t>
        <t>" " "attention" ""</t>
        <t>"" "." " "</t>
      </tokens>
      <parse>(ROOT (S (PP (IN Without) (NP (JJ much) (NN interest))) (, ,) (NP (PRP he)) (VP (VBD zapped) (PP (IN through) (NP (DT the) (NNS programs))) (SBAR (IN until) (S (NP (NP (DT a) (NN report)) (PP (IN on) (NP (DT the) (NNP CNN) (NN news) (NN channel)))) (ADVP (RB suddenly)) (VP (VBD caught) (NP (PRP$ his) (NN attention)))))) (. .)))</parse>
      <deps>amod(interest-3, much-2)
prep_without(zapped-6, interest-3)
nsubj(zapped-6, he-5)
root(ROOT-0, zapped-6)
det(programs-9, the-8)
prep_through(zapped-6, programs-9)
mark(caught-19, until-10)
det(report-12, a-11)
nsubj(caught-19, report-12)
det(channel-17, the-14)
nn(channel-17, CNN-15)
nn(channel-17, news-16)
prep_on(report-12, channel-17)
advmod(caught-19, suddenly-18)
advcl(zapped-6, caught-19)
poss(attention-21, his-20)
dobj(caught-19, attention-21)</deps>
      <events>
        <event id="e7" eiid="ei7" offset="6" string="zapped" tense="PAST" aspect="NONE" class="OCCURRENCE" polarity="POS" modality="" happen="" lowerBoundDuration="" upperBoundDuration="" />
        <event id="e8" eiid="ei8" offset="19" string="caught" tense="PAST" aspect="NONE" class="OCCURRENCE" polarity="POS" modality="" happen="" lowerBoundDuration="" upperBoundDuration="" />
      </events>
      <timexes />
    </entry>
    <entry sid="4" file="9783732535200_017.txt">
      <sentence>It was about DINO-LAND and what would happen to Las Vegas , which had been swallowed up by the primeval jungle two years ago .</sentence>
      <tokens>
        <t>" " "It" " "</t>
        <t>" " "was" " "</t>
        <t>" " "about" " "</t>
        <t>" " "DINO-LAND" " "</t>
        <t>" " "and" " "</t>
        <t>" " "what" " "</t>
        <t>" " "would" " "</t>
        <t>" " "happen" " "</t>
        <t>" " "to" " "</t>
        <t>" " "Las" " "</t>
        <t>" " "Vegas" ""</t>
        <t>"" "," " "</t>
        <t>" " "which" " "</t>
        <t>" " "had" " "</t>
        <t>" " "been" " "</t>
        <t>" " "swallowed" " "</t>
        <t>" " "up" " "</t>
        <t>" " "by" " "</t>
        <t>" " "the" " "</t>
        <t>" " "primeval" " "</t>
        <t>" " "jungle" " "</t>
        <t>" " "two" " "</t>
        <t>" " "years" " "</t>
        <t>" " "ago" ""</t>
        <t>"" "." " "</t>
      </tokens>
      <parse>(ROOT (S (NP (PRP It)) (VP (VBD was) (UCP (PP (IN about) (NP (NNP DINO-LAND))) (CC and) (SBAR (WHNP (WP what)) (S (VP (MD would) (VP (VB happen) (PP (TO to) (NP (NP (NNP Las) (NNP Vegas)) (, ,) (SBAR (WHNP (WDT which)) (S (VP (VBD had) (VP (VBN been) (VP (VBN swallowed) (PRT (RP up)) (PP (IN by) (NP (NP (DT the) (JJ primeval) (NN jungle)) (ADVP (NP (CD two) (NNS years)) (RB ago))))))))))))))))) (. .)))</parse>
      <deps>nsubj(was-2, It-1)
root(ROOT-0, was-2)
dep(was-2, about-3)
pobj(about-3, DINO-LAND-4)
nsubj(happen-8, what-6)
aux(happen-8, would-7)
dep(was-2, happen-8)
conj_and(about-3, happen-8)
nn(Vegas-11, Las-10)
prep_to(happen-8, Vegas-11)
nsubjpass(swallowed-16, Vegas-11)
aux(swallowed-16, had-14)
auxpass(swallowed-16, been-15)
rcmod(Vegas-11, swallowed-16)
prt(swallowed-16, up-17)
det(jungle-21, the-19)
amod(jungle-21, primeval-20)
agent(swallowed-16, jungle-21)
num(years-23, two-22)
npadvmod(ago-24, years-23)
advmod(jungle-21, ago-24)</deps>
      <events>
        <event id="e9" eiid="ei9" offset="8" string="happen" tense="NONE" aspect="NONE" class="I_ACTION" polarity="POS" modality="" happen="" lowerBoundDuration="" upperBoundDuration="" />
        <event id="e10" eiid="ei10" offset="16" string="swallowed" tense="PAST" aspect="PERFECTIVE" class="OCCURRENCE" polarity="POS" modality="" happen="" lowerBoundDuration="" upperBoundDuration="" />
      </events>
      <timexes>
        <timex tid="t1" text="two years" offset="22" length="2" type="DURATION" value="P2Y" temporalFunction="false" />
      </timexes>
    </entry>
    <entry sid="5" file="9783732535200_017.txt">
      <sentence>Corman only got the last part of the message , so he did n't really understand the overall context .</sentence>
      <tokens>
        <t>" " "Corman" " "</t>
        <t>" " "only" " "</t>
        <t>" " "got" " "</t>
        <t>" " "the" " "</t>
        <t>" " "last" " "</t>
        <t>" " "part" " "</t>
        <t>" " "of" " "</t>
        <t>" " "the" " "</t>
        <t>" " "message" ""</t>
        <t>"" "," " "</t>
        <t>" " "so" " "</t>
        <t>" " "he" " "</t>
        <t>" " "did" ""</t>
        <t>"" "n't" " "</t>
        <t>" " "really" " "</t>
        <t>" " "understand" " "</t>
        <t>" " "the" " "</t>
        <t>" " "overall" " "</t>
        <t>" " "context" ""</t>
        <t>"" "." " "</t>
      </tokens>
      <parse>(ROOT (S (S (NP (NNP Corman)) (ADVP (RB only)) (VP (VBD got) (NP (NP (DT the) (JJ last) (NN part)) (PP (IN of) (NP (DT the) (NN message)))))) (, ,) (IN so) (S (NP (PRP he)) (VP (VBD did) (RB n't) (ADVP (RB really)) (VP (VB understand) (NP (DT the) (JJ overall) (NN context))))) (. .)))</parse>
      <deps>nsubj(got-3, Corman-1)
advmod(got-3, only-2)
root(ROOT-0, got-3)
det(part-6, the-4)
amod(part-6, last-5)
dobj(got-3, part-6)
det(message-9, the-8)
prep_of(part-6, message-9)
dep(got-3, so-11)
nsubj(understand-16, he-12)
aux(understand-16, did-13)
neg(understand-16, n't-14)
advmod(understand-16, really-15)
ccomp(got-3, understand-16)
parataxis(got-3, understand-16)
det(context-19, the-17)
amod(context-19, overall-18)
dobj(understand-16, context-19)</deps>
      <events>
        <event id="e11" eiid="ei11" offset="3" string="got" tense="PAST" aspect="NONE" class="OCCURRENCE" polarity="POS" modality="" happen="" lowerBoundDuration="" upperBoundDuration="" />
        <event id="e12" eiid="ei12" offset="16" string="understand" tense="NONE" aspect="NONE" class="OCCURRENCE" polarity="POS" modality="" happen="" lowerBoundDuration="" upperBoundDuration="" />
      </events>
      <timexes />
    </entry>
    <entry sid="6" file="9783732535200_017.txt">
      <sentence>Therefore , he kept the channel tuned and waited for the report to be repeated .</sentence>
      <tokens>
        <t>" " "Therefore" ""</t>
        <t>"" "," " "</t>
        <t>" " "he" " "</t>
        <t>" " "kept" " "</t>
        <t>" " "the" " "</t>
        <t>" " "channel" " "</t>
        <t>" " "tuned" " "</t>
        <t>" " "and" " "</t>
        <t>" " "waited" " "</t>
        <t>" " "for" " "</t>
        <t>" " "the" " "</t>
        <t>" " "report" " "</t>
        <t>" " "to" " "</t>
        <t>" " "be" " "</t>
        <t>" " "repeated" ""</t>
        <t>"" "." " "</t>
      </tokens>
      <parse>(ROOT (S (ADVP (RB Therefore)) (, ,) (NP (PRP he)) (VP (VP (VBD kept) (S (NP (DT the) (NN channel)) (ADJP (VBN tuned)))) (CC and) (VP (VBD waited) (PP (IN for) (NP (DT the) (NN report))) (S (VP (TO to) (VP (VB be) (VP (VBN repeated))))))) (. .)))</parse>
      <deps>advmod(kept-4, Therefore-1)
nsubj(kept-4, he-3)
nsubj(waited-9, he-3)
xsubj(repeated-15, he-3)
root(ROOT-0, kept-4)
det(channel-6, the-5)
nsubj(tuned-7, channel-6)
xcomp(kept-4, tuned-7)
conj_and(kept-4, waited-9)
det(report-12, the-11)
prep_for(waited-9, report-12)
aux(repeated-15, to-13)
auxpass(repeated-15, be-14)
xcomp(waited-9, repeated-15)</deps>
      <events>
        <event id="e13" eiid="ei13" offset="4" string="kept" tense="PAST" aspect="NONE" class="I_ACTION" polarity="POS" modality="" happen="" lowerBoundDuration="" upperBoundDuration="" />
        <event id="e14" eiid="ei14" offset="9" string="waited" tense="PAST" aspect="NONE" class="OCCURRENCE" polarity="POS" modality="" happen="" lowerBoundDuration="" upperBoundDuration="" />
        <event id="e15" eiid="ei15" offset="15" string="repeated" tense="PASTPART" aspect="NONE" class="OCCURRENCE" polarity="POS" modality="" happen="" lowerBoundDuration="" upperBoundDuration="" />
      </events>
      <timexes />
    </entry>
    <entry sid="7" file="9783732535200_017.txt">
      <sentence>He had to be patient for half an hour , but it was worth the wait .</sentence>
      <tokens>
        <t>" " "He" " "</t>
        <t>" " "had" " "</t>
        <t>" " "to" " "</t>
        <t>" " "be" " "</t>
        <t>" " "patient" " "</t>
        <t>" " "for" " "</t>
        <t>" " "half" " "</t>
        <t>" " "an" " "</t>
        <t>" " "hour" ""</t>
        <t>"" "," " "</t>
        <t>" " "but" " "</t>
        <t>" " "it" " "</t>
        <t>" " "was" " "</t>
        <t>" " "worth" " "</t>
        <t>" " "the" " "</t>
        <t>" " "wait" ""</t>
        <t>"" "." " "</t>
      </tokens>
      <parse>(ROOT (S (S (NP (PRP He)) (VP (VBD had) (S (VP (TO to) (VP (VB be) (ADJP (JJ patient)) (PP (IN for) (NP (QP (PDT half) (DT an) (NN hour))))))))) (, ,) (CC but) (S (NP (PRP it)) (VP (VBD was) (PP (IN worth) (NP (DT the) (NN wait))))) (. .)))</parse>
      <deps>nsubj(had-2, He-1)
xsubj(patient-5, He-1)
root(ROOT-0, had-2)
aux(patient-5, to-3)
cop(patient-5, be-4)
xcomp(had-2, patient-5)
quantmod(hour-9, half-7)
quantmod(hour-9, an-8)
prep_for(patient-5, hour-9)
nsubj(was-13, it-12)
conj_but(had-2, was-13)
det(wait-16, the-15)
prep_worth(was-13, wait-16)</deps>
      <events>
        <event id="e16" eiid="ei16" offset="5" string="patient" tense="PRESENT" aspect="NONE" class="STATE" polarity="POS" modality="" happen="" lowerBoundDuration="" upperBoundDuration="" />
      </events>
      <timexes>
        <timex tid="t2" text="an hour" offset="8" length="2" type="DURATION" value="PT1H" temporalFunction="false" />
      </timexes>
    </entry>
    <entry sid="8" file="9783732535200_017.txt">
      <sentence>Alleged evidence was reported that the vanished lands were not destroyed and the missing people were not necessarily dead , but that there had been an exchange between the past and the present that continued with each successive timequake .</sentence>
      <tokens>
        <t>" " "Alleged" " "</t>
        <t>" " "evidence" " "</t>
        <t>" " "was" " "</t>
        <t>" " "reported" " "</t>
        <t>" " "that" " "</t>
        <t>" " "the" " "</t>
        <t>" " "vanished" " "</t>
        <t>" " "lands" " "</t>
        <t>" " "were" " "</t>
        <t>" " "not" " "</t>
        <t>" " "destroyed" " "</t>
        <t>" " "and" " "</t>
        <t>" " "the" " "</t>
        <t>" " "missing" " "</t>
        <t>" " "people" " "</t>
        <t>" " "were" " "</t>
        <t>" " "not" " "</t>
        <t>" " "necessarily" " "</t>
        <t>" " "dead" ""</t>
        <t>"" "," " "</t>
        <t>" " "but" " "</t>
        <t>" " "that" " "</t>
        <t>" " "there" " "</t>
        <t>" " "had" " "</t>
        <t>" " "been" " "</t>
        <t>" " "an" " "</t>
        <t>" " "exchange" " "</t>
        <t>" " "between" " "</t>
        <t>" " "the" " "</t>
        <t>" " "past" " "</t>
        <t>" " "and" " "</t>
        <t>" " "the" " "</t>
        <t>" " "present" " "</t>
        <t>" " "that" " "</t>
        <t>" " "continued" " "</t>
        <t>" " "with" " "</t>
        <t>" " "each" " "</t>
        <t>" " "successive" " "</t>
        <t>" " "timequake" ""</t>
        <t>"" "." " "</t>
      </tokens>
      <parse>(ROOT (S (NP (JJ Alleged) (NN evidence)) (VP (VBD was) (VP (VBN reported) (SBAR (SBAR (IN that) (S (S (NP (DT the) (JJ vanished) (NNS lands)) (VP (VBD were) (RB not) (VP (VBN destroyed)))) (CC and) (S (NP (DT the) (VBG missing) (NNS people)) (VP (VBD were) (RB not) (ADJP (RB necessarily) (JJ dead)))))) (, ,) (CC but) (SBAR (IN that) (S (NP (EX there)) (VP (VBD had) (VP (VBN been) (NP (NP (DT an) (NN exchange)) (PP (IN between) (NP (NP (DT the) (NN past)) (CC and) (NP (DT the) (NN present)))) (SBAR (WHNP (WDT that)) (S (VP (VBD continued) (PP (IN with) (NP (DT each) (JJ successive) (NN timequake)))))))))))))) (. .)))</parse>
      <deps>amod(evidence-2, Alleged-1)
nsubjpass(reported-4, evidence-2)
auxpass(reported-4, was-3)
root(ROOT-0, reported-4)
mark(destroyed-11, that-5)
det(lands-8, the-6)
amod(lands-8, vanished-7)
nsubjpass(destroyed-11, lands-8)
auxpass(destroyed-11, were-9)
neg(destroyed-11, not-10)
ccomp(reported-4, destroyed-11)
det(people-15, the-13)
amod(people-15, missing-14)
nsubj(dead-19, people-15)
cop(dead-19, were-16)
neg(dead-19, not-17)
advmod(dead-19, necessarily-18)
ccomp(reported-4, dead-19)
conj_and(destroyed-11, dead-19)
mark(exchange-27, that-22)
expl(exchange-27, there-23)
aux(exchange-27, had-24)
cop(exchange-27, been-25)
det(exchange-27, an-26)
ccomp(reported-4, exchange-27)
conj_but(destroyed-11, exchange-27)
nsubj(continued-35, exchange-27)
det(past-30, the-29)
prep_between(exchange-27, past-30)
det(present-33, the-32)
prep_between(exchange-27, present-33)
conj_and(past-30, present-33)
rcmod(exchange-27, continued-35)
det(timequake-39, each-37)
amod(timequake-39, successive-38)
prep_with(continued-35, timequake-39)</deps>
      <events>
        <event id="e17" eiid="ei17" offset="4" string="reported" tense="PAST" aspect="NONE" class="REPORTING" polarity="POS" modality="" happen="" lowerBoundDuration="" upperBoundDuration="" />
        <event id="e18" eiid="ei18" offset="11" string="destroyed" tense="PAST" aspect="NONE" class="OCCURRENCE" polarity="POS" modality="" happen="" lowerBoundDuration="" upperBoundDuration="" />
        <event id="e19" eiid="ei19" offset="35" string="continued" tense="PAST" aspect="NONE" class="OCCURRENCE" polarity="POS" modality="" happen="" lowerBoundDuration="" upperBoundDuration="" />
      </events>
      <timexes>
        <timex tid="t3" text="the past" offset="29" length="2" type="DATE" value="PAST_REF" temporalFunction="false" />
        <timex tid="t4" text="present" offset="33" length="1" type="DATE" value="PRESENT_REF" temporalFunction="false" />
      </timexes>
    </entry>
    <entry sid="9" file="9783732535200_017.txt">
      <sentence>Excited , Corman jumped up and turned off the television .</sentence>
      <tokens>
        <t>" " "Excited" ""</t>
        <t>"" "," " "</t>
        <t>" " "Corman" " "</t>
        <t>" " "jumped" " "</t>
        <t>" " "up" " "</t>
        <t>" " "and" " "</t>
        <t>" " "turned" " "</t>
        <t>" " "off" " "</t>
        <t>" " "the" " "</t>
        <t>" " "television" ""</t>
        <t>"" "." " "</t>
      </tokens>
      <parse>(ROOT (S (S (VP (VBN Excited))) (, ,) (NP (NNP Corman)) (VP (VP (VBD jumped) (PRT (RP up))) (CC and) (VP (VBD turned) (PRT (RP off)) (NP (DT the) (NN television)))) (. .)))</parse>
      <deps>partmod(jumped-4, Excited-1)
nsubj(jumped-4, Corman-3)
nsubj(turned-7, Corman-3)
root(ROOT-0, jumped-4)
prt(jumped-4, up-5)
conj_and(jumped-4, turned-7)
prt(turned-7, off-8)
det(television-10, the-9)
dobj(turned-7, television-10)</deps>
      <events>
        <event id="e20" eiid="ei20" offset="4" string="jumped" tense="PAST" aspect="NONE" class="OCCURRENCE" polarity="POS" modality="" happen="" lowerBoundDuration="" upperBoundDuration="" />
        <event id="e21" eiid="ei21" offset="7" string="turned" tense="PAST" aspect="NONE" class="OCCURRENCE" polarity="POS" modality="" happen="" lowerBoundDuration="" upperBoundDuration="" />
      </events>
      <timexes />
    </entry>
    <entry sid="10" file="9783732535200_017.txt">
      <sentence>The pain in his leg was forgotten .</sentence>
      <tokens>
        <t>" " "The" " "</t>
        <t>" " "pain" " "</t>
        <t>" " "in" " "</t>
        <t>" " "his" " "</t>
        <t>" " "leg" " "</t>
        <t>" " "was" " "</t>
        <t>" " "forgotten" ""</t>
        <t>"" "." " "</t>
      </tokens>
      <parse>(ROOT (S (NP (NP (DT The) (NN pain)) (PP (IN in) (NP (PRP$ his) (NN leg)))) (VP (VBD was) (VP (VBN forgotten))) (. .)))</parse>
      <deps>det(pain-2, The-1)
nsubjpass(forgotten-7, pain-2)
poss(leg-5, his-4)
prep_in(pain-2, leg-5)
auxpass(forgotten-7, was-6)
root(ROOT-0, forgotten-7)</deps>
      <events>
        <event id="e22" eiid="ei22" offset="7" string="forgotten" tense="PAST" aspect="NONE" class="OCCURRENCE" polarity="POS" modality="" happen="" lowerBoundDuration="" upperBoundDuration="" />
      </events>
      <timexes />
    </entry>
    <entry sid="11" file="9783732535200_017.txt">
      <sentence>Thoughts were racing through his head .</sentence>
      <tokens>
        <t>" " "Thoughts" " "</t>
        <t>" " "were" " "</t>
        <t>" " "racing" " "</t>
        <t>" " "through" " "</t>
        <t>" " "his" " "</t>
        <t>" " "head" ""</t>
        <t>"" "." " "</t>
      </tokens>
      <parse>(ROOT (S (NP (NNS Thoughts)) (VP (VBD were) (VP (VBG racing) (PP (IN through) (NP (PRP$ his) (NN head))))) (. .)))</parse>
      <deps>nsubj(racing-3, Thoughts-1)
aux(racing-3, were-2)
root(ROOT-0, racing-3)
poss(head-6, his-5)
prep_through(racing-3, head-6)</deps>
      <events>
        <event id="e23" eiid="ei23" offset="3" string="racing" tense="PAST" aspect="PROGRESSIVE" class="OCCURRENCE" polarity="POS" modality="" happen="" lowerBoundDuration="" upperBoundDuration="" />
      </events>
      <timexes />
    </entry>
    <entry sid="12" file="9783732535200_017.txt">
      <sentence>The news opened up a whole new perspective for him .</sentence>
      <tokens>
        <t>" " "The" " "</t>
        <t>" " "news" " "</t>
        <t>" " "opened" " "</t>
        <t>" " "up" " "</t>
        <t>" " "a" " "</t>
        <t>" " "whole" " "</t>
        <t>" " "new" " "</t>
        <t>" " "perspective" " "</t>
        <t>" " "for" " "</t>
        <t>" " "him" ""</t>
        <t>"" "." " "</t>
      </tokens>
      <parse>(ROOT (S (NP (DT The) (NN news)) (VP (VBD opened) (PRT (RP up)) (NP (NP (DT a) (JJ whole) (JJ new) (NN perspective)) (PP (IN for) (NP (PRP him))))) (. .)))</parse>
      <deps>det(news-2, The-1)
nsubj(opened-3, news-2)
root(ROOT-0, opened-3)
prt(opened-3, up-4)
det(perspective-8, a-5)
amod(perspective-8, whole-6)
amod(perspective-8, new-7)
dobj(opened-3, perspective-8)
prep_for(perspective-8, him-10)</deps>
      <events>
        <event id="e24" eiid="ei24" offset="3" string="opened" tense="PAST" aspect="NONE" class="OCCURRENCE" polarity="POS" modality="" happen="" lowerBoundDuration="" upperBoundDuration="" />
      </events>
      <timexes />
    </entry>
    <entry sid="13" file="9783732535200_017.txt">
      <sentence>Until now he had assumed that he could only make the dinosaurs infertile with his serum and thus condemn them to extinction , which were in DINO-LAND .</sentence>
      <tokens>
        <t>" " "Until" " "</t>
        <t>" " "now" " "</t>
        <t>" " "he" " "</t>
        <t>" " "had" " "</t>
        <t>" " "assumed" " "</t>
        <t>" " "that" " "</t>
        <t>" " "he" " "</t>
        <t>" " "could" " "</t>
        <t>" " "only" " "</t>
        <t>" " "make" " "</t>
        <t>" " "the" " "</t>
        <t>" " "dinosaurs" " "</t>
        <t>" " "infertile" " "</t>
        <t>" " "with" " "</t>
        <t>" " "his" " "</t>
        <t>" " "serum" " "</t>
        <t>" " "and" " "</t>
        <t>" " "thus" " "</t>
        <t>" " "condemn" " "</t>
        <t>" " "them" " "</t>
        <t>" " "to" " "</t>
        <t>" " "extinction" ""</t>
        <t>"" "," " "</t>
        <t>" " "which" " "</t>
        <t>" " "were" " "</t>
        <t>" " "in" " "</t>
        <t>" " "DINO-LAND" ""</t>
        <t>"" "." " "</t>
      </tokens>
      <parse>(ROOT (S (PP (IN Until) (NP (RB now))) (NP (PRP he)) (VP (VBD had) (VP (VBN assumed) (SBAR (IN that) (S (NP (PRP he)) (VP (MD could) (ADVP (RB only)) (VP (VP (VB make) (NP (DT the) (NNS dinosaurs) (NN infertile)) (PP (IN with) (NP (PRP$ his) (NN serum)))) (CC and) (ADVP (RB thus)) (VP (VB condemn) (NP (PRP them)) (PP (TO to) (NP (NP (NN extinction)) (, ,) (SBAR (WHNP (WDT which)) (S (VP (VBD were) (PP (IN in) (NP (NNP DINO-LAND))))))))))))))) (. .)))</parse>
      <deps>prep(assumed-5, Until-1)
pobj(Until-1, now-2)
nsubj(assumed-5, he-3)
aux(assumed-5, had-4)
root(ROOT-0, assumed-5)
mark(make-10, that-6)
nsubj(make-10, he-7)
nsubj(condemn-19, he-7)
aux(make-10, could-8)
advmod(make-10, only-9)
ccomp(assumed-5, make-10)
det(infertile-13, the-11)
nn(infertile-13, dinosaurs-12)
dobj(make-10, infertile-13)
poss(serum-16, his-15)
prep_with(make-10, serum-16)
ccomp(assumed-5, thus-18)
advmod(make-10, thus-18)
conj_and(make-10, thus-18)
ccomp(assumed-5, condemn-19)
conj_and(make-10, condemn-19)
dobj(condemn-19, them-20)
prep_to(condemn-19, extinction-22)
nsubj(were-25, extinction-22)
rcmod(extinction-22, were-25)
prep_in(were-25, DINO-LAND-27)</deps>
      <events>
        <event id="e25" eiid="ei25" offset="5" string="assumed" tense="PAST" aspect="PERFECTIVE" class="OCCURRENCE" polarity="POS" modality="" happen="" lowerBoundDuration="" upperBoundDuration="" />
        <event id="e26" eiid="ei26" offset="10" string="make" tense="NONE" aspect="NONE" class="OCCURRENCE" polarity="POS" modality="" happen="" lowerBoundDuration="" upperBoundDuration="" />
        <event id="e27" eiid="ei27" offset="19" string="condemn" tense="NONE" aspect="NONE" class="OCCURRENCE" polarity="POS" modality="" happen="" lowerBoundDuration="" upperBoundDuration="" />
      </events>
      <timexes>
        <timex tid="t5" text="now" offset="2" length="1" type="DATE" value="PRESENT_REF" temporalFunction="false" />
      </timexes>
    </entry>
    <entry sid="14" file="9783732535200_017.txt">
      <sentence>Now , however , there was a possibility for him to take revenge on all dinosaurs .</sentence>
      <tokens>
        <t>" " "Now" ""</t>
        <t>"" "," " "</t>
        <t>" " "however" ""</t>
        <t>"" "," " "</t>
        <t>" " "there" " "</t>
        <t>" " "was" " "</t>
        <t>" " "a" " "</t>
        <t>" " "possibility" " "</t>
        <t>" " "for" " "</t>
        <t>" " "him" " "</t>
        <t>" " "to" " "</t>
        <t>" " "take" " "</t>
        <t>" " "revenge" " "</t>
        <t>" " "on" " "</t>
        <t>" " "all" " "</t>
        <t>" " "dinosaurs" ""</t>
        <t>"" "." " "</t>
      </tokens>
      <parse>(ROOT (S (ADVP (RB Now)) (, ,) (ADVP (RB however)) (, ,) (NP (EX there)) (VP (VBD was) (NP (NP (DT a) (NN possibility)) (PP (IN for) (NP (PRP him))) (S (VP (TO to) (VP (VB take) (NP (NN revenge)) (PP (IN on) (NP (DT all) (NNS dinosaurs)))))))) (. .)))</parse>
      <deps>advmod(was-6, Now-1)
advmod(was-6, however-3)
expl(was-6, there-5)
root(ROOT-0, was-6)
det(possibility-8, a-7)
nsubj(was-6, possibility-8)
prep_for(possibility-8, him-10)
aux(take-12, to-11)
infmod(possibility-8, take-12)
dobj(take-12, revenge-13)
det(dinosaurs-16, all-15)
prep_on(take-12, dinosaurs-16)</deps>
      <events>
        <event id="e28" eiid="ei28" offset="12" string="take" tense="INFINITIVE" aspect="NONE" class="OCCURRENCE" polarity="POS" modality="" happen="" lowerBoundDuration="" upperBoundDuration="" />
      </events>
      <timexes>
        <timex tid="t6" text="Now" offset="1" length="1" type="DATE" value="PRESENT_REF" temporalFunction="false" />
      </timexes>
    </entry>
    <entry sid="15" file="9783732535200_017.txt">
      <sentence>At all the beasts which had lived millions of years ago !</sentence>
      <tokens>
        <t>" " "At" " "</t>
        <t>" " "all" " "</t>
        <t>" " "the" " "</t>
        <t>" " "beasts" " "</t>
        <t>" " "which" " "</t>
        <t>" " "had" " "</t>
        <t>" " "lived" " "</t>
        <t>" " "millions" " "</t>
        <t>" " "of" " "</t>
        <t>" " "years" " "</t>
        <t>" " "ago" ""</t>
        <t>"" "!" " "</t>
      </tokens>
      <parse>(ROOT (FRAG (PP (IN At) (NP (PDT all) (DT the) (NNS beasts) (SBAR (WHNP (WDT which)) (S (VP (VBD had) (VP (VBN lived) (NP (NP (NNS millions)) (PP (IN of) (NP (NNS years)))) (ADVP (IN ago)))))))) (. !)))</parse>
      <deps>root(ROOT-0, At-1)
predet(beasts-4, all-2)
det(beasts-4, the-3)
pobj(At-1, beasts-4)
nsubj(lived-7, which-5)
aux(lived-7, had-6)
ccomp(beasts-4, lived-7)
dobj(lived-7, millions-8)
prep_of(millions-8, years-10)
advmod(lived-7, ago-11)</deps>
      <events>
        <event id="e29" eiid="ei29" offset="7" string="lived" tense="PAST" aspect="PERFECTIVE" class="OCCURRENCE" polarity="POS" modality="" happen="" lowerBoundDuration="" upperBoundDuration="" />
      </events>
      <timexes>
        <timex tid="t7" text="millions of years" offset="8" length="3" type="DURATION" value="PXY" temporalFunction="false" />
      </timexes>
    </entry>
    <entry sid="16" file="9783732535200_017.txt">
      <sentence>There existed a way into the primeval time of the earth , and he would set everything to tread this way !</sentence>
      <tokens>
        <t>" " "There" " "</t>
        <t>" " "existed" " "</t>
        <t>" " "a" " "</t>
        <t>" " "way" " "</t>
        <t>" " "into" " "</t>
        <t>" " "the" " "</t>
        <t>" " "primeval" " "</t>
        <t>" " "time" " "</t>
        <t>" " "of" " "</t>
        <t>" " "the" " "</t>
        <t>" " "earth" ""</t>
        <t>"" "," " "</t>
        <t>" " "and" " "</t>
        <t>" " "he" " "</t>
        <t>" " "would" " "</t>
        <t>" " "set" " "</t>
        <t>" " "everything" " "</t>
        <t>" " "to" " "</t>
        <t>" " "tread" " "</t>
        <t>" " "this" " "</t>
        <t>" " "way" ""</t>
        <t>"" "!" ""</t>
      </tokens>
      <parse>(ROOT (S (S (NP (EX There)) (VP (VBD existed) (NP (DT a) (NN way)) (PP (IN into) (NP (NP (DT the) (JJ primeval) (NN time)) (PP (IN of) (NP (DT the) (NN earth))))))) (, ,) (CC and) (S (NP (PRP he)) (VP (MD would) (VP (VB set) (NP (NN everything)) (S (VP (TO to) (VP (VB tread) (NP (DT this) (NN way)))))))) (. !)))</parse>
      <deps>expl(existed-2, There-1)
root(ROOT-0, existed-2)
det(way-4, a-3)
dobj(existed-2, way-4)
nsubj(existed-2, way-4)
det(time-8, the-6)
amod(time-8, primeval-7)
prep_into(existed-2, time-8)
det(earth-11, the-10)
prep_of(time-8, earth-11)
nsubj(set-16, he-14)
xsubj(tread-19, he-14)
aux(set-16, would-15)
conj_and(existed-2, set-16)
dobj(set-16, everything-17)
aux(tread-19, to-18)
xcomp(set-16, tread-19)
det(way-21, this-20)
dobj(tread-19, way-21)</deps>
      <events>
        <event id="e30" eiid="ei30" offset="2" string="existed" tense="PAST" aspect="NONE" class="OCCURRENCE" polarity="POS" modality="" happen="" lowerBoundDuration="" upperBoundDuration="" />
        <event id="e31" eiid="ei31" offset="16" string="set" tense="NONE" aspect="NONE" class="OCCURRENCE" polarity="POS" modality="" happen="" lowerBoundDuration="" upperBoundDuration="" />
        <event id="e32" eiid="ei32" offset="19" string="tread" tense="INFINITIVE" aspect="NONE" class="OCCURRENCE" polarity="POS" modality="" happen="" lowerBoundDuration="" upperBoundDuration="" />
      </events>
      <timexes />
    </entry>
    <tlink event1="ei29" event2="t7" relation="IS_INCLUDED" closed="false" origin="AdjacentVerbTimex" type="et" />
    <tlink event1="ei17" event2="ei18" relation="AFTER" closed="false" origin="RepEventGovEvent" type="ee" />
    <tlink event1="ei17" event2="ei19" relation="AFTER" closed="false" origin="RepEventGovEvent" type="ee" />
    <tlink event1="ei7" event2="ei9" relation="BEFORE" closed="false" origin="ReichenbachDG13" type="ee" />
    <tlink event1="ei7" event2="ei10" relation="AFTER" closed="false" origin="ReichenbachDG13" type="ee" />
    <tlink event1="ei8" event2="ei9" relation="BEFORE" closed="false" origin="ReichenbachDG13" type="ee" />
    <tlink event1="ei8" event2="ei10" relation="AFTER" closed="false" origin="ReichenbachDG13" type="ee" />
    <tlink event1="ei9" event2="ei10" relation="AFTER" closed="false" origin="ReichenbachDG13" type="ee" />
    <tlink event1="ei9" event2="ei11" relation="AFTER" closed="false" origin="ReichenbachDG13" type="ee" />
    <tlink event1="ei10" event2="ei11" relation="BEFORE" closed="false" origin="ReichenbachDG13" type="ee" />
    <tlink event1="ei24" event2="ei25" relation="AFTER" closed="false" origin="ReichenbachDG13" type="ee" />
    <tlink event1="ei24" event2="ei26" relation="BEFORE" closed="false" origin="ReichenbachDG13" type="ee" />
    <tlink event1="ei25" event2="ei26" relation="BEFORE" closed="false" origin="ReichenbachDG13" type="ee" />
    <tlink event1="ei29" event2="ei30" relation="BEFORE" closed="false" origin="ReichenbachDG13" type="ee" />
    <tlink event1="ei29" event2="ei31" relation="BEFORE" closed="false" origin="ReichenbachDG13" type="ee" />
    <tlink event1="ei30" event2="ei31" relation="BEFORE" closed="false" origin="ReichenbachDG13" type="ee" />
    <tlink event1="ei1" event2="ei2" relation="BEFORE" closed="false" origin="XCompDepSieve" type="ee" />
    <tlink event1="ei7" event2="ei8" relation="BEFORE" closed="false" origin="XCompDepSieve" type="ee" />
    <tlink event1="ei13" event2="ei14" relation="VAGUE" closed="false" origin="XCompDepSieve" type="ee" />
    <tlink event1="ei14" event2="ei15" relation="BEFORE" closed="false" origin="XCompDepSieve" type="ee" />
    <tlink event1="ei20" event2="ei21" relation="VAGUE" closed="false" origin="XCompDepSieve" type="ee" />
    <tlink event1="ei25" event2="ei27" relation="VAGUE" closed="false" origin="XCompDepSieve" type="ee" />
    <tlink event1="ei26" event2="ei27" relation="VAGUE" closed="false" origin="XCompDepSieve" type="ee" />
    <tlink event1="ei31" event2="ei32" relation="BEFORE" closed="false" origin="XCompDepSieve" type="ee" />
    <tlink event1="ei29" event2="ei32" relation="BEFORE" closed="true" origin="XCompDepSieve" type="ee" />
    <tlink event1="ei30" event2="ei32" relation="BEFORE" closed="true" origin="XCompDepSieve" type="ee" />
    <tlink event1="ei25" event2="ei28" relation="VAGUE" closed="false" origin="WordNet209" type="ee" />
    <tlink event1="ei26" event2="ei28" relation="VAGUE" closed="false" origin="WordNet209" type="ee" />
    <tlink event1="ei9" event2="t1" relation="AFTER" closed="false" origin="MLEventTimeSameSent" type="et" />
    <tlink event1="ei10" event2="t1" relation="VAGUE" closed="false" origin="MLEventTimeSameSent" type="et" />
    <tlink event1="ei16" event2="t2" relation="VAGUE" closed="false" origin="MLEventTimeSameSent" type="et" />
    <tlink event1="ei17" event2="t3" relation="IS_INCLUDED" closed="false" origin="MLEventTimeSameSent" type="et" />
    <tlink event1="ei18" event2="t3" relation="VAGUE" closed="false" origin="MLEventTimeSameSent" type="et" />
    <tlink event1="ei19" event2="t3" relation="VAGUE" closed="false" origin="MLEventTimeSameSent" type="et" />
    <tlink event1="ei17" event2="t4" relation="IS_INCLUDED" closed="false" origin="MLEventTimeSameSent" type="et" />
    <tlink event1="ei18" event2="t4" relation="VAGUE" closed="false" origin="MLEventTimeSameSent" type="et" />
    <tlink event1="ei19" event2="t4" relation="VAGUE" closed="false" origin="MLEventTimeSameSent" type="et" />
    <tlink event1="ei25" event2="t5" relation="VAGUE" closed="false" origin="MLEventTimeSameSent" type="et" />
    <tlink event1="ei26" event2="t5" relation="VAGUE" closed="false" origin="MLEventTimeSameSent" type="et" />
    <tlink event1="ei27" event2="t5" relation="VAGUE" closed="false" origin="MLEventTimeSameSent" type="et" />
    <tlink event1="ei28" event2="t6" relation="VAGUE" closed="false" origin="MLEventTimeSameSent" type="et" />
    <tlink event1="ei1" event2="ei3" relation="VAGUE" closed="false" origin="MLEventEventDominates" type="ee" />
    <tlink event1="ei2" event2="ei3" relation="VAGUE" closed="false" origin="MLEventEventDominates" type="ee" />
    <tlink event1="ei5" event2="ei6" relation="VAGUE" closed="false" origin="MLEventEventSameSent" type="ee" />
    <tlink event1="ei11" event2="ei12" relation="VAGUE" closed="false" origin="MLEventEventSameSent" type="ee" />
    <tlink event1="ei13" event2="ei15" relation="VAGUE" closed="false" origin="MLEventEventSameSent" type="ee" />
    <tlink event1="ei18" event2="ei19" relation="VAGUE" closed="false" origin="MLEventEventSameSent" type="ee" />
    <tlink event1="ei1" event2="ei4" relation="VAGUE" closed="false" origin="AllVagueSieve" type="ee" />
    <tlink event1="ei2" event2="ei4" relation="VAGUE" closed="false" origin="AllVagueSieve" type="ee" />
    <tlink event1="ei3" event2="ei4" relation="VAGUE" closed="false" origin="AllVagueSieve" type="ee" />
    <tlink event1="ei4" event2="ei5" relation="VAGUE" closed="false" origin="AllVagueSieve" type="ee" />
    <tlink event1="ei4" event2="ei6" relation="VAGUE" closed="false" origin="AllVagueSieve" type="ee" />
    <tlink event1="ei5" event2="ei7" relation="VAGUE" closed="false" origin="AllVagueSieve" type="ee" />
    <tlink event1="ei5" event2="ei8" relation="VAGUE" closed="false" origin="AllVagueSieve" type="ee" />
    <tlink event1="ei6" event2="ei7" relation="VAGUE" closed="false" origin="AllVagueSieve" type="ee" />
    <tlink event1="ei6" event2="ei8" relation="VAGUE" closed="false" origin="AllVagueSieve" type="ee" />
    <tlink event1="ei7" event2="t1" relation="VAGUE" closed="false" origin="AllVagueSieve" type="et" />
    <tlink event1="ei8" event2="t1" relation="VAGUE" closed="false" origin="AllVagueSieve" type="et" />
    <tlink event1="ei9" event2="ei12" relation="VAGUE" closed="false" origin="AllVagueSieve" type="ee" />
    <tlink event1="ei10" event2="ei12" relation="VAGUE" closed="false" origin="AllVagueSieve" type="ee" />
    <tlink event1="t1" event2="ei11" relation="VAGUE" closed="false" origin="AllVagueSieve" type="et" />
    <tlink event1="t1" event2="ei12" relation="VAGUE" closed="false" origin="AllVagueSieve" type="et" />
    <tlink event1="ei11" event2="ei13" relation="VAGUE" closed="false" origin="AllVagueSieve" type="ee" />
    <tlink event1="ei11" event2="ei14" relation="VAGUE" closed="false" origin="AllVagueSieve" type="ee" />
    <tlink event1="ei11" event2="ei15" relation="VAGUE" closed="false" origin="AllVagueSieve" type="ee" />
    <tlink event1="ei12" event2="ei13" relation="VAGUE" closed="false" origin="AllVagueSieve" type="ee" />
    <tlink event1="ei12" event2="ei14" relation="VAGUE" closed="false" origin="AllVagueSieve" type="ee" />
    <tlink event1="ei12" event2="ei15" relation="VAGUE" closed="false" origin="AllVagueSieve" type="ee" />
    <tlink event1="ei13" event2="ei16" relation="VAGUE" closed="false" origin="AllVagueSieve" type="ee" />
    <tlink event1="ei13" event2="t2" relation="VAGUE" closed="false" origin="AllVagueSieve" type="et" />
    <tlink event1="ei14" event2="ei16" relation="VAGUE" closed="false" origin="AllVagueSieve" type="ee" />
    <tlink event1="ei14" event2="t2" relation="VAGUE" closed="false" origin="AllVagueSieve" type="et" />
    <tlink event1="ei15" event2="ei16" relation="VAGUE" closed="false" origin="AllVagueSieve" type="ee" />
    <tlink event1="ei15" event2="t2" relation="VAGUE" closed="false" origin="AllVagueSieve" type="et" />
    <tlink event1="ei16" event2="ei17" relation="VAGUE" closed="false" origin="AllVagueSieve" type="ee" />
    <tlink event1="ei16" event2="ei18" relation="VAGUE" closed="false" origin="AllVagueSieve" type="ee" />
    <tlink event1="ei16" event2="ei19" relation="VAGUE" closed="false" origin="AllVagueSieve" type="ee" />
    <tlink event1="ei16" event2="t3" relation="VAGUE" closed="false" origin="AllVagueSieve" type="et" />
    <tlink event1="ei16" event2="t4" relation="VAGUE" closed="false" origin="AllVagueSieve" type="et" />
    <tlink event1="t2" event2="t3" relation="VAGUE" closed="false" origin="AllVagueSieve" type="tt" />
    <tlink event1="t2" event2="t4" relation="VAGUE" closed="false" origin="AllVagueSieve" type="tt" />
    <tlink event1="t2" event2="ei17" relation="VAGUE" closed="false" origin="AllVagueSieve" type="et" />
    <tlink event1="t2" event2="ei18" relation="VAGUE" closed="false" origin="AllVagueSieve" type="et" />
    <tlink event1="t2" event2="ei19" relation="VAGUE" closed="false" origin="AllVagueSieve" type="et" />
    <tlink event1="ei17" event2="ei20" relation="VAGUE" closed="false" origin="AllVagueSieve" type="ee" />
    <tlink event1="ei17" event2="ei21" relation="VAGUE" closed="false" origin="AllVagueSieve" type="ee" />
    <tlink event1="ei18" event2="ei20" relation="VAGUE" closed="false" origin="AllVagueSieve" type="ee" />
    <tlink event1="ei18" event2="ei21" relation="VAGUE" closed="false" origin="AllVagueSieve" type="ee" />
    <tlink event1="ei19" event2="ei20" relation="VAGUE" closed="false" origin="AllVagueSieve" type="ee" />
    <tlink event1="ei19" event2="ei21" relation="VAGUE" closed="false" origin="AllVagueSieve" type="ee" />
    <tlink event1="t3" event2="t4" relation="VAGUE" closed="false" origin="AllVagueSieve" type="tt" />
    <tlink event1="t3" event2="ei20" relation="VAGUE" closed="false" origin="AllVagueSieve" type="et" />
    <tlink event1="t3" event2="ei21" relation="VAGUE" closed="false" origin="AllVagueSieve" type="et" />
    <tlink event1="t4" event2="ei20" relation="VAGUE" closed="false" origin="AllVagueSieve" type="et" />
    <tlink event1="t4" event2="ei21" relation="VAGUE" closed="false" origin="AllVagueSieve" type="et" />
    <tlink event1="ei20" event2="ei22" relation="VAGUE" closed="false" origin="AllVagueSieve" type="ee" />
    <tlink event1="ei21" event2="ei22" relation="VAGUE" closed="false" origin="AllVagueSieve" type="ee" />
    <tlink event1="ei22" event2="ei23" relation="VAGUE" closed="false" origin="AllVagueSieve" type="ee" />
    <tlink event1="ei23" event2="ei24" relation="VAGUE" closed="false" origin="AllVagueSieve" type="ee" />
    <tlink event1="ei24" event2="ei27" relation="VAGUE" closed="false" origin="AllVagueSieve" type="ee" />
    <tlink event1="ei24" event2="t5" relation="VAGUE" closed="false" origin="AllVagueSieve" type="et" />
    <tlink event1="ei25" event2="t6" relation="VAGUE" closed="false" origin="AllVagueSieve" type="et" />
    <tlink event1="ei26" event2="t6" relation="VAGUE" closed="false" origin="AllVagueSieve" type="et" />
    <tlink event1="ei27" event2="ei28" relation="VAGUE" closed="false" origin="AllVagueSieve" type="ee" />
    <tlink event1="ei27" event2="t6" relation="VAGUE" closed="false" origin="AllVagueSieve" type="et" />
    <tlink event1="t5" event2="t6" relation="VAGUE" closed="false" origin="AllVagueSieve" type="tt" />
    <tlink event1="t5" event2="ei28" relation="VAGUE" closed="false" origin="AllVagueSieve" type="et" />
    <tlink event1="ei28" event2="ei29" relation="VAGUE" closed="false" origin="AllVagueSieve" type="ee" />
    <tlink event1="ei28" event2="t7" relation="VAGUE" closed="false" origin="AllVagueSieve" type="et" />
    <tlink event1="t6" event2="t7" relation="VAGUE" closed="false" origin="AllVagueSieve" type="tt" />
    <tlink event1="t6" event2="ei29" relation="VAGUE" closed="false" origin="AllVagueSieve" type="et" />
    <tlink event1="t7" event2="ei30" relation="VAGUE" closed="false" origin="AllVagueSieve" type="et" />
    <tlink event1="t7" event2="ei31" relation="VAGUE" closed="false" origin="AllVagueSieve" type="et" />
    <tlink event1="t7" event2="ei32" relation="VAGUE" closed="false" origin="AllVagueSieve" type="et" />
  </file>
</root>

