<?xml version="1.0" encoding="UTF-8"?>
<root xmlns="http://chambers.com/corpusinfo">
  <file name="9783732535200_001.txt">
    <entry sid="0" file="9783732535200_001.txt">
      <sentence>Jeffrey Holder still did n't know what to make of the whole thing , but the mere memory of the man , as well as that of Deinonychus , sent a shiver down his spine .</sentence>
      <tokens>
        <t>"" "Jeffrey" " "</t>
        <t>" " "Holder" " "</t>
        <t>" " "still" " "</t>
        <t>" " "did" ""</t>
        <t>"" "n't" " "</t>
        <t>" " "know" " "</t>
        <t>" " "what" " "</t>
        <t>" " "to" " "</t>
        <t>" " "make" " "</t>
        <t>" " "of" " "</t>
        <t>" " "the" " "</t>
        <t>" " "whole" " "</t>
        <t>" " "thing" ""</t>
        <t>"" "," " "</t>
        <t>" " "but" " "</t>
        <t>" " "the" " "</t>
        <t>" " "mere" " "</t>
        <t>" " "memory" " "</t>
        <t>" " "of" " "</t>
        <t>" " "the" " "</t>
        <t>" " "man" ""</t>
        <t>"" "," " "</t>
        <t>" " "as" " "</t>
        <t>" " "well" " "</t>
        <t>" " "as" " "</t>
        <t>" " "that" " "</t>
        <t>" " "of" " "</t>
        <t>" " "Deinonychus" ""</t>
        <t>"" "," " "</t>
        <t>" " "sent" " "</t>
        <t>" " "a" " "</t>
        <t>" " "shiver" " "</t>
        <t>" " "down" " "</t>
        <t>" " "his" " "</t>
        <t>" " "spine" ""</t>
        <t>"" "." " "</t>
      </tokens>
      <parse>(ROOT (S (NP (NNP Jeffrey) (NNP Holder)) (ADVP (RB still)) (VP (VBD did) (RB n't) (VP (VB know) (SBAR (SBAR (WHNP (WP what)) (S (VP (TO to) (VP (VB make) (UCP (PP (IN of) (NP (DT the) (JJ whole) (NN thing))) (, ,) (CC but) (NP (NP (DT the) (JJ mere) (NN memory)) (PP (IN of) (NP (DT the) (NN man))))))))) (, ,) (CONJP (RB as) (RB well) (IN as)) (SBAR (WHNP (WDT that)) (S (PP (IN of) (NP (NNP Deinonychus))) (, ,) (VP (VBD sent) (NP (DT a) (NN shiver)) (PP (IN down) (NP (PRP$ his) (NN spine))))))))) (. .)))</parse>
      <deps>nn(Holder-2, Jeffrey-1)
nsubj(know-6, Holder-2)
advmod(know-6, still-3)
aux(know-6, did-4)
neg(know-6, n't-5)
root(ROOT-0, know-6)
nsubj(make-9, what-7)
aux(make-9, to-8)
dep(know-6, make-9)
dep(make-9, of-10)
det(thing-13, the-11)
amod(thing-13, whole-12)
pobj(of-10, thing-13)
det(memory-18, the-16)
amod(memory-18, mere-17)
dep(make-9, memory-18)
conj_but(of-10, memory-18)
det(man-21, the-20)
prep_of(memory-18, man-21)
nsubj(sent-30, that-26)
prep_of(sent-30, Deinonychus-28)
dep(know-6, sent-30)
conj_and(make-9, sent-30)
det(shiver-32, a-31)
dobj(sent-30, shiver-32)
poss(spine-35, his-34)
prep_down(sent-30, spine-35)</deps>
      <events>
        <event id="e1" eiid="ei1" offset="4" string="did" tense="PAST" aspect="NONE" class="OCCURRENCE" polarity="POS" modality="" happen="" lowerBoundDuration="" upperBoundDuration="" />
        <event id="e2" eiid="ei2" offset="6" string="know" tense="NONE" aspect="NONE" class="OCCURRENCE" polarity="POS" modality="" happen="" lowerBoundDuration="" upperBoundDuration="" />
        <event id="e3" eiid="ei3" offset="9" string="make" tense="INFINITIVE" aspect="NONE" class="OCCURRENCE" polarity="POS" modality="" happen="" lowerBoundDuration="" upperBoundDuration="" />
        <event id="e4" eiid="ei4" offset="30" string="sent" tense="PAST" aspect="NONE" class="OCCURRENCE" polarity="POS" modality="" happen="" lowerBoundDuration="" upperBoundDuration="" />
      </events>
      <timexes />
    </entry>
    <entry sid="1" file="9783732535200_001.txt">
      <sentence>With the push of a button , he handed control of the helicopter back to Bill Collins .</sentence>
      <tokens>
        <t>" " "With" " "</t>
        <t>" " "the" " "</t>
        <t>" " "push" " "</t>
        <t>" " "of" " "</t>
        <t>" " "a" " "</t>
        <t>" " "button" ""</t>
        <t>"" "," " "</t>
        <t>" " "he" " "</t>
        <t>" " "handed" " "</t>
        <t>" " "control" " "</t>
        <t>" " "of" " "</t>
        <t>" " "the" " "</t>
        <t>" " "helicopter" " "</t>
        <t>" " "back" " "</t>
        <t>" " "to" " "</t>
        <t>" " "Bill" " "</t>
        <t>" " "Collins" ""</t>
        <t>"" "." " "</t>
      </tokens>
      <parse>(ROOT (S (PP (IN With) (NP (NP (DT the) (NN push)) (PP (IN of) (NP (DT a) (NN button))))) (, ,) (NP (PRP he)) (VP (VBD handed) (NP (NP (NN control)) (PP (IN of) (NP (NP (DT the) (NN helicopter)) (ADVP (RB back) (PP (TO to) (NP (NNP Bill) (NNP Collins)))))))) (. .)))</parse>
      <deps>det(push-3, the-2)
prep_with(handed-9, push-3)
det(button-6, a-5)
prep_of(push-3, button-6)
nsubj(handed-9, he-8)
root(ROOT-0, handed-9)
dobj(handed-9, control-10)
det(helicopter-13, the-12)
prep_of(control-10, helicopter-13)
advmod(helicopter-13, back-14)
nn(Collins-17, Bill-16)
prep_to(back-14, Collins-17)</deps>
      <events>
        <event id="e5" eiid="ei5" offset="9" string="handed" tense="PAST" aspect="NONE" class="I_ACTION" polarity="POS" modality="" happen="" lowerBoundDuration="" upperBoundDuration="" />
      </events>
      <timexes />
    </entry>
    <entry sid="2" file="9783732535200_001.txt">
      <sentence>Actually , he should have been given some time off after the horrible experience , but he had refused .</sentence>
      <tokens>
        <t>" " "Actually" ""</t>
        <t>"" "," " "</t>
        <t>" " "he" " "</t>
        <t>" " "should" " "</t>
        <t>" " "have" " "</t>
        <t>" " "been" " "</t>
        <t>" " "given" " "</t>
        <t>" " "some" " "</t>
        <t>" " "time" " "</t>
        <t>" " "off" " "</t>
        <t>" " "after" " "</t>
        <t>" " "the" " "</t>
        <t>" " "horrible" " "</t>
        <t>" " "experience" ""</t>
        <t>"" "," " "</t>
        <t>" " "but" " "</t>
        <t>" " "he" " "</t>
        <t>" " "had" " "</t>
        <t>" " "refused" ""</t>
        <t>"" "." " "</t>
      </tokens>
      <parse>(ROOT (S (S (ADVP (RB Actually)) (, ,) (NP (PRP he)) (VP (MD should) (VP (VB have) (VP (VBN been) (VP (VBN given) (NP (DT some) (NN time)) (PRT (RP off)) (PP (IN after) (NP (DT the) (JJ horrible) (NN experience)))))))) (, ,) (CC but) (S (NP (PRP he)) (VP (VBD had) (VP (VBN refused)))) (. .)))</parse>
      <deps>advmod(given-7, Actually-1)
nsubjpass(given-7, he-3)
aux(given-7, should-4)
aux(given-7, have-5)
auxpass(given-7, been-6)
root(ROOT-0, given-7)
det(time-9, some-8)
dobj(given-7, time-9)
prt(given-7, off-10)
det(experience-14, the-12)
amod(experience-14, horrible-13)
prep_after(given-7, experience-14)
nsubj(refused-19, he-17)
aux(refused-19, had-18)
conj_but(given-7, refused-19)</deps>
      <events>
        <event id="e6" eiid="ei6" offset="7" string="given" tense="PRESENT" aspect="PERFECTIVE" class="OCCURRENCE" polarity="POS" modality="" happen="" lowerBoundDuration="" upperBoundDuration="" />
        <event id="e7" eiid="ei7" offset="19" string="refused" tense="PAST" aspect="PERFECTIVE" class="OCCURRENCE" polarity="POS" modality="" happen="" lowerBoundDuration="" upperBoundDuration="" />
      </events>
      <timexes />
    </entry>
    <entry sid="3" file="9783732535200_001.txt">
      <sentence>As a youth , he had ridden a lot and had adopted the rule of getting back into the saddle immediately after a fall from a horse , so as not to develop anxiety neurosis in the first place .</sentence>
      <tokens>
        <t>" " "As" " "</t>
        <t>" " "a" " "</t>
        <t>" " "youth" ""</t>
        <t>"" "," " "</t>
        <t>" " "he" " "</t>
        <t>" " "had" " "</t>
        <t>" " "ridden" " "</t>
        <t>" " "a" " "</t>
        <t>" " "lot" " "</t>
        <t>" " "and" " "</t>
        <t>" " "had" " "</t>
        <t>" " "adopted" " "</t>
        <t>" " "the" " "</t>
        <t>" " "rule" " "</t>
        <t>" " "of" " "</t>
        <t>" " "getting" " "</t>
        <t>" " "back" " "</t>
        <t>" " "into" " "</t>
        <t>" " "the" " "</t>
        <t>" " "saddle" " "</t>
        <t>" " "immediately" " "</t>
        <t>" " "after" " "</t>
        <t>" " "a" " "</t>
        <t>" " "fall" " "</t>
        <t>" " "from" " "</t>
        <t>" " "a" " "</t>
        <t>" " "horse" ""</t>
        <t>"" "," " "</t>
        <t>" " "so" " "</t>
        <t>" " "as" " "</t>
        <t>" " "not" " "</t>
        <t>" " "to" " "</t>
        <t>" " "develop" " "</t>
        <t>" " "anxiety" " "</t>
        <t>" " "neurosis" " "</t>
        <t>" " "in" " "</t>
        <t>" " "the" " "</t>
        <t>" " "first" " "</t>
        <t>" " "place" ""</t>
        <t>"" "." " "</t>
      </tokens>
      <parse>(ROOT (S (PP (IN As) (NP (DT a) (NN youth))) (, ,) (NP (PRP he)) (VP (VP (VBD had) (NP (NP (NN ridden)) (NP (DT a) (NN lot)))) (CC and) (VP (VBD had) (VP (VBN adopted) (NP (NP (DT the) (NN rule)) (PP (IN of) (S (VP (VBG getting) (PRT (RP back)) (PP (IN into) (NP (DT the) (NN saddle))) (PP (ADVP (RB immediately)) (IN after) (NP (NP (DT a) (NN fall)) (PP (IN from) (NP (DT a) (NN horse))))) (, ,) (ADVP (RB so) (RB as))))) (S (RB not) (VP (TO to) (VP (VB develop) (NP (NN anxiety) (NNS neurosis)) (PP (IN in) (NP (DT the) (JJ first) (NN place)))))))))) (. .)))</parse>
      <deps>det(youth-3, a-2)
prep_as(had-6, youth-3)
nsubj(had-6, he-5)
nsubj(adopted-12, he-5)
root(ROOT-0, had-6)
dobj(had-6, ridden-7)
det(lot-9, a-8)
dep(ridden-7, lot-9)
aux(adopted-12, had-11)
conj_and(had-6, adopted-12)
det(rule-14, the-13)
dobj(adopted-12, rule-14)
prepc_of(rule-14, getting-16)
prt(getting-16, back-17)
det(saddle-20, the-19)
prep_into(getting-16, saddle-20)
advmod(getting-16, immediately-21)
det(fall-24, a-23)
prep_after(getting-16, fall-24)
det(horse-27, a-26)
prep_from(fall-24, horse-27)
advmod(as-30, so-29)
advmod(getting-16, as-30)
neg(develop-33, not-31)
aux(develop-33, to-32)
infmod(rule-14, develop-33)
nn(neurosis-35, anxiety-34)
dobj(develop-33, neurosis-35)
det(place-39, the-37)
amod(place-39, first-38)
prep_in(develop-33, place-39)</deps>
      <events>
        <event id="e8" eiid="ei8" offset="6" string="had" tense="PAST" aspect="NONE" class="STATE" polarity="POS" modality="" happen="" lowerBoundDuration="" upperBoundDuration="" />
        <event id="e9" eiid="ei9" offset="7" string="ridden" tense="NONE" aspect="PERFECTIVE" class="OCCURRENCE" polarity="POS" modality="" happen="" lowerBoundDuration="" upperBoundDuration="" />
        <event id="e10" eiid="ei10" offset="12" string="adopted" tense="PAST" aspect="PERFECTIVE" class="OCCURRENCE" polarity="POS" modality="" happen="" lowerBoundDuration="" upperBoundDuration="" />
        <event id="e11" eiid="ei11" offset="16" string="getting" tense="PRESPART" aspect="NONE" class="OCCURRENCE" polarity="POS" modality="" happen="" lowerBoundDuration="" upperBoundDuration="" />
        <event id="e12" eiid="ei12" offset="24" string="fall" tense="NONE" aspect="NONE" class="OCCURRENCE" polarity="POS" modality="" happen="" lowerBoundDuration="" upperBoundDuration="" />
        <event id="e13" eiid="ei13" offset="33" string="develop" tense="INFINITIVE" aspect="NONE" class="OCCURRENCE" polarity="POS" modality="" happen="" lowerBoundDuration="" upperBoundDuration="" />
      </events>
      <timexes />
    </entry>
    <entry sid="4" file="9783732535200_001.txt">
      <sentence>It was the same here .</sentence>
      <tokens>
        <t>" " "It" " "</t>
        <t>" " "was" " "</t>
        <t>" " "the" " "</t>
        <t>" " "same" " "</t>
        <t>" " "here" ""</t>
        <t>"" "." " "</t>
      </tokens>
      <parse>(ROOT (S (NP (PRP It)) (VP (VBD was) (NP (DT the) (JJ same)) (ADVP (RB here))) (. .)))</parse>
      <deps>nsubj(same-4, It-1)
cop(same-4, was-2)
det(same-4, the-3)
root(ROOT-0, same-4)
advmod(same-4, here-5)</deps>
      <events />
      <timexes />
    </entry>
    <entry sid="5" file="9783732535200_001.txt">
      <sentence>If he had only resumed his service in a few weeks , he would probably have been much more afraid of it .</sentence>
      <tokens>
        <t>" " "If" " "</t>
        <t>" " "he" " "</t>
        <t>" " "had" " "</t>
        <t>" " "only" " "</t>
        <t>" " "resumed" " "</t>
        <t>" " "his" " "</t>
        <t>" " "service" " "</t>
        <t>" " "in" " "</t>
        <t>" " "a" " "</t>
        <t>" " "few" " "</t>
        <t>" " "weeks" ""</t>
        <t>"" "," " "</t>
        <t>" " "he" " "</t>
        <t>" " "would" " "</t>
        <t>" " "probably" " "</t>
        <t>" " "have" " "</t>
        <t>" " "been" " "</t>
        <t>" " "much" " "</t>
        <t>" " "more" " "</t>
        <t>" " "afraid" " "</t>
        <t>" " "of" " "</t>
        <t>" " "it" ""</t>
        <t>"" "." " "</t>
      </tokens>
      <parse>(ROOT (S (SBAR (IN If) (S (NP (PRP he)) (VP (VBD had) (ADVP (RB only)) (VP (VBN resumed) (NP (PRP$ his) (NN service)) (PP (IN in) (NP (DT a) (JJ few) (NNS weeks))))))) (, ,) (NP (PRP he)) (VP (MD would) (ADVP (RB probably)) (VP (VB have) (VP (VBN been) (ADJP (RB much) (RBR more) (JJ afraid)) (PP (IN of) (NP (PRP it)))))) (. .)))</parse>
      <deps>mark(resumed-5, If-1)
nsubj(resumed-5, he-2)
aux(resumed-5, had-3)
advmod(resumed-5, only-4)
advcl(afraid-20, resumed-5)
poss(service-7, his-6)
dobj(resumed-5, service-7)
det(weeks-11, a-9)
amod(weeks-11, few-10)
prep_in(resumed-5, weeks-11)
nsubj(afraid-20, he-13)
aux(afraid-20, would-14)
advmod(afraid-20, probably-15)
aux(afraid-20, have-16)
cop(afraid-20, been-17)
advmod(afraid-20, much-18)
advmod(afraid-20, more-19)
root(ROOT-0, afraid-20)
prep_of(afraid-20, it-22)</deps>
      <events>
        <event id="e14" eiid="ei14" offset="5" string="resumed" tense="PAST" aspect="NONE" class="OCCURRENCE" polarity="POS" modality="" happen="" lowerBoundDuration="" upperBoundDuration="" />
      </events>
      <timexes>
        <timex tid="t2" text="a few weeks" offset="9" length="3" type="DURATION" value="PXW" temporalFunction="false" />
      </timexes>
    </entry>
    <entry sid="6" file="9783732535200_001.txt">
      <sentence>Since a psychologist who had examined him thoroughly had also expressed no concerns , he resumed patrol flights that very day with a new partner .</sentence>
      <tokens>
        <t>" " "Since" " "</t>
        <t>" " "a" " "</t>
        <t>" " "psychologist" " "</t>
        <t>" " "who" " "</t>
        <t>" " "had" " "</t>
        <t>" " "examined" " "</t>
        <t>" " "him" " "</t>
        <t>" " "thoroughly" " "</t>
        <t>" " "had" " "</t>
        <t>" " "also" " "</t>
        <t>" " "expressed" " "</t>
        <t>" " "no" " "</t>
        <t>" " "concerns" ""</t>
        <t>"" "," " "</t>
        <t>" " "he" " "</t>
        <t>" " "resumed" " "</t>
        <t>" " "patrol" " "</t>
        <t>" " "flights" " "</t>
        <t>" " "that" " "</t>
        <t>" " "very" " "</t>
        <t>" " "day" " "</t>
        <t>" " "with" " "</t>
        <t>" " "a" " "</t>
        <t>" " "new" " "</t>
        <t>" " "partner" ""</t>
        <t>"" "." " "</t>
      </tokens>
      <parse>(ROOT (S (PP (IN Since) (NP (NP (DT a) (NN psychologist)) (SBAR (WHNP (WP who)) (S (VP (VBD had) (VP (VBN examined) (SBAR (S (NP (PRP him)) (ADVP (RB thoroughly)) (VP (VBD had) (ADVP (RB also)) (VP (VBN expressed) (NP (DT no) (NNS concerns)))))))))))) (, ,) (NP (PRP he)) (VP (VBD resumed) (NP (NN patrol) (NNS flights)) (NP (DT that) (JJ very) (NN day)) (PP (IN with) (NP (DT a) (JJ new) (NN partner)))) (. .)))</parse>
      <deps>det(psychologist-3, a-2)
nsubj(examined-6, psychologist-3)
prep_since(resumed-16, psychologist-3)
aux(examined-6, had-5)
rcmod(psychologist-3, examined-6)
nsubj(expressed-11, him-7)
advmod(expressed-11, thoroughly-8)
aux(expressed-11, had-9)
advmod(expressed-11, also-10)
ccomp(examined-6, expressed-11)
det(concerns-13, no-12)
dobj(expressed-11, concerns-13)
nsubj(resumed-16, he-15)
root(ROOT-0, resumed-16)
nn(flights-18, patrol-17)
dobj(resumed-16, flights-18)
det(day-21, that-19)
amod(day-21, very-20)
tmod(resumed-16, day-21)
det(partner-25, a-23)
amod(partner-25, new-24)
prep_with(resumed-16, partner-25)</deps>
      <events>
        <event id="e15" eiid="ei15" offset="6" string="examined" tense="PAST" aspect="PERFECTIVE" class="OCCURRENCE" polarity="POS" modality="" happen="" lowerBoundDuration="" upperBoundDuration="" />
        <event id="e16" eiid="ei16" offset="9" string="had" tense="PAST" aspect="NONE" class="STATE" polarity="POS" modality="" happen="" lowerBoundDuration="" upperBoundDuration="" />
        <event id="e17" eiid="ei17" offset="11" string="expressed" tense="PAST" aspect="NONE" class="OCCURRENCE" polarity="POS" modality="" happen="" lowerBoundDuration="" upperBoundDuration="" />
        <event id="e18" eiid="ei18" offset="16" string="resumed" tense="PAST" aspect="NONE" class="I_ACTION" polarity="POS" modality="" happen="" lowerBoundDuration="" upperBoundDuration="" />
      </events>
      <timexes>
        <timex tid="t3" text="day" offset="21" length="1" type="DURATION" value="P1D" temporalFunction="false" />
      </timexes>
    </entry>
    <entry sid="7" file="9783732535200_001.txt">
      <sentence>`` We should veer off a little , '' Collins said , pulling the aircraft into a turn .</sentence>
      <tokens>
        <t>" " """ ""</t>
        <t>"" "We" " "</t>
        <t>" " "should" " "</t>
        <t>" " "veer" " "</t>
        <t>" " "off" " "</t>
        <t>" " "a" " "</t>
        <t>" " "little" ""</t>
        <t>"" "," ""</t>
        <t>"" """ " "</t>
        <t>" " "Collins" " "</t>
        <t>" " "said" ""</t>
        <t>"" "," " "</t>
        <t>" " "pulling" " "</t>
        <t>" " "the" " "</t>
        <t>" " "aircraft" " "</t>
        <t>" " "into" " "</t>
        <t>" " "a" " "</t>
        <t>" " "turn" ""</t>
        <t>"" "." " "</t>
      </tokens>
      <parse>(ROOT (S (`` ``) (S (NP (PRP We)) (VP (MD should) (VP (VB veer) (PRT (RP off)) (NP (DT a) (JJ little))))) (, ,) ('' '') (NP (NNP Collins)) (VP (VBD said) (, ,) (S (VP (VBG pulling) (NP (DT the) (NN aircraft)) (PP (IN into) (NP (DT a) (NN turn)))))) (. .)))</parse>
      <deps>nsubj(veer-4, We-2)
aux(veer-4, should-3)
ccomp(said-11, veer-4)
prt(veer-4, off-5)
det(little-7, a-6)
dobj(veer-4, little-7)
nsubj(said-11, Collins-10)
root(ROOT-0, said-11)
xcomp(said-11, pulling-13)
det(aircraft-15, the-14)
dobj(pulling-13, aircraft-15)
det(turn-18, a-17)
prep_into(pulling-13, turn-18)</deps>
      <events>
        <event id="e19" eiid="ei19" offset="4" string="veer" tense="NONE" aspect="NONE" class="OCCURRENCE" polarity="POS" modality="" happen="" lowerBoundDuration="" upperBoundDuration="" />
        <event id="e20" eiid="ei20" offset="11" string="said" tense="PAST" aspect="NONE" class="REPORTING" polarity="POS" modality="" happen="" lowerBoundDuration="" upperBoundDuration="" />
        <event id="e21" eiid="ei21" offset="13" string="pulling" tense="PRESPART" aspect="NONE" class="OCCURRENCE" polarity="POS" modality="" happen="" lowerBoundDuration="" upperBoundDuration="" />
      </events>
      <timexes />
    </entry>
    <entry sid="8" file="9783732535200_001.txt">
      <sentence>`` The time quake is close .</sentence>
      <tokens>
        <t>" " """ ""</t>
        <t>"" "The" " "</t>
        <t>" " "time" " "</t>
        <t>" " "quake" " "</t>
        <t>" " "is" " "</t>
        <t>" " "close" ""</t>
        <t>"" "." " "</t>
      </tokens>
      <parse>(ROOT (S (`` ``) (NP (DT The) (NN time) (NN quake)) (VP (VBZ is) (ADJP (JJ close))) (. .)))</parse>
      <deps>det(quake-4, The-2)
nn(quake-4, time-3)
nsubj(close-6, quake-4)
cop(close-6, is-5)
root(ROOT-0, close-6)</deps>
      <events>
        <event id="e22" eiid="ei22" offset="6" string="close" tense="PRESENT" aspect="NONE" class="STATE" polarity="POS" modality="" happen="" lowerBoundDuration="" upperBoundDuration="" />
      </events>
      <timexes />
    </entry>
    <entry sid="9" file="9783732535200_001.txt">
      <sentence>It 's supposed to be a weak one , but better safe than sorry .</sentence>
      <tokens>
        <t>" " "It" ""</t>
        <t>"" "'s" " "</t>
        <t>" " "supposed" " "</t>
        <t>" " "to" " "</t>
        <t>" " "be" " "</t>
        <t>" " "a" " "</t>
        <t>" " "weak" " "</t>
        <t>" " "one" ""</t>
        <t>"" "," " "</t>
        <t>" " "but" " "</t>
        <t>" " "better" " "</t>
        <t>" " "safe" " "</t>
        <t>" " "than" " "</t>
        <t>" " "sorry" ""</t>
        <t>"" "." " "</t>
      </tokens>
      <parse>(ROOT (S (NP (PRP It)) (VP (VBZ 's) (VP (VBN supposed) (S (VP (TO to) (VP (VP (VB be) (NP (DT a) (JJ weak) (NN one))) (, ,) (CC but) (VP (ADJP (RBR better) (JJ safe)) (PP (IN than) (ADJP (JJ sorry))))))))) (. .)))</parse>
      <deps>nsubjpass(supposed-3, It-1)
xsubj(one-8, It-1)
auxpass(supposed-3, 's-2)
root(ROOT-0, supposed-3)
aux(one-8, to-4)
cop(one-8, be-5)
det(one-8, a-6)
amod(one-8, weak-7)
xcomp(supposed-3, one-8)
advmod(safe-12, better-11)
xcomp(supposed-3, safe-12)
conj_but(one-8, safe-12)
prep_than(safe-12, sorry-14)</deps>
      <events />
      <timexes />
    </entry>
    <entry sid="10" file="9783732535200_001.txt">
      <sentence>I have no desire to be hurled into primeval time just because some idiot may have entered a wrong number into the computer . ''</sentence>
      <tokens>
        <t>" " "I" " "</t>
        <t>" " "have" " "</t>
        <t>" " "no" " "</t>
        <t>" " "desire" " "</t>
        <t>" " "to" " "</t>
        <t>" " "be" " "</t>
        <t>" " "hurled" " "</t>
        <t>" " "into" " "</t>
        <t>" " "primeval" " "</t>
        <t>" " "time" " "</t>
        <t>" " "just" " "</t>
        <t>" " "because" " "</t>
        <t>" " "some" " "</t>
        <t>" " "idiot" " "</t>
        <t>" " "may" " "</t>
        <t>" " "have" " "</t>
        <t>" " "entered" " "</t>
        <t>" " "a" " "</t>
        <t>" " "wrong" " "</t>
        <t>" " "number" " "</t>
        <t>" " "into" " "</t>
        <t>" " "the" " "</t>
        <t>" " "computer" ""</t>
        <t>"" "." ""</t>
        <t>"" """ " "</t>
      </tokens>
      <parse>(ROOT (S (NP (PRP I)) (VP (VBP have) (NP (DT no) (NN desire) (S (VP (TO to) (VP (VB be) (VP (VBN hurled) (PP (IN into) (NP (JJ primeval) (NN time)))))))) (SBAR (RB just) (IN because) (S (NP (DT some) (NN idiot)) (VP (MD may) (VP (VB have) (VP (VBN entered) (NP (DT a) (JJ wrong) (NN number)) (PP (IN into) (NP (DT the) (NN computer))))))))) (. .) ('' '')))</parse>
      <deps>nsubj(have-2, I-1)
root(ROOT-0, have-2)
det(desire-4, no-3)
dobj(have-2, desire-4)
aux(hurled-7, to-5)
auxpass(hurled-7, be-6)
infmod(desire-4, hurled-7)
amod(time-10, primeval-9)
prep_into(hurled-7, time-10)
advmod(entered-17, just-11)
mark(entered-17, because-12)
det(idiot-14, some-13)
nsubj(entered-17, idiot-14)
aux(entered-17, may-15)
aux(entered-17, have-16)
advcl(have-2, entered-17)
det(number-20, a-18)
amod(number-20, wrong-19)
dobj(entered-17, number-20)
det(computer-23, the-22)
prep_into(entered-17, computer-23)</deps>
      <events>
        <event id="e23" eiid="ei23" offset="7" string="hurled" tense="FUTURE" aspect="NONE" class="OCCURRENCE" polarity="POS" modality="" happen="" lowerBoundDuration="" upperBoundDuration="" />
        <event id="e24" eiid="ei24" offset="17" string="entered" tense="NONE" aspect="PERFECTIVE" class="OCCURRENCE" polarity="POS" modality="" happen="" lowerBoundDuration="" upperBoundDuration="" />
      </events>
      <timexes />
    </entry>
    <entry sid="11" file="9783732535200_001.txt">
      <sentence>`` You have pretty little faith in modern technology , '' Holder noted with a grin .</sentence>
      <tokens>
        <t>" " """ ""</t>
        <t>"" "You" " "</t>
        <t>" " "have" " "</t>
        <t>" " "pretty" " "</t>
        <t>" " "little" " "</t>
        <t>" " "faith" " "</t>
        <t>" " "in" " "</t>
        <t>" " "modern" " "</t>
        <t>" " "technology" ""</t>
        <t>"" "," ""</t>
        <t>"" """ " "</t>
        <t>" " "Holder" " "</t>
        <t>" " "noted" " "</t>
        <t>" " "with" " "</t>
        <t>" " "a" " "</t>
        <t>" " "grin" ""</t>
        <t>"" "." " "</t>
      </tokens>
      <parse>(ROOT (S (`` ``) (S (NP (PRP You)) (VP (VBP have) (NP (ADJP (RB pretty) (JJ little)) (NN faith)) (PP (IN in) (NP (JJ modern) (NN technology))))) (, ,) ('' '') (NP (NNP Holder)) (VP (VBD noted) (PP (IN with) (NP (DT a) (NN grin)))) (. .)))</parse>
      <deps>nsubj(have-3, You-2)
ccomp(noted-13, have-3)
advmod(little-5, pretty-4)
amod(faith-6, little-5)
dobj(have-3, faith-6)
amod(technology-9, modern-8)
prep_in(have-3, technology-9)
nsubj(noted-13, Holder-12)
root(ROOT-0, noted-13)
det(grin-16, a-15)
prep_with(noted-13, grin-16)</deps>
      <events>
        <event id="e25" eiid="ei25" offset="13" string="noted" tense="PAST" aspect="NONE" class="REPORTING" polarity="POS" modality="" happen="" lowerBoundDuration="" upperBoundDuration="" />
      </events>
      <timexes />
    </entry>
    <entry sid="12" file="9783732535200_001.txt">
      <sentence>`` Not in technology , but in the people who operate it , '' Collins corrected .</sentence>
      <tokens>
        <t>" " """ ""</t>
        <t>"" "Not" " "</t>
        <t>" " "in" " "</t>
        <t>" " "technology" ""</t>
        <t>"" "," " "</t>
        <t>" " "but" " "</t>
        <t>" " "in" " "</t>
        <t>" " "the" " "</t>
        <t>" " "people" " "</t>
        <t>" " "who" " "</t>
        <t>" " "operate" " "</t>
        <t>" " "it" ""</t>
        <t>"" "," ""</t>
        <t>"" """ " "</t>
        <t>" " "Collins" " "</t>
        <t>" " "corrected" ""</t>
        <t>"" "." " "</t>
      </tokens>
      <parse>(ROOT (S (`` ``) (FRAG (RB Not) (PP (IN in) (NP (NP (NN technology)) (, ,) (ADVP (RB but) (PP (IN in) (NP (DT the) (NNS people)))) (SBAR (WHNP (WP who)) (S (VP (VBP operate) (NP (PRP it)))))))) (, ,) ('' '') (NP (NNP Collins)) (VP (VBD corrected)) (. .)))</parse>
      <deps>dep(corrected-16, Not-2)
prep_in(Not-2, technology-4)
nsubj(operate-11, technology-4)
advmod(technology-4, but-6)
det(people-9, the-8)
prep_in(but-6, people-9)
rcmod(technology-4, operate-11)
dobj(operate-11, it-12)
nsubj(corrected-16, Collins-15)
root(ROOT-0, corrected-16)</deps>
      <events>
        <event id="e26" eiid="ei26" offset="16" string="corrected" tense="PAST" aspect="NONE" class="OCCURRENCE" polarity="POS" modality="" happen="" lowerBoundDuration="" upperBoundDuration="" />
      </events>
      <timexes />
    </entry>
    <entry sid="13" file="9783732535200_001.txt">
      <sentence>`` I do n't think I would have become a helicopter pilot if I did n't . ''</sentence>
      <tokens>
        <t>" " """ ""</t>
        <t>"" "I" " "</t>
        <t>" " "do" ""</t>
        <t>"" "n't" " "</t>
        <t>" " "think" " "</t>
        <t>" " "I" " "</t>
        <t>" " "would" " "</t>
        <t>" " "have" " "</t>
        <t>" " "become" " "</t>
        <t>" " "a" " "</t>
        <t>" " "helicopter" " "</t>
        <t>" " "pilot" " "</t>
        <t>" " "if" " "</t>
        <t>" " "I" " "</t>
        <t>" " "did" ""</t>
        <t>"" "n't" ""</t>
        <t>"" "." ""</t>
        <t>"" """ " "</t>
      </tokens>
      <parse>(ROOT (S (`` ``) (NP (PRP I)) (VP (VBP do) (RB n't) (VP (VB think) (SBAR (S (NP (PRP I)) (VP (MD would) (VP (VB have) (VP (VBN become) (NP (DT a) (NN helicopter) (NN pilot)) (SBAR (IN if) (S (NP (PRP I)) (VP (VBD did) (RB n't))))))))))) (. .) ('' '')))</parse>
      <deps>nsubj(think-5, I-2)
aux(think-5, do-3)
neg(think-5, n't-4)
root(ROOT-0, think-5)
nsubj(pilot-12, I-6)
aux(pilot-12, would-7)
aux(pilot-12, have-8)
cop(pilot-12, become-9)
det(pilot-12, a-10)
nn(pilot-12, helicopter-11)
ccomp(think-5, pilot-12)
mark(did-15, if-13)
nsubj(did-15, I-14)
advcl(pilot-12, did-15)
neg(did-15, n't-16)</deps>
      <events>
        <event id="e27" eiid="ei27" offset="5" string="think" tense="NONE" aspect="NONE" class="OCCURRENCE" polarity="POS" modality="" happen="" lowerBoundDuration="" upperBoundDuration="" />
        <event id="e28" eiid="ei28" offset="9" string="become" tense="NONE" aspect="PERFECTIVE" class="I_STATE" polarity="POS" modality="" happen="" lowerBoundDuration="" upperBoundDuration="" />
      </events>
      <timexes />
    </entry>
    <entry sid="14" file="9783732535200_001.txt">
      <sentence>He grimaced and once again corrected the helicopter 's course by a tiny amount .</sentence>
      <tokens>
        <t>" " "He" " "</t>
        <t>" " "grimaced" " "</t>
        <t>" " "and" " "</t>
        <t>" " "once" " "</t>
        <t>" " "again" " "</t>
        <t>" " "corrected" " "</t>
        <t>" " "the" " "</t>
        <t>" " "helicopter" ""</t>
        <t>"" "'s" " "</t>
        <t>" " "course" " "</t>
        <t>" " "by" " "</t>
        <t>" " "a" " "</t>
        <t>" " "tiny" " "</t>
        <t>" " "amount" ""</t>
        <t>"" "." " "</t>
      </tokens>
      <parse>(ROOT (S (NP (PRP He)) (VP (VP (VBD grimaced)) (CC and) (VP (ADVP (RB once) (RB again)) (VBD corrected) (NP (NP (DT the) (NN helicopter) (POS 's)) (NN course)) (PP (IN by) (NP (DT a) (JJ tiny) (NN amount))))) (. .)))</parse>
      <deps>nsubj(grimaced-2, He-1)
nsubj(corrected-6, He-1)
root(ROOT-0, grimaced-2)
advmod(again-5, once-4)
advmod(corrected-6, again-5)
conj_and(grimaced-2, corrected-6)
det(helicopter-8, the-7)
poss(course-10, helicopter-8)
dobj(corrected-6, course-10)
det(amount-14, a-12)
amod(amount-14, tiny-13)
prep_by(corrected-6, amount-14)</deps>
      <events>
        <event id="e29" eiid="ei29" offset="2" string="grimaced" tense="PAST" aspect="NONE" class="OCCURRENCE" polarity="POS" modality="" happen="" lowerBoundDuration="" upperBoundDuration="" />
        <event id="e30" eiid="ei30" offset="6" string="corrected" tense="PAST" aspect="NONE" class="OCCURRENCE" polarity="POS" modality="" happen="" lowerBoundDuration="" upperBoundDuration="" />
      </events>
      <timexes>
        <timex tid="t4" text="once" offset="4" length="1" type="DATE" value="PAST_REF" temporalFunction="false" />
      </timexes>
    </entry>
    <entry sid="15" file="9783732535200_001.txt">
      <sentence>`` But I 've never been comfortable with computers anyway .</sentence>
      <tokens>
        <t>" " """ ""</t>
        <t>"" "But" " "</t>
        <t>" " "I" ""</t>
        <t>"" "'ve" " "</t>
        <t>" " "never" " "</t>
        <t>" " "been" " "</t>
        <t>" " "comfortable" " "</t>
        <t>" " "with" " "</t>
        <t>" " "computers" " "</t>
        <t>" " "anyway" ""</t>
        <t>"" "." " "</t>
      </tokens>
      <parse>(ROOT (S (`` ``) (CC But) (NP (PRP I)) (VP (VBP 've) (ADVP (RB never)) (VP (VBN been) (ADJP (JJ comfortable) (PP (IN with) (NP (NNS computers)))) (ADVP (RB anyway)))) (. .)))</parse>
      <deps>cc(comfortable-7, But-2)
nsubj(comfortable-7, I-3)
aux(comfortable-7, 've-4)
neg(comfortable-7, never-5)
cop(comfortable-7, been-6)
root(ROOT-0, comfortable-7)
prep_with(comfortable-7, computers-9)
advmod(comfortable-7, anyway-10)</deps>
      <events>
        <event id="e31" eiid="ei31" offset="7" string="comfortable" tense="PRESENT" aspect="PERFECTIVE" class="STATE" polarity="POS" modality="" happen="" lowerBoundDuration="" upperBoundDuration="" />
      </events>
      <timexes />
    </entry>
    <entry sid="16" file="9783732535200_001.txt">
      <sentence>Except for a few specialists , nobody knows what 's in those boxes , and if one of those specialists makes just one tiny mistake , even the best computer delivers crap . ''</sentence>
      <tokens>
        <t>" " "Except" " "</t>
        <t>" " "for" " "</t>
        <t>" " "a" " "</t>
        <t>" " "few" " "</t>
        <t>" " "specialists" ""</t>
        <t>"" "," " "</t>
        <t>" " "nobody" " "</t>
        <t>" " "knows" " "</t>
        <t>" " "what" ""</t>
        <t>"" "'s" " "</t>
        <t>" " "in" " "</t>
        <t>" " "those" " "</t>
        <t>" " "boxes" ""</t>
        <t>"" "," " "</t>
        <t>" " "and" " "</t>
        <t>" " "if" " "</t>
        <t>" " "one" " "</t>
        <t>" " "of" " "</t>
        <t>" " "those" " "</t>
        <t>" " "specialists" " "</t>
        <t>" " "makes" " "</t>
        <t>" " "just" " "</t>
        <t>" " "one" " "</t>
        <t>" " "tiny" " "</t>
        <t>" " "mistake" ""</t>
        <t>"" "," " "</t>
        <t>" " "even" " "</t>
        <t>" " "the" " "</t>
        <t>" " "best" " "</t>
        <t>" " "computer" " "</t>
        <t>" " "delivers" " "</t>
        <t>" " "crap" ""</t>
        <t>"" "." ""</t>
        <t>"" """ " "</t>
      </tokens>
      <parse>(ROOT (S (PP (IN Except) (PP (IN for) (NP (DT a) (JJ few) (NNS specialists)))) (, ,) (NP (NN nobody)) (VP (VBZ knows) (SBAR (SBAR (WHNP (WP what)) (S (VP (VBZ 's) (PP (IN in) (NP (DT those) (NNS boxes)))))) (, ,) (CC and) (SBAR (IN if) (S (NP (NP (CD one)) (PP (IN of) (NP (DT those) (NNS specialists)))) (VP (VBZ makes) (SBAR (S (NP (RB just) (NP (CD one) (JJ tiny) (NN mistake)) (, ,) (RB even) (NP (DT the) (JJS best) (NN computer))) (VP (VBZ delivers) (NP (NN crap)))))))))) (. .) ('' '')))</parse>
      <deps>prepc_except_for(knows-8, for-2)
det(specialists-5, a-3)
amod(specialists-5, few-4)
pobj(knows-8, specialists-5)
nsubj(knows-8, nobody-7)
root(ROOT-0, knows-8)
nsubj('s-10, what-9)
dep(knows-8, 's-10)
det(boxes-13, those-12)
prep_in('s-10, boxes-13)
mark(makes-21, if-16)
nsubj(makes-21, one-17)
det(specialists-20, those-19)
prep_of(one-17, specialists-20)
dep(knows-8, makes-21)
conj_and('s-10, makes-21)
advmod(mistake-25, just-22)
num(mistake-25, one-23)
amod(mistake-25, tiny-24)
nsubj(delivers-31, mistake-25)
advmod(mistake-25, even-27)
det(computer-30, the-28)
amod(computer-30, best-29)
dep(mistake-25, computer-30)
ccomp(makes-21, delivers-31)
dobj(delivers-31, crap-32)</deps>
      <events>
        <event id="e32" eiid="ei32" offset="8" string="knows" tense="PRESENT" aspect="NONE" class="OCCURRENCE" polarity="POS" modality="" happen="" lowerBoundDuration="" upperBoundDuration="" />
        <event id="e33" eiid="ei33" offset="21" string="makes" tense="PRESENT" aspect="NONE" class="OCCURRENCE" polarity="POS" modality="" happen="" lowerBoundDuration="" upperBoundDuration="" />
        <event id="e34" eiid="ei34" offset="31" string="delivers" tense="PRESENT" aspect="NONE" class="OCCURRENCE" polarity="POS" modality="" happen="" lowerBoundDuration="" upperBoundDuration="" />
      </events>
      <timexes />
    </entry>
    <entry sid="17" file="9783732535200_001.txt">
      <sentence>Holder did n't share this disapproval , but he could understand it , especially with someone like Collins .</sentence>
      <tokens>
        <t>" " "Holder" " "</t>
        <t>" " "did" ""</t>
        <t>"" "n't" " "</t>
        <t>" " "share" " "</t>
        <t>" " "this" " "</t>
        <t>" " "disapproval" ""</t>
        <t>"" "," " "</t>
        <t>" " "but" " "</t>
        <t>" " "he" " "</t>
        <t>" " "could" " "</t>
        <t>" " "understand" " "</t>
        <t>" " "it" ""</t>
        <t>"" "," " "</t>
        <t>" " "especially" " "</t>
        <t>" " "with" " "</t>
        <t>" " "someone" " "</t>
        <t>" " "like" " "</t>
        <t>" " "Collins" ""</t>
        <t>"" "." " "</t>
      </tokens>
      <parse>(ROOT (S (S (NP (NNP Holder)) (VP (VBD did) (RB n't) (VP (VB share) (NP (DT this) (NN disapproval))))) (, ,) (CC but) (S (NP (PRP he)) (VP (MD could) (VP (VB understand) (NP (PRP it)) (, ,) (PP (RB especially) (IN with) (NP (NP (NN someone)) (PP (IN like) (NP (NNP Collins)))))))) (. .)))</parse>
      <deps>nsubj(share-4, Holder-1)
aux(share-4, did-2)
neg(share-4, n't-3)
root(ROOT-0, share-4)
det(disapproval-6, this-5)
dobj(share-4, disapproval-6)
nsubj(understand-11, he-9)
aux(understand-11, could-10)
conj_but(share-4, understand-11)
dobj(understand-11, it-12)
advmod(understand-11, especially-14)
prep_with(understand-11, someone-16)
prep_like(someone-16, Collins-18)</deps>
      <events>
        <event id="e35" eiid="ei35" offset="2" string="did" tense="PAST" aspect="NONE" class="OCCURRENCE" polarity="POS" modality="" happen="" lowerBoundDuration="" upperBoundDuration="" />
        <event id="e36" eiid="ei36" offset="11" string="understand" tense="NONE" aspect="NONE" class="OCCURRENCE" polarity="POS" modality="" happen="" lowerBoundDuration="" upperBoundDuration="" />
      </events>
      <timexes />
    </entry>
    <entry sid="18" file="9783732535200_001.txt">
      <sentence>After all , they were almost a generation apart in age .</sentence>
      <tokens>
        <t>" " "After" " "</t>
        <t>" " "all" ""</t>
        <t>"" "," " "</t>
        <t>" " "they" " "</t>
        <t>" " "were" " "</t>
        <t>" " "almost" " "</t>
        <t>" " "a" " "</t>
        <t>" " "generation" " "</t>
        <t>" " "apart" " "</t>
        <t>" " "in" " "</t>
        <t>" " "age" ""</t>
        <t>"" "." " "</t>
      </tokens>
      <parse>(ROOT (S (PP (IN After) (NP (DT all))) (, ,) (NP (PRP they)) (VP (VBD were) (ADVP (NP (RB almost) (DT a) (NN generation)) (RB apart)) (PP (IN in) (NP (NN age)))) (. .)))</parse>
      <deps>prep_after(were-5, all-2)
nsubj(were-5, they-4)
root(ROOT-0, were-5)
advmod(generation-8, almost-6)
det(generation-8, a-7)
npadvmod(apart-9, generation-8)
advmod(were-5, apart-9)
prep_in(were-5, age-11)</deps>
      <events />
      <timexes />
    </entry>
    <entry sid="19" file="9783732535200_001.txt">
      <sentence>Collins had been a soldier when even the simplest calculators filled an entire closet , and since then he had watched his work become more and more computer-driven .</sentence>
      <tokens>
        <t>" " "Collins" " "</t>
        <t>" " "had" " "</t>
        <t>" " "been" " "</t>
        <t>" " "a" " "</t>
        <t>" " "soldier" " "</t>
        <t>" " "when" " "</t>
        <t>" " "even" " "</t>
        <t>" " "the" " "</t>
        <t>" " "simplest" " "</t>
        <t>" " "calculators" " "</t>
        <t>" " "filled" " "</t>
        <t>" " "an" " "</t>
        <t>" " "entire" " "</t>
        <t>" " "closet" ""</t>
        <t>"" "," " "</t>
        <t>" " "and" " "</t>
        <t>" " "since" " "</t>
        <t>" " "then" " "</t>
        <t>" " "he" " "</t>
        <t>" " "had" " "</t>
        <t>" " "watched" " "</t>
        <t>" " "his" " "</t>
        <t>" " "work" " "</t>
        <t>" " "become" " "</t>
        <t>" " "more" " "</t>
        <t>" " "and" " "</t>
        <t>" " "more" " "</t>
        <t>" " "computer-driven" ""</t>
        <t>"" "." " "</t>
      </tokens>
      <parse>(ROOT (S (S (NP (NNP Collins)) (VP (VBD had) (VP (VBN been) (NP (NP (DT a) (NN soldier)) (SBAR (WHADVP (WRB when)) (S (NP (RB even) (DT the) (JJS simplest) (NNS calculators)) (VP (VBD filled) (NP (DT an) (JJ entire) (NN closet))))))))) (, ,) (CC and) (S (PP (IN since) (NP (RB then))) (NP (PRP he)) (VP (VBD had) (VP (VBN watched) (S (NP (PRP$ his) (NN work)) (VP (VB become) (ADJP (ADJP (JJR more)) (CC and) (ADJP (RBR more) (JJ computer-driven)))))))) (. .)))</parse>
      <deps>nsubj(soldier-5, Collins-1)
aux(soldier-5, had-2)
cop(soldier-5, been-3)
det(soldier-5, a-4)
root(ROOT-0, soldier-5)
tmod(filled-11, soldier-5)
advmod(filled-11, when-6)
advmod(calculators-10, even-7)
det(calculators-10, the-8)
amod(calculators-10, simplest-9)
nsubj(filled-11, calculators-10)
rcmod(soldier-5, filled-11)
det(closet-14, an-12)
amod(closet-14, entire-13)
dobj(filled-11, closet-14)
prep(watched-21, since-17)
pobj(since-17, then-18)
nsubj(watched-21, he-19)
aux(watched-21, had-20)
conj_and(soldier-5, watched-21)
tmod(filled-11, watched-21)
poss(work-23, his-22)
nsubj(more-25, work-23)
nsubj(computer-driven-28, work-23)
cop(more-25, become-24)
ccomp(watched-21, more-25)
advmod(computer-driven-28, more-27)
ccomp(watched-21, computer-driven-28)
conj_and(more-25, computer-driven-28)</deps>
      <events>
        <event id="e37" eiid="ei37" offset="11" string="filled" tense="PAST" aspect="NONE" class="OCCURRENCE" polarity="POS" modality="" happen="" lowerBoundDuration="" upperBoundDuration="" />
        <event id="e38" eiid="ei38" offset="21" string="watched" tense="PAST" aspect="PERFECTIVE" class="OCCURRENCE" polarity="POS" modality="" happen="" lowerBoundDuration="" upperBoundDuration="" />
        <event id="e39" eiid="ei39" offset="24" string="become" tense="NONE" aspect="NONE" class="OCCURRENCE" polarity="POS" modality="" happen="" lowerBoundDuration="" upperBoundDuration="" />
      </events>
      <timexes />
    </entry>
    <entry sid="20" file="9783732535200_001.txt">
      <sentence>Even the simple little helicopters used here in DINO-LAND were stuffed with microchips that controlled numerous electronic processes .</sentence>
      <tokens>
        <t>" " "Even" " "</t>
        <t>" " "the" " "</t>
        <t>" " "simple" " "</t>
        <t>" " "little" " "</t>
        <t>" " "helicopters" " "</t>
        <t>" " "used" " "</t>
        <t>" " "here" " "</t>
        <t>" " "in" " "</t>
        <t>" " "DINO-LAND" " "</t>
        <t>" " "were" " "</t>
        <t>" " "stuffed" " "</t>
        <t>" " "with" " "</t>
        <t>" " "microchips" " "</t>
        <t>" " "that" " "</t>
        <t>" " "controlled" " "</t>
        <t>" " "numerous" " "</t>
        <t>" " "electronic" " "</t>
        <t>" " "processes" ""</t>
        <t>"" "." ""</t>
      </tokens>
      <parse>(ROOT (S (NP (NP (RB Even) (DT the) (JJ simple) (JJ little) (NNS helicopters)) (VP (VBN used) (ADVP (RB here)) (PP (IN in) (NP (NNP DINO-LAND))))) (VP (VBD were) (VP (VBN stuffed) (PP (IN with) (NP (NP (NNS microchips)) (SBAR (WHNP (WDT that)) (S (VP (VBD controlled) (NP (JJ numerous) (JJ electronic) (NNS processes))))))))) (. .)))</parse>
      <deps>advmod(helicopters-5, Even-1)
det(helicopters-5, the-2)
amod(helicopters-5, simple-3)
amod(helicopters-5, little-4)
nsubjpass(stuffed-11, helicopters-5)
partmod(helicopters-5, used-6)
advmod(used-6, here-7)
prep_in(used-6, DINO-LAND-9)
auxpass(stuffed-11, were-10)
root(ROOT-0, stuffed-11)
prep_with(stuffed-11, microchips-13)
nsubj(controlled-15, microchips-13)
rcmod(microchips-13, controlled-15)
amod(processes-18, numerous-16)
amod(processes-18, electronic-17)
dobj(controlled-15, processes-18)</deps>
      <events>
        <event id="e40" eiid="ei40" offset="11" string="stuffed" tense="PAST" aspect="NONE" class="OCCURRENCE" polarity="POS" modality="" happen="" lowerBoundDuration="" upperBoundDuration="" />
        <event id="e41" eiid="ei41" offset="15" string="controlled" tense="PAST" aspect="NONE" class="OCCURRENCE" polarity="POS" modality="" happen="" lowerBoundDuration="" upperBoundDuration="" />
      </events>
      <timexes />
    </entry>
    <tlink event1="ei18" event2="t3" relation="IS_INCLUDED" closed="false" origin="AdjacentVerbTimex" type="et" />
    <tlink event1="ei29" event2="t4" relation="IS_INCLUDED" closed="false" origin="AdjacentVerbTimex" type="et" />
    <tlink event1="ei5" event2="ei6" relation="BEFORE" closed="false" origin="ReichenbachDG13" type="ee" />
    <tlink event1="ei5" event2="ei7" relation="AFTER" closed="false" origin="ReichenbachDG13" type="ee" />
    <tlink event1="ei6" event2="ei7" relation="AFTER" closed="false" origin="ReichenbachDG13" type="ee" />
    <tlink event1="ei6" event2="ei8" relation="AFTER" closed="false" origin="ReichenbachDG13" type="ee" />
    <tlink event1="ei6" event2="ei10" relation="AFTER" closed="false" origin="ReichenbachDG13" type="ee" />
    <tlink event1="ei7" event2="ei8" relation="BEFORE" closed="false" origin="ReichenbachDG13" type="ee" />
    <tlink event1="ei8" event2="ei10" relation="AFTER" closed="false" origin="ReichenbachDG13" type="ee" />
    <tlink event1="ei14" event2="ei15" relation="AFTER" closed="false" origin="ReichenbachDG13" type="ee" />
    <tlink event1="ei15" event2="ei16" relation="BEFORE" closed="false" origin="ReichenbachDG13" type="ee" />
    <tlink event1="ei15" event2="ei17" relation="BEFORE" closed="false" origin="ReichenbachDG13" type="ee" />
    <tlink event1="ei15" event2="ei18" relation="BEFORE" closed="false" origin="ReichenbachDG13" type="ee" />
    <tlink event1="ei15" event2="ei19" relation="BEFORE" closed="false" origin="ReichenbachDG13" type="ee" />
    <tlink event1="ei15" event2="ei20" relation="BEFORE" closed="false" origin="ReichenbachDG13" type="ee" />
    <tlink event1="ei16" event2="ei19" relation="BEFORE" closed="false" origin="ReichenbachDG13" type="ee" />
    <tlink event1="ei17" event2="ei19" relation="BEFORE" closed="false" origin="ReichenbachDG13" type="ee" />
    <tlink event1="ei18" event2="ei19" relation="BEFORE" closed="false" origin="ReichenbachDG13" type="ee" />
    <tlink event1="ei19" event2="ei20" relation="AFTER" closed="false" origin="ReichenbachDG13" type="ee" />
    <tlink event1="ei23" event2="ei25" relation="AFTER" closed="false" origin="ReichenbachDG13" type="ee" />
    <tlink event1="ei24" event2="ei25" relation="AFTER" closed="false" origin="ReichenbachDG13" type="ee" />
    <tlink event1="ei32" event2="ei36" relation="BEFORE" closed="false" origin="ReichenbachDG13" type="ee" />
    <tlink event1="ei33" event2="ei36" relation="BEFORE" closed="false" origin="ReichenbachDG13" type="ee" />
    <tlink event1="ei34" event2="ei36" relation="BEFORE" closed="false" origin="ReichenbachDG13" type="ee" />
    <tlink event1="ei35" event2="ei36" relation="BEFORE" closed="false" origin="ReichenbachDG13" type="ee" />
    <tlink event1="ei37" event2="ei38" relation="AFTER" closed="false" origin="ReichenbachDG13" type="ee" />
    <tlink event1="ei38" event2="ei40" relation="BEFORE" closed="false" origin="ReichenbachDG13" type="ee" />
    <tlink event1="ei38" event2="ei41" relation="BEFORE" closed="false" origin="ReichenbachDG13" type="ee" />
    <tlink event1="ei3" event2="ei4" relation="VAGUE" closed="false" origin="XCompDepSieve" type="ee" />
    <tlink event1="ei8" event2="ei9" relation="VAGUE" closed="false" origin="XCompDepSieve" type="ee" />
    <tlink event1="ei20" event2="ei21" relation="IS_INCLUDED" closed="false" origin="XCompDepSieve" type="ee" />
    <tlink event1="ei29" event2="ei30" relation="VAGUE" closed="false" origin="XCompDepSieve" type="ee" />
    <tlink event1="ei33" event2="ei34" relation="VAGUE" closed="false" origin="XCompDepSieve" type="ee" />
    <tlink event1="ei1" event2="ei3" relation="VAGUE" closed="false" origin="WordNet209" type="ee" />
    <tlink event1="ei8" event2="ei11" relation="VAGUE" closed="false" origin="WordNet209" type="ee" />
    <tlink event1="ei11" event2="ei13" relation="VAGUE" closed="false" origin="WordNet209" type="ee" />
    <tlink event1="ei14" event2="ei18" relation="VAGUE" closed="false" origin="WordNet209" type="ee" />
    <tlink event1="ei33" event2="ei35" relation="VAGUE" closed="false" origin="WordNet209" type="ee" />
    <tlink event1="ei14" event2="t2" relation="VAGUE" closed="false" origin="MLEventTimeSameSent" type="et" />
    <tlink event1="ei15" event2="t3" relation="VAGUE" closed="false" origin="MLEventTimeSameSent" type="et" />
    <tlink event1="ei16" event2="t3" relation="VAGUE" closed="false" origin="MLEventTimeSameSent" type="et" />
    <tlink event1="ei17" event2="t3" relation="VAGUE" closed="false" origin="MLEventTimeSameSent" type="et" />
    <tlink event1="ei30" event2="t4" relation="BEFORE" closed="false" origin="MLEventTimeSameSent" type="et" />
    <tlink event1="ei1" event2="ei2" relation="VAGUE" closed="false" origin="MLEventEventDominates" type="ee" />
    <tlink event1="ei1" event2="ei4" relation="AFTER" closed="false" origin="MLEventEventDominates" type="ee" />
    <tlink event1="ei2" event2="ei3" relation="VAGUE" closed="false" origin="MLEventEventDominates" type="ee" />
    <tlink event1="ei2" event2="ei4" relation="AFTER" closed="false" origin="MLEventEventDominates" type="ee" />
    <tlink event1="ei10" event2="ei11" relation="AFTER" closed="false" origin="MLEventEventDominates" type="ee" />
    <tlink event1="ei10" event2="ei12" relation="BEFORE" closed="false" origin="MLEventEventDominates" type="ee" />
    <tlink event1="ei10" event2="ei13" relation="VAGUE" closed="false" origin="MLEventEventDominates" type="ee" />
    <tlink event1="ei11" event2="ei12" relation="VAGUE" closed="false" origin="MLEventEventDominates" type="ee" />
    <tlink event1="ei16" event2="ei17" relation="AFTER" closed="false" origin="MLEventEventDominates" type="ee" />
    <tlink event1="ei27" event2="ei28" relation="VAGUE" closed="false" origin="MLEventEventDominates" type="ee" />
    <tlink event1="ei32" event2="ei33" relation="VAGUE" closed="false" origin="MLEventEventDominates" type="ee" />
    <tlink event1="ei32" event2="ei34" relation="VAGUE" closed="false" origin="MLEventEventDominates" type="ee" />
    <tlink event1="ei38" event2="ei39" relation="VAGUE" closed="false" origin="MLEventEventDominates" type="ee" />
    <tlink event1="ei40" event2="ei41" relation="VAGUE" closed="false" origin="MLEventEventDominates" type="ee" />
    <tlink event1="ei6" event2="ei11" relation="AFTER" closed="true" origin="MLEventEventDominates" type="ee" />
    <tlink event1="ei8" event2="ei12" relation="VAGUE" closed="false" origin="MLEventEventSameSent" type="ee" />
    <tlink event1="ei8" event2="ei13" relation="VAGUE" closed="false" origin="MLEventEventSameSent" type="ee" />
    <tlink event1="ei9" event2="ei10" relation="VAGUE" closed="false" origin="MLEventEventSameSent" type="ee" />
    <tlink event1="ei9" event2="ei11" relation="AFTER" closed="false" origin="MLEventEventSameSent" type="ee" />
    <tlink event1="ei9" event2="ei12" relation="BEFORE" closed="false" origin="MLEventEventSameSent" type="ee" />
    <tlink event1="ei9" event2="ei13" relation="VAGUE" closed="false" origin="MLEventEventSameSent" type="ee" />
    <tlink event1="ei12" event2="ei13" relation="VAGUE" closed="false" origin="MLEventEventSameSent" type="ee" />
    <tlink event1="ei16" event2="ei18" relation="AFTER" closed="false" origin="MLEventEventSameSent" type="ee" />
    <tlink event1="ei17" event2="ei18" relation="VAGUE" closed="false" origin="MLEventEventSameSent" type="ee" />
    <tlink event1="ei19" event2="ei21" relation="VAGUE" closed="false" origin="MLEventEventSameSent" type="ee" />
    <tlink event1="ei23" event2="ei24" relation="BEFORE" closed="false" origin="MLEventEventSameSent" type="ee" />
    <tlink event1="ei37" event2="ei39" relation="VAGUE" closed="false" origin="MLEventEventSameSent" type="ee" />
    <tlink event1="ei1" event2="ei5" relation="VAGUE" closed="false" origin="AllVagueSieve" type="ee" />
    <tlink event1="ei2" event2="ei5" relation="VAGUE" closed="false" origin="AllVagueSieve" type="ee" />
    <tlink event1="ei3" event2="ei5" relation="VAGUE" closed="false" origin="AllVagueSieve" type="ee" />
    <tlink event1="ei4" event2="ei5" relation="VAGUE" closed="false" origin="AllVagueSieve" type="ee" />
    <tlink event1="ei6" event2="ei9" relation="VAGUE" closed="false" origin="AllVagueSieve" type="ee" />
    <tlink event1="ei6" event2="ei12" relation="VAGUE" closed="false" origin="AllVagueSieve" type="ee" />
    <tlink event1="ei6" event2="ei13" relation="VAGUE" closed="false" origin="AllVagueSieve" type="ee" />
    <tlink event1="ei7" event2="ei9" relation="VAGUE" closed="false" origin="AllVagueSieve" type="ee" />
    <tlink event1="ei7" event2="ei10" relation="VAGUE" closed="false" origin="AllVagueSieve" type="ee" />
    <tlink event1="ei7" event2="ei11" relation="VAGUE" closed="false" origin="AllVagueSieve" type="ee" />
    <tlink event1="ei7" event2="ei12" relation="VAGUE" closed="false" origin="AllVagueSieve" type="ee" />
    <tlink event1="ei7" event2="ei13" relation="VAGUE" closed="false" origin="AllVagueSieve" type="ee" />
    <tlink event1="ei14" event2="ei16" relation="VAGUE" closed="false" origin="AllVagueSieve" type="ee" />
    <tlink event1="ei14" event2="ei17" relation="VAGUE" closed="false" origin="AllVagueSieve" type="ee" />
    <tlink event1="ei14" event2="t3" relation="VAGUE" closed="false" origin="AllVagueSieve" type="et" />
    <tlink event1="t2" event2="t3" relation="VAGUE" closed="false" origin="AllVagueSieve" type="tt" />
    <tlink event1="t2" event2="ei15" relation="VAGUE" closed="false" origin="AllVagueSieve" type="et" />
    <tlink event1="t2" event2="ei16" relation="VAGUE" closed="false" origin="AllVagueSieve" type="et" />
    <tlink event1="t2" event2="ei17" relation="VAGUE" closed="false" origin="AllVagueSieve" type="et" />
    <tlink event1="t2" event2="ei18" relation="VAGUE" closed="false" origin="AllVagueSieve" type="et" />
    <tlink event1="ei15" event2="ei21" relation="VAGUE" closed="false" origin="AllVagueSieve" type="ee" />
    <tlink event1="ei16" event2="ei20" relation="VAGUE" closed="false" origin="AllVagueSieve" type="ee" />
    <tlink event1="ei16" event2="ei21" relation="VAGUE" closed="false" origin="AllVagueSieve" type="ee" />
    <tlink event1="ei17" event2="ei20" relation="VAGUE" closed="false" origin="AllVagueSieve" type="ee" />
    <tlink event1="ei17" event2="ei21" relation="VAGUE" closed="false" origin="AllVagueSieve" type="ee" />
    <tlink event1="ei18" event2="ei20" relation="VAGUE" closed="false" origin="AllVagueSieve" type="ee" />
    <tlink event1="ei18" event2="ei21" relation="VAGUE" closed="false" origin="AllVagueSieve" type="ee" />
    <tlink event1="t3" event2="ei19" relation="VAGUE" closed="false" origin="AllVagueSieve" type="et" />
    <tlink event1="t3" event2="ei20" relation="VAGUE" closed="false" origin="AllVagueSieve" type="et" />
    <tlink event1="t3" event2="ei21" relation="VAGUE" closed="false" origin="AllVagueSieve" type="et" />
    <tlink event1="ei19" event2="ei22" relation="VAGUE" closed="false" origin="AllVagueSieve" type="ee" />
    <tlink event1="ei20" event2="ei22" relation="VAGUE" closed="false" origin="AllVagueSieve" type="ee" />
    <tlink event1="ei21" event2="ei22" relation="VAGUE" closed="false" origin="AllVagueSieve" type="ee" />
    <tlink event1="ei25" event2="ei26" relation="VAGUE" closed="false" origin="AllVagueSieve" type="ee" />
    <tlink event1="ei26" event2="ei27" relation="VAGUE" closed="false" origin="AllVagueSieve" type="ee" />
    <tlink event1="ei26" event2="ei28" relation="VAGUE" closed="false" origin="AllVagueSieve" type="ee" />
    <tlink event1="ei27" event2="ei29" relation="VAGUE" closed="false" origin="AllVagueSieve" type="ee" />
    <tlink event1="ei27" event2="ei30" relation="VAGUE" closed="false" origin="AllVagueSieve" type="ee" />
    <tlink event1="ei27" event2="t4" relation="VAGUE" closed="false" origin="AllVagueSieve" type="et" />
    <tlink event1="ei28" event2="ei29" relation="VAGUE" closed="false" origin="AllVagueSieve" type="ee" />
    <tlink event1="ei28" event2="ei30" relation="VAGUE" closed="false" origin="AllVagueSieve" type="ee" />
    <tlink event1="ei28" event2="t4" relation="VAGUE" closed="false" origin="AllVagueSieve" type="et" />
    <tlink event1="ei29" event2="ei31" relation="VAGUE" closed="false" origin="AllVagueSieve" type="ee" />
    <tlink event1="ei30" event2="ei31" relation="VAGUE" closed="false" origin="AllVagueSieve" type="ee" />
    <tlink event1="t4" event2="ei31" relation="VAGUE" closed="false" origin="AllVagueSieve" type="et" />
    <tlink event1="ei31" event2="ei32" relation="VAGUE" closed="false" origin="AllVagueSieve" type="ee" />
    <tlink event1="ei31" event2="ei33" relation="VAGUE" closed="false" origin="AllVagueSieve" type="ee" />
    <tlink event1="ei31" event2="ei34" relation="VAGUE" closed="false" origin="AllVagueSieve" type="ee" />
    <tlink event1="ei32" event2="ei35" relation="VAGUE" closed="false" origin="AllVagueSieve" type="ee" />
    <tlink event1="ei34" event2="ei35" relation="VAGUE" closed="false" origin="AllVagueSieve" type="ee" />
    <tlink event1="ei37" event2="ei40" relation="VAGUE" closed="false" origin="AllVagueSieve" type="ee" />
    <tlink event1="ei37" event2="ei41" relation="VAGUE" closed="false" origin="AllVagueSieve" type="ee" />
    <tlink event1="ei39" event2="ei40" relation="VAGUE" closed="false" origin="AllVagueSieve" type="ee" />
    <tlink event1="ei39" event2="ei41" relation="VAGUE" closed="false" origin="AllVagueSieve" type="ee" />
  </file>
</root>

