<?xml version="1.0" encoding="UTF-8"?>
<root xmlns="http://chambers.com/corpusinfo">
  <file name="9783732502929_061.txt">
    <entry sid="0" file="9783732502929_061.txt">
      <sentence>When she got back to her room , she looked down at her suitcases indecisively .</sentence>
      <tokens>
        <t>"" "When" " "</t>
        <t>" " "she" " "</t>
        <t>" " "got" " "</t>
        <t>" " "back" " "</t>
        <t>" " "to" " "</t>
        <t>" " "her" " "</t>
        <t>" " "room" ""</t>
        <t>"" "," " "</t>
        <t>" " "she" " "</t>
        <t>" " "looked" " "</t>
        <t>" " "down" " "</t>
        <t>" " "at" " "</t>
        <t>" " "her" " "</t>
        <t>" " "suitcases" " "</t>
        <t>" " "indecisively" ""</t>
        <t>"" "." " "</t>
      </tokens>
      <parse>(ROOT (S (SBAR (WHADVP (WRB When)) (S (NP (PRP she)) (VP (VBD got) (ADVP (RB back)) (PP (TO to) (NP (PRP$ her) (NN room)))))) (, ,) (NP (PRP she)) (VP (VBD looked) (PRT (RP down)) (PP (IN at) (NP (PRP$ her) (JJ suitcases) (NN indecisively)))) (. .)))</parse>
      <deps>advmod(got-3, When-1)
nsubj(got-3, she-2)
advcl(looked-10, got-3)
advmod(got-3, back-4)
poss(room-7, her-6)
prep_to(got-3, room-7)
nsubj(looked-10, she-9)
root(ROOT-0, looked-10)
prt(looked-10, down-11)
poss(indecisively-15, her-13)
amod(indecisively-15, suitcases-14)
prep_at(looked-10, indecisively-15)</deps>
      <events>
        <event id="e1" eiid="ei1" offset="3" string="got" tense="PAST" aspect="NONE" class="OCCURRENCE" polarity="POS" modality="" happen="" lowerBoundDuration="" upperBoundDuration="" />
        <event id="e2" eiid="ei2" offset="10" string="looked" tense="PAST" aspect="NONE" class="OCCURRENCE" polarity="POS" modality="" happen="" lowerBoundDuration="" upperBoundDuration="" />
      </events>
      <timexes />
    </entry>
    <entry sid="1" file="9783732502929_061.txt">
      <sentence>Should she really unpack them ?</sentence>
      <tokens>
        <t>" " "Should" " "</t>
        <t>" " "she" " "</t>
        <t>" " "really" " "</t>
        <t>" " "unpack" " "</t>
        <t>" " "them" ""</t>
        <t>"" "?" " "</t>
      </tokens>
      <parse>(ROOT (SQ (MD Should) (NP (PRP she)) (ADVP (RB really)) (VP (VB unpack) (NP (PRP them))) (. ?)))</parse>
      <deps>aux(unpack-4, Should-1)
nsubj(unpack-4, she-2)
advmod(unpack-4, really-3)
root(ROOT-0, unpack-4)
dobj(unpack-4, them-5)</deps>
      <events />
      <timexes />
    </entry>
    <entry sid="2" file="9783732502929_061.txt">
      <sentence>She could n't possibly stay here .</sentence>
      <tokens>
        <t>" " "She" " "</t>
        <t>" " "could" ""</t>
        <t>"" "n't" " "</t>
        <t>" " "possibly" " "</t>
        <t>" " "stay" " "</t>
        <t>" " "here" ""</t>
        <t>"" "." " "</t>
      </tokens>
      <parse>(ROOT (S (NP (PRP She)) (VP (MD could) (RB n't) (ADVP (RB possibly)) (VP (VB stay) (ADVP (RB here)))) (. .)))</parse>
      <deps>nsubj(stay-5, She-1)
aux(stay-5, could-2)
neg(stay-5, n't-3)
advmod(stay-5, possibly-4)
root(ROOT-0, stay-5)
advmod(stay-5, here-6)</deps>
      <events>
        <event id="e3" eiid="ei3" offset="5" string="stay" tense="NONE" aspect="NONE" class="OCCURRENCE" polarity="POS" modality="" happen="" lowerBoundDuration="" upperBoundDuration="" />
      </events>
      <timexes />
    </entry>
    <entry sid="3" file="9783732502929_061.txt">
      <sentence>But the unfortunate contract she had so carelessly signed ?</sentence>
      <tokens>
        <t>" " "But" " "</t>
        <t>" " "the" " "</t>
        <t>" " "unfortunate" " "</t>
        <t>" " "contract" " "</t>
        <t>" " "she" " "</t>
        <t>" " "had" " "</t>
        <t>" " "so" " "</t>
        <t>" " "carelessly" " "</t>
        <t>" " "signed" ""</t>
        <t>"" "?" " "</t>
      </tokens>
      <parse>(ROOT (FRAG (CC But) (NP (NP (DT the) (JJ unfortunate) (NN contract)) (SBAR (S (NP (PRP she)) (VP (VBD had) (ADVP (RB so)) (VP (ADVP (RB carelessly)) (VBN signed)))))) (. ?)))</parse>
      <deps>cc(contract-4, But-1)
det(contract-4, the-2)
amod(contract-4, unfortunate-3)
root(ROOT-0, contract-4)
dobj(signed-9, contract-4)
nsubj(signed-9, she-5)
aux(signed-9, had-6)
advmod(signed-9, so-7)
advmod(signed-9, carelessly-8)
rcmod(contract-4, signed-9)</deps>
      <events>
        <event id="e4" eiid="ei4" offset="9" string="signed" tense="PAST" aspect="PERFECTIVE" class="OCCURRENCE" polarity="POS" modality="" happen="" lowerBoundDuration="" upperBoundDuration="" />
      </events>
      <timexes />
    </entry>
    <entry sid="4" file="9783732502929_061.txt">
      <sentence>It bound her for years .</sentence>
      <tokens>
        <t>" " "It" " "</t>
        <t>" " "bound" " "</t>
        <t>" " "her" " "</t>
        <t>" " "for" " "</t>
        <t>" " "years" ""</t>
        <t>"" "." " "</t>
      </tokens>
      <parse>(ROOT (S (NP (PRP It)) (VP (VBN bound) (NP (PRP her)) (PP (IN for) (NP (NNS years)))) (. .)))</parse>
      <deps>nsubj(bound-2, It-1)
root(ROOT-0, bound-2)
dobj(bound-2, her-3)
prep_for(bound-2, years-5)</deps>
      <events>
        <event id="e5" eiid="ei5" offset="2" string="bound" tense="PAST" aspect="NONE" class="OCCURRENCE" polarity="POS" modality="" happen="" lowerBoundDuration="" upperBoundDuration="" />
      </events>
      <timexes>
        <timex tid="t1" text="years" offset="5" length="1" type="DURATION" value="PXY" temporalFunction="false" />
      </timexes>
    </entry>
    <entry sid="5" file="9783732502929_061.txt">
      <sentence>What could she do to get out of here ?</sentence>
      <tokens>
        <t>" " "What" " "</t>
        <t>" " "could" " "</t>
        <t>" " "she" " "</t>
        <t>" " "do" " "</t>
        <t>" " "to" " "</t>
        <t>" " "get" " "</t>
        <t>" " "out" " "</t>
        <t>" " "of" " "</t>
        <t>" " "here" ""</t>
        <t>"" "?" " "</t>
      </tokens>
      <parse>(ROOT (SBARQ (WHNP (WP What)) (SQ (MD could) (NP (PRP she)) (VP (VB do) (S (VP (TO to) (VP (VB get) (PRT (RP out)) (PP (IN of) (NP (RB here)))))))) (. ?)))</parse>
      <deps>dep(do-4, What-1)
aux(do-4, could-2)
nsubj(do-4, she-3)
xsubj(get-6, she-3)
root(ROOT-0, do-4)
aux(get-6, to-5)
xcomp(do-4, get-6)
prep_out_of(get-6, here-9)</deps>
      <events>
        <event id="e6" eiid="ei6" offset="6" string="get" tense="INFINITIVE" aspect="NONE" class="OCCURRENCE" polarity="POS" modality="" happen="" lowerBoundDuration="" upperBoundDuration="" />
      </events>
      <timexes />
    </entry>
    <entry sid="6" file="9783732502929_061.txt">
      <sentence>Since Mrs. Ellen was not allowed to notice anything , it was very , very difficult .</sentence>
      <tokens>
        <t>" " "Since" " "</t>
        <t>" " "Mrs." " "</t>
        <t>" " "Ellen" " "</t>
        <t>" " "was" " "</t>
        <t>" " "not" " "</t>
        <t>" " "allowed" " "</t>
        <t>" " "to" " "</t>
        <t>" " "notice" " "</t>
        <t>" " "anything" ""</t>
        <t>"" "," " "</t>
        <t>" " "it" " "</t>
        <t>" " "was" " "</t>
        <t>" " "very" ""</t>
        <t>"" "," " "</t>
        <t>" " "very" " "</t>
        <t>" " "difficult" ""</t>
        <t>"" "." " "</t>
      </tokens>
      <parse>(ROOT (S (SBAR (IN Since) (S (NP (NNP Mrs.) (NNP Ellen)) (VP (VBD was) (RB not) (VP (VBN allowed) (S (VP (TO to) (VP (VB notice) (NP (NN anything))))))))) (, ,) (NP (PRP it)) (VP (VBD was) (ADJP (RB very) (, ,) (RB very) (JJ difficult))) (. .)))</parse>
      <deps>mark(allowed-6, Since-1)
nn(Ellen-3, Mrs.-2)
nsubjpass(allowed-6, Ellen-3)
xsubj(notice-8, Ellen-3)
auxpass(allowed-6, was-4)
neg(allowed-6, not-5)
advcl(difficult-16, allowed-6)
aux(notice-8, to-7)
xcomp(allowed-6, notice-8)
dobj(notice-8, anything-9)
nsubj(difficult-16, it-11)
cop(difficult-16, was-12)
advmod(difficult-16, very-13)
advmod(difficult-16, very-15)
root(ROOT-0, difficult-16)</deps>
      <events>
        <event id="e7" eiid="ei7" offset="6" string="allowed" tense="PAST" aspect="NONE" class="I_ACTION" polarity="POS" modality="" happen="" lowerBoundDuration="" upperBoundDuration="" />
        <event id="e8" eiid="ei8" offset="8" string="notice" tense="INFINITIVE" aspect="NONE" class="OCCURRENCE" polarity="POS" modality="" happen="" lowerBoundDuration="" upperBoundDuration="" />
        <event id="e9" eiid="ei9" offset="16" string="difficult" tense="PRESENT" aspect="NONE" class="STATE" polarity="POS" modality="" happen="" lowerBoundDuration="" upperBoundDuration="" />
      </events>
      <timexes />
    </entry>
    <entry sid="7" file="9783732502929_061.txt">
      <sentence>And even if the contract had not been - where should she go so suddenly ?</sentence>
      <tokens>
        <t>" " "And" " "</t>
        <t>" " "even" " "</t>
        <t>" " "if" " "</t>
        <t>" " "the" " "</t>
        <t>" " "contract" " "</t>
        <t>" " "had" " "</t>
        <t>" " "not" " "</t>
        <t>" " "been" " "</t>
        <t>" " "-" " "</t>
        <t>" " "where" " "</t>
        <t>" " "should" " "</t>
        <t>" " "she" " "</t>
        <t>" " "go" " "</t>
        <t>" " "so" " "</t>
        <t>" " "suddenly" ""</t>
        <t>"" "?" " "</t>
      </tokens>
      <parse>(ROOT (FRAG (CC And) (RB even) (SBAR (IN if) (S (NP (DT the) (NN contract)) (VP (VBD had) (NP (NP (RB not)) (VP (VBN been)) (: -) (SBARQ (WHADVP (WRB where)) (SQ (MD should) (NP (PRP she)) (VP (VB go) (ADVP (RB so)) (ADVP (RB suddenly)))) (. ?))))))))</parse>
      <deps>cc(even-2, And-1)
root(ROOT-0, even-2)
mark(had-6, if-3)
det(contract-5, the-4)
nsubj(had-6, contract-5)
dep(even-2, had-6)
dobj(had-6, not-7)
partmod(not-7, been-8)
advmod(go-13, where-10)
aux(go-13, should-11)
nsubj(go-13, she-12)
dep(not-7, go-13)
advmod(go-13, so-14)
advmod(go-13, suddenly-15)</deps>
      <events />
      <timexes />
    </entry>
    <entry sid="8" file="9783732502929_061.txt">
      <sentence>To look for a new position ?</sentence>
      <tokens>
        <t>" " "To" " "</t>
        <t>" " "look" " "</t>
        <t>" " "for" " "</t>
        <t>" " "a" " "</t>
        <t>" " "new" " "</t>
        <t>" " "position" ""</t>
        <t>"" "?" " "</t>
      </tokens>
      <parse>(ROOT (S (VP (TO To) (VP (VB look) (PP (IN for) (NP (DT a) (JJ new) (NN position))))) (. ?)))</parse>
      <deps>aux(look-2, To-1)
root(ROOT-0, look-2)
det(position-6, a-4)
amod(position-6, new-5)
prep_for(look-2, position-6)</deps>
      <events>
        <event id="e10" eiid="ei10" offset="2" string="look" tense="INFINITIVE" aspect="NONE" class="OCCURRENCE" polarity="POS" modality="" happen="" lowerBoundDuration="" upperBoundDuration="" />
      </events>
      <timexes />
    </entry>
    <entry sid="9" file="9783732502929_061.txt">
      <sentence>That was not so easy .</sentence>
      <tokens>
        <t>" " "That" " "</t>
        <t>" " "was" " "</t>
        <t>" " "not" " "</t>
        <t>" " "so" " "</t>
        <t>" " "easy" ""</t>
        <t>"" "." " "</t>
      </tokens>
      <parse>(ROOT (S (NP (DT That)) (VP (VBD was) (RB not) (ADJP (RB so) (JJ easy))) (. .)))</parse>
      <deps>nsubj(easy-5, That-1)
cop(easy-5, was-2)
neg(easy-5, not-3)
advmod(easy-5, so-4)
root(ROOT-0, easy-5)</deps>
      <events />
      <timexes />
    </entry>
    <entry sid="10" file="9783732502929_061.txt">
      <sentence>She could perhaps approach Frau von Schwarzburg again but how should she explain that she did not want to stay with Frau Rittner ?</sentence>
      <tokens>
        <t>" " "She" " "</t>
        <t>" " "could" " "</t>
        <t>" " "perhaps" " "</t>
        <t>" " "approach" " "</t>
        <t>" " "Frau" " "</t>
        <t>" " "von" " "</t>
        <t>" " "Schwarzburg" " "</t>
        <t>" " "again" " "</t>
        <t>" " "but" " "</t>
        <t>" " "how" " "</t>
        <t>" " "should" " "</t>
        <t>" " "she" " "</t>
        <t>" " "explain" " "</t>
        <t>" " "that" " "</t>
        <t>" " "she" " "</t>
        <t>" " "did" " "</t>
        <t>" " "not" " "</t>
        <t>" " "want" " "</t>
        <t>" " "to" " "</t>
        <t>" " "stay" " "</t>
        <t>" " "with" " "</t>
        <t>" " "Frau" " "</t>
        <t>" " "Rittner" ""</t>
        <t>"" "?" " "</t>
      </tokens>
      <parse>(ROOT (S (NP (PRP She)) (VP (MD could) (ADVP (RB perhaps)) (VP (VB approach) (S (S (NP (NNP Frau) (NNP von)) (VP (VBG Schwarzburg) (ADVP (RB again)))) (CC but) (SBARQ (WHADVP (WRB how)) (SQ (MD should) (NP (PRP she)) (VP (VB explain) (SBAR (IN that) (S (NP (PRP she)) (VP (VBD did) (RB not) (VP (VB want) (S (VP (TO to) (VP (VB stay) (PP (IN with) (NP (NNP Frau) (NNP Rittner)))))))))))) (. ?)))))))</parse>
      <deps>nsubj(approach-4, She-1)
aux(approach-4, could-2)
advmod(approach-4, perhaps-3)
root(ROOT-0, approach-4)
nn(von-6, Frau-5)
nsubj(Schwarzburg-7, von-6)
dep(approach-4, Schwarzburg-7)
advmod(Schwarzburg-7, again-8)
advmod(explain-13, how-10)
aux(explain-13, should-11)
nsubj(explain-13, she-12)
dep(approach-4, explain-13)
conj_but(Schwarzburg-7, explain-13)
mark(want-18, that-14)
nsubj(want-18, she-15)
xsubj(stay-20, she-15)
aux(want-18, did-16)
neg(want-18, not-17)
ccomp(explain-13, want-18)
aux(stay-20, to-19)
xcomp(want-18, stay-20)
nn(Rittner-23, Frau-22)
prep_with(stay-20, Rittner-23)</deps>
      <events>
        <event id="e11" eiid="ei11" offset="4" string="approach" tense="FUTURE" aspect="NONE" class="OCCURRENCE" polarity="POS" modality="" happen="" lowerBoundDuration="" upperBoundDuration="" />
        <event id="e12" eiid="ei12" offset="7" string="Schwarzburg" tense="PRESPART" aspect="NONE" class="OCCURRENCE" polarity="POS" modality="" happen="" lowerBoundDuration="" upperBoundDuration="" />
        <event id="e13" eiid="ei13" offset="13" string="explain" tense="PRESENT" aspect="NONE" class="I_ACTION" polarity="POS" modality="" happen="" lowerBoundDuration="" upperBoundDuration="" />
        <event id="e14" eiid="ei14" offset="18" string="want" tense="PAST" aspect="NONE" class="I_STATE" polarity="POS" modality="" happen="" lowerBoundDuration="" upperBoundDuration="" />
        <event id="e15" eiid="ei15" offset="20" string="stay" tense="INFINITIVE" aspect="NONE" class="OCCURRENCE" polarity="POS" modality="" happen="" lowerBoundDuration="" upperBoundDuration="" />
      </events>
      <timexes />
    </entry>
    <entry sid="11" file="9783732502929_061.txt">
      <sentence>But the thought of Magnus Rittner calmed her down a little .</sentence>
      <tokens>
        <t>" " "But" " "</t>
        <t>" " "the" " "</t>
        <t>" " "thought" " "</t>
        <t>" " "of" " "</t>
        <t>" " "Magnus" " "</t>
        <t>" " "Rittner" " "</t>
        <t>" " "calmed" " "</t>
        <t>" " "her" " "</t>
        <t>" " "down" " "</t>
        <t>" " "a" " "</t>
        <t>" " "little" ""</t>
        <t>"" "." " "</t>
      </tokens>
      <parse>(ROOT (S (CC But) (NP (NP (DT the) (NN thought)) (PP (IN of) (NP (NNP Magnus) (NNP Rittner)))) (VP (VBZ calmed) (NP (PRP her)) (ADVP (RB down) (NP (DT a) (RB little)))) (. .)))</parse>
      <deps>cc(calmed-7, But-1)
det(thought-3, the-2)
nsubj(calmed-7, thought-3)
nn(Rittner-6, Magnus-5)
prep_of(thought-3, Rittner-6)
root(ROOT-0, calmed-7)
dobj(calmed-7, her-8)
advmod(calmed-7, down-9)
det(little-11, a-10)
pobj(down-9, little-11)</deps>
      <events>
        <event id="e16" eiid="ei16" offset="7" string="calmed" tense="PRESENT" aspect="NONE" class="OCCURRENCE" polarity="POS" modality="" happen="" lowerBoundDuration="" upperBoundDuration="" />
      </events>
      <timexes />
    </entry>
    <entry sid="12" file="9783732502929_061.txt">
      <sentence>He knew her plight and would do everything in the interest of his brother and sister-in-law to help her get away .</sentence>
      <tokens>
        <t>" " "He" " "</t>
        <t>" " "knew" " "</t>
        <t>" " "her" " "</t>
        <t>" " "plight" " "</t>
        <t>" " "and" " "</t>
        <t>" " "would" " "</t>
        <t>" " "do" " "</t>
        <t>" " "everything" " "</t>
        <t>" " "in" " "</t>
        <t>" " "the" " "</t>
        <t>" " "interest" " "</t>
        <t>" " "of" " "</t>
        <t>" " "his" " "</t>
        <t>" " "brother" " "</t>
        <t>" " "and" " "</t>
        <t>" " "sister-in-law" " "</t>
        <t>" " "to" " "</t>
        <t>" " "help" " "</t>
        <t>" " "her" " "</t>
        <t>" " "get" " "</t>
        <t>" " "away" ""</t>
        <t>"" "." " "</t>
      </tokens>
      <parse>(ROOT (S (NP (PRP He)) (VP (VP (VBD knew) (NP (PRP$ her) (NN plight))) (CC and) (VP (MD would) (VP (VB do) (NP (NP (NN everything)) (PP (IN in) (NP (NP (DT the) (NN interest)) (PP (IN of) (NP (PRP$ his) (NN brother) (CC and) (NN sister-in-law)))))) (S (VP (TO to) (VP (VB help) (S (NP (PRP her)) (VP (VB get) (PRT (RP away)))))))))) (. .)))</parse>
      <deps>nsubj(knew-2, He-1)
nsubj(do-7, He-1)
xsubj(help-18, He-1)
root(ROOT-0, knew-2)
poss(plight-4, her-3)
dobj(knew-2, plight-4)
aux(do-7, would-6)
conj_and(knew-2, do-7)
dobj(do-7, everything-8)
det(interest-11, the-10)
prep_in(everything-8, interest-11)
poss(brother-14, his-13)
prep_of(interest-11, brother-14)
prep_of(interest-11, sister-in-law-16)
conj_and(brother-14, sister-in-law-16)
aux(help-18, to-17)
xcomp(do-7, help-18)
nsubj(get-20, her-19)
ccomp(help-18, get-20)
prt(get-20, away-21)</deps>
      <events>
        <event id="e17" eiid="ei17" offset="2" string="knew" tense="PAST" aspect="NONE" class="I_ACTION" polarity="POS" modality="" happen="" lowerBoundDuration="" upperBoundDuration="" />
        <event id="e18" eiid="ei18" offset="7" string="do" tense="NONE" aspect="NONE" class="OCCURRENCE" polarity="POS" modality="" happen="" lowerBoundDuration="" upperBoundDuration="" />
        <event id="e19" eiid="ei19" offset="18" string="help" tense="INFINITIVE" aspect="NONE" class="I_ACTION" polarity="POS" modality="" happen="" lowerBoundDuration="" upperBoundDuration="" />
        <event id="e20" eiid="ei20" offset="20" string="get" tense="PRESENT" aspect="NONE" class="OCCURRENCE" polarity="POS" modality="" happen="" lowerBoundDuration="" upperBoundDuration="" />
      </events>
      <timexes />
    </entry>
    <entry sid="13" file="9783732502929_061.txt">
      <sentence>As soon as she could speak to him undisturbed , she would ask him to do so .</sentence>
      <tokens>
        <t>" " "As" " "</t>
        <t>" " "soon" " "</t>
        <t>" " "as" " "</t>
        <t>" " "she" " "</t>
        <t>" " "could" " "</t>
        <t>" " "speak" " "</t>
        <t>" " "to" " "</t>
        <t>" " "him" " "</t>
        <t>" " "undisturbed" ""</t>
        <t>"" "," " "</t>
        <t>" " "she" " "</t>
        <t>" " "would" " "</t>
        <t>" " "ask" " "</t>
        <t>" " "him" " "</t>
        <t>" " "to" " "</t>
        <t>" " "do" " "</t>
        <t>" " "so" ""</t>
        <t>"" "." " "</t>
      </tokens>
      <parse>(ROOT (S (ADVP (RB As) (RB soon) (SBAR (IN as) (S (NP (PRP she)) (VP (MD could) (VP (VB speak) (PP (TO to) (NP (PRP him))) (ADJP (JJ undisturbed))))))) (, ,) (NP (PRP she)) (VP (MD would) (VP (VB ask) (S (NP (PRP him)) (VP (TO to) (VP (VB do) (ADVP (RB so))))))) (. .)))</parse>
      <deps>advmod(soon-2, As-1)
advmod(ask-13, soon-2)
mark(speak-6, as-3)
nsubj(speak-6, she-4)
aux(speak-6, could-5)
ccomp(soon-2, speak-6)
prep_to(speak-6, him-8)
acomp(speak-6, undisturbed-9)
nsubj(ask-13, she-11)
aux(ask-13, would-12)
root(ROOT-0, ask-13)
nsubj(do-16, him-14)
aux(do-16, to-15)
xcomp(ask-13, do-16)
advmod(do-16, so-17)</deps>
      <events>
        <event id="e21" eiid="ei21" offset="6" string="speak" tense="NONE" aspect="NONE" class="I_STATE" polarity="POS" modality="" happen="" lowerBoundDuration="" upperBoundDuration="" />
        <event id="e22" eiid="ei22" offset="9" string="undisturbed" tense="NONE" aspect="NONE" class="STATE" polarity="POS" modality="" happen="" lowerBoundDuration="" upperBoundDuration="" />
        <event id="e23" eiid="ei23" offset="13" string="ask" tense="NONE" aspect="NONE" class="OCCURRENCE" polarity="POS" modality="" happen="" lowerBoundDuration="" upperBoundDuration="" />
      </events>
      <timexes />
    </entry>
    <entry sid="14" file="9783732502929_061.txt">
      <sentence>Rosemarie recalled her conversation with Magnus Rittner .</sentence>
      <tokens>
        <t>" " "Rosemarie" " "</t>
        <t>" " "recalled" " "</t>
        <t>" " "her" " "</t>
        <t>" " "conversation" " "</t>
        <t>" " "with" " "</t>
        <t>" " "Magnus" " "</t>
        <t>" " "Rittner" ""</t>
        <t>"" "." " "</t>
      </tokens>
      <parse>(ROOT (S (NP (NNP Rosemarie)) (VP (VBD recalled) (NP (PRP$ her) (NN conversation)) (PP (IN with) (NP (NNP Magnus) (NNP Rittner)))) (. .)))</parse>
      <deps>nsubj(recalled-2, Rosemarie-1)
root(ROOT-0, recalled-2)
poss(conversation-4, her-3)
dobj(recalled-2, conversation-4)
nn(Rittner-7, Magnus-6)
prep_with(recalled-2, Rittner-7)</deps>
      <events>
        <event id="e24" eiid="ei24" offset="2" string="recalled" tense="PAST" aspect="NONE" class="I_ACTION" polarity="POS" modality="" happen="" lowerBoundDuration="" upperBoundDuration="" />
      </events>
      <timexes />
    </entry>
    <entry sid="15" file="9783732502929_061.txt">
      <sentence>How well and sympathetically he had looked at her , how warmly his words had sounded !</sentence>
      <tokens>
        <t>" " "How" " "</t>
        <t>" " "well" " "</t>
        <t>" " "and" " "</t>
        <t>" " "sympathetically" " "</t>
        <t>" " "he" " "</t>
        <t>" " "had" " "</t>
        <t>" " "looked" " "</t>
        <t>" " "at" " "</t>
        <t>" " "her" ""</t>
        <t>"" "," " "</t>
        <t>" " "how" " "</t>
        <t>" " "warmly" " "</t>
        <t>" " "his" " "</t>
        <t>" " "words" " "</t>
        <t>" " "had" " "</t>
        <t>" " "sounded" ""</t>
        <t>"" "!" " "</t>
      </tokens>
      <parse>(ROOT (FRAG (SBAR (WHADJP (WRB How) (ADJP (JJ well) (CC and) (JJ sympathetically))) (S (NP (PRP he)) (VP (VBD had) (VP (VBN looked) (PP (IN at) (NP (PRP her))) (, ,) (SBAR (WHADVP (WRB how)) (S (ADVP (RB warmly)) (NP (PRP$ his) (NNS words)) (VP (VBD had) (VP (VBN sounded))))))))) (. !)))</parse>
      <deps>advmod(well-2, How-1)
dep(looked-7, well-2)
conj_and(well-2, sympathetically-4)
dep(looked-7, sympathetically-4)
nsubj(looked-7, he-5)
aux(looked-7, had-6)
root(ROOT-0, looked-7)
prep_at(looked-7, her-9)
advmod(sounded-16, how-11)
advmod(sounded-16, warmly-12)
poss(words-14, his-13)
nsubj(sounded-16, words-14)
aux(sounded-16, had-15)
ccomp(looked-7, sounded-16)</deps>
      <events>
        <event id="e25" eiid="ei25" offset="7" string="looked" tense="PAST" aspect="PERFECTIVE" class="OCCURRENCE" polarity="POS" modality="" happen="" lowerBoundDuration="" upperBoundDuration="" />
        <event id="e26" eiid="ei26" offset="16" string="sounded" tense="PAST" aspect="PERFECTIVE" class="OCCURRENCE" polarity="POS" modality="" happen="" lowerBoundDuration="" upperBoundDuration="" />
      </events>
      <timexes />
    </entry>
    <entry sid="16" file="9783732502929_061.txt">
      <sentence>She listened within herself as if she still heard those words .</sentence>
      <tokens>
        <t>" " "She" " "</t>
        <t>" " "listened" " "</t>
        <t>" " "within" " "</t>
        <t>" " "herself" " "</t>
        <t>" " "as" " "</t>
        <t>" " "if" " "</t>
        <t>" " "she" " "</t>
        <t>" " "still" " "</t>
        <t>" " "heard" " "</t>
        <t>" " "those" " "</t>
        <t>" " "words" ""</t>
        <t>"" "." " "</t>
      </tokens>
      <parse>(ROOT (S (NP (PRP She)) (VP (VBD listened) (PP (IN within) (NP (PRP herself))) (SBAR (RB as) (IN if) (S (NP (PRP she)) (ADVP (RB still)) (VP (VBD heard) (NP (DT those) (NNS words)))))) (. .)))</parse>
      <deps>nsubj(listened-2, She-1)
root(ROOT-0, listened-2)
prep_within(listened-2, herself-4)
advmod(heard-9, as-5)
mark(heard-9, if-6)
nsubj(heard-9, she-7)
advmod(heard-9, still-8)
advcl(listened-2, heard-9)
ccomp(listened-2, heard-9)
det(words-11, those-10)
dobj(heard-9, words-11)</deps>
      <events>
        <event id="e27" eiid="ei27" offset="2" string="listened" tense="PAST" aspect="NONE" class="OCCURRENCE" polarity="POS" modality="" happen="" lowerBoundDuration="" upperBoundDuration="" />
        <event id="e28" eiid="ei28" offset="9" string="heard" tense="PAST" aspect="NONE" class="OCCURRENCE" polarity="POS" modality="" happen="" lowerBoundDuration="" upperBoundDuration="" />
      </events>
      <timexes />
    </entry>
    <entry sid="17" file="9783732502929_061.txt">
      <sentence>And her heart was beating loud and strong .</sentence>
      <tokens>
        <t>" " "And" " "</t>
        <t>" " "her" " "</t>
        <t>" " "heart" " "</t>
        <t>" " "was" " "</t>
        <t>" " "beating" " "</t>
        <t>" " "loud" " "</t>
        <t>" " "and" " "</t>
        <t>" " "strong" ""</t>
        <t>"" "." " "</t>
      </tokens>
      <parse>(ROOT (S (CC And) (NP (PRP$ her) (NN heart)) (VP (VBD was) (VP (VBG beating) (ADJP (JJ loud) (CC and) (JJ strong)))) (. .)))</parse>
      <deps>cc(beating-5, And-1)
poss(heart-3, her-2)
nsubj(beating-5, heart-3)
aux(beating-5, was-4)
root(ROOT-0, beating-5)
acomp(beating-5, loud-6)
acomp(beating-5, strong-8)
conj_and(loud-6, strong-8)</deps>
      <events>
        <event id="e29" eiid="ei29" offset="5" string="beating" tense="PAST" aspect="PROGRESSIVE" class="OCCURRENCE" polarity="POS" modality="" happen="" lowerBoundDuration="" upperBoundDuration="" />
      </events>
      <timexes />
    </entry>
    <entry sid="18" file="9783732502929_061.txt">
      <sentence>And as much as she longed to be away from here , she knew that if she had to part from him , it would go through her again like a tear through her heart .</sentence>
      <tokens>
        <t>" " "And" " "</t>
        <t>" " "as" " "</t>
        <t>" " "much" " "</t>
        <t>" " "as" " "</t>
        <t>" " "she" " "</t>
        <t>" " "longed" " "</t>
        <t>" " "to" " "</t>
        <t>" " "be" " "</t>
        <t>" " "away" " "</t>
        <t>" " "from" " "</t>
        <t>" " "here" ""</t>
        <t>"" "," " "</t>
        <t>" " "she" " "</t>
        <t>" " "knew" " "</t>
        <t>" " "that" " "</t>
        <t>" " "if" " "</t>
        <t>" " "she" " "</t>
        <t>" " "had" " "</t>
        <t>" " "to" " "</t>
        <t>" " "part" " "</t>
        <t>" " "from" " "</t>
        <t>" " "him" ""</t>
        <t>"" "," " "</t>
        <t>" " "it" " "</t>
        <t>" " "would" " "</t>
        <t>" " "go" " "</t>
        <t>" " "through" " "</t>
        <t>" " "her" " "</t>
        <t>" " "again" " "</t>
        <t>" " "like" " "</t>
        <t>" " "a" " "</t>
        <t>" " "tear" " "</t>
        <t>" " "through" " "</t>
        <t>" " "her" " "</t>
        <t>" " "heart" ""</t>
        <t>"" "." " "</t>
      </tokens>
      <parse>(ROOT (S (CC And) (ADVP (RB as) (RB much) (SBAR (IN as) (S (NP (PRP she)) (VP (VBD longed) (S (VP (TO to) (VP (VB be) (ADVP (RB away) (PP (IN from) (ADVP (RB here))))))))))) (, ,) (NP (PRP she)) (VP (VBD knew) (SBAR (IN that) (S (SBAR (IN if) (S (NP (PRP she)) (VP (VBD had) (S (VP (TO to) (VP (VB part) (PP (IN from) (NP (PRP him))))))))) (, ,) (NP (PRP it)) (VP (MD would) (VP (VB go) (PRT (RP through)) (NP (PRP her)) (ADVP (RB again)) (PP (IN like) (NP (DT a) (NN tear))) (PP (IN through) (NP (PRP$ her) (NN heart)))))))) (. .)))</parse>
      <deps>cc(knew-14, And-1)
advmod(much-3, as-2)
advmod(knew-14, much-3)
mark(longed-6, as-4)
nsubj(longed-6, she-5)
xsubj(be-8, she-5)
ccomp(much-3, longed-6)
aux(be-8, to-7)
xcomp(longed-6, be-8)
pobj(be-8, here-11)
prepc_away_from(be-8, here-11)
nsubj(knew-14, she-13)
root(ROOT-0, knew-14)
mark(go-26, that-15)
mark(had-18, if-16)
nsubj(had-18, she-17)
xsubj(part-20, she-17)
advcl(go-26, had-18)
aux(part-20, to-19)
xcomp(had-18, part-20)
prep_from(part-20, him-22)
nsubj(go-26, it-24)
aux(go-26, would-25)
ccomp(knew-14, go-26)
prt(go-26, through-27)
dobj(go-26, her-28)
advmod(go-26, again-29)
det(tear-32, a-31)
prep_like(go-26, tear-32)
poss(heart-35, her-34)
prep_through(go-26, heart-35)</deps>
      <events>
        <event id="e30" eiid="ei30" offset="6" string="longed" tense="PAST" aspect="NONE" class="OCCURRENCE" polarity="POS" modality="" happen="" lowerBoundDuration="" upperBoundDuration="" />
        <event id="e31" eiid="ei31" offset="14" string="knew" tense="PAST" aspect="NONE" class="I_ACTION" polarity="POS" modality="" happen="" lowerBoundDuration="" upperBoundDuration="" />
        <event id="e32" eiid="ei32" offset="18" string="had" tense="PAST" aspect="NONE" class="OCCURRENCE" polarity="POS" modality="" happen="" lowerBoundDuration="" upperBoundDuration="" />
        <event id="e33" eiid="ei33" offset="20" string="part" tense="INFINITIVE" aspect="NONE" class="OCCURRENCE" polarity="POS" modality="" happen="" lowerBoundDuration="" upperBoundDuration="" />
        <event id="e34" eiid="ei34" offset="26" string="go" tense="NONE" aspect="NONE" class="OCCURRENCE" polarity="POS" modality="" happen="" lowerBoundDuration="" upperBoundDuration="" />
      </events>
      <timexes />
    </entry>
    <entry sid="19" file="9783732502929_061.txt">
      <sentence>Why ?</sentence>
      <tokens>
        <t>" " "Why" ""</t>
        <t>"" "?" " "</t>
      </tokens>
      <parse>(ROOT (FRAG (WRB Why) (. ?)))</parse>
      <deps>root(ROOT-0, Why-1)</deps>
      <events />
      <timexes />
    </entry>
    <entry sid="20" file="9783732502929_061.txt">
      <sentence>Why did the very thought of this separation hurt her ?</sentence>
      <tokens>
        <t>" " "Why" " "</t>
        <t>" " "did" " "</t>
        <t>" " "the" " "</t>
        <t>" " "very" " "</t>
        <t>" " "thought" " "</t>
        <t>" " "of" " "</t>
        <t>" " "this" " "</t>
        <t>" " "separation" " "</t>
        <t>" " "hurt" " "</t>
        <t>" " "her" ""</t>
        <t>"" "?" " "</t>
      </tokens>
      <parse>(ROOT (SBARQ (WHADVP (WRB Why)) (SQ (VBD did) (NP (NP (DT the) (JJ very) (NN thought)) (PP (IN of) (NP (DT this) (NN separation)))) (VP (VB hurt) (NP (PRP her)))) (. ?)))</parse>
      <deps>advmod(hurt-9, Why-1)
aux(hurt-9, did-2)
det(thought-5, the-3)
amod(thought-5, very-4)
nsubj(hurt-9, thought-5)
det(separation-8, this-7)
prep_of(thought-5, separation-8)
root(ROOT-0, hurt-9)
dobj(hurt-9, her-10)</deps>
      <events>
        <event id="e35" eiid="ei35" offset="2" string="did" tense="PAST" aspect="NONE" class="OCCURRENCE" polarity="POS" modality="" happen="" lowerBoundDuration="" upperBoundDuration="" />
        <event id="e36" eiid="ei36" offset="9" string="hurt" tense="NONE" aspect="NONE" class="OCCURRENCE" polarity="POS" modality="" happen="" lowerBoundDuration="" upperBoundDuration="" />
      </events>
      <timexes />
    </entry>
    <entry sid="21" file="9783732502929_061.txt">
      <sentence>Why did she care so much more about his opinion than about anyone else 's ?</sentence>
      <tokens>
        <t>" " "Why" " "</t>
        <t>" " "did" " "</t>
        <t>" " "she" " "</t>
        <t>" " "care" " "</t>
        <t>" " "so" " "</t>
        <t>" " "much" " "</t>
        <t>" " "more" " "</t>
        <t>" " "about" " "</t>
        <t>" " "his" " "</t>
        <t>" " "opinion" " "</t>
        <t>" " "than" " "</t>
        <t>" " "about" " "</t>
        <t>" " "anyone" " "</t>
        <t>" " "else" ""</t>
        <t>"" "'s" ""</t>
        <t>"" "?" " "</t>
      </tokens>
      <parse>(ROOT (SBARQ (WHADVP (WRB Why)) (SQ (VBD did) (NP (PRP she)) (VP (VB care) (NP (RB so) (RB much) (JJR more)) (PP (IN about) (NP (PRP$ his) (NN opinion))) (PP (IN than) (NP (NP (RB about) (NN anyone) (RB else)) (VP (VBZ 's)))))) (. ?)))</parse>
      <deps>advmod(care-4, Why-1)
aux(care-4, did-2)
nsubj(care-4, she-3)
root(ROOT-0, care-4)
advmod(more-7, so-5)
advmod(more-7, much-6)
dobj(care-4, more-7)
poss(opinion-10, his-9)
prep_about(care-4, opinion-10)
advmod(anyone-13, about-12)
prep_than(care-4, anyone-13)
advmod(anyone-13, else-14)
dep(anyone-13, 's-15)</deps>
      <events />
      <timexes />
    </entry>
    <entry sid="22" file="9783732502929_061.txt">
      <sentence>Why had she thought only of him all these years ?</sentence>
      <tokens>
        <t>" " "Why" " "</t>
        <t>" " "had" " "</t>
        <t>" " "she" " "</t>
        <t>" " "thought" " "</t>
        <t>" " "only" " "</t>
        <t>" " "of" " "</t>
        <t>" " "him" " "</t>
        <t>" " "all" " "</t>
        <t>" " "these" " "</t>
        <t>" " "years" ""</t>
        <t>"" "?" " "</t>
      </tokens>
      <parse>(ROOT (SBARQ (WHADVP (WRB Why)) (SQ (VBD had) (NP (PRP she)) (VP (VBN thought) (ADVP (RB only)) (PP (IN of) (NP (NP (PRP him)) (NP (PDT all) (DT these) (NNS years)))))) (. ?)))</parse>
      <deps>advmod(thought-4, Why-1)
aux(thought-4, had-2)
nsubj(thought-4, she-3)
root(ROOT-0, thought-4)
advmod(thought-4, only-5)
prep_of(thought-4, him-7)
predet(years-10, all-8)
det(years-10, these-9)
dep(him-7, years-10)</deps>
      <events>
        <event id="e37" eiid="ei37" offset="4" string="thought" tense="PAST" aspect="NONE" class="I_STATE" polarity="POS" modality="" happen="" lowerBoundDuration="" upperBoundDuration="" />
      </events>
      <timexes>
        <timex tid="t2" text="years" offset="10" length="1" type="DURATION" value="PXY" temporalFunction="false" />
      </timexes>
    </entry>
    <entry sid="23" file="9783732502929_061.txt">
      <sentence>With wide eyes she looked in front of her and suddenly slapped her hands in front of her face .</sentence>
      <tokens>
        <t>" " "With" " "</t>
        <t>" " "wide" " "</t>
        <t>" " "eyes" " "</t>
        <t>" " "she" " "</t>
        <t>" " "looked" " "</t>
        <t>" " "in" " "</t>
        <t>" " "front" " "</t>
        <t>" " "of" " "</t>
        <t>" " "her" " "</t>
        <t>" " "and" " "</t>
        <t>" " "suddenly" " "</t>
        <t>" " "slapped" " "</t>
        <t>" " "her" " "</t>
        <t>" " "hands" " "</t>
        <t>" " "in" " "</t>
        <t>" " "front" " "</t>
        <t>" " "of" " "</t>
        <t>" " "her" " "</t>
        <t>" " "face" ""</t>
        <t>"" "." " "</t>
      </tokens>
      <parse>(ROOT (S (PP (IN With) (NP (JJ wide) (NNS eyes))) (NP (PRP she)) (VP (VP (VBD looked) (PP (IN in) (NP (NP (NN front)) (PP (IN of) (NP (PRP her)))))) (CC and) (VP (ADVP (RB suddenly)) (VBD slapped) (NP (PRP$ her) (NNS hands)) (PP (IN in) (NP (NP (NN front)) (PP (IN of) (NP (PRP$ her) (NN face))))))) (. .)))</parse>
      <deps>amod(eyes-3, wide-2)
prep_with(looked-5, eyes-3)
nsubj(looked-5, she-4)
nsubj(slapped-12, she-4)
root(ROOT-0, looked-5)
prep_in(looked-5, front-7)
prep_of(front-7, her-9)
advmod(slapped-12, suddenly-11)
conj_and(looked-5, slapped-12)
poss(hands-14, her-13)
dobj(slapped-12, hands-14)
poss(face-19, her-18)
prep_in_front_of(slapped-12, face-19)</deps>
      <events>
        <event id="e38" eiid="ei38" offset="5" string="looked" tense="PAST" aspect="NONE" class="OCCURRENCE" polarity="POS" modality="" happen="" lowerBoundDuration="" upperBoundDuration="" />
        <event id="e39" eiid="ei39" offset="12" string="slapped" tense="PAST" aspect="NONE" class="OCCURRENCE" polarity="POS" modality="" happen="" lowerBoundDuration="" upperBoundDuration="" />
      </events>
      <timexes />
    </entry>
    <entry sid="24" file="9783732502929_061.txt">
      <sentence>`` Because I love him - oh , my God - I love him !</sentence>
      <tokens>
        <t>" " """ ""</t>
        <t>"" "Because" " "</t>
        <t>" " "I" " "</t>
        <t>" " "love" " "</t>
        <t>" " "him" " "</t>
        <t>" " "-" " "</t>
        <t>" " "oh" ""</t>
        <t>"" "," " "</t>
        <t>" " "my" " "</t>
        <t>" " "God" " "</t>
        <t>" " "-" " "</t>
        <t>" " "I" " "</t>
        <t>" " "love" " "</t>
        <t>" " "him" ""</t>
        <t>"" "!" " "</t>
      </tokens>
      <parse>(ROOT (S (`` ``) (SBAR (IN Because) (S (NP (PRP I)) (VP (VBP love) (NP (NP (PRP him)) (PRN (: -) (FRAG (INTJ (UH oh)) (, ,) (NP (PRP$ my) (NN God)))))))) (: -) (NP (PRP I)) (VP (VBP love) (NP (PRP him))) (. !)))</parse>
      <deps>mark(love-4, Because-2)
nsubj(love-4, I-3)
advcl(love-13, love-4)
dobj(love-4, him-5)
discourse(God-10, oh-7)
poss(God-10, my-9)
dep(him-5, God-10)
nsubj(love-13, I-12)
root(ROOT-0, love-13)
dobj(love-13, him-14)</deps>
      <events>
        <event id="e40" eiid="ei40" offset="4" string="love" tense="PRESENT" aspect="NONE" class="I_STATE" polarity="POS" modality="" happen="" lowerBoundDuration="" upperBoundDuration="" />
        <event id="e41" eiid="ei41" offset="13" string="love" tense="PRESENT" aspect="NONE" class="I_STATE" polarity="POS" modality="" happen="" lowerBoundDuration="" upperBoundDuration="" />
      </events>
      <timexes />
    </entry>
    <entry sid="25" file="9783732502929_061.txt">
      <sentence>I must have loved him even then in his brother .</sentence>
      <tokens>
        <t>" " "I" " "</t>
        <t>" " "must" " "</t>
        <t>" " "have" " "</t>
        <t>" " "loved" " "</t>
        <t>" " "him" " "</t>
        <t>" " "even" " "</t>
        <t>" " "then" " "</t>
        <t>" " "in" " "</t>
        <t>" " "his" " "</t>
        <t>" " "brother" ""</t>
        <t>"" "." " "</t>
      </tokens>
      <parse>(ROOT (S (NP (PRP I)) (VP (MD must) (VP (VB have) (VP (VBN loved) (NP (PRP him)) (ADVP (RB even)) (ADVP (RB then)) (PP (IN in) (NP (PRP$ his) (NN brother)))))) (. .)))</parse>
      <deps>nsubj(loved-4, I-1)
aux(loved-4, must-2)
aux(loved-4, have-3)
root(ROOT-0, loved-4)
dobj(loved-4, him-5)
advmod(loved-4, even-6)
advmod(loved-4, then-7)
poss(brother-10, his-9)
prep_in(loved-4, brother-10)</deps>
      <events>
        <event id="e42" eiid="ei42" offset="4" string="loved" tense="NONE" aspect="PERFECTIVE" class="OCCURRENCE" polarity="POS" modality="" happen="" lowerBoundDuration="" upperBoundDuration="" />
      </events>
      <timexes />
    </entry>
    <entry sid="26" file="9783732502929_061.txt">
      <sentence>That is why it hurt me so much that he rejected me than that his brother did .</sentence>
      <tokens>
        <t>" " "That" " "</t>
        <t>" " "is" " "</t>
        <t>" " "why" " "</t>
        <t>" " "it" " "</t>
        <t>" " "hurt" " "</t>
        <t>" " "me" " "</t>
        <t>" " "so" " "</t>
        <t>" " "much" " "</t>
        <t>" " "that" " "</t>
        <t>" " "he" " "</t>
        <t>" " "rejected" " "</t>
        <t>" " "me" " "</t>
        <t>" " "than" " "</t>
        <t>" " "that" " "</t>
        <t>" " "his" " "</t>
        <t>" " "brother" " "</t>
        <t>" " "did" ""</t>
        <t>"" "." " "</t>
      </tokens>
      <parse>(ROOT (S (NP (DT That)) (VP (VBZ is) (SBAR (WHADVP (WRB why)) (S (NP (PRP it)) (VP (VBD hurt) (NP (PRP me)) (ADVP (ADVP (RB so) (RB much)) (SBAR (IN that) (S (NP (PRP he)) (VP (VBD rejected) (NP (PRP me)) (SBAR (IN than) (IN that) (S (NP (PRP$ his) (NN brother)) (VP (VBD did)))))))))))) (. .)))</parse>
      <deps>nsubj(is-2, That-1)
root(ROOT-0, is-2)
advmod(hurt-5, why-3)
nsubj(hurt-5, it-4)
advcl(is-2, hurt-5)
dobj(hurt-5, me-6)
advmod(much-8, so-7)
advmod(hurt-5, much-8)
mark(rejected-11, that-9)
nsubj(rejected-11, he-10)
ccomp(much-8, rejected-11)
dobj(rejected-11, me-12)
mark(did-17, than-13)
mark(did-17, that-14)
poss(brother-16, his-15)
nsubj(did-17, brother-16)
advcl(rejected-11, did-17)</deps>
      <events>
        <event id="e43" eiid="ei43" offset="5" string="hurt" tense="PAST" aspect="NONE" class="OCCURRENCE" polarity="POS" modality="" happen="" lowerBoundDuration="" upperBoundDuration="" />
        <event id="e44" eiid="ei44" offset="11" string="rejected" tense="PAST" aspect="NONE" class="OCCURRENCE" polarity="POS" modality="" happen="" lowerBoundDuration="" upperBoundDuration="" />
      </events>
      <timexes />
    </entry>
    <entry sid="27" file="9783732502929_061.txt">
      <sentence>I did not know my own heart .</sentence>
      <tokens>
        <t>" " "I" " "</t>
        <t>" " "did" " "</t>
        <t>" " "not" " "</t>
        <t>" " "know" " "</t>
        <t>" " "my" " "</t>
        <t>" " "own" " "</t>
        <t>" " "heart" ""</t>
        <t>"" "." " "</t>
      </tokens>
      <parse>(ROOT (S (NP (PRP I)) (VP (VBD did) (RB not) (VP (VB know) (NP (PRP$ my) (JJ own) (NN heart)))) (. .)))</parse>
      <deps>nsubj(know-4, I-1)
aux(know-4, did-2)
neg(know-4, not-3)
root(ROOT-0, know-4)
poss(heart-7, my-5)
amod(heart-7, own-6)
dobj(know-4, heart-7)</deps>
      <events>
        <event id="e45" eiid="ei45" offset="4" string="know" tense="PAST" aspect="NONE" class="OCCURRENCE" polarity="POS" modality="" happen="" lowerBoundDuration="" upperBoundDuration="" />
      </events>
      <timexes />
    </entry>
    <entry sid="28" file="9783732502929_061.txt">
      <sentence>Now I know it , I love Magnus Rittner ! ''</sentence>
      <tokens>
        <t>" " "Now" " "</t>
        <t>" " "I" " "</t>
        <t>" " "know" " "</t>
        <t>" " "it" ""</t>
        <t>"" "," " "</t>
        <t>" " "I" " "</t>
        <t>" " "love" " "</t>
        <t>" " "Magnus" " "</t>
        <t>" " "Rittner" ""</t>
        <t>"" "!" ""</t>
        <t>"" """ " "</t>
      </tokens>
      <parse>(ROOT (S (S (ADVP (RB Now)) (NP (PRP I)) (VP (VBP know) (NP (PRP it)))) (, ,) (NP (PRP I)) (VP (VBP love) (NP (NNP Magnus) (NNP Rittner))) (. !) ('' '')))</parse>
      <deps>advmod(know-3, Now-1)
nsubj(know-3, I-2)
ccomp(love-7, know-3)
dobj(know-3, it-4)
nsubj(love-7, I-6)
root(ROOT-0, love-7)
nn(Rittner-9, Magnus-8)
dobj(love-7, Rittner-9)</deps>
      <events />
      <timexes>
        <timex tid="t3" text="Now" offset="1" length="1" type="DATE" value="PRESENT_REF" temporalFunction="false" />
      </timexes>
    </entry>
    <entry sid="29" file="9783732502929_061.txt">
      <sentence>She sank down as if under an overwhelming realization .</sentence>
      <tokens>
        <t>" " "She" " "</t>
        <t>" " "sank" " "</t>
        <t>" " "down" " "</t>
        <t>" " "as" " "</t>
        <t>" " "if" " "</t>
        <t>" " "under" " "</t>
        <t>" " "an" " "</t>
        <t>" " "overwhelming" " "</t>
        <t>" " "realization" ""</t>
        <t>"" "." " "</t>
      </tokens>
      <parse>(ROOT (S (NP (PRP She)) (VP (VBD sank) (ADVP (ADVP (RB down) (RB as)) (SBAR (IN if) (FRAG (PP (IN under) (NP (DT an) (JJ overwhelming) (NN realization))))))) (. .)))</parse>
      <deps>nsubj(sank-2, She-1)
root(ROOT-0, sank-2)
advmod(as-4, down-3)
advmod(sank-2, as-4)
mark(under-6, if-5)
dep(as-4, under-6)
det(realization-9, an-7)
amod(realization-9, overwhelming-8)
pobj(under-6, realization-9)</deps>
      <events>
        <event id="e46" eiid="ei46" offset="2" string="sank" tense="PAST" aspect="NONE" class="OCCURRENCE" polarity="POS" modality="" happen="" lowerBoundDuration="" upperBoundDuration="" />
      </events>
      <timexes />
    </entry>
    <entry sid="30" file="9783732502929_061.txt">
      <sentence>And it sang and sounded at the same time in her soul : Magnus Rittner , I love you .</sentence>
      <tokens>
        <t>" " "And" " "</t>
        <t>" " "it" " "</t>
        <t>" " "sang" " "</t>
        <t>" " "and" " "</t>
        <t>" " "sounded" " "</t>
        <t>" " "at" " "</t>
        <t>" " "the" " "</t>
        <t>" " "same" " "</t>
        <t>" " "time" " "</t>
        <t>" " "in" " "</t>
        <t>" " "her" " "</t>
        <t>" " "soul" ""</t>
        <t>"" ":" " "</t>
        <t>" " "Magnus" " "</t>
        <t>" " "Rittner" ""</t>
        <t>"" "," " "</t>
        <t>" " "I" " "</t>
        <t>" " "love" " "</t>
        <t>" " "you" ""</t>
        <t>"" "." " "</t>
      </tokens>
      <parse>(ROOT (S (S (CC And) (NP (PRP it)) (VP (VBD sang) (CC and) (VBD sounded) (PP (IN at) (NP (NP (NP (DT the) (JJ same) (NN time)) (PP (IN in) (NP (PRP$ her) (NN soul)))) (: :) (NP (NNP Magnus) (NNP Rittner)))))) (, ,) (NP (PRP I)) (VP (VBP love) (NP (PRP you))) (. .)))</parse>
      <deps>nsubj(sang-3, it-2)
nsubj(sounded-5, it-2)
ccomp(love-18, sang-3)
conj_and(sang-3, sounded-5)
ccomp(love-18, sounded-5)
det(time-9, the-7)
amod(time-9, same-8)
prep_at(sang-3, time-9)
poss(soul-12, her-11)
prep_in(time-9, soul-12)
nn(Rittner-15, Magnus-14)
dep(time-9, Rittner-15)
nsubj(love-18, I-17)
root(ROOT-0, love-18)
dobj(love-18, you-19)</deps>
      <events>
        <event id="e47" eiid="ei47" offset="3" string="sang" tense="PAST" aspect="NONE" class="OCCURRENCE" polarity="POS" modality="" happen="" lowerBoundDuration="" upperBoundDuration="" />
        <event id="e48" eiid="ei48" offset="5" string="sounded" tense="PAST" aspect="NONE" class="OCCURRENCE" polarity="POS" modality="" happen="" lowerBoundDuration="" upperBoundDuration="" />
      </events>
      <timexes />
    </entry>
    <entry sid="31" file="9783732502929_061.txt">
      <sentence>In spite of all the heartache , this realization filled her with a quiet consecration .</sentence>
      <tokens>
        <t>" " "In" " "</t>
        <t>" " "spite" " "</t>
        <t>" " "of" " "</t>
        <t>" " "all" " "</t>
        <t>" " "the" " "</t>
        <t>" " "heartache" ""</t>
        <t>"" "," " "</t>
        <t>" " "this" " "</t>
        <t>" " "realization" " "</t>
        <t>" " "filled" " "</t>
        <t>" " "her" " "</t>
        <t>" " "with" " "</t>
        <t>" " "a" " "</t>
        <t>" " "quiet" " "</t>
        <t>" " "consecration" ""</t>
        <t>"" "." " "</t>
      </tokens>
      <parse>(ROOT (S (PP (IN In) (NP (NP (NN spite)) (PP (IN of) (NP (PDT all) (DT the) (NN heartache))))) (, ,) (NP (DT this) (NN realization)) (VP (VBD filled) (NP (PRP her)) (PP (IN with) (NP (DT a) (JJ quiet) (NN consecration)))) (. .)))</parse>
      <deps>predet(heartache-6, all-4)
det(heartache-6, the-5)
prep_in_spite_of(filled-10, heartache-6)
det(realization-9, this-8)
nsubj(filled-10, realization-9)
root(ROOT-0, filled-10)
dobj(filled-10, her-11)
det(consecration-15, a-13)
amod(consecration-15, quiet-14)
prep_with(filled-10, consecration-15)</deps>
      <events>
        <event id="e49" eiid="ei49" offset="10" string="filled" tense="PAST" aspect="NONE" class="OCCURRENCE" polarity="POS" modality="" happen="" lowerBoundDuration="" upperBoundDuration="" />
      </events>
      <timexes />
    </entry>
    <entry sid="32" file="9783732502929_061.txt">
      <sentence>Her life could not become completely worthless again .</sentence>
      <tokens>
        <t>" " "Her" " "</t>
        <t>" " "life" " "</t>
        <t>" " "could" " "</t>
        <t>" " "not" " "</t>
        <t>" " "become" " "</t>
        <t>" " "completely" " "</t>
        <t>" " "worthless" " "</t>
        <t>" " "again" ""</t>
        <t>"" "." " "</t>
      </tokens>
      <parse>(ROOT (S (NP (PRP$ Her) (NN life)) (VP (MD could) (RB not) (VP (VB become) (ADJP (RB completely) (JJ worthless)) (ADVP (RB again)))) (. .)))</parse>
      <deps>poss(life-2, Her-1)
nsubj(worthless-7, life-2)
aux(worthless-7, could-3)
neg(worthless-7, not-4)
cop(worthless-7, become-5)
advmod(worthless-7, completely-6)
root(ROOT-0, worthless-7)
advmod(worthless-7, again-8)</deps>
      <events>
        <event id="e50" eiid="ei50" offset="5" string="become" tense="NONE" aspect="NONE" class="OCCURRENCE" polarity="POS" modality="" happen="" lowerBoundDuration="" upperBoundDuration="" />
      </events>
      <timexes />
    </entry>
    <entry sid="33" file="9783732502929_061.txt">
      <sentence>That she could feel this love and that she knew that Magnus Rittner believed in her innocence and pitied her , that was despite everything a secret happiness , even if it was mixed with hot pain .</sentence>
      <tokens>
        <t>" " "That" " "</t>
        <t>" " "she" " "</t>
        <t>" " "could" " "</t>
        <t>" " "feel" " "</t>
        <t>" " "this" " "</t>
        <t>" " "love" " "</t>
        <t>" " "and" " "</t>
        <t>" " "that" " "</t>
        <t>" " "she" " "</t>
        <t>" " "knew" " "</t>
        <t>" " "that" " "</t>
        <t>" " "Magnus" " "</t>
        <t>" " "Rittner" " "</t>
        <t>" " "believed" " "</t>
        <t>" " "in" " "</t>
        <t>" " "her" " "</t>
        <t>" " "innocence" " "</t>
        <t>" " "and" " "</t>
        <t>" " "pitied" " "</t>
        <t>" " "her" ""</t>
        <t>"" "," " "</t>
        <t>" " "that" " "</t>
        <t>" " "was" " "</t>
        <t>" " "despite" " "</t>
        <t>" " "everything" " "</t>
        <t>" " "a" " "</t>
        <t>" " "secret" " "</t>
        <t>" " "happiness" ""</t>
        <t>"" "," " "</t>
        <t>" " "even" " "</t>
        <t>" " "if" " "</t>
        <t>" " "it" " "</t>
        <t>" " "was" " "</t>
        <t>" " "mixed" " "</t>
        <t>" " "with" " "</t>
        <t>" " "hot" " "</t>
        <t>" " "pain" ""</t>
        <t>"" "." " "</t>
      </tokens>
      <parse>(ROOT (S (SBAR (SBAR (IN That) (S (NP (PRP she)) (VP (MD could) (VP (VB feel) (NP (DT this) (NN love)))))) (CC and) (SBAR (IN that) (S (NP (PRP she)) (VP (VBD knew) (SBAR (IN that) (S (NP (NNP Magnus) (NNP Rittner)) (VP (VP (VBD believed) (PP (IN in) (NP (PRP$ her) (NN innocence)))) (CC and) (VP (VBD pitied) (NP (PRP her)))))))))) (, ,) (NP (DT that)) (VP (VBD was) (PP (IN despite) (S (VP (VBG everything) (NP (DT a) (JJ secret) (NN happiness))))) (, ,) (SBAR (RB even) (IN if) (S (NP (PRP it)) (VP (VBD was) (ADJP (JJ mixed) (PP (IN with) (NP (JJ hot) (NN pain)))))))) (. .)))</parse>
      <deps>mark(feel-4, That-1)
nsubj(feel-4, she-2)
aux(feel-4, could-3)
advcl(was-23, feel-4)
det(love-6, this-5)
dobj(feel-4, love-6)
mark(knew-10, that-8)
nsubj(knew-10, she-9)
conj_and(feel-4, knew-10)
advcl(was-23, knew-10)
mark(believed-14, that-11)
nn(Rittner-13, Magnus-12)
nsubj(believed-14, Rittner-13)
nsubj(pitied-19, Rittner-13)
ccomp(knew-10, believed-14)
poss(innocence-17, her-16)
prep_in(believed-14, innocence-17)
ccomp(knew-10, pitied-19)
conj_and(believed-14, pitied-19)
dobj(pitied-19, her-20)
nsubj(was-23, that-22)
root(ROOT-0, was-23)
prepc_despite(was-23, everything-25)
det(happiness-28, a-26)
amod(happiness-28, secret-27)
dobj(everything-25, happiness-28)
advmod(mixed-34, even-30)
mark(mixed-34, if-31)
nsubj(mixed-34, it-32)
cop(mixed-34, was-33)
advcl(was-23, mixed-34)
ccomp(was-23, mixed-34)
amod(pain-37, hot-36)
prep_with(mixed-34, pain-37)</deps>
      <events>
        <event id="e51" eiid="ei51" offset="4" string="feel" tense="NONE" aspect="NONE" class="OCCURRENCE" polarity="POS" modality="" happen="" lowerBoundDuration="" upperBoundDuration="" />
        <event id="e52" eiid="ei52" offset="10" string="knew" tense="PAST" aspect="NONE" class="I_ACTION" polarity="POS" modality="" happen="" lowerBoundDuration="" upperBoundDuration="" />
        <event id="e53" eiid="ei53" offset="14" string="believed" tense="PAST" aspect="NONE" class="OCCURRENCE" polarity="POS" modality="" happen="" lowerBoundDuration="" upperBoundDuration="" />
        <event id="e54" eiid="ei54" offset="19" string="pitied" tense="PAST" aspect="NONE" class="OCCURRENCE" polarity="POS" modality="" happen="" lowerBoundDuration="" upperBoundDuration="" />
        <event id="e55" eiid="ei55" offset="25" string="everything" tense="PRESPART" aspect="NONE" class="OCCURRENCE" polarity="POS" modality="" happen="" lowerBoundDuration="" upperBoundDuration="" />
        <event id="e56" eiid="ei56" offset="34" string="mixed" tense="PAST" aspect="NONE" class="STATE" polarity="POS" modality="" happen="" lowerBoundDuration="" upperBoundDuration="" />
      </events>
      <timexes />
    </entry>
    <entry sid="34" file="9783732502929_061.txt">
      <sentence>And with an almost joyful confidence that her cause was well in Magnus Rittner 's hands and that he would help her , she rose and unpacked her things .</sentence>
      <tokens>
        <t>" " "And" " "</t>
        <t>" " "with" " "</t>
        <t>" " "an" " "</t>
        <t>" " "almost" " "</t>
        <t>" " "joyful" " "</t>
        <t>" " "confidence" " "</t>
        <t>" " "that" " "</t>
        <t>" " "her" " "</t>
        <t>" " "cause" " "</t>
        <t>" " "was" " "</t>
        <t>" " "well" " "</t>
        <t>" " "in" " "</t>
        <t>" " "Magnus" " "</t>
        <t>" " "Rittner" ""</t>
        <t>"" "'s" " "</t>
        <t>" " "hands" " "</t>
        <t>" " "and" " "</t>
        <t>" " "that" " "</t>
        <t>" " "he" " "</t>
        <t>" " "would" " "</t>
        <t>" " "help" " "</t>
        <t>" " "her" ""</t>
        <t>"" "," " "</t>
        <t>" " "she" " "</t>
        <t>" " "rose" " "</t>
        <t>" " "and" " "</t>
        <t>" " "unpacked" " "</t>
        <t>" " "her" " "</t>
        <t>" " "things" ""</t>
        <t>"" "." " "</t>
      </tokens>
      <parse>(ROOT (S (CC And) (PP (IN with) (NP (NP (DT an) (ADJP (RB almost) (JJ joyful)) (NN confidence)) (SBAR (SBAR (IN that) (S (NP (PRP$ her) (NN cause)) (VP (VBD was) (ADVP (RB well)) (PP (IN in) (NP (NP (NNP Magnus) (NNP Rittner) (POS 's)) (NNS hands)))))) (CC and) (SBAR (IN that) (S (NP (PRP he)) (VP (MD would) (VP (VB help) (NP (PRP her))))))))) (, ,) (NP (PRP she)) (VP (VP (VBD rose)) (CC and) (VP (VBD unpacked) (NP (PRP$ her) (NNS things)))) (. .)))</parse>
      <deps>det(confidence-6, an-3)
advmod(joyful-5, almost-4)
amod(confidence-6, joyful-5)
prep_with(rose-25, confidence-6)
mark(was-10, that-7)
poss(cause-9, her-8)
nsubj(was-10, cause-9)
dep(confidence-6, was-10)
advmod(was-10, well-11)
nn(Rittner-14, Magnus-13)
poss(hands-16, Rittner-14)
prep_in(was-10, hands-16)
mark(help-21, that-18)
nsubj(help-21, he-19)
aux(help-21, would-20)
dep(confidence-6, help-21)
conj_and(was-10, help-21)
dobj(help-21, her-22)
nsubj(rose-25, she-24)
nsubj(unpacked-27, she-24)
root(ROOT-0, rose-25)
conj_and(rose-25, unpacked-27)
poss(things-29, her-28)
dobj(unpacked-27, things-29)</deps>
      <events>
        <event id="e57" eiid="ei57" offset="21" string="help" tense="NONE" aspect="NONE" class="I_ACTION" polarity="POS" modality="" happen="" lowerBoundDuration="" upperBoundDuration="" />
        <event id="e58" eiid="ei58" offset="25" string="rose" tense="PAST" aspect="NONE" class="OCCURRENCE" polarity="POS" modality="" happen="" lowerBoundDuration="" upperBoundDuration="" />
        <event id="e59" eiid="ei59" offset="27" string="unpacked" tense="PAST" aspect="NONE" class="OCCURRENCE" polarity="POS" modality="" happen="" lowerBoundDuration="" upperBoundDuration="" />
      </events>
      <timexes />
    </entry>
    <entry sid="35" file="9783732502929_061.txt">
      <sentence>If she did not do so , it might attract attention .</sentence>
      <tokens>
        <t>" " "If" " "</t>
        <t>" " "she" " "</t>
        <t>" " "did" " "</t>
        <t>" " "not" " "</t>
        <t>" " "do" " "</t>
        <t>" " "so" ""</t>
        <t>"" "," " "</t>
        <t>" " "it" " "</t>
        <t>" " "might" " "</t>
        <t>" " "attract" " "</t>
        <t>" " "attention" ""</t>
        <t>"" "." " "</t>
      </tokens>
      <parse>(ROOT (S (SBAR (IN If) (S (NP (PRP she)) (VP (VBD did) (RB not) (VP (VB do) (ADVP (RB so)))))) (, ,) (NP (PRP it)) (VP (MD might) (VP (VB attract) (NP (NN attention)))) (. .)))</parse>
      <deps>mark(do-5, If-1)
nsubj(do-5, she-2)
aux(do-5, did-3)
neg(do-5, not-4)
advcl(attract-10, do-5)
advmod(do-5, so-6)
nsubj(attract-10, it-8)
aux(attract-10, might-9)
root(ROOT-0, attract-10)
dobj(attract-10, attention-11)</deps>
      <events>
        <event id="e60" eiid="ei60" offset="5" string="do" tense="PAST" aspect="NONE" class="OCCURRENCE" polarity="POS" modality="" happen="" lowerBoundDuration="" upperBoundDuration="" />
        <event id="e61" eiid="ei61" offset="10" string="attract" tense="NONE" aspect="NONE" class="OCCURRENCE" polarity="POS" modality="" happen="" lowerBoundDuration="" upperBoundDuration="" />
      </events>
      <timexes />
    </entry>
    <entry sid="36" file="9783732502929_061.txt">
      <sentence>After all , they were quickly packed away again when she was free .</sentence>
      <tokens>
        <t>" " "After" " "</t>
        <t>" " "all" ""</t>
        <t>"" "," " "</t>
        <t>" " "they" " "</t>
        <t>" " "were" " "</t>
        <t>" " "quickly" " "</t>
        <t>" " "packed" " "</t>
        <t>" " "away" " "</t>
        <t>" " "again" " "</t>
        <t>" " "when" " "</t>
        <t>" " "she" " "</t>
        <t>" " "was" " "</t>
        <t>" " "free" ""</t>
        <t>"" "." ""</t>
      </tokens>
      <parse>(ROOT (S (PP (IN After) (NP (DT all))) (, ,) (NP (PRP they)) (VP (VBD were) (ADVP (RB quickly)) (VP (VBN packed) (ADVP (ADVP (RB away) (RB again)) (SBAR (WHADVP (WRB when)) (S (NP (PRP she)) (VP (VBD was) (ADJP (JJ free)))))))) (. .)))</parse>
      <deps>prep_after(packed-7, all-2)
nsubjpass(packed-7, they-4)
auxpass(packed-7, were-5)
advmod(packed-7, quickly-6)
root(ROOT-0, packed-7)
advmod(again-9, away-8)
advmod(packed-7, again-9)
advmod(free-13, when-10)
nsubj(free-13, she-11)
cop(free-13, was-12)
dep(again-9, free-13)</deps>
      <events>
        <event id="e62" eiid="ei62" offset="7" string="packed" tense="PAST" aspect="NONE" class="OCCURRENCE" polarity="POS" modality="" happen="" lowerBoundDuration="" upperBoundDuration="" />
        <event id="e63" eiid="ei63" offset="13" string="free" tense="PAST" aspect="NONE" class="STATE" polarity="POS" modality="" happen="" lowerBoundDuration="" upperBoundDuration="" />
      </events>
      <timexes />
    </entry>
    <tlink event1="ei5" event2="t1" relation="SIMULTANEOUS" closed="false" origin="AdjacentVerbTimex" type="et" />
    <tlink event1="ei3" event2="ei4" relation="AFTER" closed="false" origin="ReichenbachDG13" type="ee" />
    <tlink event1="ei4" event2="ei5" relation="BEFORE" closed="false" origin="ReichenbachDG13" type="ee" />
    <tlink event1="ei11" event2="ei14" relation="AFTER" closed="false" origin="ReichenbachDG13" type="ee" />
    <tlink event1="ei11" event2="ei16" relation="AFTER" closed="false" origin="ReichenbachDG13" type="ee" />
    <tlink event1="ei13" event2="ei14" relation="AFTER" closed="false" origin="ReichenbachDG13" type="ee" />
    <tlink event1="ei13" event2="ei16" relation="AFTER" closed="false" origin="ReichenbachDG13" type="ee" />
    <tlink event1="ei16" event2="ei18" relation="BEFORE" closed="false" origin="ReichenbachDG13" type="ee" />
    <tlink event1="ei17" event2="ei18" relation="BEFORE" closed="false" origin="ReichenbachDG13" type="ee" />
    <tlink event1="ei17" event2="ei21" relation="BEFORE" closed="false" origin="ReichenbachDG13" type="ee" />
    <tlink event1="ei17" event2="ei23" relation="BEFORE" closed="false" origin="ReichenbachDG13" type="ee" />
    <tlink event1="ei18" event2="ei20" relation="AFTER" closed="false" origin="ReichenbachDG13" type="ee" />
    <tlink event1="ei20" event2="ei21" relation="BEFORE" closed="false" origin="ReichenbachDG13" type="ee" />
    <tlink event1="ei20" event2="ei23" relation="BEFORE" closed="false" origin="ReichenbachDG13" type="ee" />
    <tlink event1="ei21" event2="ei24" relation="AFTER" closed="false" origin="ReichenbachDG13" type="ee" />
    <tlink event1="ei23" event2="ei24" relation="AFTER" closed="false" origin="ReichenbachDG13" type="ee" />
    <tlink event1="ei24" event2="ei25" relation="AFTER" closed="false" origin="ReichenbachDG13" type="ee" />
    <tlink event1="ei24" event2="ei26" relation="AFTER" closed="false" origin="ReichenbachDG13" type="ee" />
    <tlink event1="ei25" event2="ei27" relation="BEFORE" closed="false" origin="ReichenbachDG13" type="ee" />
    <tlink event1="ei25" event2="ei28" relation="BEFORE" closed="false" origin="ReichenbachDG13" type="ee" />
    <tlink event1="ei26" event2="ei27" relation="BEFORE" closed="false" origin="ReichenbachDG13" type="ee" />
    <tlink event1="ei26" event2="ei28" relation="BEFORE" closed="false" origin="ReichenbachDG13" type="ee" />
    <tlink event1="ei30" event2="ei34" relation="BEFORE" closed="false" origin="ReichenbachDG13" type="ee" />
    <tlink event1="ei31" event2="ei34" relation="BEFORE" closed="false" origin="ReichenbachDG13" type="ee" />
    <tlink event1="ei32" event2="ei34" relation="BEFORE" closed="false" origin="ReichenbachDG13" type="ee" />
    <tlink event1="ei51" event2="ei52" relation="AFTER" closed="false" origin="ReichenbachDG13" type="ee" />
    <tlink event1="ei51" event2="ei53" relation="AFTER" closed="false" origin="ReichenbachDG13" type="ee" />
    <tlink event1="ei51" event2="ei54" relation="AFTER" closed="false" origin="ReichenbachDG13" type="ee" />
    <tlink event1="ei51" event2="ei58" relation="AFTER" closed="false" origin="ReichenbachDG13" type="ee" />
    <tlink event1="ei51" event2="ei59" relation="AFTER" closed="false" origin="ReichenbachDG13" type="ee" />
    <tlink event1="ei52" event2="ei57" relation="BEFORE" closed="false" origin="ReichenbachDG13" type="ee" />
    <tlink event1="ei53" event2="ei57" relation="BEFORE" closed="false" origin="ReichenbachDG13" type="ee" />
    <tlink event1="ei54" event2="ei57" relation="BEFORE" closed="false" origin="ReichenbachDG13" type="ee" />
    <tlink event1="ei57" event2="ei58" relation="AFTER" closed="false" origin="ReichenbachDG13" type="ee" />
    <tlink event1="ei57" event2="ei59" relation="AFTER" closed="false" origin="ReichenbachDG13" type="ee" />
    <tlink event1="ei57" event2="ei60" relation="AFTER" closed="false" origin="ReichenbachDG13" type="ee" />
    <tlink event1="ei58" event2="ei61" relation="BEFORE" closed="false" origin="ReichenbachDG13" type="ee" />
    <tlink event1="ei59" event2="ei61" relation="BEFORE" closed="false" origin="ReichenbachDG13" type="ee" />
    <tlink event1="ei60" event2="ei61" relation="BEFORE" closed="false" origin="ReichenbachDG13" type="ee" />
    <tlink event1="ei61" event2="ei62" relation="AFTER" closed="false" origin="ReichenbachDG13" type="ee" />
    <tlink event1="t1" event2="ei4" relation="AFTER" closed="true" origin="ReichenbachDG13" type="et" />
    <tlink event1="ei21" event2="ei25" relation="AFTER" closed="true" origin="ReichenbachDG13" type="ee" />
    <tlink event1="ei21" event2="ei26" relation="AFTER" closed="true" origin="ReichenbachDG13" type="ee" />
    <tlink event1="ei23" event2="ei25" relation="AFTER" closed="true" origin="ReichenbachDG13" type="ee" />
    <tlink event1="ei23" event2="ei26" relation="AFTER" closed="true" origin="ReichenbachDG13" type="ee" />
    <tlink event1="ei7" event2="ei8" relation="BEFORE" closed="false" origin="XCompDepSieve" type="ee" />
    <tlink event1="ei9" event2="ei7" relation="AFTER" closed="false" origin="XCompDepSieve" type="ee" />
    <tlink event1="ei12" event2="ei13" relation="BEFORE" closed="false" origin="XCompDepSieve" type="ee" />
    <tlink event1="ei14" event2="ei15" relation="BEFORE" closed="false" origin="XCompDepSieve" type="ee" />
    <tlink event1="ei18" event2="ei19" relation="BEFORE" closed="false" origin="XCompDepSieve" type="ee" />
    <tlink event1="ei19" event2="ei20" relation="VAGUE" closed="false" origin="XCompDepSieve" type="ee" />
    <tlink event1="ei25" event2="ei26" relation="AFTER" closed="false" origin="XCompDepSieve" type="ee" />
    <tlink event1="ei27" event2="ei28" relation="AFTER" closed="false" origin="XCompDepSieve" type="ee" />
    <tlink event1="ei32" event2="ei33" relation="BEFORE" closed="false" origin="XCompDepSieve" type="ee" />
    <tlink event1="ei38" event2="ei39" relation="VAGUE" closed="false" origin="XCompDepSieve" type="ee" />
    <tlink event1="ei41" event2="ei40" relation="BEFORE" closed="false" origin="XCompDepSieve" type="ee" />
    <tlink event1="ei47" event2="ei48" relation="VAGUE" closed="false" origin="XCompDepSieve" type="ee" />
    <tlink event1="ei52" event2="ei53" relation="AFTER" closed="false" origin="XCompDepSieve" type="ee" />
    <tlink event1="ei52" event2="ei54" relation="AFTER" closed="false" origin="XCompDepSieve" type="ee" />
    <tlink event1="ei53" event2="ei54" relation="VAGUE" closed="false" origin="XCompDepSieve" type="ee" />
    <tlink event1="ei58" event2="ei59" relation="VAGUE" closed="false" origin="XCompDepSieve" type="ee" />
    <tlink event1="ei16" event2="ei19" relation="BEFORE" closed="true" origin="XCompDepSieve" type="ee" />
    <tlink event1="ei17" event2="ei19" relation="BEFORE" closed="true" origin="XCompDepSieve" type="ee" />
    <tlink event1="ei40" event2="ei42" relation="VAGUE" closed="false" origin="WordNet209" type="ee" />
    <tlink event1="ei41" event2="ei42" relation="VAGUE" closed="false" origin="WordNet209" type="ee" />
    <tlink event1="ei37" event2="t2" relation="VAGUE" closed="false" origin="MLEventTimeSameSent" type="et" />
    <tlink event1="ei11" event2="ei12" relation="VAGUE" closed="false" origin="MLEventEventDominates" type="ee" />
    <tlink event1="ei11" event2="ei13" relation="VAGUE" closed="false" origin="MLEventEventDominates" type="ee" />
    <tlink event1="ei11" event2="ei15" relation="VAGUE" closed="false" origin="MLEventEventDominates" type="ee" />
    <tlink event1="ei13" event2="ei15" relation="VAGUE" closed="false" origin="MLEventEventDominates" type="ee" />
    <tlink event1="ei21" event2="ei22" relation="VAGUE" closed="false" origin="MLEventEventDominates" type="ee" />
    <tlink event1="ei31" event2="ei32" relation="AFTER" closed="false" origin="MLEventEventDominates" type="ee" />
    <tlink event1="ei31" event2="ei33" relation="VAGUE" closed="false" origin="MLEventEventDominates" type="ee" />
    <tlink event1="ei35" event2="ei36" relation="VAGUE" closed="false" origin="MLEventEventDominates" type="ee" />
    <tlink event1="ei43" event2="ei44" relation="AFTER" closed="false" origin="MLEventEventDominates" type="ee" />
    <tlink event1="ei62" event2="ei63" relation="VAGUE" closed="false" origin="MLEventEventDominates" type="ee" />
    <tlink event1="ei1" event2="ei2" relation="VAGUE" closed="false" origin="MLEventEventSameSent" type="ee" />
    <tlink event1="ei8" event2="ei9" relation="VAGUE" closed="false" origin="MLEventEventSameSent" type="ee" />
    <tlink event1="ei12" event2="ei14" relation="VAGUE" closed="false" origin="MLEventEventSameSent" type="ee" />
    <tlink event1="ei12" event2="ei15" relation="VAGUE" closed="false" origin="MLEventEventSameSent" type="ee" />
    <tlink event1="ei17" event2="ei20" relation="VAGUE" closed="false" origin="MLEventEventSameSent" type="ee" />
    <tlink event1="ei21" event2="ei23" relation="BEFORE" closed="false" origin="MLEventEventSameSent" type="ee" />
    <tlink event1="ei22" event2="ei23" relation="BEFORE" closed="false" origin="MLEventEventSameSent" type="ee" />
    <tlink event1="ei30" event2="ei31" relation="VAGUE" closed="false" origin="MLEventEventSameSent" type="ee" />
    <tlink event1="ei30" event2="ei32" relation="VAGUE" closed="false" origin="MLEventEventSameSent" type="ee" />
    <tlink event1="ei30" event2="ei33" relation="VAGUE" closed="false" origin="MLEventEventSameSent" type="ee" />
    <tlink event1="ei33" event2="ei34" relation="BEFORE" closed="false" origin="MLEventEventSameSent" type="ee" />
    <tlink event1="ei51" event2="ei55" relation="VAGUE" closed="false" origin="MLEventEventSameSent" type="ee" />
    <tlink event1="ei51" event2="ei56" relation="VAGUE" closed="false" origin="MLEventEventSameSent" type="ee" />
    <tlink event1="ei52" event2="ei55" relation="VAGUE" closed="false" origin="MLEventEventSameSent" type="ee" />
    <tlink event1="ei52" event2="ei56" relation="VAGUE" closed="false" origin="MLEventEventSameSent" type="ee" />
    <tlink event1="ei53" event2="ei55" relation="VAGUE" closed="false" origin="MLEventEventSameSent" type="ee" />
    <tlink event1="ei53" event2="ei56" relation="VAGUE" closed="false" origin="MLEventEventSameSent" type="ee" />
    <tlink event1="ei54" event2="ei55" relation="VAGUE" closed="false" origin="MLEventEventSameSent" type="ee" />
    <tlink event1="ei54" event2="ei56" relation="BEFORE" closed="false" origin="MLEventEventSameSent" type="ee" />
    <tlink event1="ei55" event2="ei56" relation="VAGUE" closed="false" origin="MLEventEventSameSent" type="ee" />
    <tlink event1="ei5" event2="ei6" relation="VAGUE" closed="false" origin="AllVagueSieve" type="ee" />
    <tlink event1="t1" event2="ei6" relation="VAGUE" closed="false" origin="AllVagueSieve" type="et" />
    <tlink event1="ei6" event2="ei7" relation="VAGUE" closed="false" origin="AllVagueSieve" type="ee" />
    <tlink event1="ei6" event2="ei8" relation="VAGUE" closed="false" origin="AllVagueSieve" type="ee" />
    <tlink event1="ei6" event2="ei9" relation="VAGUE" closed="false" origin="AllVagueSieve" type="ee" />
    <tlink event1="ei12" event2="ei16" relation="VAGUE" closed="false" origin="AllVagueSieve" type="ee" />
    <tlink event1="ei14" event2="ei16" relation="VAGUE" closed="false" origin="AllVagueSieve" type="ee" />
    <tlink event1="ei15" event2="ei16" relation="VAGUE" closed="false" origin="AllVagueSieve" type="ee" />
    <tlink event1="ei16" event2="ei17" relation="VAGUE" closed="false" origin="AllVagueSieve" type="ee" />
    <tlink event1="ei16" event2="ei20" relation="VAGUE" closed="false" origin="AllVagueSieve" type="ee" />
    <tlink event1="ei17" event2="ei22" relation="VAGUE" closed="false" origin="AllVagueSieve" type="ee" />
    <tlink event1="ei18" event2="ei21" relation="VAGUE" closed="false" origin="AllVagueSieve" type="ee" />
    <tlink event1="ei18" event2="ei22" relation="VAGUE" closed="false" origin="AllVagueSieve" type="ee" />
    <tlink event1="ei18" event2="ei23" relation="VAGUE" closed="false" origin="AllVagueSieve" type="ee" />
    <tlink event1="ei19" event2="ei21" relation="VAGUE" closed="false" origin="AllVagueSieve" type="ee" />
    <tlink event1="ei19" event2="ei22" relation="VAGUE" closed="false" origin="AllVagueSieve" type="ee" />
    <tlink event1="ei19" event2="ei23" relation="VAGUE" closed="false" origin="AllVagueSieve" type="ee" />
    <tlink event1="ei20" event2="ei22" relation="VAGUE" closed="false" origin="AllVagueSieve" type="ee" />
    <tlink event1="ei22" event2="ei24" relation="VAGUE" closed="false" origin="AllVagueSieve" type="ee" />
    <tlink event1="ei27" event2="ei29" relation="VAGUE" closed="false" origin="AllVagueSieve" type="ee" />
    <tlink event1="ei28" event2="ei29" relation="VAGUE" closed="false" origin="AllVagueSieve" type="ee" />
    <tlink event1="ei29" event2="ei30" relation="VAGUE" closed="false" origin="AllVagueSieve" type="ee" />
    <tlink event1="ei29" event2="ei31" relation="VAGUE" closed="false" origin="AllVagueSieve" type="ee" />
    <tlink event1="ei29" event2="ei32" relation="VAGUE" closed="false" origin="AllVagueSieve" type="ee" />
    <tlink event1="ei29" event2="ei33" relation="VAGUE" closed="false" origin="AllVagueSieve" type="ee" />
    <tlink event1="ei29" event2="ei34" relation="VAGUE" closed="false" origin="AllVagueSieve" type="ee" />
    <tlink event1="ei37" event2="ei38" relation="VAGUE" closed="false" origin="AllVagueSieve" type="ee" />
    <tlink event1="ei37" event2="ei39" relation="VAGUE" closed="false" origin="AllVagueSieve" type="ee" />
    <tlink event1="t2" event2="ei38" relation="VAGUE" closed="false" origin="AllVagueSieve" type="et" />
    <tlink event1="t2" event2="ei39" relation="VAGUE" closed="false" origin="AllVagueSieve" type="et" />
    <tlink event1="ei38" event2="ei40" relation="VAGUE" closed="false" origin="AllVagueSieve" type="ee" />
    <tlink event1="ei38" event2="ei41" relation="VAGUE" closed="false" origin="AllVagueSieve" type="ee" />
    <tlink event1="ei39" event2="ei40" relation="VAGUE" closed="false" origin="AllVagueSieve" type="ee" />
    <tlink event1="ei39" event2="ei41" relation="VAGUE" closed="false" origin="AllVagueSieve" type="ee" />
    <tlink event1="ei42" event2="ei43" relation="VAGUE" closed="false" origin="AllVagueSieve" type="ee" />
    <tlink event1="ei42" event2="ei44" relation="VAGUE" closed="false" origin="AllVagueSieve" type="ee" />
    <tlink event1="ei43" event2="ei45" relation="VAGUE" closed="false" origin="AllVagueSieve" type="ee" />
    <tlink event1="ei44" event2="ei45" relation="VAGUE" closed="false" origin="AllVagueSieve" type="ee" />
    <tlink event1="ei45" event2="t3" relation="VAGUE" closed="false" origin="AllVagueSieve" type="et" />
    <tlink event1="t3" event2="ei46" relation="VAGUE" closed="false" origin="AllVagueSieve" type="et" />
    <tlink event1="ei46" event2="ei47" relation="VAGUE" closed="false" origin="AllVagueSieve" type="ee" />
    <tlink event1="ei46" event2="ei48" relation="VAGUE" closed="false" origin="AllVagueSieve" type="ee" />
    <tlink event1="ei47" event2="ei49" relation="VAGUE" closed="false" origin="AllVagueSieve" type="ee" />
    <tlink event1="ei48" event2="ei49" relation="VAGUE" closed="false" origin="AllVagueSieve" type="ee" />
    <tlink event1="ei49" event2="ei50" relation="VAGUE" closed="false" origin="AllVagueSieve" type="ee" />
    <tlink event1="ei50" event2="ei51" relation="VAGUE" closed="false" origin="AllVagueSieve" type="ee" />
    <tlink event1="ei50" event2="ei52" relation="VAGUE" closed="false" origin="AllVagueSieve" type="ee" />
    <tlink event1="ei50" event2="ei53" relation="VAGUE" closed="false" origin="AllVagueSieve" type="ee" />
    <tlink event1="ei50" event2="ei54" relation="VAGUE" closed="false" origin="AllVagueSieve" type="ee" />
    <tlink event1="ei50" event2="ei55" relation="VAGUE" closed="false" origin="AllVagueSieve" type="ee" />
    <tlink event1="ei50" event2="ei56" relation="VAGUE" closed="false" origin="AllVagueSieve" type="ee" />
    <tlink event1="ei51" event2="ei57" relation="VAGUE" closed="false" origin="AllVagueSieve" type="ee" />
    <tlink event1="ei52" event2="ei58" relation="VAGUE" closed="false" origin="AllVagueSieve" type="ee" />
    <tlink event1="ei52" event2="ei59" relation="VAGUE" closed="false" origin="AllVagueSieve" type="ee" />
    <tlink event1="ei53" event2="ei58" relation="VAGUE" closed="false" origin="AllVagueSieve" type="ee" />
    <tlink event1="ei53" event2="ei59" relation="VAGUE" closed="false" origin="AllVagueSieve" type="ee" />
    <tlink event1="ei54" event2="ei58" relation="VAGUE" closed="false" origin="AllVagueSieve" type="ee" />
    <tlink event1="ei54" event2="ei59" relation="VAGUE" closed="false" origin="AllVagueSieve" type="ee" />
    <tlink event1="ei55" event2="ei57" relation="VAGUE" closed="false" origin="AllVagueSieve" type="ee" />
    <tlink event1="ei55" event2="ei58" relation="VAGUE" closed="false" origin="AllVagueSieve" type="ee" />
    <tlink event1="ei55" event2="ei59" relation="VAGUE" closed="false" origin="AllVagueSieve" type="ee" />
    <tlink event1="ei56" event2="ei57" relation="VAGUE" closed="false" origin="AllVagueSieve" type="ee" />
    <tlink event1="ei56" event2="ei58" relation="VAGUE" closed="false" origin="AllVagueSieve" type="ee" />
    <tlink event1="ei56" event2="ei59" relation="VAGUE" closed="false" origin="AllVagueSieve" type="ee" />
    <tlink event1="ei57" event2="ei61" relation="VAGUE" closed="false" origin="AllVagueSieve" type="ee" />
    <tlink event1="ei58" event2="ei60" relation="VAGUE" closed="false" origin="AllVagueSieve" type="ee" />
    <tlink event1="ei59" event2="ei60" relation="VAGUE" closed="false" origin="AllVagueSieve" type="ee" />
    <tlink event1="ei60" event2="ei62" relation="VAGUE" closed="false" origin="AllVagueSieve" type="ee" />
    <tlink event1="ei60" event2="ei63" relation="VAGUE" closed="false" origin="AllVagueSieve" type="ee" />
    <tlink event1="ei61" event2="ei63" relation="VAGUE" closed="false" origin="AllVagueSieve" type="ee" />
  </file>
</root>

