<?xml version="1.0" encoding="UTF-8"?>
<root xmlns="http://chambers.com/corpusinfo">
  <file name="9783732502929_063.txt">
    <entry sid="0" file="9783732502929_063.txt">
      <sentence>When the two brothers rejoined the ladies for dinner , there was quite a lively tone at the table .</sentence>
      <tokens>
        <t>"" "When" " "</t>
        <t>" " "the" " "</t>
        <t>" " "two" " "</t>
        <t>" " "brothers" " "</t>
        <t>" " "rejoined" " "</t>
        <t>" " "the" " "</t>
        <t>" " "ladies" " "</t>
        <t>" " "for" " "</t>
        <t>" " "dinner" ""</t>
        <t>"" "," " "</t>
        <t>" " "there" " "</t>
        <t>" " "was" " "</t>
        <t>" " "quite" " "</t>
        <t>" " "a" " "</t>
        <t>" " "lively" " "</t>
        <t>" " "tone" " "</t>
        <t>" " "at" " "</t>
        <t>" " "the" " "</t>
        <t>" " "table" ""</t>
        <t>"" "." " "</t>
      </tokens>
      <parse>(ROOT (S (SBAR (WHADVP (WRB When)) (S (NP (DT the) (CD two) (NNS brothers)) (VP (VBD rejoined) (NP (DT the) (NNS ladies)) (PP (IN for) (NP (NN dinner)))))) (, ,) (NP (EX there)) (VP (VBD was) (NP (NP (RB quite) (DT a) (JJ lively) (NN tone)) (PP (IN at) (NP (DT the) (NN table))))) (. .)))</parse>
      <deps>advmod(rejoined-5, When-1)
det(brothers-4, the-2)
num(brothers-4, two-3)
nsubj(rejoined-5, brothers-4)
advcl(was-12, rejoined-5)
det(ladies-7, the-6)
dobj(rejoined-5, ladies-7)
prep_for(rejoined-5, dinner-9)
expl(was-12, there-11)
root(ROOT-0, was-12)
advmod(tone-16, quite-13)
det(tone-16, a-14)
amod(tone-16, lively-15)
nsubj(was-12, tone-16)
det(table-19, the-18)
prep_at(tone-16, table-19)</deps>
      <events>
        <event id="e1" eiid="ei1" offset="5" string="rejoined" tense="PAST" aspect="NONE" class="OCCURRENCE" polarity="POS" modality="" happen="" lowerBoundDuration="" upperBoundDuration="" />
      </events>
      <timexes />
    </entry>
    <entry sid="1" file="9783732502929_063.txt">
      <sentence>Frau Ellen chatted cheerfully and laughingly told of the quirks of Countess Rosenberg , who counted every match to her servants and once dismissed a servant because he burned a bale of newsprint instead of selling it .</sentence>
      <tokens>
        <t>" " "Frau" " "</t>
        <t>" " "Ellen" " "</t>
        <t>" " "chatted" " "</t>
        <t>" " "cheerfully" " "</t>
        <t>" " "and" " "</t>
        <t>" " "laughingly" " "</t>
        <t>" " "told" " "</t>
        <t>" " "of" " "</t>
        <t>" " "the" " "</t>
        <t>" " "quirks" " "</t>
        <t>" " "of" " "</t>
        <t>" " "Countess" " "</t>
        <t>" " "Rosenberg" ""</t>
        <t>"" "," " "</t>
        <t>" " "who" " "</t>
        <t>" " "counted" " "</t>
        <t>" " "every" " "</t>
        <t>" " "match" " "</t>
        <t>" " "to" " "</t>
        <t>" " "her" " "</t>
        <t>" " "servants" " "</t>
        <t>" " "and" " "</t>
        <t>" " "once" " "</t>
        <t>" " "dismissed" " "</t>
        <t>" " "a" " "</t>
        <t>" " "servant" " "</t>
        <t>" " "because" " "</t>
        <t>" " "he" " "</t>
        <t>" " "burned" " "</t>
        <t>" " "a" " "</t>
        <t>" " "bale" " "</t>
        <t>" " "of" " "</t>
        <t>" " "newsprint" " "</t>
        <t>" " "instead" " "</t>
        <t>" " "of" " "</t>
        <t>" " "selling" " "</t>
        <t>" " "it" ""</t>
        <t>"" "." " "</t>
      </tokens>
      <parse>(ROOT (S (NP (NNP Frau) (NNP Ellen)) (VP (VP (VBD chatted) (ADVP (RB cheerfully))) (CC and) (VP (ADVP (RB laughingly)) (VBD told) (PP (IN of) (NP (NP (DT the) (NNS quirks)) (PP (IN of) (NP (NP (NNP Countess) (NNP Rosenberg)) (, ,) (SBAR (WHNP (WP who)) (S (VP (VP (VBD counted) (NP (DT every) (NN match)) (PP (TO to) (NP (PRP$ her) (NNS servants)))) (CC and) (VP (ADVP (RB once)) (VBD dismissed) (NP (DT a) (NN servant)) (SBAR (IN because) (S (NP (PRP he)) (VP (VBD burned) (NP (NP (DT a) (NN bale)) (PP (IN of) (NP (NN newsprint)))) (PP (RB instead) (IN of) (S (VP (VBG selling) (NP (PRP it)))))))))))))))))) (. .)))</parse>
      <deps>nn(Ellen-2, Frau-1)
nsubj(chatted-3, Ellen-2)
nsubj(told-7, Ellen-2)
root(ROOT-0, chatted-3)
advmod(chatted-3, cheerfully-4)
advmod(told-7, laughingly-6)
conj_and(chatted-3, told-7)
det(quirks-10, the-9)
prep_of(told-7, quirks-10)
nn(Rosenberg-13, Countess-12)
prep_of(quirks-10, Rosenberg-13)
nsubj(counted-16, Rosenberg-13)
nsubj(dismissed-24, Rosenberg-13)
rcmod(Rosenberg-13, counted-16)
det(match-18, every-17)
dobj(counted-16, match-18)
poss(servants-21, her-20)
prep_to(counted-16, servants-21)
advmod(dismissed-24, once-23)
rcmod(Rosenberg-13, dismissed-24)
conj_and(counted-16, dismissed-24)
det(servant-26, a-25)
dobj(dismissed-24, servant-26)
mark(burned-29, because-27)
nsubj(burned-29, he-28)
advcl(dismissed-24, burned-29)
det(bale-31, a-30)
dobj(burned-29, bale-31)
prep_of(bale-31, newsprint-33)
prepc_instead_of(burned-29, selling-36)
dobj(selling-36, it-37)</deps>
      <events>
        <event id="e2" eiid="ei2" offset="3" string="chatted" tense="PAST" aspect="NONE" class="OCCURRENCE" polarity="POS" modality="" happen="" lowerBoundDuration="" upperBoundDuration="" />
        <event id="e3" eiid="ei3" offset="7" string="told" tense="PAST" aspect="NONE" class="REPORTING" polarity="POS" modality="" happen="" lowerBoundDuration="" upperBoundDuration="" />
        <event id="e4" eiid="ei4" offset="16" string="counted" tense="PAST" aspect="NONE" class="OCCURRENCE" polarity="POS" modality="" happen="" lowerBoundDuration="" upperBoundDuration="" />
        <event id="e5" eiid="ei5" offset="24" string="dismissed" tense="PAST" aspect="NONE" class="OCCURRENCE" polarity="POS" modality="" happen="" lowerBoundDuration="" upperBoundDuration="" />
        <event id="e6" eiid="ei6" offset="29" string="burned" tense="PAST" aspect="NONE" class="OCCURRENCE" polarity="POS" modality="" happen="" lowerBoundDuration="" upperBoundDuration="" />
        <event id="e7" eiid="ei7" offset="36" string="selling" tense="PRESPART" aspect="NONE" class="OCCURRENCE" polarity="POS" modality="" happen="" lowerBoundDuration="" upperBoundDuration="" />
      </events>
      <timexes>
        <timex tid="t1" text="once" offset="23" length="1" type="DATE" value="PAST_REF" temporalFunction="false" />
      </timexes>
    </entry>
    <entry sid="2" file="9783732502929_063.txt">
      <sentence>Rosemarie also had a few episodes to share .</sentence>
      <tokens>
        <t>" " "Rosemarie" " "</t>
        <t>" " "also" " "</t>
        <t>" " "had" " "</t>
        <t>" " "a" " "</t>
        <t>" " "few" " "</t>
        <t>" " "episodes" " "</t>
        <t>" " "to" " "</t>
        <t>" " "share" ""</t>
        <t>"" "." " "</t>
      </tokens>
      <parse>(ROOT (S (NP (NNP Rosemarie)) (ADVP (RB also)) (VP (VBD had) (NP (NP (DT a) (JJ few) (NNS episodes)) (PP (TO to) (NP (NN share))))) (. .)))</parse>
      <deps>nsubj(had-3, Rosemarie-1)
advmod(had-3, also-2)
root(ROOT-0, had-3)
det(episodes-6, a-4)
amod(episodes-6, few-5)
dobj(had-3, episodes-6)
prep_to(episodes-6, share-8)</deps>
      <events>
        <event id="e8" eiid="ei8" offset="3" string="had" tense="PAST" aspect="NONE" class="OCCURRENCE" polarity="POS" modality="" happen="" lowerBoundDuration="" upperBoundDuration="" />
      </events>
      <timexes />
    </entry>
    <entry sid="3" file="9783732502929_063.txt">
      <sentence>Fred had already gotten over his dismay of this morning .</sentence>
      <tokens>
        <t>" " "Fred" " "</t>
        <t>" " "had" " "</t>
        <t>" " "already" " "</t>
        <t>" " "gotten" " "</t>
        <t>" " "over" " "</t>
        <t>" " "his" " "</t>
        <t>" " "dismay" " "</t>
        <t>" " "of" " "</t>
        <t>" " "this" " "</t>
        <t>" " "morning" ""</t>
        <t>"" "." " "</t>
      </tokens>
      <parse>(ROOT (S (NP (NNP Fred)) (VP (VBD had) (ADVP (RB already)) (VP (VBN gotten) (PP (IN over) (NP (NP (PRP$ his) (NN dismay)) (PP (IN of) (NP (DT this) (NN morning))))))) (. .)))</parse>
      <deps>nsubj(gotten-4, Fred-1)
aux(gotten-4, had-2)
advmod(gotten-4, already-3)
root(ROOT-0, gotten-4)
poss(dismay-7, his-6)
prep_over(gotten-4, dismay-7)
det(morning-10, this-9)
prep_of(dismay-7, morning-10)</deps>
      <events>
        <event id="e9" eiid="ei9" offset="4" string="gotten" tense="PAST" aspect="NONE" class="OCCURRENCE" polarity="POS" modality="" happen="" lowerBoundDuration="" upperBoundDuration="" />
      </events>
      <timexes>
        <timex tid="t2" text="morning" offset="10" length="1" type="TIME" value="TMO" temporalFunction="false" />
      </timexes>
    </entry>
    <entry sid="4" file="9783732502929_063.txt">
      <sentence>He was very amused because so was his wife .</sentence>
      <tokens>
        <t>" " "He" " "</t>
        <t>" " "was" " "</t>
        <t>" " "very" " "</t>
        <t>" " "amused" " "</t>
        <t>" " "because" " "</t>
        <t>" " "so" " "</t>
        <t>" " "was" " "</t>
        <t>" " "his" " "</t>
        <t>" " "wife" ""</t>
        <t>"" "." " "</t>
      </tokens>
      <parse>(ROOT (S (NP (PRP He)) (VP (VBD was) (ADJP (ADJP (RB very) (VBN amused)) (SBAR (IN because) (S (ADVP (RB so)) (VP (VBD was) (NP (PRP$ his) (NN wife))))))) (. .)))</parse>
      <deps>nsubj(amused-4, He-1)
cop(amused-4, was-2)
advmod(amused-4, very-3)
root(ROOT-0, amused-4)
mark(wife-9, because-5)
advmod(wife-9, so-6)
cop(wife-9, was-7)
poss(wife-9, his-8)
ccomp(amused-4, wife-9)</deps>
      <events>
        <event id="e10" eiid="ei10" offset="4" string="amused" tense="PAST" aspect="NONE" class="OCCURRENCE" polarity="POS" modality="" happen="" lowerBoundDuration="" upperBoundDuration="" />
      </events>
      <timexes />
    </entry>
    <entry sid="5" file="9783732502929_063.txt">
      <sentence>Magnus Rittner , however , often let his gaze linger obliviously on Rosemary 's face .</sentence>
      <tokens>
        <t>" " "Magnus" " "</t>
        <t>" " "Rittner" ""</t>
        <t>"" "," " "</t>
        <t>" " "however" ""</t>
        <t>"" "," " "</t>
        <t>" " "often" " "</t>
        <t>" " "let" " "</t>
        <t>" " "his" " "</t>
        <t>" " "gaze" " "</t>
        <t>" " "linger" " "</t>
        <t>" " "obliviously" " "</t>
        <t>" " "on" " "</t>
        <t>" " "Rosemary" ""</t>
        <t>"" "'s" " "</t>
        <t>" " "face" ""</t>
        <t>"" "." " "</t>
      </tokens>
      <parse>(ROOT (S (NP (NNP Magnus) (NNP Rittner)) (, ,) (ADVP (RB however)) (, ,) (VP (ADVP (RB often)) (VBP let) (NP (PRP$ his) (JJ gaze) (JJ linger) (NN obliviously)) (PP (IN on) (NP (NP (NNP Rosemary) (POS 's)) (NN face)))) (. .)))</parse>
      <deps>nn(Rittner-2, Magnus-1)
nsubj(let-7, Rittner-2)
advmod(let-7, however-4)
advmod(let-7, often-6)
root(ROOT-0, let-7)
poss(obliviously-11, his-8)
amod(obliviously-11, gaze-9)
amod(obliviously-11, linger-10)
dobj(let-7, obliviously-11)
poss(face-15, Rosemary-13)
prep_on(let-7, face-15)</deps>
      <events />
      <timexes />
    </entry>
    <entry sid="6" file="9783732502929_063.txt">
      <sentence>A few times her eyes met his .</sentence>
      <tokens>
        <t>" " "A" " "</t>
        <t>" " "few" " "</t>
        <t>" " "times" " "</t>
        <t>" " "her" " "</t>
        <t>" " "eyes" " "</t>
        <t>" " "met" " "</t>
        <t>" " "his" ""</t>
        <t>"" "." " "</t>
      </tokens>
      <parse>(ROOT (S (NP (NP (DT A) (JJ few) (NNS times)) (NP (PRP$ her) (NNS eyes))) (VP (VBD met) (NP (PRP$ his))) (. .)))</parse>
      <deps>det(times-3, A-1)
amod(times-3, few-2)
nsubj(met-6, times-3)
poss(eyes-5, her-4)
dep(times-3, eyes-5)
root(ROOT-0, met-6)
dobj(met-6, his-7)</deps>
      <events>
        <event id="e11" eiid="ei11" offset="6" string="met" tense="PAST" aspect="NONE" class="OCCURRENCE" polarity="POS" modality="" happen="" lowerBoundDuration="" upperBoundDuration="" />
      </events>
      <timexes />
    </entry>
    <entry sid="7" file="9783732502929_063.txt">
      <sentence>And there he saw each time a quiet blush rise in her cheeks .</sentence>
      <tokens>
        <t>" " "And" " "</t>
        <t>" " "there" " "</t>
        <t>" " "he" " "</t>
        <t>" " "saw" " "</t>
        <t>" " "each" " "</t>
        <t>" " "time" " "</t>
        <t>" " "a" " "</t>
        <t>" " "quiet" " "</t>
        <t>" " "blush" " "</t>
        <t>" " "rise" " "</t>
        <t>" " "in" " "</t>
        <t>" " "her" " "</t>
        <t>" " "cheeks" ""</t>
        <t>"" "." ""</t>
      </tokens>
      <parse>(ROOT (S (CC And) (ADVP (RB there)) (NP (PRP he)) (VP (VBD saw) (NP (DT each) (NN time)) (NP (NP (DT a) (JJ quiet) (JJ blush) (NN rise)) (PP (IN in) (NP (PRP$ her) (NNS cheeks))))) (. .)))</parse>
      <deps>cc(saw-4, And-1)
advmod(saw-4, there-2)
nsubj(saw-4, he-3)
root(ROOT-0, saw-4)
det(time-6, each-5)
iobj(saw-4, time-6)
det(rise-10, a-7)
amod(rise-10, quiet-8)
amod(rise-10, blush-9)
dobj(saw-4, rise-10)
poss(cheeks-13, her-12)
prep_in(rise-10, cheeks-13)</deps>
      <events>
        <event id="e12" eiid="ei12" offset="4" string="saw" tense="PAST" aspect="NONE" class="OCCURRENCE" polarity="POS" modality="" happen="" lowerBoundDuration="" upperBoundDuration="" />
        <event id="e13" eiid="ei13" offset="10" string="rise" tense="NONE" aspect="NONE" class="OCCURRENCE" polarity="POS" modality="" happen="" lowerBoundDuration="" upperBoundDuration="" />
      </events>
      <timexes />
    </entry>
    <tlink event1="ei5" event2="t1" relation="IS_INCLUDED" closed="false" origin="AdjacentVerbTimex" type="et" />
    <tlink event1="ei3" event2="ei4" relation="AFTER" closed="false" origin="RepEventGovEvent" type="ee" />
    <tlink event1="ei3" event2="ei5" relation="AFTER" closed="false" origin="RepEventGovEvent" type="ee" />
    <tlink event1="ei3" event2="ei6" relation="AFTER" closed="false" origin="RepEventGovEvent" type="ee" />
    <tlink event1="ei2" event2="ei3" relation="VAGUE" closed="false" origin="XCompDepSieve" type="ee" />
    <tlink event1="ei4" event2="ei5" relation="VAGUE" closed="false" origin="XCompDepSieve" type="ee" />
    <tlink event1="ei5" event2="ei6" relation="BEFORE" closed="false" origin="XCompDepSieve" type="ee" />
    <tlink event1="ei12" event2="ei13" relation="BEFORE" closed="false" origin="XCompDepSieve" type="ee" />
    <tlink event1="ei8" event2="ei9" relation="VAGUE" closed="false" origin="WordNet209" type="ee" />
    <tlink event1="ei2" event2="t1" relation="IS_INCLUDED" closed="false" origin="MLEventTimeSameSent" type="et" />
    <tlink event1="ei3" event2="t1" relation="IS_INCLUDED" closed="false" origin="MLEventTimeSameSent" type="et" />
    <tlink event1="ei4" event2="t1" relation="BEFORE" closed="false" origin="MLEventTimeSameSent" type="et" />
    <tlink event1="ei6" event2="t1" relation="BEFORE" closed="false" origin="MLEventTimeSameSent" type="et" />
    <tlink event1="ei7" event2="t1" relation="BEFORE" closed="false" origin="MLEventTimeSameSent" type="et" />
    <tlink event1="ei9" event2="t2" relation="VAGUE" closed="false" origin="MLEventTimeSameSent" type="et" />
    <tlink event1="ei5" event2="ei7" relation="AFTER" closed="true" origin="MLEventTimeSameSent" type="ee" />
    <tlink event1="ei2" event2="ei4" relation="AFTER" closed="true" origin="MLEventTimeSameSent" type="ee" />
    <tlink event1="ei2" event2="ei6" relation="AFTER" closed="true" origin="MLEventTimeSameSent" type="ee" />
    <tlink event1="ei2" event2="ei7" relation="AFTER" closed="true" origin="MLEventTimeSameSent" type="ee" />
    <tlink event1="ei3" event2="ei7" relation="AFTER" closed="true" origin="MLEventTimeSameSent" type="ee" />
    <tlink event1="ei6" event2="ei7" relation="AFTER" closed="true" origin="MLEventTimeSameSent" type="ee" />
    <tlink event1="ei5" event2="ei2" relation="BEFORE" closed="true" origin="MLEventTimeSameSent" type="ee" />
    <tlink event1="ei4" event2="ei6" relation="BEFORE" closed="false" origin="MLEventEventSameSent" type="ee" />
    <tlink event1="ei4" event2="ei7" relation="BEFORE" closed="false" origin="MLEventEventSameSent" type="ee" />
    <tlink event1="ei1" event2="ei2" relation="VAGUE" closed="false" origin="AllVagueSieve" type="ee" />
    <tlink event1="ei1" event2="ei3" relation="VAGUE" closed="false" origin="AllVagueSieve" type="ee" />
    <tlink event1="ei1" event2="ei4" relation="VAGUE" closed="false" origin="AllVagueSieve" type="ee" />
    <tlink event1="ei1" event2="ei5" relation="VAGUE" closed="false" origin="AllVagueSieve" type="ee" />
    <tlink event1="ei1" event2="ei6" relation="VAGUE" closed="false" origin="AllVagueSieve" type="ee" />
    <tlink event1="ei1" event2="ei7" relation="VAGUE" closed="false" origin="AllVagueSieve" type="ee" />
    <tlink event1="ei1" event2="t1" relation="VAGUE" closed="false" origin="AllVagueSieve" type="et" />
    <tlink event1="ei2" event2="ei8" relation="VAGUE" closed="false" origin="AllVagueSieve" type="ee" />
    <tlink event1="ei3" event2="ei8" relation="VAGUE" closed="false" origin="AllVagueSieve" type="ee" />
    <tlink event1="ei4" event2="ei8" relation="VAGUE" closed="false" origin="AllVagueSieve" type="ee" />
    <tlink event1="ei5" event2="ei8" relation="VAGUE" closed="false" origin="AllVagueSieve" type="ee" />
    <tlink event1="ei6" event2="ei8" relation="VAGUE" closed="false" origin="AllVagueSieve" type="ee" />
    <tlink event1="ei7" event2="ei8" relation="VAGUE" closed="false" origin="AllVagueSieve" type="ee" />
    <tlink event1="t1" event2="ei8" relation="VAGUE" closed="false" origin="AllVagueSieve" type="et" />
    <tlink event1="ei8" event2="t2" relation="VAGUE" closed="false" origin="AllVagueSieve" type="et" />
    <tlink event1="ei9" event2="ei10" relation="VAGUE" closed="false" origin="AllVagueSieve" type="ee" />
    <tlink event1="t2" event2="ei10" relation="VAGUE" closed="false" origin="AllVagueSieve" type="et" />
    <tlink event1="ei11" event2="ei12" relation="VAGUE" closed="false" origin="AllVagueSieve" type="ee" />
    <tlink event1="ei11" event2="ei13" relation="VAGUE" closed="false" origin="AllVagueSieve" type="ee" />
  </file>
</root>

