<?xml version="1.0" encoding="UTF-8"?>
<root xmlns="http://chambers.com/corpusinfo">
  <file name="9783732502929_073.txt">
    <entry sid="0" file="9783732502929_073.txt">
      <sentence>Magnus and Rosemarie went to Ellen .</sentence>
      <tokens>
        <t>"" "Magnus" " "</t>
        <t>" " "and" " "</t>
        <t>" " "Rosemarie" " "</t>
        <t>" " "went" " "</t>
        <t>" " "to" " "</t>
        <t>" " "Ellen" ""</t>
        <t>"" "." " "</t>
      </tokens>
      <parse>(ROOT (S (NP (NNP Magnus) (CC and) (NNP Rosemarie)) (VP (VBD went) (PP (TO to) (NP (NNP Ellen)))) (. .)))</parse>
      <deps>nsubj(went-4, Magnus-1)
conj_and(Magnus-1, Rosemarie-3)
nsubj(went-4, Rosemarie-3)
root(ROOT-0, went-4)
prep_to(went-4, Ellen-6)</deps>
      <events>
        <event id="e1" eiid="ei1" offset="4" string="went" tense="PAST" aspect="NONE" class="OCCURRENCE" polarity="POS" modality="" happen="" lowerBoundDuration="" upperBoundDuration="" />
      </events>
      <timexes />
    </entry>
    <entry sid="1" file="9783732502929_073.txt">
      <sentence>She received them with a laughing face .</sentence>
      <tokens>
        <t>" " "She" " "</t>
        <t>" " "received" " "</t>
        <t>" " "them" " "</t>
        <t>" " "with" " "</t>
        <t>" " "a" " "</t>
        <t>" " "laughing" " "</t>
        <t>" " "face" ""</t>
        <t>"" "." " "</t>
      </tokens>
      <parse>(ROOT (S (NP (PRP She)) (VP (VBD received) (NP (PRP them)) (PP (IN with) (NP (DT a) (NN laughing) (NN face)))) (. .)))</parse>
      <deps>nsubj(received-2, She-1)
root(ROOT-0, received-2)
dobj(received-2, them-3)
det(face-7, a-5)
nn(face-7, laughing-6)
prep_with(received-2, face-7)</deps>
      <events>
        <event id="e2" eiid="ei2" offset="2" string="received" tense="PAST" aspect="NONE" class="OCCURRENCE" polarity="POS" modality="" happen="" lowerBoundDuration="" upperBoundDuration="" />
      </events>
      <timexes />
    </entry>
    <entry sid="2" file="9783732502929_073.txt">
      <sentence>`` Thank goodness you 're here , Rosemarie , I 've become so accustomed to your company that I 've missed you . ''</sentence>
      <tokens>
        <t>" " """ ""</t>
        <t>"" "Thank" " "</t>
        <t>" " "goodness" " "</t>
        <t>" " "you" ""</t>
        <t>"" "'re" " "</t>
        <t>" " "here" ""</t>
        <t>"" "," " "</t>
        <t>" " "Rosemarie" ""</t>
        <t>"" "," " "</t>
        <t>" " "I" ""</t>
        <t>"" "'ve" " "</t>
        <t>" " "become" " "</t>
        <t>" " "so" " "</t>
        <t>" " "accustomed" " "</t>
        <t>" " "to" " "</t>
        <t>" " "your" " "</t>
        <t>" " "company" " "</t>
        <t>" " "that" " "</t>
        <t>" " "I" ""</t>
        <t>"" "'ve" " "</t>
        <t>" " "missed" " "</t>
        <t>" " "you" ""</t>
        <t>"" "." ""</t>
        <t>"" """ " "</t>
      </tokens>
      <parse>(ROOT (S (`` ``) (S (VP (VB Thank) (NP (NN goodness)))) (PRN (S (NP (PRP you)) (VP (VBP 're) (ADVP (RB here)) (, ,) (NP (NNP Rosemarie)))) (, ,)) (NP (PRP I)) (VP (VBP 've) (VP (VBN become) (ADJP (RB so) (JJ accustomed) (PP (TO to) (NP (PRP$ your) (NN company)))) (SBAR (IN that) (S (NP (PRP I)) (VP (VBP 've) (VP (VBN missed) (NP (PRP you)))))))) (. .) ('' '')))</parse>
      <deps>dep(accustomed-14, Thank-2)
dobj(Thank-2, goodness-3)
nsubj(Rosemarie-8, you-4)
cop(Rosemarie-8, 're-5)
advmod(Rosemarie-8, here-6)
parataxis(accustomed-14, Rosemarie-8)
nsubj(accustomed-14, I-10)
aux(accustomed-14, 've-11)
cop(accustomed-14, become-12)
advmod(accustomed-14, so-13)
root(ROOT-0, accustomed-14)
poss(company-17, your-16)
prep_to(accustomed-14, company-17)
mark(missed-21, that-18)
nsubj(missed-21, I-19)
aux(missed-21, 've-20)
ccomp(accustomed-14, missed-21)
dobj(missed-21, you-22)</deps>
      <events>
        <event id="e3" eiid="ei3" offset="2" string="Thank" tense="PRESENT" aspect="NONE" class="OCCURRENCE" polarity="POS" modality="" happen="" lowerBoundDuration="" upperBoundDuration="" />
        <event id="e4" eiid="ei4" offset="14" string="accustomed" tense="NONE" aspect="NONE" class="I_STATE" polarity="POS" modality="" happen="" lowerBoundDuration="" upperBoundDuration="" />
        <event id="e5" eiid="ei5" offset="21" string="missed" tense="PRESENT" aspect="NONE" class="OCCURRENCE" polarity="POS" modality="" happen="" lowerBoundDuration="" upperBoundDuration="" />
      </events>
      <timexes />
    </entry>
    <entry sid="3" file="9783732502929_073.txt">
      <sentence>`` Forgive me , I 've been away a long time , '' Rosemarie said sheepishly .</sentence>
      <tokens>
        <t>" " """ ""</t>
        <t>"" "Forgive" " "</t>
        <t>" " "me" ""</t>
        <t>"" "," " "</t>
        <t>" " "I" ""</t>
        <t>"" "'ve" " "</t>
        <t>" " "been" " "</t>
        <t>" " "away" " "</t>
        <t>" " "a" " "</t>
        <t>" " "long" " "</t>
        <t>" " "time" ""</t>
        <t>"" "," ""</t>
        <t>"" """ " "</t>
        <t>" " "Rosemarie" " "</t>
        <t>" " "said" " "</t>
        <t>" " "sheepishly" ""</t>
        <t>"" "." " "</t>
      </tokens>
      <parse>(ROOT (S (`` ``) (S (S (VP (VBG Forgive) (NP (PRP me)))) (, ,) (NP (PRP I)) (VP (VBP 've) (VP (VBN been) (ADVP (RB away)) (NP (DT a) (JJ long) (NN time))))) (, ,) ('' '') (NP (NNP Rosemarie)) (VP (VBD said) (ADVP (RB sheepishly))) (. .)))</parse>
      <deps>partmod(time-11, Forgive-2)
dobj(Forgive-2, me-3)
nsubj(time-11, I-5)
aux(time-11, 've-6)
cop(time-11, been-7)
advmod(time-11, away-8)
det(time-11, a-9)
amod(time-11, long-10)
ccomp(said-15, time-11)
nsubj(said-15, Rosemarie-14)
root(ROOT-0, said-15)
advmod(said-15, sheepishly-16)</deps>
      <events>
        <event id="e6" eiid="ei6" offset="2" string="Forgive" tense="PRESPART" aspect="NONE" class="OCCURRENCE" polarity="POS" modality="" happen="" lowerBoundDuration="" upperBoundDuration="" />
        <event id="e7" eiid="ei7" offset="15" string="said" tense="PAST" aspect="NONE" class="REPORTING" polarity="POS" modality="" happen="" lowerBoundDuration="" upperBoundDuration="" />
      </events>
      <timexes />
    </entry>
    <entry sid="4" file="9783732502929_073.txt">
      <sentence>`` Well , one needs time to look at everything .</sentence>
      <tokens>
        <t>" " """ ""</t>
        <t>"" "Well" ""</t>
        <t>"" "," " "</t>
        <t>" " "one" " "</t>
        <t>" " "needs" " "</t>
        <t>" " "time" " "</t>
        <t>" " "to" " "</t>
        <t>" " "look" " "</t>
        <t>" " "at" " "</t>
        <t>" " "everything" ""</t>
        <t>"" "." " "</t>
      </tokens>
      <parse>(ROOT (S (`` ``) (INTJ (UH Well)) (, ,) (NP (PRP one)) (VP (VBZ needs) (NP (NN time)) (S (VP (TO to) (VP (VB look) (PP (IN at) (NP (NN everything))))))) (. .)))</parse>
      <deps>discourse(needs-5, Well-2)
nsubj(needs-5, one-4)
xsubj(look-8, one-4)
root(ROOT-0, needs-5)
dobj(needs-5, time-6)
aux(look-8, to-7)
xcomp(needs-5, look-8)
prep_at(look-8, everything-10)</deps>
      <events>
        <event id="e8" eiid="ei8" offset="8" string="look" tense="INFINITIVE" aspect="NONE" class="OCCURRENCE" polarity="POS" modality="" happen="" lowerBoundDuration="" upperBoundDuration="" />
      </events>
      <timexes />
    </entry>
    <entry sid="5" file="9783732502929_073.txt">
      <sentence>Have you been a good guide Magnus ? ''</sentence>
      <tokens>
        <t>" " "Have" " "</t>
        <t>" " "you" " "</t>
        <t>" " "been" " "</t>
        <t>" " "a" " "</t>
        <t>" " "good" " "</t>
        <t>" " "guide" " "</t>
        <t>" " "Magnus" ""</t>
        <t>"" "?" ""</t>
        <t>"" """ " "</t>
      </tokens>
      <parse>(ROOT (S (VP (VB Have) (NP (NP (PRP you)) (VP (VBN been) (NP (DT a) (JJ good) (NN guide) (NN Magnus))))) (. ?) ('' '')))</parse>
      <deps>root(ROOT-0, Have-1)
dobj(Have-1, you-2)
cop(Magnus-7, been-3)
det(Magnus-7, a-4)
amod(Magnus-7, good-5)
nn(Magnus-7, guide-6)
partmod(you-2, Magnus-7)</deps>
      <events />
      <timexes />
    </entry>
    <entry sid="6" file="9783732502929_073.txt">
      <sentence>He laughed .</sentence>
      <tokens>
        <t>" " "He" " "</t>
        <t>" " "laughed" ""</t>
        <t>"" "." " "</t>
      </tokens>
      <parse>(ROOT (S (NP (PRP He)) (VP (VBD laughed)) (. .)))</parse>
      <deps>nsubj(laughed-2, He-1)
root(ROOT-0, laughed-2)</deps>
      <events>
        <event id="e9" eiid="ei9" offset="2" string="laughed" tense="PAST" aspect="NONE" class="OCCURRENCE" polarity="POS" modality="" happen="" lowerBoundDuration="" upperBoundDuration="" />
      </events>
      <timexes />
    </entry>
    <entry sid="7" file="9783732502929_073.txt">
      <sentence>`` I think , Ellen , that I have performed my office to satisfaction .</sentence>
      <tokens>
        <t>" " """ ""</t>
        <t>"" "I" " "</t>
        <t>" " "think" ""</t>
        <t>"" "," " "</t>
        <t>" " "Ellen" ""</t>
        <t>"" "," " "</t>
        <t>" " "that" " "</t>
        <t>" " "I" " "</t>
        <t>" " "have" " "</t>
        <t>" " "performed" " "</t>
        <t>" " "my" " "</t>
        <t>" " "office" " "</t>
        <t>" " "to" " "</t>
        <t>" " "satisfaction" ""</t>
        <t>"" "." " "</t>
      </tokens>
      <parse>(ROOT (S (`` ``) (NP (PRP I)) (VP (VBP think) (, ,) (ADVP (RB Ellen)) (, ,) (SBAR (IN that) (S (NP (PRP I)) (VP (VBP have) (VP (VBN performed) (NP (PRP$ my) (NN office)) (PP (TO to) (NP (NN satisfaction)))))))) (. .)))</parse>
      <deps>nsubj(think-3, I-2)
root(ROOT-0, think-3)
advmod(think-3, Ellen-5)
mark(performed-10, that-7)
nsubj(performed-10, I-8)
aux(performed-10, have-9)
ccomp(think-3, performed-10)
poss(office-12, my-11)
dobj(performed-10, office-12)
prep_to(performed-10, satisfaction-14)</deps>
      <events>
        <event id="e10" eiid="ei10" offset="3" string="think" tense="PRESENT" aspect="NONE" class="I_STATE" polarity="POS" modality="" happen="" lowerBoundDuration="" upperBoundDuration="" />
        <event id="e11" eiid="ei11" offset="10" string="performed" tense="PRESENT" aspect="PERFECTIVE" class="OCCURRENCE" polarity="POS" modality="" happen="" lowerBoundDuration="" upperBoundDuration="" />
      </events>
      <timexes />
    </entry>
    <entry sid="8" file="9783732502929_073.txt">
      <sentence>Miss von Salten , at least , has rewarded me richly . ''</sentence>
      <tokens>
        <t>" " "Miss" " "</t>
        <t>" " "von" " "</t>
        <t>" " "Salten" ""</t>
        <t>"" "," " "</t>
        <t>" " "at" " "</t>
        <t>" " "least" ""</t>
        <t>"" "," " "</t>
        <t>" " "has" " "</t>
        <t>" " "rewarded" " "</t>
        <t>" " "me" " "</t>
        <t>" " "richly" ""</t>
        <t>"" "." ""</t>
        <t>"" """ " "</t>
      </tokens>
      <parse>(ROOT (S (NP (NP (NNP Miss) (NNP von) (NNP Salten)) (, ,) (ADVP (IN at) (JJS least)) (, ,)) (VP (VBZ has) (VP (VBN rewarded) (S (NP (PRP me)) (ADVP (RB richly))))) (. .) ('' '')))</parse>
      <deps>nn(Salten-3, Miss-1)
nn(Salten-3, von-2)
nsubj(rewarded-9, Salten-3)
advmod(Salten-3, at-5)
pobj(at-5, least-6)
aux(rewarded-9, has-8)
root(ROOT-0, rewarded-9)
dep(rewarded-9, me-10)
advmod(me-10, richly-11)</deps>
      <events>
        <event id="e12" eiid="ei12" offset="9" string="rewarded" tense="PRESENT" aspect="PERFECTIVE" class="OCCURRENCE" polarity="POS" modality="" happen="" lowerBoundDuration="" upperBoundDuration="" />
      </events>
      <timexes />
    </entry>
    <entry sid="9" file="9783732502929_073.txt">
      <sentence>Inquiringly Ellen looked at him .</sentence>
      <tokens>
        <t>" " "Inquiringly" " "</t>
        <t>" " "Ellen" " "</t>
        <t>" " "looked" " "</t>
        <t>" " "at" " "</t>
        <t>" " "him" ""</t>
        <t>"" "." " "</t>
      </tokens>
      <parse>(ROOT (S (NP (NNP Inquiringly) (NNP Ellen)) (VP (VBD looked) (PP (IN at) (NP (PRP him)))) (. .)))</parse>
      <deps>nn(Ellen-2, Inquiringly-1)
nsubj(looked-3, Ellen-2)
root(ROOT-0, looked-3)
prep_at(looked-3, him-5)</deps>
      <events>
        <event id="e13" eiid="ei13" offset="3" string="looked" tense="PAST" aspect="NONE" class="OCCURRENCE" polarity="POS" modality="" happen="" lowerBoundDuration="" upperBoundDuration="" />
      </events>
      <timexes />
    </entry>
    <entry sid="10" file="9783732502929_073.txt">
      <sentence>`` You look so radiant , Magnus , so-I do n't know how-you seem ten years younger to me . ''</sentence>
      <tokens>
        <t>" " """ ""</t>
        <t>"" "You" " "</t>
        <t>" " "look" " "</t>
        <t>" " "so" " "</t>
        <t>" " "radiant" ""</t>
        <t>"" "," " "</t>
        <t>" " "Magnus" ""</t>
        <t>"" "," " "</t>
        <t>" " "so-I" " "</t>
        <t>" " "do" ""</t>
        <t>"" "n't" " "</t>
        <t>" " "know" " "</t>
        <t>" " "how-you" " "</t>
        <t>" " "seem" " "</t>
        <t>" " "ten" " "</t>
        <t>" " "years" " "</t>
        <t>" " "younger" " "</t>
        <t>" " "to" " "</t>
        <t>" " "me" ""</t>
        <t>"" "." ""</t>
        <t>"" """ " "</t>
      </tokens>
      <parse>(ROOT (S (`` ``) (S (NP (PRP You)) (VP (VBP look) (ADJP (RB so) (JJ radiant)))) (, ,) (NP (NNP Magnus) (, ,) (NNP so-I)) (VP (VBP do) (RB n't) (VP (VB know) (S (NP (NNP how-you)) (VP (VB seem) (NP (NP (CD ten) (NNS years)) (JJR younger)) (PP (TO to) (NP (PRP me))))))) (. .) ('' '')))</parse>
      <deps>nsubj(look-3, You-2)
ccomp(know-12, look-3)
advmod(radiant-5, so-4)
acomp(look-3, radiant-5)
nn(so-I-9, Magnus-7)
nsubj(know-12, so-I-9)
aux(know-12, do-10)
neg(know-12, n't-11)
root(ROOT-0, know-12)
nsubj(younger-17, how-you-13)
cop(younger-17, seem-14)
num(years-16, ten-15)
dep(younger-17, years-16)
ccomp(know-12, younger-17)
prep_to(younger-17, me-19)</deps>
      <events>
        <event id="e14" eiid="ei14" offset="12" string="know" tense="NONE" aspect="NONE" class="OCCURRENCE" polarity="POS" modality="" happen="" lowerBoundDuration="" upperBoundDuration="" />
        <event id="e15" eiid="ei15" offset="14" string="seem" tense="PRESENT" aspect="NONE" class="OCCURRENCE" polarity="POS" modality="" happen="" lowerBoundDuration="" upperBoundDuration="" />
      </events>
      <timexes>
        <timex tid="t1" text="ten years" offset="15" length="2" type="DURATION" value="P10Y" temporalFunction="false" />
      </timexes>
    </entry>
    <entry sid="11" file="9783732502929_073.txt">
      <sentence>Again he laughed .</sentence>
      <tokens>
        <t>" " "Again" " "</t>
        <t>" " "he" " "</t>
        <t>" " "laughed" ""</t>
        <t>"" "." " "</t>
      </tokens>
      <parse>(ROOT (S (ADVP (RB Again)) (NP (PRP he)) (VP (VBD laughed)) (. .)))</parse>
      <deps>advmod(laughed-3, Again-1)
nsubj(laughed-3, he-2)
root(ROOT-0, laughed-3)</deps>
      <events>
        <event id="e16" eiid="ei16" offset="3" string="laughed" tense="PAST" aspect="NONE" class="OCCURRENCE" polarity="POS" modality="" happen="" lowerBoundDuration="" upperBoundDuration="" />
      </events>
      <timexes />
    </entry>
    <entry sid="12" file="9783732502929_073.txt">
      <sentence>`` That 's what luck does , Ellen .</sentence>
      <tokens>
        <t>" " """ ""</t>
        <t>"" "That" ""</t>
        <t>"" "'s" " "</t>
        <t>" " "what" " "</t>
        <t>" " "luck" " "</t>
        <t>" " "does" ""</t>
        <t>"" "," " "</t>
        <t>" " "Ellen" ""</t>
        <t>"" "." " "</t>
      </tokens>
      <parse>(ROOT (S (`` ``) (NP (DT That)) (VP (VBZ 's) (NP (SBAR (WHNP (WP what)) (S (NP (NN luck)) (VP (VBZ does)))) (, ,) (NP (NNP Ellen)))) (. .)))</parse>
      <deps>nsubj(Ellen-8, That-2)
cop(Ellen-8, 's-3)
dobj(does-6, what-4)
rel(does-6, what-4)
nsubj(does-6, luck-5)
dep(Ellen-8, does-6)
root(ROOT-0, Ellen-8)</deps>
      <events />
      <timexes />
    </entry>
    <entry sid="13" file="9783732502929_073.txt">
      <sentence>Look at Fräulein von Salten !</sentence>
      <tokens>
        <t>" " "Look" " "</t>
        <t>" " "at" " "</t>
        <t>" " "Fräulein" " "</t>
        <t>" " "von" " "</t>
        <t>" " "Salten" ""</t>
        <t>"" "!" " "</t>
      </tokens>
      <parse>(ROOT (S (VP (VB Look) (PP (IN at) (NP (NNP Fräulein) (NNP von) (NNP Salten)))) (. !)))</parse>
      <deps>root(ROOT-0, Look-1)
nn(Salten-5, Fräulein-3)
nn(Salten-5, von-4)
prep_at(Look-1, Salten-5)</deps>
      <events>
        <event id="e17" eiid="ei17" offset="1" string="Look" tense="PRESENT" aspect="NONE" class="OCCURRENCE" polarity="POS" modality="" happen="" lowerBoundDuration="" upperBoundDuration="" />
      </events>
      <timexes />
    </entry>
    <entry sid="14" file="9783732502929_073.txt">
      <sentence>Does n't she look radiant , too ? ''</sentence>
      <tokens>
        <t>" " "Does" ""</t>
        <t>"" "n't" " "</t>
        <t>" " "she" " "</t>
        <t>" " "look" " "</t>
        <t>" " "radiant" ""</t>
        <t>"" "," " "</t>
        <t>" " "too" ""</t>
        <t>"" "?" ""</t>
        <t>"" """ " "</t>
      </tokens>
      <parse>(ROOT (S (NP (NNP Does)) (RB n't) (NP (PRP she)) (VP (VBP look) (ADJP (JJ radiant)) (, ,) (ADVP (RB too))) (. ?) ('' '')))</parse>
      <deps>nsubj(look-4, Does-1)
neg(look-4, n't-2)
nsubj(look-4, she-3)
root(ROOT-0, look-4)
acomp(look-4, radiant-5)
advmod(look-4, too-7)</deps>
      <events>
        <event id="e18" eiid="ei18" offset="4" string="look" tense="PRESENT" aspect="NONE" class="OCCURRENCE" polarity="POS" modality="" happen="" lowerBoundDuration="" upperBoundDuration="" />
      </events>
      <timexes />
    </entry>
    <entry sid="15" file="9783732502929_073.txt">
      <sentence>Ellen looked at Rosemarie , whose face was as if bathed in glow .</sentence>
      <tokens>
        <t>" " "Ellen" " "</t>
        <t>" " "looked" " "</t>
        <t>" " "at" " "</t>
        <t>" " "Rosemarie" ""</t>
        <t>"" "," " "</t>
        <t>" " "whose" " "</t>
        <t>" " "face" " "</t>
        <t>" " "was" " "</t>
        <t>" " "as" " "</t>
        <t>" " "if" " "</t>
        <t>" " "bathed" " "</t>
        <t>" " "in" " "</t>
        <t>" " "glow" ""</t>
        <t>"" "." " "</t>
      </tokens>
      <parse>(ROOT (S (NP (NNP Ellen)) (VP (VBD looked) (PP (IN at) (NP (NP (NNP Rosemarie)) (, ,) (SBAR (WHNP (WP$ whose) (NN face)) (S (VP (VBD was) (ADVP (RB as) (IN if)) (VP (VBN bathed) (PP (IN in) (ADJP (NN glow)))))))))) (. .)))</parse>
      <deps>nsubj(looked-2, Ellen-1)
root(ROOT-0, looked-2)
prep_at(looked-2, Rosemarie-4)
poss(face-7, Rosemarie-4)
nsubjpass(bathed-11, face-7)
auxpass(bathed-11, was-8)
advmod(if-10, as-9)
advmod(bathed-11, if-10)
rcmod(Rosemarie-4, bathed-11)
prep_in(bathed-11, glow-13)</deps>
      <events>
        <event id="e19" eiid="ei19" offset="2" string="looked" tense="PAST" aspect="NONE" class="OCCURRENCE" polarity="POS" modality="" happen="" lowerBoundDuration="" upperBoundDuration="" />
      </events>
      <timexes />
    </entry>
    <entry sid="16" file="9783732502929_073.txt">
      <sentence>`` Indeed - Fräulein Rosemarie , I do n't know ... '' Then Magnus took Rosemarie in his arms and kissed her .</sentence>
      <tokens>
        <t>" " """ ""</t>
        <t>"" "Indeed" " "</t>
        <t>" " "-" " "</t>
        <t>" " "Fräulein" " "</t>
        <t>" " "Rosemarie" ""</t>
        <t>"" "," " "</t>
        <t>" " "I" " "</t>
        <t>" " "do" ""</t>
        <t>"" "n't" " "</t>
        <t>" " "know" " "</t>
        <t>" " "..." ""</t>
        <t>"" """ " "</t>
        <t>" " "Then" " "</t>
        <t>" " "Magnus" " "</t>
        <t>" " "took" " "</t>
        <t>" " "Rosemarie" " "</t>
        <t>" " "in" " "</t>
        <t>" " "his" " "</t>
        <t>" " "arms" " "</t>
        <t>" " "and" " "</t>
        <t>" " "kissed" " "</t>
        <t>" " "her" ""</t>
        <t>"" "." " "</t>
      </tokens>
      <parse>(ROOT (S (`` ``) (ADVP (RB Indeed)) (: -) (S (NP (NNP Fräulein) (NNP Rosemarie)) (, ,) (NP (PRP I)) (VP (VBP do) (RB n't) (VP (VB know)))) (: ...) ('' '') (S (ADVP (RB Then)) (NP (NNP Magnus)) (VP (VP (VBD took) (NP (NP (NNP Rosemarie)) (PP (IN in) (NP (PRP$ his) (NNS arms))))) (CC and) (VP (VBD kissed) (NP (PRP her))))) (. .)))</parse>
      <deps>advmod(know-10, Indeed-2)
nn(Rosemarie-5, Fräulein-4)
nsubj(know-10, Rosemarie-5)
nsubj(know-10, I-7)
aux(know-10, do-8)
neg(know-10, n't-9)
root(ROOT-0, know-10)
advmod(took-15, Then-13)
nsubj(took-15, Magnus-14)
nsubj(kissed-21, Magnus-14)
ccomp(know-10, took-15)
parataxis(know-10, took-15)
dobj(took-15, Rosemarie-16)
poss(arms-19, his-18)
prep_in(Rosemarie-16, arms-19)
ccomp(know-10, kissed-21)
parataxis(know-10, kissed-21)
conj_and(took-15, kissed-21)
dobj(kissed-21, her-22)</deps>
      <events>
        <event id="e20" eiid="ei20" offset="10" string="know" tense="NONE" aspect="NONE" class="OCCURRENCE" polarity="POS" modality="" happen="" lowerBoundDuration="" upperBoundDuration="" />
        <event id="e21" eiid="ei21" offset="15" string="took" tense="PAST" aspect="NONE" class="OCCURRENCE" polarity="POS" modality="" happen="" lowerBoundDuration="" upperBoundDuration="" />
        <event id="e22" eiid="ei22" offset="21" string="kissed" tense="PAST" aspect="NONE" class="OCCURRENCE" polarity="POS" modality="" happen="" lowerBoundDuration="" upperBoundDuration="" />
      </events>
      <timexes />
    </entry>
    <entry sid="17" file="9783732502929_073.txt">
      <sentence>And then he looked at Ellen cockily .</sentence>
      <tokens>
        <t>" " "And" " "</t>
        <t>" " "then" " "</t>
        <t>" " "he" " "</t>
        <t>" " "looked" " "</t>
        <t>" " "at" " "</t>
        <t>" " "Ellen" " "</t>
        <t>" " "cockily" ""</t>
        <t>"" "." " "</t>
      </tokens>
      <parse>(ROOT (S (CC And) (ADVP (RB then)) (NP (PRP he)) (VP (VBD looked) (PP (IN at) (NP (NNP Ellen))) (ADVP (RB cockily))) (. .)))</parse>
      <deps>cc(looked-4, And-1)
advmod(looked-4, then-2)
nsubj(looked-4, he-3)
root(ROOT-0, looked-4)
prep_at(looked-4, Ellen-6)
advmod(looked-4, cockily-7)</deps>
      <events>
        <event id="e23" eiid="ei23" offset="4" string="looked" tense="PAST" aspect="NONE" class="OCCURRENCE" polarity="POS" modality="" happen="" lowerBoundDuration="" upperBoundDuration="" />
      </events>
      <timexes />
    </entry>
    <entry sid="18" file="9783732502929_073.txt">
      <sentence>`` What do you think , Ellen ? ''</sentence>
      <tokens>
        <t>" " """ ""</t>
        <t>"" "What" " "</t>
        <t>" " "do" " "</t>
        <t>" " "you" " "</t>
        <t>" " "think" ""</t>
        <t>"" "," " "</t>
        <t>" " "Ellen" ""</t>
        <t>"" "?" ""</t>
        <t>"" """ " "</t>
      </tokens>
      <parse>(ROOT (SBARQ (`` ``) (WHNP (WP What)) (SQ (VBP do) (NP (PRP you)) (VP (VB think) (, ,) (NP (NNP Ellen)))) (. ?) ('' '')))</parse>
      <deps>dep(think-5, What-2)
aux(think-5, do-3)
nsubj(think-5, you-4)
root(ROOT-0, think-5)
dobj(think-5, Ellen-7)</deps>
      <events>
        <event id="e24" eiid="ei24" offset="5" string="think" tense="PRESENT" aspect="NONE" class="OCCURRENCE" polarity="POS" modality="" happen="" lowerBoundDuration="" upperBoundDuration="" />
      </events>
      <timexes />
    </entry>
    <entry sid="19" file="9783732502929_073.txt">
      <sentence>She sank into a chair and marveled .</sentence>
      <tokens>
        <t>" " "She" " "</t>
        <t>" " "sank" " "</t>
        <t>" " "into" " "</t>
        <t>" " "a" " "</t>
        <t>" " "chair" " "</t>
        <t>" " "and" " "</t>
        <t>" " "marveled" ""</t>
        <t>"" "." " "</t>
      </tokens>
      <parse>(ROOT (S (NP (PRP She)) (VP (VP (VBD sank) (PP (IN into) (NP (DT a) (NN chair)))) (CC and) (VP (VBD marveled))) (. .)))</parse>
      <deps>nsubj(sank-2, She-1)
nsubj(marveled-7, She-1)
root(ROOT-0, sank-2)
det(chair-5, a-4)
prep_into(sank-2, chair-5)
conj_and(sank-2, marveled-7)</deps>
      <events>
        <event id="e25" eiid="ei25" offset="2" string="sank" tense="PAST" aspect="NONE" class="OCCURRENCE" polarity="POS" modality="" happen="" lowerBoundDuration="" upperBoundDuration="" />
        <event id="e26" eiid="ei26" offset="7" string="marveled" tense="PAST" aspect="NONE" class="OCCURRENCE" polarity="POS" modality="" happen="" lowerBoundDuration="" upperBoundDuration="" />
      </events>
      <timexes />
    </entry>
    <entry sid="20" file="9783732502929_073.txt">
      <sentence>Magnus took her hand and kissed it .</sentence>
      <tokens>
        <t>" " "Magnus" " "</t>
        <t>" " "took" " "</t>
        <t>" " "her" " "</t>
        <t>" " "hand" " "</t>
        <t>" " "and" " "</t>
        <t>" " "kissed" " "</t>
        <t>" " "it" ""</t>
        <t>"" "." " "</t>
      </tokens>
      <parse>(ROOT (S (NP (NNP Magnus)) (VP (VP (VBD took) (NP (PRP$ her) (NN hand))) (CC and) (VP (VBD kissed) (NP (PRP it)))) (. .)))</parse>
      <deps>nsubj(took-2, Magnus-1)
nsubj(kissed-6, Magnus-1)
root(ROOT-0, took-2)
poss(hand-4, her-3)
dobj(took-2, hand-4)
conj_and(took-2, kissed-6)
dobj(kissed-6, it-7)</deps>
      <events>
        <event id="e27" eiid="ei27" offset="2" string="took" tense="PAST" aspect="NONE" class="OCCURRENCE" polarity="POS" modality="" happen="" lowerBoundDuration="" upperBoundDuration="" />
        <event id="e28" eiid="ei28" offset="6" string="kissed" tense="PAST" aspect="NONE" class="OCCURRENCE" polarity="POS" modality="" happen="" lowerBoundDuration="" upperBoundDuration="" />
      </events>
      <timexes />
    </entry>
    <entry sid="21" file="9783732502929_073.txt">
      <sentence>`` Ellen , dear Ellen , it is to you I thank that happiness has at last found its way to me .</sentence>
      <tokens>
        <t>" " """ ""</t>
        <t>"" "Ellen" ""</t>
        <t>"" "," " "</t>
        <t>" " "dear" " "</t>
        <t>" " "Ellen" ""</t>
        <t>"" "," " "</t>
        <t>" " "it" " "</t>
        <t>" " "is" " "</t>
        <t>" " "to" " "</t>
        <t>" " "you" " "</t>
        <t>" " "I" " "</t>
        <t>" " "thank" " "</t>
        <t>" " "that" " "</t>
        <t>" " "happiness" " "</t>
        <t>" " "has" " "</t>
        <t>" " "at" " "</t>
        <t>" " "last" " "</t>
        <t>" " "found" " "</t>
        <t>" " "its" " "</t>
        <t>" " "way" " "</t>
        <t>" " "to" " "</t>
        <t>" " "me" ""</t>
        <t>"" "." " "</t>
      </tokens>
      <parse>(ROOT (S (`` ``) (NP (NNP Ellen)) (, ,) (PP (IN dear) (NP (NNP Ellen))) (, ,) (NP (PRP it)) (VP (VBZ is) (PP (TO to) (NP (NP (PRP you)) (SBAR (S (NP (PRP I)) (VP (VBP thank) (SBAR (IN that) (S (NP (NN happiness)) (VP (VBZ has) (ADVP (IN at) (RB last)) (VP (VBN found) (NP (PRP$ its) (NN way)) (PP (TO to) (NP (PRP me))))))))))))) (. .)))</parse>
      <deps>nsubj(is-8, Ellen-2)
prep_dear(is-8, Ellen-5)
nsubj(is-8, it-7)
root(ROOT-0, is-8)
prep_to(is-8, you-10)
mark(found-18, you-10)
nsubj(thank-12, I-11)
rcmod(you-10, thank-12)
nsubj(found-18, happiness-14)
aux(found-18, has-15)
advmod(found-18, at-16)
advmod(at-16, last-17)
ccomp(thank-12, found-18)
poss(way-20, its-19)
dobj(found-18, way-20)
prep_to(found-18, me-22)</deps>
      <events>
        <event id="e29" eiid="ei29" offset="12" string="thank" tense="PRESENT" aspect="NONE" class="I_STATE" polarity="POS" modality="" happen="" lowerBoundDuration="" upperBoundDuration="" />
        <event id="e30" eiid="ei30" offset="18" string="found" tense="PAST" aspect="NONE" class="OCCURRENCE" polarity="POS" modality="" happen="" lowerBoundDuration="" upperBoundDuration="" />
      </events>
      <timexes />
    </entry>
    <entry sid="22" file="9783732502929_073.txt">
      <sentence>You have brought it to me .</sentence>
      <tokens>
        <t>" " "You" " "</t>
        <t>" " "have" " "</t>
        <t>" " "brought" " "</t>
        <t>" " "it" " "</t>
        <t>" " "to" " "</t>
        <t>" " "me" ""</t>
        <t>"" "." " "</t>
      </tokens>
      <parse>(ROOT (S (NP (PRP You)) (VP (VBP have) (VP (VBN brought) (NP (PRP it)) (PP (TO to) (NP (PRP me))))) (. .)))</parse>
      <deps>nsubj(brought-3, You-1)
aux(brought-3, have-2)
root(ROOT-0, brought-3)
dobj(brought-3, it-4)
prep_to(brought-3, me-6)</deps>
      <events>
        <event id="e31" eiid="ei31" offset="3" string="brought" tense="PRESENT" aspect="PERFECTIVE" class="OCCURRENCE" polarity="POS" modality="" happen="" lowerBoundDuration="" upperBoundDuration="" />
      </events>
      <timexes />
    </entry>
    <entry sid="23" file="9783732502929_073.txt">
      <sentence>Rosemarie is my bride . ''</sentence>
      <tokens>
        <t>" " "Rosemarie" " "</t>
        <t>" " "is" " "</t>
        <t>" " "my" " "</t>
        <t>" " "bride" ""</t>
        <t>"" "." ""</t>
        <t>"" """ " "</t>
      </tokens>
      <parse>(ROOT (S (NP (NNP Rosemarie)) (VP (VBZ is) (NP (PRP$ my) (NN bride))) (. .) ('' '')))</parse>
      <deps>nsubj(bride-4, Rosemarie-1)
cop(bride-4, is-2)
poss(bride-4, my-3)
root(ROOT-0, bride-4)</deps>
      <events />
      <timexes />
    </entry>
    <entry sid="24" file="9783732502929_073.txt">
      <sentence>Mrs. Ellen clasped her hands together .</sentence>
      <tokens>
        <t>" " "Mrs." " "</t>
        <t>" " "Ellen" " "</t>
        <t>" " "clasped" " "</t>
        <t>" " "her" " "</t>
        <t>" " "hands" " "</t>
        <t>" " "together" ""</t>
        <t>"" "." " "</t>
      </tokens>
      <parse>(ROOT (S (NP (NNP Mrs.) (NNP Ellen)) (VP (VBD clasped) (NP (PRP$ her) (NNS hands)) (ADVP (RB together))) (. .)))</parse>
      <deps>nn(Ellen-2, Mrs.-1)
nsubj(clasped-3, Ellen-2)
root(ROOT-0, clasped-3)
poss(hands-5, her-4)
dobj(clasped-3, hands-5)
advmod(clasped-3, together-6)</deps>
      <events>
        <event id="e32" eiid="ei32" offset="3" string="clasped" tense="PAST" aspect="NONE" class="OCCURRENCE" polarity="POS" modality="" happen="" lowerBoundDuration="" upperBoundDuration="" />
      </events>
      <timexes />
    </entry>
    <entry sid="25" file="9783732502929_073.txt">
      <sentence>`` Really ?</sentence>
      <tokens>
        <t>" " """ ""</t>
        <t>"" "Really" ""</t>
        <t>"" "?" " "</t>
      </tokens>
      <parse>(ROOT (FRAG (`` ``) (INTJ (UH Really)) (. ?)))</parse>
      <deps />
      <events />
      <timexes />
    </entry>
    <entry sid="26" file="9783732502929_073.txt">
      <sentence>Is that true ?</sentence>
      <tokens>
        <t>" " "Is" " "</t>
        <t>" " "that" " "</t>
        <t>" " "true" ""</t>
        <t>"" "?" " "</t>
      </tokens>
      <parse>(ROOT (SQ (VBZ Is) (NP (DT that)) (ADJP (JJ true)) (. ?)))</parse>
      <deps>cop(true-3, Is-1)
nsubj(true-3, that-2)
root(ROOT-0, true-3)</deps>
      <events />
      <timexes />
    </entry>
    <entry sid="27" file="9783732502929_073.txt">
      <sentence>So quickly you , who otherwise wanted nothing to do with women , capitulated ? ''</sentence>
      <tokens>
        <t>" " "So" " "</t>
        <t>" " "quickly" " "</t>
        <t>" " "you" ""</t>
        <t>"" "," " "</t>
        <t>" " "who" " "</t>
        <t>" " "otherwise" " "</t>
        <t>" " "wanted" " "</t>
        <t>" " "nothing" " "</t>
        <t>" " "to" " "</t>
        <t>" " "do" " "</t>
        <t>" " "with" " "</t>
        <t>" " "women" ""</t>
        <t>"" "," " "</t>
        <t>" " "capitulated" ""</t>
        <t>"" "?" ""</t>
        <t>"" """ " "</t>
      </tokens>
      <parse>(ROOT (S (IN So) (ADVP (RB quickly)) (NP (PRP you)) (, ,) (SBAR (WHNP (WP who)) (S (VP (ADVP (RB otherwise)) (VBD wanted) (NP (NN nothing)) (S (VP (TO to) (VP (VB do) (PP (IN with) (NP (NNS women))))))))) (, ,) (VP (VBD capitulated)) (. ?) ('' '')))</parse>
      <deps>dep(capitulated-14, So-1)
advmod(capitulated-14, quickly-2)
nsubj(capitulated-14, you-3)
nsubj(wanted-7, who-5)
xsubj(do-10, who-5)
advmod(wanted-7, otherwise-6)
dep(capitulated-14, wanted-7)
dobj(wanted-7, nothing-8)
aux(do-10, to-9)
xcomp(wanted-7, do-10)
prep_with(do-10, women-12)
root(ROOT-0, capitulated-14)</deps>
      <events>
        <event id="e33" eiid="ei33" offset="7" string="wanted" tense="PAST" aspect="NONE" class="OCCURRENCE" polarity="POS" modality="" happen="" lowerBoundDuration="" upperBoundDuration="" />
        <event id="e34" eiid="ei34" offset="10" string="do" tense="INFINITIVE" aspect="NONE" class="OCCURRENCE" polarity="POS" modality="" happen="" lowerBoundDuration="" upperBoundDuration="" />
        <event id="e35" eiid="ei35" offset="14" string="capitulated" tense="PAST" aspect="NONE" class="OCCURRENCE" polarity="POS" modality="" happen="" lowerBoundDuration="" upperBoundDuration="" />
      </events>
      <timexes />
    </entry>
    <entry sid="28" file="9783732502929_073.txt">
      <sentence>`` No , Ellen , it did n't happen quickly .</sentence>
      <tokens>
        <t>" " """ ""</t>
        <t>"" "No" ""</t>
        <t>"" "," " "</t>
        <t>" " "Ellen" ""</t>
        <t>"" "," " "</t>
        <t>" " "it" " "</t>
        <t>" " "did" ""</t>
        <t>"" "n't" " "</t>
        <t>" " "happen" " "</t>
        <t>" " "quickly" ""</t>
        <t>"" "." " "</t>
      </tokens>
      <parse>(ROOT (S (`` ``) (INTJ (UH No) (, ,) (UH Ellen)) (, ,) (NP (PRP it)) (VP (VBD did) (RB n't) (VP (VB happen) (ADVP (RB quickly)))) (. .)))</parse>
      <deps>discourse(happen-9, No-2)
dep(No-2, Ellen-4)
nsubj(happen-9, it-6)
aux(happen-9, did-7)
neg(happen-9, n't-8)
root(ROOT-0, happen-9)
advmod(happen-9, quickly-10)</deps>
      <events>
        <event id="e36" eiid="ei36" offset="9" string="happen" tense="PAST" aspect="NONE" class="OCCURRENCE" polarity="POS" modality="" happen="" lowerBoundDuration="" upperBoundDuration="" />
      </events>
      <timexes />
    </entry>
    <entry sid="29" file="9783732502929_073.txt">
      <sentence>My heart already belonged to Rosemarie five years ago , in Cairo .</sentence>
      <tokens>
        <t>" " "My" " "</t>
        <t>" " "heart" " "</t>
        <t>" " "already" " "</t>
        <t>" " "belonged" " "</t>
        <t>" " "to" " "</t>
        <t>" " "Rosemarie" " "</t>
        <t>" " "five" " "</t>
        <t>" " "years" " "</t>
        <t>" " "ago" ""</t>
        <t>"" "," " "</t>
        <t>" " "in" " "</t>
        <t>" " "Cairo" ""</t>
        <t>"" "." " "</t>
      </tokens>
      <parse>(ROOT (S (NP (PRP$ My) (NN heart)) (ADVP (RB already)) (VP (VBD belonged) (S (VP (TO to) (VP (VB Rosemarie) (ADVP (NP (CD five) (NNS years)) (RB ago)) (, ,) (PP (IN in) (NP (NNP Cairo))))))) (. .)))</parse>
      <deps>poss(heart-2, My-1)
nsubj(belonged-4, heart-2)
xsubj(Rosemarie-6, heart-2)
advmod(belonged-4, already-3)
root(ROOT-0, belonged-4)
aux(Rosemarie-6, to-5)
xcomp(belonged-4, Rosemarie-6)
num(years-8, five-7)
npadvmod(ago-9, years-8)
advmod(Rosemarie-6, ago-9)
prep_in(Rosemarie-6, Cairo-12)</deps>
      <events>
        <event id="e37" eiid="ei37" offset="4" string="belonged" tense="PAST" aspect="NONE" class="I_ACTION" polarity="POS" modality="" happen="" lowerBoundDuration="" upperBoundDuration="" />
        <event id="e38" eiid="ei38" offset="6" string="Rosemarie" tense="INFINITIVE" aspect="NONE" class="OCCURRENCE" polarity="POS" modality="" happen="" lowerBoundDuration="" upperBoundDuration="" />
      </events>
      <timexes>
        <timex tid="t2" text="five years" offset="7" length="2" type="DURATION" value="P5Y" temporalFunction="false" />
      </timexes>
    </entry>
    <entry sid="30" file="9783732502929_073.txt">
      <sentence>At that time I let my happiness slip away - a misunderstanding separated us - and I lost sight of Rosemarie .</sentence>
      <tokens>
        <t>" " "At" " "</t>
        <t>" " "that" " "</t>
        <t>" " "time" " "</t>
        <t>" " "I" " "</t>
        <t>" " "let" " "</t>
        <t>" " "my" " "</t>
        <t>" " "happiness" " "</t>
        <t>" " "slip" " "</t>
        <t>" " "away" " "</t>
        <t>" " "-" " "</t>
        <t>" " "a" " "</t>
        <t>" " "misunderstanding" " "</t>
        <t>" " "separated" " "</t>
        <t>" " "us" " "</t>
        <t>" " "-" " "</t>
        <t>" " "and" " "</t>
        <t>" " "I" " "</t>
        <t>" " "lost" " "</t>
        <t>" " "sight" " "</t>
        <t>" " "of" " "</t>
        <t>" " "Rosemarie" ""</t>
        <t>"" "." " "</t>
      </tokens>
      <parse>(ROOT (S (S (PP (IN At) (NP (DT that) (NN time))) (NP (PRP I)) (VP (VBP let) (NP (PRP$ my) (NN happiness) (NN slip)) (ADVP (RB away)))) (: -) (S (NP (DT a) (NN misunderstanding)) (VP (VBN separated) (NP (PRP us)))) (: -) (CC and) (S (NP (PRP I)) (VP (VBD lost) (NP (NP (NN sight)) (PP (IN of) (NP (NNP Rosemarie)))))) (. .)))</parse>
      <deps>det(time-3, that-2)
prep_at(let-5, time-3)
nsubj(let-5, I-4)
root(ROOT-0, let-5)
poss(slip-8, my-6)
nn(slip-8, happiness-7)
dobj(let-5, slip-8)
advmod(let-5, away-9)
det(misunderstanding-12, a-11)
nsubj(separated-13, misunderstanding-12)
conj_and(let-5, separated-13)
dobj(separated-13, us-14)
nsubj(lost-18, I-17)
conj_and(let-5, lost-18)
dobj(lost-18, sight-19)
prep_of(sight-19, Rosemarie-21)</deps>
      <events>
        <event id="e39" eiid="ei39" offset="13" string="separated" tense="PAST" aspect="NONE" class="OCCURRENCE" polarity="POS" modality="" happen="" lowerBoundDuration="" upperBoundDuration="" />
        <event id="e40" eiid="ei40" offset="18" string="lost" tense="PAST" aspect="NONE" class="OCCURRENCE" polarity="POS" modality="" happen="" lowerBoundDuration="" upperBoundDuration="" />
      </events>
      <timexes />
    </entry>
    <entry sid="31" file="9783732502929_073.txt">
      <sentence>You brought her back to me , and now I grabbed her quickly - despite your three-year contract .</sentence>
      <tokens>
        <t>" " "You" " "</t>
        <t>" " "brought" " "</t>
        <t>" " "her" " "</t>
        <t>" " "back" " "</t>
        <t>" " "to" " "</t>
        <t>" " "me" ""</t>
        <t>"" "," " "</t>
        <t>" " "and" " "</t>
        <t>" " "now" " "</t>
        <t>" " "I" " "</t>
        <t>" " "grabbed" " "</t>
        <t>" " "her" " "</t>
        <t>" " "quickly" " "</t>
        <t>" " "-" " "</t>
        <t>" " "despite" " "</t>
        <t>" " "your" " "</t>
        <t>" " "three-year" " "</t>
        <t>" " "contract" ""</t>
        <t>"" "." " "</t>
      </tokens>
      <parse>(ROOT (S (S (NP (PRP You)) (VP (VBD brought) (NP (PRP$ her) (NN back)) (PP (TO to) (NP (PRP me))))) (, ,) (CC and) (S (ADVP (RB now)) (NP (PRP I)) (VP (VBD grabbed) (NP (PRP her)) (ADVP (ADVP (RB quickly)) (: -) (PP (IN despite) (NP (PRP$ your) (JJ three-year) (NN contract)))))) (. .)))</parse>
      <deps>nsubj(brought-2, You-1)
root(ROOT-0, brought-2)
poss(back-4, her-3)
dobj(brought-2, back-4)
prep_to(brought-2, me-6)
advmod(grabbed-11, now-9)
nsubj(grabbed-11, I-10)
conj_and(brought-2, grabbed-11)
dobj(grabbed-11, her-12)
advmod(grabbed-11, quickly-13)
poss(contract-18, your-16)
amod(contract-18, three-year-17)
prep_despite(quickly-13, contract-18)</deps>
      <events>
        <event id="e41" eiid="ei41" offset="2" string="brought" tense="PAST" aspect="NONE" class="OCCURRENCE" polarity="POS" modality="" happen="" lowerBoundDuration="" upperBoundDuration="" />
        <event id="e42" eiid="ei42" offset="11" string="grabbed" tense="PAST" aspect="NONE" class="OCCURRENCE" polarity="POS" modality="" happen="" lowerBoundDuration="" upperBoundDuration="" />
      </events>
      <timexes>
        <timex tid="t3" text="now" offset="9" length="1" type="DATE" value="PRESENT_REF" temporalFunction="false" />
        <timex tid="t4" text="three-year" offset="17" length="1" type="DURATION" value="P3Y" temporalFunction="false" />
      </timexes>
    </entry>
    <entry sid="32" file="9783732502929_073.txt">
      <sentence>We 'll have to solve that one , Ellen , because Rosemarie is soon to be my wife - we 've already missed too much . ''</sentence>
      <tokens>
        <t>" " "We" ""</t>
        <t>"" "'ll" " "</t>
        <t>" " "have" " "</t>
        <t>" " "to" " "</t>
        <t>" " "solve" " "</t>
        <t>" " "that" " "</t>
        <t>" " "one" ""</t>
        <t>"" "," " "</t>
        <t>" " "Ellen" ""</t>
        <t>"" "," " "</t>
        <t>" " "because" " "</t>
        <t>" " "Rosemarie" " "</t>
        <t>" " "is" " "</t>
        <t>" " "soon" " "</t>
        <t>" " "to" " "</t>
        <t>" " "be" " "</t>
        <t>" " "my" " "</t>
        <t>" " "wife" " "</t>
        <t>" " "-" " "</t>
        <t>" " "we" ""</t>
        <t>"" "'ve" " "</t>
        <t>" " "already" " "</t>
        <t>" " "missed" " "</t>
        <t>" " "too" " "</t>
        <t>" " "much" ""</t>
        <t>"" "." ""</t>
        <t>"" """ " "</t>
      </tokens>
      <parse>(ROOT (S (S (NP (PRP We)) (VP (MD 'll) (VP (VB have) (S (VP (TO to) (VP (VB solve) (NP (NP (DT that) (NN one)) (, ,) (NP (NNP Ellen)) (, ,) (SBAR (IN because) (S (NP (NNP Rosemarie)) (VP (VBZ is) (ADVP (RB soon)) (S (VP (TO to) (VP (VB be) (NP (PRP$ my) (NN wife))))))))))))))) (: -) (S (NP (PRP we)) (VP (VBP 've) (ADVP (RB already)) (VP (VBN missed) (ADVP (RB too) (RB much))))) (. .) ('' '')))</parse>
      <deps>nsubj(have-3, We-1)
xsubj(solve-5, We-1)
aux(have-3, 'll-2)
root(ROOT-0, have-3)
aux(solve-5, to-4)
xcomp(have-3, solve-5)
det(one-7, that-6)
dobj(solve-5, one-7)
appos(one-7, Ellen-9)
mark(is-13, because-11)
nsubj(is-13, Rosemarie-12)
xsubj(wife-18, Rosemarie-12)
dep(one-7, is-13)
advmod(is-13, soon-14)
aux(wife-18, to-15)
cop(wife-18, be-16)
poss(wife-18, my-17)
xcomp(is-13, wife-18)
nsubj(missed-23, we-20)
aux(missed-23, 've-21)
advmod(missed-23, already-22)
parataxis(have-3, missed-23)
advmod(much-25, too-24)
advmod(missed-23, much-25)</deps>
      <events>
        <event id="e43" eiid="ei43" offset="3" string="have" tense="FUTURE" aspect="NONE" class="OCCURRENCE" polarity="POS" modality="" happen="" lowerBoundDuration="" upperBoundDuration="" />
        <event id="e44" eiid="ei44" offset="5" string="solve" tense="INFINITIVE" aspect="NONE" class="OCCURRENCE" polarity="POS" modality="" happen="" lowerBoundDuration="" upperBoundDuration="" />
        <event id="e45" eiid="ei45" offset="23" string="missed" tense="PRESENT" aspect="PERFECTIVE" class="OCCURRENCE" polarity="POS" modality="" happen="" lowerBoundDuration="" upperBoundDuration="" />
      </events>
      <timexes />
    </entry>
    <entry sid="33" file="9783732502929_073.txt">
      <sentence>Mrs. Ellen pulled Rosemarie into her arms .</sentence>
      <tokens>
        <t>" " "Mrs." " "</t>
        <t>" " "Ellen" " "</t>
        <t>" " "pulled" " "</t>
        <t>" " "Rosemarie" " "</t>
        <t>" " "into" " "</t>
        <t>" " "her" " "</t>
        <t>" " "arms" ""</t>
        <t>"" "." " "</t>
      </tokens>
      <parse>(ROOT (S (NP (NNP Mrs.) (NNP Ellen)) (VP (VBD pulled) (NP (NNP Rosemarie)) (PP (IN into) (NP (PRP$ her) (NNS arms)))) (. .)))</parse>
      <deps>nn(Ellen-2, Mrs.-1)
nsubj(pulled-3, Ellen-2)
root(ROOT-0, pulled-3)
dobj(pulled-3, Rosemarie-4)
poss(arms-7, her-6)
prep_into(pulled-3, arms-7)</deps>
      <events>
        <event id="e46" eiid="ei46" offset="3" string="pulled" tense="PAST" aspect="NONE" class="OCCURRENCE" polarity="POS" modality="" happen="" lowerBoundDuration="" upperBoundDuration="" />
      </events>
      <timexes />
    </entry>
    <entry sid="34" file="9783732502929_073.txt">
      <sentence>`` Dear Rosemarie , how happy I am - for you and for Magnus !</sentence>
      <tokens>
        <t>" " """ ""</t>
        <t>"" "Dear" " "</t>
        <t>" " "Rosemarie" ""</t>
        <t>"" "," " "</t>
        <t>" " "how" " "</t>
        <t>" " "happy" " "</t>
        <t>" " "I" " "</t>
        <t>" " "am" " "</t>
        <t>" " "-" " "</t>
        <t>" " "for" " "</t>
        <t>" " "you" " "</t>
        <t>" " "and" " "</t>
        <t>" " "for" " "</t>
        <t>" " "Magnus" ""</t>
        <t>"" "!" " "</t>
      </tokens>
      <parse>(ROOT (S (`` ``) (NP (NP (NNP Dear) (NNP Rosemarie)) (, ,) (FRAG (WHADVP (WRB how)) (ADJP (JJ happy)))) (NP (PRP I)) (VP (VBP am) (: -) (PP (PP (IN for) (NP (PRP you))) (CC and) (PP (IN for) (NP (NNP Magnus))))) (. !)))</parse>
      <deps>nn(Rosemarie-3, Dear-2)
nsubj(am-8, Rosemarie-3)
dep(happy-6, how-5)
dep(Rosemarie-3, happy-6)
nsubj(am-8, I-7)
root(ROOT-0, am-8)
prep_for(am-8, you-11)
prep_for(am-8, Magnus-14)
conj_and(you-11, Magnus-14)</deps>
      <events />
      <timexes />
    </entry>
    <entry sid="35" file="9783732502929_073.txt">
      <sentence>I will gladly release you from your contract , for I no longer need a companion ; you will now be a dear sister to me . ''</sentence>
      <tokens>
        <t>" " "I" " "</t>
        <t>" " "will" " "</t>
        <t>" " "gladly" " "</t>
        <t>" " "release" " "</t>
        <t>" " "you" " "</t>
        <t>" " "from" " "</t>
        <t>" " "your" " "</t>
        <t>" " "contract" ""</t>
        <t>"" "," " "</t>
        <t>" " "for" " "</t>
        <t>" " "I" " "</t>
        <t>" " "no" " "</t>
        <t>" " "longer" " "</t>
        <t>" " "need" " "</t>
        <t>" " "a" " "</t>
        <t>" " "companion" ""</t>
        <t>"" ";" " "</t>
        <t>" " "you" " "</t>
        <t>" " "will" " "</t>
        <t>" " "now" " "</t>
        <t>" " "be" " "</t>
        <t>" " "a" " "</t>
        <t>" " "dear" " "</t>
        <t>" " "sister" " "</t>
        <t>" " "to" " "</t>
        <t>" " "me" ""</t>
        <t>"" "." ""</t>
        <t>"" """ " "</t>
      </tokens>
      <parse>(ROOT (S (S (NP (PRP I)) (VP (MD will) (ADVP (RB gladly)) (VP (VB release) (NP (PRP you)) (PP (IN from) (NP (PRP$ your) (NN contract))) (, ,) (SBAR (IN for) (S (NP (PRP I)) (VP (ADVP (RB no) (RB longer)) (VBP need) (NP (DT a) (NN companion)))))))) (: ;) (S (NP (PRP you)) (VP (MD will) (ADVP (RB now)) (VP (VB be) (NP (NP (DT a) (ADJP (RB dear)) (NN sister)) (PP (TO to) (NP (PRP me))))))) (. .) ('' '')))</parse>
      <deps>nsubj(release-4, I-1)
aux(release-4, will-2)
advmod(release-4, gladly-3)
root(ROOT-0, release-4)
dobj(release-4, you-5)
poss(contract-8, your-7)
prep_from(release-4, contract-8)
mark(need-14, for-10)
nsubj(need-14, I-11)
advmod(longer-13, no-12)
advmod(need-14, longer-13)
advcl(release-4, need-14)
det(companion-16, a-15)
dobj(need-14, companion-16)
nsubj(sister-24, you-18)
aux(sister-24, will-19)
advmod(sister-24, now-20)
cop(sister-24, be-21)
det(sister-24, a-22)
amod(sister-24, dear-23)
parataxis(release-4, sister-24)
prep_to(sister-24, me-26)</deps>
      <events>
        <event id="e47" eiid="ei47" offset="4" string="release" tense="FUTURE" aspect="NONE" class="OCCURRENCE" polarity="POS" modality="" happen="" lowerBoundDuration="" upperBoundDuration="" />
        <event id="e48" eiid="ei48" offset="14" string="need" tense="PRESENT" aspect="NONE" class="I_STATE" polarity="POS" modality="" happen="" lowerBoundDuration="" upperBoundDuration="" />
      </events>
      <timexes>
        <timex tid="t5" text="now" offset="20" length="1" type="DATE" value="PRESENT_REF" temporalFunction="false" />
      </timexes>
    </entry>
    <entry sid="36" file="9783732502929_073.txt">
      <sentence>`` I will do so heartily , dear , dear Ellen .</sentence>
      <tokens>
        <t>" " """ ""</t>
        <t>"" "I" " "</t>
        <t>" " "will" " "</t>
        <t>" " "do" " "</t>
        <t>" " "so" " "</t>
        <t>" " "heartily" ""</t>
        <t>"" "," " "</t>
        <t>" " "dear" ""</t>
        <t>"" "," " "</t>
        <t>" " "dear" " "</t>
        <t>" " "Ellen" ""</t>
        <t>"" "." " "</t>
      </tokens>
      <parse>(ROOT (S (`` ``) (NP (PRP I)) (VP (MD will) (VP (VB do) (NP (ADJP (ADJP (RB so) (JJ heartily)) (, ,) (ADJP (RB dear)) (, ,)) (ADJP (RB dear)) (NNS Ellen)))) (. .)))</parse>
      <deps>nsubj(do-4, I-2)
aux(do-4, will-3)
root(ROOT-0, do-4)
advmod(heartily-6, so-5)
amod(Ellen-11, heartily-6)
dep(heartily-6, dear-8)
amod(Ellen-11, dear-10)
dobj(do-4, Ellen-11)</deps>
      <events>
        <event id="e49" eiid="ei49" offset="4" string="do" tense="FUTURE" aspect="NONE" class="OCCURRENCE" polarity="POS" modality="" happen="" lowerBoundDuration="" upperBoundDuration="" />
      </events>
      <timexes />
    </entry>
    <entry sid="37" file="9783732502929_073.txt">
      <sentence>And also I thank you for bringing me here .</sentence>
      <tokens>
        <t>" " "And" " "</t>
        <t>" " "also" " "</t>
        <t>" " "I" " "</t>
        <t>" " "thank" " "</t>
        <t>" " "you" " "</t>
        <t>" " "for" " "</t>
        <t>" " "bringing" " "</t>
        <t>" " "me" " "</t>
        <t>" " "here" ""</t>
        <t>"" "." " "</t>
      </tokens>
      <parse>(ROOT (S (CC And) (ADVP (RB also)) (NP (PRP I)) (VP (VBP thank) (NP (PRP you)) (PP (IN for) (S (VP (VBG bringing) (NP (PRP me)) (ADVP (RB here)))))) (. .)))</parse>
      <deps>cc(thank-4, And-1)
advmod(thank-4, also-2)
nsubj(thank-4, I-3)
root(ROOT-0, thank-4)
dobj(thank-4, you-5)
prepc_for(thank-4, bringing-7)
dobj(bringing-7, me-8)
advmod(bringing-7, here-9)</deps>
      <events>
        <event id="e50" eiid="ei50" offset="4" string="thank" tense="PRESENT" aspect="NONE" class="I_STATE" polarity="POS" modality="" happen="" lowerBoundDuration="" upperBoundDuration="" />
        <event id="e51" eiid="ei51" offset="7" string="bringing" tense="PRESPART" aspect="NONE" class="OCCURRENCE" polarity="POS" modality="" happen="" lowerBoundDuration="" upperBoundDuration="" />
      </events>
      <timexes />
    </entry>
    <entry sid="38" file="9783732502929_073.txt">
      <sentence>I had no idea where I was coming , and was greatly frightened when I recognized Magnus at the station .</sentence>
      <tokens>
        <t>" " "I" " "</t>
        <t>" " "had" " "</t>
        <t>" " "no" " "</t>
        <t>" " "idea" " "</t>
        <t>" " "where" " "</t>
        <t>" " "I" " "</t>
        <t>" " "was" " "</t>
        <t>" " "coming" ""</t>
        <t>"" "," " "</t>
        <t>" " "and" " "</t>
        <t>" " "was" " "</t>
        <t>" " "greatly" " "</t>
        <t>" " "frightened" " "</t>
        <t>" " "when" " "</t>
        <t>" " "I" " "</t>
        <t>" " "recognized" " "</t>
        <t>" " "Magnus" " "</t>
        <t>" " "at" " "</t>
        <t>" " "the" " "</t>
        <t>" " "station" ""</t>
        <t>"" "." " "</t>
      </tokens>
      <parse>(ROOT (S (NP (PRP I)) (VP (VP (VBD had) (NP (NP (DT no) (NN idea)) (SBAR (WHADVP (WRB where)) (S (NP (PRP I)) (VP (VBD was) (VP (VBG coming))))))) (, ,) (CC and) (VP (VBD was) (ADJP (RB greatly) (JJ frightened) (SBAR (WHADVP (WRB when)) (S (NP (PRP I)) (VP (VBD recognized) (NP (NNP Magnus)) (PP (IN at) (NP (DT the) (NN station))))))))) (. .)))</parse>
      <deps>nsubj(had-2, I-1)
nsubj(frightened-13, I-1)
root(ROOT-0, had-2)
det(idea-4, no-3)
dobj(had-2, idea-4)
advmod(coming-8, where-5)
nsubj(coming-8, I-6)
aux(coming-8, was-7)
rcmod(idea-4, coming-8)
cop(frightened-13, was-11)
advmod(frightened-13, greatly-12)
conj_and(had-2, frightened-13)
advmod(recognized-16, when-14)
nsubj(recognized-16, I-15)
ccomp(frightened-13, recognized-16)
dobj(recognized-16, Magnus-17)
det(station-20, the-19)
prep_at(recognized-16, station-20)</deps>
      <events>
        <event id="e52" eiid="ei52" offset="8" string="coming" tense="PAST" aspect="PROGRESSIVE" class="OCCURRENCE" polarity="POS" modality="" happen="" lowerBoundDuration="" upperBoundDuration="" />
        <event id="e53" eiid="ei53" offset="16" string="recognized" tense="PAST" aspect="NONE" class="OCCURRENCE" polarity="POS" modality="" happen="" lowerBoundDuration="" upperBoundDuration="" />
      </events>
      <timexes />
    </entry>
    <entry sid="39" file="9783732502929_073.txt">
      <sentence>I wanted to flee because I did n't know that he loved me .</sentence>
      <tokens>
        <t>" " "I" " "</t>
        <t>" " "wanted" " "</t>
        <t>" " "to" " "</t>
        <t>" " "flee" " "</t>
        <t>" " "because" " "</t>
        <t>" " "I" " "</t>
        <t>" " "did" ""</t>
        <t>"" "n't" " "</t>
        <t>" " "know" " "</t>
        <t>" " "that" " "</t>
        <t>" " "he" " "</t>
        <t>" " "loved" " "</t>
        <t>" " "me" ""</t>
        <t>"" "." " "</t>
      </tokens>
      <parse>(ROOT (S (NP (PRP I)) (VP (VBD wanted) (S (VP (TO to) (VP (VB flee) (SBAR (IN because) (S (NP (PRP I)) (VP (VBD did) (RB n't) (VP (VB know) (SBAR (IN that) (S (NP (PRP he)) (VP (VBD loved) (NP (PRP me))))))))))))) (. .)))</parse>
      <deps>nsubj(wanted-2, I-1)
xsubj(flee-4, I-1)
root(ROOT-0, wanted-2)
aux(flee-4, to-3)
xcomp(wanted-2, flee-4)
mark(know-9, because-5)
nsubj(know-9, I-6)
aux(know-9, did-7)
neg(know-9, n't-8)
advcl(flee-4, know-9)
mark(loved-12, that-10)
nsubj(loved-12, he-11)
ccomp(know-9, loved-12)
dobj(loved-12, me-13)</deps>
      <events>
        <event id="e54" eiid="ei54" offset="2" string="wanted" tense="PAST" aspect="NONE" class="I_ACTION" polarity="POS" modality="" happen="" lowerBoundDuration="" upperBoundDuration="" />
        <event id="e55" eiid="ei55" offset="4" string="flee" tense="INFINITIVE" aspect="NONE" class="OCCURRENCE" polarity="POS" modality="" happen="" lowerBoundDuration="" upperBoundDuration="" />
        <event id="e56" eiid="ei56" offset="9" string="know" tense="PAST" aspect="NONE" class="I_STATE" polarity="POS" modality="" happen="" lowerBoundDuration="" upperBoundDuration="" />
        <event id="e57" eiid="ei57" offset="12" string="loved" tense="PAST" aspect="NONE" class="OCCURRENCE" polarity="POS" modality="" happen="" lowerBoundDuration="" upperBoundDuration="" />
      </events>
      <timexes />
    </entry>
    <entry sid="40" file="9783732502929_073.txt">
      <sentence>But now I know - and I am unspeakably happy . ''</sentence>
      <tokens>
        <t>" " "But" " "</t>
        <t>" " "now" " "</t>
        <t>" " "I" " "</t>
        <t>" " "know" " "</t>
        <t>" " "-" " "</t>
        <t>" " "and" " "</t>
        <t>" " "I" " "</t>
        <t>" " "am" " "</t>
        <t>" " "unspeakably" " "</t>
        <t>" " "happy" ""</t>
        <t>"" "." ""</t>
        <t>"" """ " "</t>
      </tokens>
      <parse>(ROOT (S (CC But) (ADVP (RB now)) (S (NP (PRP I)) (VP (VBP know))) (: -) (CC and) (S (NP (PRP I)) (VP (VBP am) (ADJP (RB unspeakably) (JJ happy)))) (. .) ('' '')))</parse>
      <deps>advmod(know-4, now-2)
nsubj(know-4, I-3)
root(ROOT-0, know-4)
nsubj(happy-10, I-7)
cop(happy-10, am-8)
advmod(happy-10, unspeakably-9)
conj_and(know-4, happy-10)</deps>
      <events />
      <timexes>
        <timex tid="t6" text="now" offset="2" length="1" type="DATE" value="PRESENT_REF" temporalFunction="false" />
      </timexes>
    </entry>
    <entry sid="41" file="9783732502929_073.txt">
      <sentence>The two ladies kissed each other warmly .</sentence>
      <tokens>
        <t>" " "The" " "</t>
        <t>" " "two" " "</t>
        <t>" " "ladies" " "</t>
        <t>" " "kissed" " "</t>
        <t>" " "each" " "</t>
        <t>" " "other" " "</t>
        <t>" " "warmly" ""</t>
        <t>"" "." " "</t>
      </tokens>
      <parse>(ROOT (S (NP (DT The) (CD two) (NNS ladies)) (VP (VBD kissed) (NP (DT each) (JJ other) (NN warmly))) (. .)))</parse>
      <deps>det(ladies-3, The-1)
num(ladies-3, two-2)
nsubj(kissed-4, ladies-3)
root(ROOT-0, kissed-4)
det(warmly-7, each-5)
amod(warmly-7, other-6)
dobj(kissed-4, warmly-7)</deps>
      <events>
        <event id="e58" eiid="ei58" offset="4" string="kissed" tense="PAST" aspect="NONE" class="OCCURRENCE" polarity="POS" modality="" happen="" lowerBoundDuration="" upperBoundDuration="" />
      </events>
      <timexes />
    </entry>
    <entry sid="42" file="9783732502929_073.txt">
      <sentence>`` And by the way , you shall have champagne chilling , Ellen .</sentence>
      <tokens>
        <t>" " """ ""</t>
        <t>"" "And" " "</t>
        <t>" " "by" " "</t>
        <t>" " "the" " "</t>
        <t>" " "way" ""</t>
        <t>"" "," " "</t>
        <t>" " "you" " "</t>
        <t>" " "shall" " "</t>
        <t>" " "have" " "</t>
        <t>" " "champagne" " "</t>
        <t>" " "chilling" ""</t>
        <t>"" "," " "</t>
        <t>" " "Ellen" ""</t>
        <t>"" "." " "</t>
      </tokens>
      <parse>(ROOT (S (`` ``) (CC And) (PP (IN by) (NP (DT the) (NN way))) (, ,) (NP (PRP you)) (VP (MD shall) (VP (VB have) (NP (NP (NN champagne) (VBG chilling)) (, ,) (NP (NNP Ellen))))) (. .)))</parse>
      <deps>cc(have-9, And-2)
det(way-5, the-4)
prep_by(have-9, way-5)
nsubj(have-9, you-7)
aux(have-9, shall-8)
root(ROOT-0, have-9)
dobj(have-9, champagne-10)
amod(champagne-10, chilling-11)
appos(champagne-10, Ellen-13)</deps>
      <events />
      <timexes />
    </entry>
    <entry sid="43" file="9783732502929_073.txt">
      <sentence>Fred wants to toast our happiness , '' Magnus said with a smile .</sentence>
      <tokens>
        <t>" " "Fred" " "</t>
        <t>" " "wants" " "</t>
        <t>" " "to" " "</t>
        <t>" " "toast" " "</t>
        <t>" " "our" " "</t>
        <t>" " "happiness" ""</t>
        <t>"" "," ""</t>
        <t>"" """ " "</t>
        <t>" " "Magnus" " "</t>
        <t>" " "said" " "</t>
        <t>" " "with" " "</t>
        <t>" " "a" " "</t>
        <t>" " "smile" ""</t>
        <t>"" "." " "</t>
      </tokens>
      <parse>(ROOT (S (S (NP (NNP Fred)) (VP (VBZ wants) (S (VP (TO to) (VP (VB toast) (NP (PRP$ our) (NN happiness))))))) (, ,) ('' '') (NP (NNP Magnus)) (VP (VBD said) (PP (IN with) (NP (DT a) (NN smile)))) (. .)))</parse>
      <deps>nsubj(wants-2, Fred-1)
xsubj(toast-4, Fred-1)
ccomp(said-10, wants-2)
aux(toast-4, to-3)
xcomp(wants-2, toast-4)
poss(happiness-6, our-5)
dobj(toast-4, happiness-6)
nsubj(said-10, Magnus-9)
root(ROOT-0, said-10)
det(smile-13, a-12)
prep_with(said-10, smile-13)</deps>
      <events>
        <event id="e59" eiid="ei59" offset="2" string="wants" tense="PRESENT" aspect="NONE" class="I_STATE" polarity="POS" modality="" happen="" lowerBoundDuration="" upperBoundDuration="" />
        <event id="e60" eiid="ei60" offset="4" string="toast" tense="INFINITIVE" aspect="NONE" class="OCCURRENCE" polarity="POS" modality="" happen="" lowerBoundDuration="" upperBoundDuration="" />
        <event id="e61" eiid="ei61" offset="10" string="said" tense="PAST" aspect="NONE" class="REPORTING" polarity="POS" modality="" happen="" lowerBoundDuration="" upperBoundDuration="" />
      </events>
      <timexes />
    </entry>
    <entry sid="44" file="9783732502929_073.txt">
      <sentence>`` That shall be done .</sentence>
      <tokens>
        <t>" " """ ""</t>
        <t>"" "That" " "</t>
        <t>" " "shall" " "</t>
        <t>" " "be" " "</t>
        <t>" " "done" ""</t>
        <t>"" "." " "</t>
      </tokens>
      <parse>(ROOT (S (`` ``) (NP (DT That)) (VP (MD shall) (VP (VB be) (VP (VBN done)))) (. .)))</parse>
      <deps>nsubjpass(done-5, That-2)
aux(done-5, shall-3)
auxpass(done-5, be-4)
root(ROOT-0, done-5)</deps>
      <events>
        <event id="e62" eiid="ei62" offset="5" string="done" tense="NONE" aspect="NONE" class="OCCURRENCE" polarity="POS" modality="" happen="" lowerBoundDuration="" upperBoundDuration="" />
      </events>
      <timexes />
    </entry>
    <entry sid="45" file="9783732502929_073.txt">
      <sentence>Take my hearty congratulations , both of you !</sentence>
      <tokens>
        <t>" " "Take" " "</t>
        <t>" " "my" " "</t>
        <t>" " "hearty" " "</t>
        <t>" " "congratulations" ""</t>
        <t>"" "," " "</t>
        <t>" " "both" " "</t>
        <t>" " "of" " "</t>
        <t>" " "you" ""</t>
        <t>"" "!" " "</t>
      </tokens>
      <parse>(ROOT (S (VP (VB Take) (NP (PRP$ my) (JJ hearty) (NNS congratulations)) (, ,) (NP (NP (DT both)) (PP (IN of) (NP (PRP you))))) (. !)))</parse>
      <deps>root(ROOT-0, Take-1)
poss(congratulations-4, my-2)
amod(congratulations-4, hearty-3)
dobj(Take-1, congratulations-4)
dobj(Take-1, both-6)
prep_of(both-6, you-8)</deps>
      <events />
      <timexes />
    </entry>
    <entry sid="46" file="9783732502929_073.txt">
      <sentence>God grant you a true , steady happiness . ''</sentence>
      <tokens>
        <t>" " "God" " "</t>
        <t>" " "grant" " "</t>
        <t>" " "you" " "</t>
        <t>" " "a" " "</t>
        <t>" " "true" ""</t>
        <t>"" "," " "</t>
        <t>" " "steady" " "</t>
        <t>" " "happiness" ""</t>
        <t>"" "." ""</t>
        <t>"" """ " "</t>
      </tokens>
      <parse>(ROOT (S (NP (NNP God)) (VP (VB grant) (NP (PRP you)) (NP (DT a) (JJ true) (, ,) (JJ steady) (NN happiness))) (. .) ('' '')))</parse>
      <deps>nsubj(grant-2, God-1)
root(ROOT-0, grant-2)
iobj(grant-2, you-3)
det(happiness-8, a-4)
amod(happiness-8, true-5)
amod(happiness-8, steady-7)
dobj(grant-2, happiness-8)</deps>
      <events>
        <event id="e63" eiid="ei63" offset="2" string="grant" tense="PRESENT" aspect="NONE" class="OCCURRENCE" polarity="POS" modality="" happen="" lowerBoundDuration="" upperBoundDuration="" />
      </events>
      <timexes />
    </entry>
    <entry sid="47" file="9783732502929_073.txt">
      <sentence>At the luncheon table they drank to the health of the bride and groom .</sentence>
      <tokens>
        <t>" " "At" " "</t>
        <t>" " "the" " "</t>
        <t>" " "luncheon" " "</t>
        <t>" " "table" " "</t>
        <t>" " "they" " "</t>
        <t>" " "drank" " "</t>
        <t>" " "to" " "</t>
        <t>" " "the" " "</t>
        <t>" " "health" " "</t>
        <t>" " "of" " "</t>
        <t>" " "the" " "</t>
        <t>" " "bride" " "</t>
        <t>" " "and" " "</t>
        <t>" " "groom" ""</t>
        <t>"" "." " "</t>
      </tokens>
      <parse>(ROOT (S (PP (IN At) (NP (DT the) (NN luncheon) (NN table))) (NP (PRP they)) (VP (VBD drank) (PP (TO to) (NP (NP (DT the) (NN health)) (PP (IN of) (NP (DT the) (NN bride) (CC and) (NN groom)))))) (. .)))</parse>
      <deps>det(table-4, the-2)
nn(table-4, luncheon-3)
prep_at(drank-6, table-4)
nsubj(drank-6, they-5)
root(ROOT-0, drank-6)
det(health-9, the-8)
prep_to(drank-6, health-9)
det(bride-12, the-11)
prep_of(health-9, bride-12)
prep_of(health-9, groom-14)
conj_and(bride-12, groom-14)</deps>
      <events>
        <event id="e64" eiid="ei64" offset="6" string="drank" tense="PAST" aspect="NONE" class="OCCURRENCE" polarity="POS" modality="" happen="" lowerBoundDuration="" upperBoundDuration="" />
      </events>
      <timexes />
    </entry>
    <entry sid="48" file="9783732502929_073.txt">
      <sentence>That same day , Mrs. Ellen wrote to Mrs. von Schwarzburg , `` Dearest Lanie !</sentence>
      <tokens>
        <t>" " "That" " "</t>
        <t>" " "same" " "</t>
        <t>" " "day" ""</t>
        <t>"" "," " "</t>
        <t>" " "Mrs." " "</t>
        <t>" " "Ellen" " "</t>
        <t>" " "wrote" " "</t>
        <t>" " "to" " "</t>
        <t>" " "Mrs." " "</t>
        <t>" " "von" " "</t>
        <t>" " "Schwarzburg" ""</t>
        <t>"" "," " "</t>
        <t>" " """ ""</t>
        <t>"" "Dearest" " "</t>
        <t>" " "Lanie" ""</t>
        <t>"" "!" " "</t>
      </tokens>
      <parse>(ROOT (S (NP (DT That) (JJ same) (NN day)) (, ,) (NP (NNP Mrs.) (NNP Ellen)) (VP (VBD wrote) (PP (TO to) (NP (NP (NNP Mrs.) (NNP von) (NNP Schwarzburg)) (, ,) (`` ``) (NP (NNP Dearest) (NNP Lanie))))) (. !)))</parse>
      <deps>det(day-3, That-1)
amod(day-3, same-2)
tmod(wrote-7, day-3)
nn(Ellen-6, Mrs.-5)
nsubj(wrote-7, Ellen-6)
root(ROOT-0, wrote-7)
nn(Schwarzburg-11, Mrs.-9)
nn(Schwarzburg-11, von-10)
prep_to(wrote-7, Schwarzburg-11)
nn(Lanie-15, Dearest-14)
dep(Schwarzburg-11, Lanie-15)</deps>
      <events>
        <event id="e65" eiid="ei65" offset="7" string="wrote" tense="PAST" aspect="NONE" class="OCCURRENCE" polarity="POS" modality="" happen="" lowerBoundDuration="" upperBoundDuration="" />
      </events>
      <timexes>
        <timex tid="t7" text="day" offset="3" length="1" type="DURATION" value="P1D" temporalFunction="false" />
      </timexes>
    </entry>
    <entry sid="49" file="9783732502929_073.txt">
      <sentence>My new partner canceled my contract today .</sentence>
      <tokens>
        <t>" " "My" " "</t>
        <t>" " "new" " "</t>
        <t>" " "partner" " "</t>
        <t>" " "canceled" " "</t>
        <t>" " "my" " "</t>
        <t>" " "contract" " "</t>
        <t>" " "today" ""</t>
        <t>"" "." " "</t>
      </tokens>
      <parse>(ROOT (S (NP (PRP$ My) (JJ new) (NN partner)) (VP (VBD canceled) (NP (PRP$ my) (NN contract)) (NP (NN today))) (. .)))</parse>
      <deps>poss(partner-3, My-1)
amod(partner-3, new-2)
nsubj(canceled-4, partner-3)
root(ROOT-0, canceled-4)
poss(contract-6, my-5)
dobj(canceled-4, contract-6)
tmod(canceled-4, today-7)</deps>
      <events>
        <event id="e66" eiid="ei66" offset="4" string="canceled" tense="PAST" aspect="NONE" class="OCCURRENCE" polarity="POS" modality="" happen="" lowerBoundDuration="" upperBoundDuration="" />
      </events>
      <timexes />
    </entry>
    <entry sid="50" file="9783732502929_073.txt">
      <sentence>The marriage clause has now come into force after all .</sentence>
      <tokens>
        <t>" " "The" " "</t>
        <t>" " "marriage" " "</t>
        <t>" " "clause" " "</t>
        <t>" " "has" " "</t>
        <t>" " "now" " "</t>
        <t>" " "come" " "</t>
        <t>" " "into" " "</t>
        <t>" " "force" " "</t>
        <t>" " "after" " "</t>
        <t>" " "all" ""</t>
        <t>"" "." " "</t>
      </tokens>
      <parse>(ROOT (S (NP (DT The) (NN marriage) (NN clause)) (VP (VBZ has) (ADVP (RB now)) (VP (VBN come) (PP (IN into) (NP (NN force))) (PP (IN after) (NP (DT all))))) (. .)))</parse>
      <deps>det(clause-3, The-1)
nn(clause-3, marriage-2)
nsubj(come-6, clause-3)
aux(come-6, has-4)
advmod(come-6, now-5)
root(ROOT-0, come-6)
prep_into(come-6, force-8)
prep_after(come-6, all-10)</deps>
      <events>
        <event id="e67" eiid="ei67" offset="6" string="come" tense="PRESENT" aspect="PERFECTIVE" class="OCCURRENCE" polarity="POS" modality="" happen="" lowerBoundDuration="" upperBoundDuration="" />
      </events>
      <timexes>
        <timex tid="t8" text="now" offset="5" length="1" type="DATE" value="PRESENT_REF" temporalFunction="false" />
      </timexes>
    </entry>
    <entry sid="51" file="9783732502929_073.txt">
      <sentence>Rosemarie von Salten has become engaged to my brother-in-law Magnus . ''</sentence>
      <tokens>
        <t>" " "Rosemarie" " "</t>
        <t>" " "von" " "</t>
        <t>" " "Salten" " "</t>
        <t>" " "has" " "</t>
        <t>" " "become" " "</t>
        <t>" " "engaged" " "</t>
        <t>" " "to" " "</t>
        <t>" " "my" " "</t>
        <t>" " "brother-in-law" " "</t>
        <t>" " "Magnus" ""</t>
        <t>"" "." ""</t>
        <t>"" """ " "</t>
      </tokens>
      <parse>(ROOT (S (NP (NNP Rosemarie) (NNP von) (NNP Salten)) (VP (VBZ has) (VP (VBN become) (S (VP (VBN engaged) (PP (TO to) (NP (PRP$ my) (JJ brother-in-law) (NN Magnus))))))) (. .) ('' '')))</parse>
      <deps>nn(Salten-3, Rosemarie-1)
nn(Salten-3, von-2)
nsubj(become-5, Salten-3)
aux(become-5, has-4)
root(ROOT-0, become-5)
dep(become-5, engaged-6)
poss(Magnus-10, my-8)
amod(Magnus-10, brother-in-law-9)
prep_to(engaged-6, Magnus-10)</deps>
      <events>
        <event id="e68" eiid="ei68" offset="5" string="become" tense="PRESENT" aspect="PERFECTIVE" class="OCCURRENCE" polarity="POS" modality="" happen="" lowerBoundDuration="" upperBoundDuration="" />
        <event id="e69" eiid="ei69" offset="6" string="engaged" tense="PASTPART" aspect="NONE" class="OCCURRENCE" polarity="POS" modality="" happen="" lowerBoundDuration="" upperBoundDuration="" />
      </events>
      <timexes />
    </entry>
    <entry sid="52" file="9783732502929_073.txt">
      <sentence>And she reported in detail what she herself knew , after which a congratulatory telegram arrived from Frau von Schwarzburg .</sentence>
      <tokens>
        <t>" " "And" " "</t>
        <t>" " "she" " "</t>
        <t>" " "reported" " "</t>
        <t>" " "in" " "</t>
        <t>" " "detail" " "</t>
        <t>" " "what" " "</t>
        <t>" " "she" " "</t>
        <t>" " "herself" " "</t>
        <t>" " "knew" ""</t>
        <t>"" "," " "</t>
        <t>" " "after" " "</t>
        <t>" " "which" " "</t>
        <t>" " "a" " "</t>
        <t>" " "congratulatory" " "</t>
        <t>" " "telegram" " "</t>
        <t>" " "arrived" " "</t>
        <t>" " "from" " "</t>
        <t>" " "Frau" " "</t>
        <t>" " "von" " "</t>
        <t>" " "Schwarzburg" ""</t>
        <t>"" "." ""</t>
      </tokens>
      <parse>(ROOT (S (CC And) (NP (PRP she)) (VP (VBD reported) (PP (IN in) (NP (NP (NN detail)) (SBAR (WHNP (WP what)) (S (NP (PRP she)) (ADVP (RB herself)) (VP (VBD knew)))))) (, ,) (PP (IN after) (SBAR (WHNP (WDT which)) (S (NP (DT a) (JJ congratulatory) (NN telegram)) (VP (VBD arrived) (PP (IN from) (NP (NNP Frau) (NNP von) (NNP Schwarzburg)))))))) (. .)))</parse>
      <deps>cc(reported-3, And-1)
nsubj(reported-3, she-2)
root(ROOT-0, reported-3)
prep_in(reported-3, detail-5)
dobj(knew-9, detail-5)
rel(knew-9, what-6)
nsubj(knew-9, she-7)
advmod(knew-9, herself-8)
rcmod(detail-5, knew-9)
dobj(arrived-16, which-12)
det(telegram-15, a-13)
amod(telegram-15, congratulatory-14)
nsubj(arrived-16, telegram-15)
prepc_after(reported-3, arrived-16)
nn(Schwarzburg-20, Frau-18)
nn(Schwarzburg-20, von-19)
prep_from(arrived-16, Schwarzburg-20)</deps>
      <events>
        <event id="e70" eiid="ei70" offset="3" string="reported" tense="PAST" aspect="NONE" class="REPORTING" polarity="POS" modality="" happen="" lowerBoundDuration="" upperBoundDuration="" />
        <event id="e71" eiid="ei71" offset="9" string="knew" tense="PAST" aspect="NONE" class="OCCURRENCE" polarity="POS" modality="" happen="" lowerBoundDuration="" upperBoundDuration="" />
        <event id="e72" eiid="ei72" offset="16" string="arrived" tense="PAST" aspect="NONE" class="OCCURRENCE" polarity="POS" modality="" happen="" lowerBoundDuration="" upperBoundDuration="" />
      </events>
      <timexes />
    </entry>
    <tlink event1="ei14" event2="t1" relation="IS_INCLUDED" closed="false" origin="AdjacentVerbTimex" type="et" />
    <tlink event1="ei15" event2="t1" relation="IS_INCLUDED" closed="false" origin="AdjacentVerbTimex" type="et" />
    <tlink event1="ei37" event2="t2" relation="IS_INCLUDED" closed="false" origin="AdjacentVerbTimex" type="et" />
    <tlink event1="ei38" event2="t2" relation="IS_INCLUDED" closed="false" origin="AdjacentVerbTimex" type="et" />
    <tlink event1="ei42" event2="t3" relation="VAGUE" closed="false" origin="AdjacentVerbTimex" type="et" />
    <tlink event1="ei65" event2="t7" relation="IS_INCLUDED" closed="false" origin="AdjacentVerbTimex" type="et" />
    <tlink event1="ei67" event2="t8" relation="VAGUE" closed="false" origin="AdjacentVerbTimex" type="et" />
    <tlink event1="ei70" event2="ei72" relation="AFTER" closed="false" origin="RepEventGovEvent" type="ee" />
    <tlink event1="ei70" event2="ei71" relation="AFTER" closed="false" origin="RepEventGovEvent" type="ee" />
    <tlink event1="ei41" event2="ei43" relation="BEFORE" closed="false" origin="ReichenbachDG13" type="ee" />
    <tlink event1="ei42" event2="ei43" relation="BEFORE" closed="false" origin="ReichenbachDG13" type="ee" />
    <tlink event1="ei43" event2="ei45" relation="AFTER" closed="false" origin="ReichenbachDG13" type="ee" />
    <tlink event1="ei43" event2="ei46" relation="AFTER" closed="false" origin="ReichenbachDG13" type="ee" />
    <tlink event1="ei47" event2="ei48" relation="AFTER" closed="false" origin="ReichenbachDG13" type="ee" />
    <tlink event1="ei48" event2="ei49" relation="BEFORE" closed="false" origin="ReichenbachDG13" type="ee" />
    <tlink event1="ei49" event2="ei50" relation="AFTER" closed="false" origin="ReichenbachDG13" type="ee" />
    <tlink event1="ei4" event2="ei5" relation="VAGUE" closed="false" origin="XCompDepSieve" type="ee" />
    <tlink event1="ei10" event2="ei11" relation="AFTER" closed="false" origin="XCompDepSieve" type="ee" />
    <tlink event1="ei21" event2="ei22" relation="VAGUE" closed="false" origin="XCompDepSieve" type="ee" />
    <tlink event1="ei25" event2="ei26" relation="VAGUE" closed="false" origin="XCompDepSieve" type="ee" />
    <tlink event1="ei27" event2="ei28" relation="VAGUE" closed="false" origin="XCompDepSieve" type="ee" />
    <tlink event1="ei33" event2="ei34" relation="BEFORE" closed="false" origin="XCompDepSieve" type="ee" />
    <tlink event1="ei37" event2="ei38" relation="BEFORE" closed="false" origin="XCompDepSieve" type="ee" />
    <tlink event1="ei41" event2="ei42" relation="VAGUE" closed="false" origin="XCompDepSieve" type="ee" />
    <tlink event1="ei43" event2="ei44" relation="BEFORE" closed="false" origin="XCompDepSieve" type="ee" />
    <tlink event1="ei54" event2="ei55" relation="BEFORE" closed="false" origin="XCompDepSieve" type="ee" />
    <tlink event1="ei55" event2="ei56" relation="BEFORE" closed="false" origin="XCompDepSieve" type="ee" />
    <tlink event1="ei56" event2="ei57" relation="AFTER" closed="false" origin="XCompDepSieve" type="ee" />
    <tlink event1="ei59" event2="ei60" relation="BEFORE" closed="false" origin="XCompDepSieve" type="ee" />
    <tlink event1="ei61" event2="ei59" relation="IS_INCLUDED" closed="false" origin="XCompDepSieve" type="ee" />
    <tlink event1="ei41" event2="ei44" relation="BEFORE" closed="true" origin="XCompDepSieve" type="ee" />
    <tlink event1="ei42" event2="ei44" relation="BEFORE" closed="true" origin="XCompDepSieve" type="ee" />
    <tlink event1="ei45" event2="ei44" relation="BEFORE" closed="true" origin="XCompDepSieve" type="ee" />
    <tlink event1="ei46" event2="ei44" relation="BEFORE" closed="true" origin="XCompDepSieve" type="ee" />
    <tlink event1="ei54" event2="ei56" relation="BEFORE" closed="true" origin="XCompDepSieve" type="ee" />
    <tlink event1="ei60" event2="ei61" relation="AFTER" closed="true" origin="XCompDepSieve" type="ee" />
    <tlink event1="ei13" event2="ei15" relation="VAGUE" closed="false" origin="WordNet209" type="ee" />
    <tlink event1="ei17" event2="ei18" relation="VAGUE" closed="false" origin="WordNet209" type="ee" />
    <tlink event1="ei18" event2="ei19" relation="VAGUE" closed="false" origin="WordNet209" type="ee" />
    <tlink event1="ei53" event2="ei56" relation="VAGUE" closed="false" origin="WordNet209" type="ee" />
    <tlink event1="ei41" event2="t3" relation="BEFORE" closed="false" origin="MLEventTimeSameSent" type="et" />
    <tlink event1="ei41" event2="t4" relation="IS_INCLUDED" closed="false" origin="MLEventTimeSameSent" type="et" />
    <tlink event1="ei42" event2="t4" relation="BEFORE" closed="false" origin="MLEventTimeSameSent" type="et" />
    <tlink event1="ei47" event2="t5" relation="VAGUE" closed="false" origin="MLEventTimeSameSent" type="et" />
    <tlink event1="ei48" event2="t5" relation="VAGUE" closed="false" origin="MLEventTimeSameSent" type="et" />
    <tlink event1="ei14" event2="ei15" relation="VAGUE" closed="false" origin="MLEventEventDominates" type="ee" />
    <tlink event1="ei29" event2="ei30" relation="AFTER" closed="false" origin="MLEventEventDominates" type="ee" />
    <tlink event1="ei50" event2="ei51" relation="AFTER" closed="false" origin="MLEventEventDominates" type="ee" />
    <tlink event1="ei54" event2="ei57" relation="AFTER" closed="false" origin="MLEventEventDominates" type="ee" />
    <tlink event1="ei55" event2="ei57" relation="VAGUE" closed="false" origin="MLEventEventDominates" type="ee" />
    <tlink event1="ei68" event2="ei69" relation="AFTER" closed="false" origin="MLEventEventDominates" type="ee" />
    <tlink event1="ei49" event2="ei51" relation="AFTER" closed="true" origin="MLEventEventDominates" type="ee" />
    <tlink event1="ei3" event2="ei4" relation="VAGUE" closed="false" origin="MLEventEventSameSent" type="ee" />
    <tlink event1="ei3" event2="ei5" relation="VAGUE" closed="false" origin="MLEventEventSameSent" type="ee" />
    <tlink event1="ei6" event2="ei7" relation="VAGUE" closed="false" origin="MLEventEventSameSent" type="ee" />
    <tlink event1="ei20" event2="ei21" relation="AFTER" closed="false" origin="MLEventEventSameSent" type="ee" />
    <tlink event1="ei20" event2="ei22" relation="VAGUE" closed="false" origin="MLEventEventSameSent" type="ee" />
    <tlink event1="ei33" event2="ei35" relation="BEFORE" closed="false" origin="MLEventEventSameSent" type="ee" />
    <tlink event1="ei34" event2="ei35" relation="VAGUE" closed="false" origin="MLEventEventSameSent" type="ee" />
    <tlink event1="ei39" event2="ei40" relation="AFTER" closed="false" origin="MLEventEventSameSent" type="ee" />
    <tlink event1="ei52" event2="ei53" relation="VAGUE" closed="false" origin="MLEventEventSameSent" type="ee" />
    <tlink event1="ei71" event2="ei72" relation="IS_INCLUDED" closed="false" origin="MLEventEventSameSent" type="ee" />
    <tlink event1="ei1" event2="ei2" relation="VAGUE" closed="false" origin="AllVagueSieve" type="ee" />
    <tlink event1="ei2" event2="ei3" relation="VAGUE" closed="false" origin="AllVagueSieve" type="ee" />
    <tlink event1="ei2" event2="ei4" relation="VAGUE" closed="false" origin="AllVagueSieve" type="ee" />
    <tlink event1="ei2" event2="ei5" relation="VAGUE" closed="false" origin="AllVagueSieve" type="ee" />
    <tlink event1="ei3" event2="ei6" relation="VAGUE" closed="false" origin="AllVagueSieve" type="ee" />
    <tlink event1="ei3" event2="ei7" relation="VAGUE" closed="false" origin="AllVagueSieve" type="ee" />
    <tlink event1="ei4" event2="ei6" relation="VAGUE" closed="false" origin="AllVagueSieve" type="ee" />
    <tlink event1="ei4" event2="ei7" relation="VAGUE" closed="false" origin="AllVagueSieve" type="ee" />
    <tlink event1="ei5" event2="ei6" relation="VAGUE" closed="false" origin="AllVagueSieve" type="ee" />
    <tlink event1="ei5" event2="ei7" relation="VAGUE" closed="false" origin="AllVagueSieve" type="ee" />
    <tlink event1="ei6" event2="ei8" relation="VAGUE" closed="false" origin="AllVagueSieve" type="ee" />
    <tlink event1="ei7" event2="ei8" relation="VAGUE" closed="false" origin="AllVagueSieve" type="ee" />
    <tlink event1="ei9" event2="ei10" relation="VAGUE" closed="false" origin="AllVagueSieve" type="ee" />
    <tlink event1="ei9" event2="ei11" relation="VAGUE" closed="false" origin="AllVagueSieve" type="ee" />
    <tlink event1="ei10" event2="ei12" relation="VAGUE" closed="false" origin="AllVagueSieve" type="ee" />
    <tlink event1="ei11" event2="ei12" relation="VAGUE" closed="false" origin="AllVagueSieve" type="ee" />
    <tlink event1="ei12" event2="ei13" relation="VAGUE" closed="false" origin="AllVagueSieve" type="ee" />
    <tlink event1="ei13" event2="ei14" relation="VAGUE" closed="false" origin="AllVagueSieve" type="ee" />
    <tlink event1="ei13" event2="t1" relation="VAGUE" closed="false" origin="AllVagueSieve" type="et" />
    <tlink event1="ei14" event2="ei16" relation="VAGUE" closed="false" origin="AllVagueSieve" type="ee" />
    <tlink event1="ei15" event2="ei16" relation="VAGUE" closed="false" origin="AllVagueSieve" type="ee" />
    <tlink event1="t1" event2="ei16" relation="VAGUE" closed="false" origin="AllVagueSieve" type="et" />
    <tlink event1="ei19" event2="ei20" relation="VAGUE" closed="false" origin="AllVagueSieve" type="ee" />
    <tlink event1="ei19" event2="ei21" relation="VAGUE" closed="false" origin="AllVagueSieve" type="ee" />
    <tlink event1="ei19" event2="ei22" relation="VAGUE" closed="false" origin="AllVagueSieve" type="ee" />
    <tlink event1="ei20" event2="ei23" relation="VAGUE" closed="false" origin="AllVagueSieve" type="ee" />
    <tlink event1="ei21" event2="ei23" relation="VAGUE" closed="false" origin="AllVagueSieve" type="ee" />
    <tlink event1="ei22" event2="ei23" relation="VAGUE" closed="false" origin="AllVagueSieve" type="ee" />
    <tlink event1="ei23" event2="ei24" relation="VAGUE" closed="false" origin="AllVagueSieve" type="ee" />
    <tlink event1="ei24" event2="ei25" relation="VAGUE" closed="false" origin="AllVagueSieve" type="ee" />
    <tlink event1="ei24" event2="ei26" relation="VAGUE" closed="false" origin="AllVagueSieve" type="ee" />
    <tlink event1="ei25" event2="ei27" relation="VAGUE" closed="false" origin="AllVagueSieve" type="ee" />
    <tlink event1="ei25" event2="ei28" relation="VAGUE" closed="false" origin="AllVagueSieve" type="ee" />
    <tlink event1="ei26" event2="ei27" relation="VAGUE" closed="false" origin="AllVagueSieve" type="ee" />
    <tlink event1="ei26" event2="ei28" relation="VAGUE" closed="false" origin="AllVagueSieve" type="ee" />
    <tlink event1="ei27" event2="ei29" relation="VAGUE" closed="false" origin="AllVagueSieve" type="ee" />
    <tlink event1="ei27" event2="ei30" relation="VAGUE" closed="false" origin="AllVagueSieve" type="ee" />
    <tlink event1="ei28" event2="ei29" relation="VAGUE" closed="false" origin="AllVagueSieve" type="ee" />
    <tlink event1="ei28" event2="ei30" relation="VAGUE" closed="false" origin="AllVagueSieve" type="ee" />
    <tlink event1="ei29" event2="ei31" relation="VAGUE" closed="false" origin="AllVagueSieve" type="ee" />
    <tlink event1="ei30" event2="ei31" relation="VAGUE" closed="false" origin="AllVagueSieve" type="ee" />
    <tlink event1="ei33" event2="ei36" relation="VAGUE" closed="false" origin="AllVagueSieve" type="ee" />
    <tlink event1="ei34" event2="ei36" relation="VAGUE" closed="false" origin="AllVagueSieve" type="ee" />
    <tlink event1="ei35" event2="ei36" relation="VAGUE" closed="false" origin="AllVagueSieve" type="ee" />
    <tlink event1="ei36" event2="ei37" relation="VAGUE" closed="false" origin="AllVagueSieve" type="ee" />
    <tlink event1="ei36" event2="ei38" relation="VAGUE" closed="false" origin="AllVagueSieve" type="ee" />
    <tlink event1="ei36" event2="t2" relation="VAGUE" closed="false" origin="AllVagueSieve" type="et" />
    <tlink event1="ei37" event2="ei39" relation="VAGUE" closed="false" origin="AllVagueSieve" type="ee" />
    <tlink event1="ei37" event2="ei40" relation="VAGUE" closed="false" origin="AllVagueSieve" type="ee" />
    <tlink event1="ei38" event2="ei39" relation="VAGUE" closed="false" origin="AllVagueSieve" type="ee" />
    <tlink event1="ei38" event2="ei40" relation="VAGUE" closed="false" origin="AllVagueSieve" type="ee" />
    <tlink event1="t2" event2="ei39" relation="VAGUE" closed="false" origin="AllVagueSieve" type="et" />
    <tlink event1="t2" event2="ei40" relation="VAGUE" closed="false" origin="AllVagueSieve" type="et" />
    <tlink event1="ei39" event2="ei41" relation="VAGUE" closed="false" origin="AllVagueSieve" type="ee" />
    <tlink event1="ei39" event2="ei42" relation="VAGUE" closed="false" origin="AllVagueSieve" type="ee" />
    <tlink event1="ei39" event2="t3" relation="VAGUE" closed="false" origin="AllVagueSieve" type="et" />
    <tlink event1="ei39" event2="t4" relation="VAGUE" closed="false" origin="AllVagueSieve" type="et" />
    <tlink event1="ei40" event2="ei41" relation="VAGUE" closed="false" origin="AllVagueSieve" type="ee" />
    <tlink event1="ei40" event2="ei42" relation="VAGUE" closed="false" origin="AllVagueSieve" type="ee" />
    <tlink event1="ei40" event2="t3" relation="VAGUE" closed="false" origin="AllVagueSieve" type="et" />
    <tlink event1="ei40" event2="t4" relation="VAGUE" closed="false" origin="AllVagueSieve" type="et" />
    <tlink event1="ei41" event2="ei45" relation="VAGUE" closed="false" origin="AllVagueSieve" type="ee" />
    <tlink event1="ei42" event2="ei45" relation="VAGUE" closed="false" origin="AllVagueSieve" type="ee" />
    <tlink event1="t3" event2="t4" relation="VAGUE" closed="false" origin="AllVagueSieve" type="tt" />
    <tlink event1="t3" event2="ei43" relation="VAGUE" closed="false" origin="AllVagueSieve" type="et" />
    <tlink event1="t3" event2="ei44" relation="VAGUE" closed="false" origin="AllVagueSieve" type="et" />
    <tlink event1="t3" event2="ei45" relation="VAGUE" closed="false" origin="AllVagueSieve" type="et" />
    <tlink event1="t4" event2="ei43" relation="VAGUE" closed="false" origin="AllVagueSieve" type="et" />
    <tlink event1="t4" event2="ei44" relation="VAGUE" closed="false" origin="AllVagueSieve" type="et" />
    <tlink event1="t4" event2="ei45" relation="VAGUE" closed="false" origin="AllVagueSieve" type="et" />
    <tlink event1="ei45" event2="ei46" relation="VAGUE" closed="false" origin="AllVagueSieve" type="ee" />
    <tlink event1="ei47" event2="ei49" relation="VAGUE" closed="false" origin="AllVagueSieve" type="ee" />
    <tlink event1="t5" event2="ei49" relation="VAGUE" closed="false" origin="AllVagueSieve" type="et" />
    <tlink event1="ei50" event2="ei52" relation="VAGUE" closed="false" origin="AllVagueSieve" type="ee" />
    <tlink event1="ei50" event2="ei53" relation="VAGUE" closed="false" origin="AllVagueSieve" type="ee" />
    <tlink event1="ei51" event2="ei52" relation="VAGUE" closed="false" origin="AllVagueSieve" type="ee" />
    <tlink event1="ei51" event2="ei53" relation="VAGUE" closed="false" origin="AllVagueSieve" type="ee" />
    <tlink event1="ei52" event2="ei54" relation="VAGUE" closed="false" origin="AllVagueSieve" type="ee" />
    <tlink event1="ei52" event2="ei55" relation="VAGUE" closed="false" origin="AllVagueSieve" type="ee" />
    <tlink event1="ei52" event2="ei56" relation="VAGUE" closed="false" origin="AllVagueSieve" type="ee" />
    <tlink event1="ei52" event2="ei57" relation="VAGUE" closed="false" origin="AllVagueSieve" type="ee" />
    <tlink event1="ei53" event2="ei54" relation="VAGUE" closed="false" origin="AllVagueSieve" type="ee" />
    <tlink event1="ei53" event2="ei55" relation="VAGUE" closed="false" origin="AllVagueSieve" type="ee" />
    <tlink event1="ei53" event2="ei57" relation="VAGUE" closed="false" origin="AllVagueSieve" type="ee" />
    <tlink event1="ei54" event2="t6" relation="VAGUE" closed="false" origin="AllVagueSieve" type="et" />
    <tlink event1="ei55" event2="t6" relation="VAGUE" closed="false" origin="AllVagueSieve" type="et" />
    <tlink event1="ei56" event2="t6" relation="VAGUE" closed="false" origin="AllVagueSieve" type="et" />
    <tlink event1="ei57" event2="t6" relation="VAGUE" closed="false" origin="AllVagueSieve" type="et" />
    <tlink event1="t6" event2="ei58" relation="VAGUE" closed="false" origin="AllVagueSieve" type="et" />
    <tlink event1="ei59" event2="ei62" relation="VAGUE" closed="false" origin="AllVagueSieve" type="ee" />
    <tlink event1="ei60" event2="ei62" relation="VAGUE" closed="false" origin="AllVagueSieve" type="ee" />
    <tlink event1="ei61" event2="ei62" relation="VAGUE" closed="false" origin="AllVagueSieve" type="ee" />
    <tlink event1="ei63" event2="ei64" relation="VAGUE" closed="false" origin="AllVagueSieve" type="ee" />
    <tlink event1="ei64" event2="ei65" relation="VAGUE" closed="false" origin="AllVagueSieve" type="ee" />
    <tlink event1="ei64" event2="t7" relation="VAGUE" closed="false" origin="AllVagueSieve" type="et" />
    <tlink event1="ei65" event2="ei66" relation="VAGUE" closed="false" origin="AllVagueSieve" type="ee" />
    <tlink event1="t7" event2="ei66" relation="VAGUE" closed="false" origin="AllVagueSieve" type="et" />
    <tlink event1="ei66" event2="ei67" relation="VAGUE" closed="false" origin="AllVagueSieve" type="ee" />
    <tlink event1="ei66" event2="t8" relation="VAGUE" closed="false" origin="AllVagueSieve" type="et" />
    <tlink event1="ei67" event2="ei68" relation="VAGUE" closed="false" origin="AllVagueSieve" type="ee" />
    <tlink event1="ei67" event2="ei69" relation="VAGUE" closed="false" origin="AllVagueSieve" type="ee" />
    <tlink event1="t8" event2="ei68" relation="VAGUE" closed="false" origin="AllVagueSieve" type="et" />
    <tlink event1="t8" event2="ei69" relation="VAGUE" closed="false" origin="AllVagueSieve" type="et" />
    <tlink event1="ei68" event2="ei70" relation="VAGUE" closed="false" origin="AllVagueSieve" type="ee" />
    <tlink event1="ei68" event2="ei71" relation="VAGUE" closed="false" origin="AllVagueSieve" type="ee" />
    <tlink event1="ei68" event2="ei72" relation="VAGUE" closed="false" origin="AllVagueSieve" type="ee" />
    <tlink event1="ei69" event2="ei70" relation="VAGUE" closed="false" origin="AllVagueSieve" type="ee" />
    <tlink event1="ei69" event2="ei71" relation="VAGUE" closed="false" origin="AllVagueSieve" type="ee" />
    <tlink event1="ei69" event2="ei72" relation="VAGUE" closed="false" origin="AllVagueSieve" type="ee" />
  </file>
</root>

