<?xml version="1.0" encoding="UTF-8"?>
<root xmlns="http://chambers.com/corpusinfo">
  <file name="9783732502929_034.txt">
    <entry sid="0" file="9783732502929_034.txt">
      <sentence>Bad weeks were now coming for Rosemarie .</sentence>
      <tokens>
        <t>"" "Bad" " "</t>
        <t>" " "weeks" " "</t>
        <t>" " "were" " "</t>
        <t>" " "now" " "</t>
        <t>" " "coming" " "</t>
        <t>" " "for" " "</t>
        <t>" " "Rosemarie" ""</t>
        <t>"" "." " "</t>
      </tokens>
      <parse>(ROOT (S (NP (NNP Bad) (NNS weeks)) (VP (VBD were) (ADVP (RB now)) (VP (VBG coming) (PP (IN for) (NP (NNP Rosemarie))))) (. .)))</parse>
      <deps>nn(weeks-2, Bad-1)
nsubj(coming-5, weeks-2)
aux(coming-5, were-3)
advmod(coming-5, now-4)
root(ROOT-0, coming-5)
prep_for(coming-5, Rosemarie-7)</deps>
      <events>
        <event id="e1" eiid="ei1" offset="5" string="coming" tense="PRESENT" aspect="PROGRESSIVE" class="OCCURRENCE" polarity="POS" modality="" happen="" lowerBoundDuration="" upperBoundDuration="" />
      </events>
      <timexes>
        <timex tid="t1" text="weeks" offset="2" length="1" type="DURATION" value="PXW" temporalFunction="false" />
        <timex tid="t2" text="now" offset="4" length="1" type="DATE" value="PRESENT_REF" temporalFunction="false" />
      </timexes>
    </entry>
    <entry sid="1" file="9783732502929_034.txt">
      <sentence>Her mistress made high demands on her strength and performance .</sentence>
      <tokens>
        <t>" " "Her" " "</t>
        <t>" " "mistress" " "</t>
        <t>" " "made" " "</t>
        <t>" " "high" " "</t>
        <t>" " "demands" " "</t>
        <t>" " "on" " "</t>
        <t>" " "her" " "</t>
        <t>" " "strength" " "</t>
        <t>" " "and" " "</t>
        <t>" " "performance" ""</t>
        <t>"" "." " "</t>
      </tokens>
      <parse>(ROOT (S (NP (PRP$ Her) (NN mistress)) (VP (VBD made) (NP (JJ high) (NNS demands)) (PP (IN on) (NP (PRP$ her) (NN strength) (CC and) (NN performance)))) (. .)))</parse>
      <deps>poss(mistress-2, Her-1)
nsubj(made-3, mistress-2)
root(ROOT-0, made-3)
amod(demands-5, high-4)
dobj(made-3, demands-5)
poss(strength-8, her-7)
prep_on(made-3, strength-8)
prep_on(made-3, performance-10)
conj_and(strength-8, performance-10)</deps>
      <events>
        <event id="e2" eiid="ei2" offset="3" string="made" tense="PAST" aspect="NONE" class="OCCURRENCE" polarity="POS" modality="" happen="" lowerBoundDuration="" upperBoundDuration="" />
      </events>
      <timexes />
    </entry>
    <entry sid="2" file="9783732502929_034.txt">
      <sentence>In the mornings , she had her help her with the toilet , which often made Rosemarie feel physically uncomfortable .</sentence>
      <tokens>
        <t>" " "In" " "</t>
        <t>" " "the" " "</t>
        <t>" " "mornings" ""</t>
        <t>"" "," " "</t>
        <t>" " "she" " "</t>
        <t>" " "had" " "</t>
        <t>" " "her" " "</t>
        <t>" " "help" " "</t>
        <t>" " "her" " "</t>
        <t>" " "with" " "</t>
        <t>" " "the" " "</t>
        <t>" " "toilet" ""</t>
        <t>"" "," " "</t>
        <t>" " "which" " "</t>
        <t>" " "often" " "</t>
        <t>" " "made" " "</t>
        <t>" " "Rosemarie" " "</t>
        <t>" " "feel" " "</t>
        <t>" " "physically" " "</t>
        <t>" " "uncomfortable" ""</t>
        <t>"" "." " "</t>
      </tokens>
      <parse>(ROOT (S (PP (IN In) (NP (DT the) (NNS mornings))) (, ,) (NP (PRP she)) (VP (VBD had) (S (NP (PRP her)) (VP (VB help) (NP (PRP her)) (PP (IN with) (NP (NP (DT the) (NN toilet)) (, ,) (SBAR (WHNP (WDT which)) (S (ADVP (RB often)) (VP (VBD made) (SBAR (S (NP (NNP Rosemarie)) (VP (VBP feel) (ADJP (RB physically) (JJ uncomfortable))))))))))))) (. .)))</parse>
      <deps>det(mornings-3, the-2)
prep_in(had-6, mornings-3)
nsubj(had-6, she-5)
root(ROOT-0, had-6)
nsubj(help-8, her-7)
ccomp(had-6, help-8)
dobj(help-8, her-9)
det(toilet-12, the-11)
prep_with(help-8, toilet-12)
nsubj(made-16, toilet-12)
advmod(made-16, often-15)
rcmod(toilet-12, made-16)
nsubj(feel-18, Rosemarie-17)
ccomp(made-16, feel-18)
advmod(uncomfortable-20, physically-19)
acomp(feel-18, uncomfortable-20)</deps>
      <events>
        <event id="e3" eiid="ei3" offset="6" string="had" tense="PAST" aspect="NONE" class="OCCURRENCE" polarity="POS" modality="" happen="" lowerBoundDuration="" upperBoundDuration="" />
        <event id="e4" eiid="ei4" offset="8" string="help" tense="PRESENT" aspect="NONE" class="I_ACTION" polarity="POS" modality="" happen="" lowerBoundDuration="" upperBoundDuration="" />
        <event id="e5" eiid="ei5" offset="16" string="made" tense="PAST" aspect="NONE" class="OCCURRENCE" polarity="POS" modality="" happen="" lowerBoundDuration="" upperBoundDuration="" />
      </events>
      <timexes>
        <timex tid="t3" text="mornings" offset="3" length="1" type="TIME" value="TMO" temporalFunction="false" />
      </timexes>
    </entry>
    <entry sid="3" file="9783732502929_034.txt">
      <sentence>Then she had to read to her , take care of her correspondence , go for walks with her , and be around her all the time .</sentence>
      <tokens>
        <t>" " "Then" " "</t>
        <t>" " "she" " "</t>
        <t>" " "had" " "</t>
        <t>" " "to" " "</t>
        <t>" " "read" " "</t>
        <t>" " "to" " "</t>
        <t>" " "her" ""</t>
        <t>"" "," " "</t>
        <t>" " "take" " "</t>
        <t>" " "care" " "</t>
        <t>" " "of" " "</t>
        <t>" " "her" " "</t>
        <t>" " "correspondence" ""</t>
        <t>"" "," " "</t>
        <t>" " "go" " "</t>
        <t>" " "for" " "</t>
        <t>" " "walks" " "</t>
        <t>" " "with" " "</t>
        <t>" " "her" ""</t>
        <t>"" "," " "</t>
        <t>" " "and" " "</t>
        <t>" " "be" " "</t>
        <t>" " "around" " "</t>
        <t>" " "her" " "</t>
        <t>" " "all" " "</t>
        <t>" " "the" " "</t>
        <t>" " "time" ""</t>
        <t>"" "." " "</t>
      </tokens>
      <parse>(ROOT (S (RB Then) (NP (PRP she)) (VP (VBD had) (S (VP (TO to) (VP (VP (VB read) (PP (TO to) (NP (PRP her)))) (, ,) (VP (VB take) (NP (NP (NN care)) (PP (IN of) (NP (PRP$ her) (NN correspondence))))) (, ,) (VP (VB go) (SBAR (IN for) (S (VP (VBZ walks) (PP (IN with) (NP (PRP her))))))) (, ,) (CC and) (VP (VB be) (PP (IN around) (NP (PRP her))) (NP (PDT all) (DT the) (NN time))))))) (. .)))</parse>
      <deps>advmod(had-3, Then-1)
nsubj(had-3, she-2)
xsubj(read-5, she-2)
root(ROOT-0, had-3)
aux(read-5, to-4)
xcomp(had-3, read-5)
prep_to(read-5, her-7)
xcomp(had-3, take-9)
conj_and(read-5, take-9)
dobj(take-9, care-10)
poss(correspondence-13, her-12)
prep_of(care-10, correspondence-13)
xcomp(had-3, go-15)
conj_and(read-5, go-15)
mark(walks-17, for-16)
advcl(go-15, walks-17)
prep_with(walks-17, her-19)
cop(time-27, be-22)
prep_around(time-27, her-24)
predet(time-27, all-25)
det(time-27, the-26)
xcomp(had-3, time-27)
conj_and(read-5, time-27)</deps>
      <events>
        <event id="e6" eiid="ei6" offset="3" string="had" tense="PAST" aspect="NONE" class="I_ACTION" polarity="POS" modality="" happen="" lowerBoundDuration="" upperBoundDuration="" />
        <event id="e7" eiid="ei7" offset="5" string="read" tense="INFINITIVE" aspect="NONE" class="OCCURRENCE" polarity="POS" modality="" happen="" lowerBoundDuration="" upperBoundDuration="" />
        <event id="e8" eiid="ei8" offset="15" string="go" tense="PRESENT" aspect="NONE" class="OCCURRENCE" polarity="POS" modality="" happen="" lowerBoundDuration="" upperBoundDuration="" />
        <event id="e9" eiid="ei9" offset="17" string="walks" tense="PRESENT" aspect="NONE" class="OCCURRENCE" polarity="POS" modality="" happen="" lowerBoundDuration="" upperBoundDuration="" />
      </events>
      <timexes />
    </entry>
    <entry sid="4" file="9783732502929_034.txt">
      <sentence>If Rosemarie ever had an hour free when the Countess did not need her , then she had to do all kinds of sewing for her .</sentence>
      <tokens>
        <t>" " "If" " "</t>
        <t>" " "Rosemarie" " "</t>
        <t>" " "ever" " "</t>
        <t>" " "had" " "</t>
        <t>" " "an" " "</t>
        <t>" " "hour" " "</t>
        <t>" " "free" " "</t>
        <t>" " "when" " "</t>
        <t>" " "the" " "</t>
        <t>" " "Countess" " "</t>
        <t>" " "did" " "</t>
        <t>" " "not" " "</t>
        <t>" " "need" " "</t>
        <t>" " "her" ""</t>
        <t>"" "," " "</t>
        <t>" " "then" " "</t>
        <t>" " "she" " "</t>
        <t>" " "had" " "</t>
        <t>" " "to" " "</t>
        <t>" " "do" " "</t>
        <t>" " "all" " "</t>
        <t>" " "kinds" " "</t>
        <t>" " "of" " "</t>
        <t>" " "sewing" " "</t>
        <t>" " "for" " "</t>
        <t>" " "her" ""</t>
        <t>"" "." " "</t>
      </tokens>
      <parse>(ROOT (S (SBAR (IN If) (S (NP (NNP Rosemarie)) (ADVP (RB ever)) (VP (VBD had) (S (NP (DT an) (NN hour)) (ADJP (JJ free)) (SBAR (WHADVP (WRB when)) (S (NP (DT the) (NNPS Countess)) (VP (VBD did) (RB not) (VP (VB need) (NP (PRP her)))))))))) (, ,) (ADVP (RB then)) (NP (PRP she)) (VP (VBD had) (S (VP (TO to) (VP (VB do) (NP (NP (DT all) (NNS kinds)) (PP (IN of) (S (VP (VBG sewing) (PP (IN for) (NP (PRP her))))))))))) (. .)))</parse>
      <deps>mark(had-4, If-1)
nsubj(had-4, Rosemarie-2)
advmod(had-4, ever-3)
advcl(had-18, had-4)
det(hour-6, an-5)
nsubj(need-13, hour-6)
dep(need-13, free-7)
advmod(need-13, when-8)
det(Countess-10, the-9)
nsubj(need-13, Countess-10)
aux(need-13, did-11)
neg(need-13, not-12)
xcomp(had-4, need-13)
dobj(need-13, her-14)
advmod(had-18, then-16)
nsubj(had-18, she-17)
xsubj(do-20, she-17)
root(ROOT-0, had-18)
aux(do-20, to-19)
xcomp(had-18, do-20)
det(kinds-22, all-21)
dobj(do-20, kinds-22)
prepc_of(kinds-22, sewing-24)
prep_for(sewing-24, her-26)</deps>
      <events>
        <event id="e10" eiid="ei10" offset="4" string="had" tense="PAST" aspect="NONE" class="STATE" polarity="POS" modality="" happen="" lowerBoundDuration="" upperBoundDuration="" />
        <event id="e11" eiid="ei11" offset="13" string="need" tense="PAST" aspect="NONE" class="I_STATE" polarity="POS" modality="" happen="" lowerBoundDuration="" upperBoundDuration="" />
        <event id="e12" eiid="ei12" offset="18" string="had" tense="PAST" aspect="NONE" class="I_ACTION" polarity="POS" modality="" happen="" lowerBoundDuration="" upperBoundDuration="" />
        <event id="e13" eiid="ei13" offset="24" string="sewing" tense="PRESPART" aspect="NONE" class="OCCURRENCE" polarity="POS" modality="" happen="" lowerBoundDuration="" upperBoundDuration="" />
      </events>
      <timexes>
        <timex tid="t4" text="an hour" offset="5" length="2" type="DURATION" value="PT1H" temporalFunction="false" />
      </timexes>
    </entry>
    <entry sid="5" file="9783732502929_034.txt">
      <sentence>In the evening she had to attend her night toilet and at night she often had to sleep on the divan in the countess 's room when she felt unwell .</sentence>
      <tokens>
        <t>" " "In" " "</t>
        <t>" " "the" " "</t>
        <t>" " "evening" " "</t>
        <t>" " "she" " "</t>
        <t>" " "had" " "</t>
        <t>" " "to" " "</t>
        <t>" " "attend" " "</t>
        <t>" " "her" " "</t>
        <t>" " "night" " "</t>
        <t>" " "toilet" " "</t>
        <t>" " "and" " "</t>
        <t>" " "at" " "</t>
        <t>" " "night" " "</t>
        <t>" " "she" " "</t>
        <t>" " "often" " "</t>
        <t>" " "had" " "</t>
        <t>" " "to" " "</t>
        <t>" " "sleep" " "</t>
        <t>" " "on" " "</t>
        <t>" " "the" " "</t>
        <t>" " "divan" " "</t>
        <t>" " "in" " "</t>
        <t>" " "the" " "</t>
        <t>" " "countess" ""</t>
        <t>"" "'s" " "</t>
        <t>" " "room" " "</t>
        <t>" " "when" " "</t>
        <t>" " "she" " "</t>
        <t>" " "felt" " "</t>
        <t>" " "unwell" ""</t>
        <t>"" "." ""</t>
      </tokens>
      <parse>(ROOT (S (S (PP (IN In) (NP (DT the) (NN evening))) (NP (PRP she)) (VP (VBD had) (S (VP (TO to) (VP (VB attend) (NP (PRP$ her) (NN night) (NN toilet))))))) (CC and) (S (PP (IN at) (NP (NN night))) (NP (PRP she)) (VP (ADVP (RB often)) (VBD had) (S (VP (TO to) (VP (VB sleep) (PP (IN on) (NP (NP (DT the) (NN divan)) (PP (IN in) (NP (NP (DT the) (NNS countess) (POS 's)) (NN room))))) (SBAR (WHADVP (WRB when)) (S (NP (PRP she)) (VP (VBD felt) (ADJP (JJ unwell)))))))))) (. .)))</parse>
      <deps>det(evening-3, the-2)
prep_in(had-5, evening-3)
nsubj(had-5, she-4)
xsubj(attend-7, she-4)
root(ROOT-0, had-5)
aux(attend-7, to-6)
xcomp(had-5, attend-7)
poss(toilet-10, her-8)
nn(toilet-10, night-9)
dobj(attend-7, toilet-10)
prep_at(had-16, night-13)
nsubj(had-16, she-14)
xsubj(sleep-18, she-14)
advmod(had-16, often-15)
conj_and(had-5, had-16)
aux(sleep-18, to-17)
xcomp(had-16, sleep-18)
det(divan-21, the-20)
prep_on(sleep-18, divan-21)
det(countess-24, the-23)
poss(room-26, countess-24)
prep_in(divan-21, room-26)
advmod(felt-29, when-27)
nsubj(felt-29, she-28)
advcl(sleep-18, felt-29)
acomp(felt-29, unwell-30)</deps>
      <events>
        <event id="e14" eiid="ei14" offset="5" string="had" tense="PAST" aspect="NONE" class="OCCURRENCE" polarity="POS" modality="" happen="" lowerBoundDuration="" upperBoundDuration="" />
        <event id="e15" eiid="ei15" offset="7" string="attend" tense="INFINITIVE" aspect="NONE" class="OCCURRENCE" polarity="POS" modality="" happen="" lowerBoundDuration="" upperBoundDuration="" />
        <event id="e16" eiid="ei16" offset="18" string="sleep" tense="INFINITIVE" aspect="NONE" class="OCCURRENCE" polarity="POS" modality="" happen="" lowerBoundDuration="" upperBoundDuration="" />
        <event id="e17" eiid="ei17" offset="29" string="felt" tense="PAST" aspect="NONE" class="OCCURRENCE" polarity="POS" modality="" happen="" lowerBoundDuration="" upperBoundDuration="" />
      </events>
      <timexes>
        <timex tid="t5" text="evening" offset="3" length="1" type="TIME" value="TEV" temporalFunction="false" />
        <timex tid="t6" text="night" offset="9" length="1" type="TIME" value="TNI" temporalFunction="false" />
        <timex tid="t7" text="night" offset="13" length="1" type="TIME" value="TNI" temporalFunction="false" />
      </timexes>
    </entry>
    <tlink event1="ei1" event2="t1" relation="IS_INCLUDED" closed="false" origin="AdjacentVerbTimex" type="et" />
    <tlink event1="ei1" event2="t2" relation="INCLUDES" closed="false" origin="AdjacentVerbTimex" type="et" />
    <tlink event1="ei3" event2="t3" relation="IS_INCLUDED" closed="false" origin="AdjacentVerbTimex" type="et" />
    <tlink event1="ei10" event2="t4" relation="IS_INCLUDED" closed="false" origin="AdjacentVerbTimex" type="et" />
    <tlink event1="ei14" event2="t5" relation="IS_INCLUDED" closed="false" origin="AdjacentVerbTimex" type="et" />
    <tlink event1="ei15" event2="t6" relation="IS_INCLUDED" closed="false" origin="AdjacentVerbTimex" type="et" />
    <tlink event1="t1" event2="t2" relation="INCLUDES" closed="true" origin="AdjacentVerbTimex" type="tt" />
    <tlink event1="ei3" event2="ei4" relation="VAGUE" closed="false" origin="XCompDepSieve" type="ee" />
    <tlink event1="ei6" event2="ei7" relation="BEFORE" closed="false" origin="XCompDepSieve" type="ee" />
    <tlink event1="ei6" event2="ei8" relation="BEFORE" closed="false" origin="XCompDepSieve" type="ee" />
    <tlink event1="ei7" event2="ei8" relation="VAGUE" closed="false" origin="XCompDepSieve" type="ee" />
    <tlink event1="ei10" event2="ei11" relation="BEFORE" closed="false" origin="XCompDepSieve" type="ee" />
    <tlink event1="ei14" event2="ei15" relation="BEFORE" closed="false" origin="XCompDepSieve" type="ee" />
    <tlink event1="ei16" event2="ei17" relation="VAGUE" closed="false" origin="XCompDepSieve" type="ee" />
    <tlink event1="ei2" event2="ei3" relation="VAGUE" closed="false" origin="WordNet209" type="ee" />
    <tlink event1="ei2" event2="ei5" relation="VAGUE" closed="false" origin="WordNet209" type="ee" />
    <tlink event1="ei3" event2="ei5" relation="VAGUE" closed="false" origin="WordNet209" type="ee" />
    <tlink event1="ei3" event2="ei6" relation="VAGUE" closed="false" origin="WordNet209" type="ee" />
    <tlink event1="ei5" event2="ei6" relation="VAGUE" closed="false" origin="WordNet209" type="ee" />
    <tlink event1="ei6" event2="ei10" relation="VAGUE" closed="false" origin="WordNet209" type="ee" />
    <tlink event1="ei6" event2="ei12" relation="VAGUE" closed="false" origin="WordNet209" type="ee" />
    <tlink event1="ei10" event2="ei12" relation="VAGUE" closed="false" origin="WordNet209" type="ee" />
    <tlink event1="ei10" event2="ei14" relation="VAGUE" closed="false" origin="WordNet209" type="ee" />
    <tlink event1="ei12" event2="ei14" relation="VAGUE" closed="false" origin="WordNet209" type="ee" />
    <tlink event1="t6" event2="t7" relation="SIMULTANEOUS" closed="false" origin="WordNet209" type="tt" />
    <tlink event1="ei15" event2="t7" relation="IS_INCLUDED" closed="true" origin="WordNet209" type="et" />
    <tlink event1="ei4" event2="t3" relation="VAGUE" closed="false" origin="MLEventTimeSameSent" type="et" />
    <tlink event1="ei5" event2="t3" relation="VAGUE" closed="false" origin="MLEventTimeSameSent" type="et" />
    <tlink event1="ei11" event2="t4" relation="VAGUE" closed="false" origin="MLEventTimeSameSent" type="et" />
    <tlink event1="ei12" event2="t4" relation="BEFORE" closed="false" origin="MLEventTimeSameSent" type="et" />
    <tlink event1="ei13" event2="t4" relation="VAGUE" closed="false" origin="MLEventTimeSameSent" type="et" />
    <tlink event1="ei15" event2="t5" relation="VAGUE" closed="false" origin="MLEventTimeSameSent" type="et" />
    <tlink event1="ei16" event2="t5" relation="VAGUE" closed="false" origin="MLEventTimeSameSent" type="et" />
    <tlink event1="ei17" event2="t5" relation="BEFORE" closed="false" origin="MLEventTimeSameSent" type="et" />
    <tlink event1="ei14" event2="t6" relation="IS_INCLUDED" closed="false" origin="MLEventTimeSameSent" type="et" />
    <tlink event1="ei16" event2="t6" relation="VAGUE" closed="false" origin="MLEventTimeSameSent" type="et" />
    <tlink event1="ei17" event2="t6" relation="BEFORE" closed="false" origin="MLEventTimeSameSent" type="et" />
    <tlink event1="ei14" event2="t7" relation="IS_INCLUDED" closed="false" origin="MLEventTimeSameSent" type="et" />
    <tlink event1="ei16" event2="t7" relation="VAGUE" closed="false" origin="MLEventTimeSameSent" type="et" />
    <tlink event1="ei17" event2="t7" relation="BEFORE" closed="false" origin="MLEventTimeSameSent" type="et" />
    <tlink event1="ei14" event2="ei17" relation="AFTER" closed="true" origin="MLEventTimeSameSent" type="ee" />
    <tlink event1="ei15" event2="ei17" relation="AFTER" closed="true" origin="MLEventTimeSameSent" type="ee" />
    <tlink event1="ei4" event2="ei5" relation="VAGUE" closed="false" origin="MLEventEventDominates" type="ee" />
    <tlink event1="ei6" event2="ei9" relation="VAGUE" closed="false" origin="MLEventEventDominates" type="ee" />
    <tlink event1="ei8" event2="ei9" relation="VAGUE" closed="false" origin="MLEventEventDominates" type="ee" />
    <tlink event1="ei12" event2="ei13" relation="AFTER" closed="false" origin="MLEventEventDominates" type="ee" />
    <tlink event1="ei7" event2="ei9" relation="VAGUE" closed="false" origin="MLEventEventSameSent" type="ee" />
    <tlink event1="ei10" event2="ei13" relation="AFTER" closed="false" origin="MLEventEventSameSent" type="ee" />
    <tlink event1="ei11" event2="ei12" relation="AFTER" closed="false" origin="MLEventEventSameSent" type="ee" />
    <tlink event1="ei11" event2="ei13" relation="AFTER" closed="false" origin="MLEventEventSameSent" type="ee" />
    <tlink event1="ei14" event2="ei16" relation="VAGUE" closed="false" origin="MLEventEventSameSent" type="ee" />
    <tlink event1="ei15" event2="ei16" relation="VAGUE" closed="false" origin="MLEventEventSameSent" type="ee" />
    <tlink event1="ei1" event2="ei2" relation="VAGUE" closed="false" origin="AllVagueSieve" type="ee" />
    <tlink event1="t1" event2="ei2" relation="VAGUE" closed="false" origin="AllVagueSieve" type="et" />
    <tlink event1="t2" event2="ei2" relation="VAGUE" closed="false" origin="AllVagueSieve" type="et" />
    <tlink event1="ei2" event2="ei4" relation="VAGUE" closed="false" origin="AllVagueSieve" type="ee" />
    <tlink event1="ei2" event2="t3" relation="VAGUE" closed="false" origin="AllVagueSieve" type="et" />
    <tlink event1="ei3" event2="ei7" relation="VAGUE" closed="false" origin="AllVagueSieve" type="ee" />
    <tlink event1="ei3" event2="ei8" relation="VAGUE" closed="false" origin="AllVagueSieve" type="ee" />
    <tlink event1="ei3" event2="ei9" relation="VAGUE" closed="false" origin="AllVagueSieve" type="ee" />
    <tlink event1="ei4" event2="ei6" relation="VAGUE" closed="false" origin="AllVagueSieve" type="ee" />
    <tlink event1="ei4" event2="ei7" relation="VAGUE" closed="false" origin="AllVagueSieve" type="ee" />
    <tlink event1="ei4" event2="ei8" relation="VAGUE" closed="false" origin="AllVagueSieve" type="ee" />
    <tlink event1="ei4" event2="ei9" relation="VAGUE" closed="false" origin="AllVagueSieve" type="ee" />
    <tlink event1="ei5" event2="ei7" relation="VAGUE" closed="false" origin="AllVagueSieve" type="ee" />
    <tlink event1="ei5" event2="ei8" relation="VAGUE" closed="false" origin="AllVagueSieve" type="ee" />
    <tlink event1="ei5" event2="ei9" relation="VAGUE" closed="false" origin="AllVagueSieve" type="ee" />
    <tlink event1="t3" event2="ei6" relation="VAGUE" closed="false" origin="AllVagueSieve" type="et" />
    <tlink event1="t3" event2="ei7" relation="VAGUE" closed="false" origin="AllVagueSieve" type="et" />
    <tlink event1="t3" event2="ei8" relation="VAGUE" closed="false" origin="AllVagueSieve" type="et" />
    <tlink event1="t3" event2="ei9" relation="VAGUE" closed="false" origin="AllVagueSieve" type="et" />
    <tlink event1="ei6" event2="ei11" relation="VAGUE" closed="false" origin="AllVagueSieve" type="ee" />
    <tlink event1="ei6" event2="ei13" relation="VAGUE" closed="false" origin="AllVagueSieve" type="ee" />
    <tlink event1="ei6" event2="t4" relation="VAGUE" closed="false" origin="AllVagueSieve" type="et" />
    <tlink event1="ei7" event2="ei10" relation="VAGUE" closed="false" origin="AllVagueSieve" type="ee" />
    <tlink event1="ei7" event2="ei11" relation="VAGUE" closed="false" origin="AllVagueSieve" type="ee" />
    <tlink event1="ei7" event2="ei12" relation="VAGUE" closed="false" origin="AllVagueSieve" type="ee" />
    <tlink event1="ei7" event2="ei13" relation="VAGUE" closed="false" origin="AllVagueSieve" type="ee" />
    <tlink event1="ei7" event2="t4" relation="VAGUE" closed="false" origin="AllVagueSieve" type="et" />
    <tlink event1="ei8" event2="ei10" relation="VAGUE" closed="false" origin="AllVagueSieve" type="ee" />
    <tlink event1="ei8" event2="ei11" relation="VAGUE" closed="false" origin="AllVagueSieve" type="ee" />
    <tlink event1="ei8" event2="ei12" relation="VAGUE" closed="false" origin="AllVagueSieve" type="ee" />
    <tlink event1="ei8" event2="ei13" relation="VAGUE" closed="false" origin="AllVagueSieve" type="ee" />
    <tlink event1="ei8" event2="t4" relation="VAGUE" closed="false" origin="AllVagueSieve" type="et" />
    <tlink event1="ei9" event2="ei10" relation="VAGUE" closed="false" origin="AllVagueSieve" type="ee" />
    <tlink event1="ei9" event2="ei11" relation="VAGUE" closed="false" origin="AllVagueSieve" type="ee" />
    <tlink event1="ei9" event2="ei12" relation="VAGUE" closed="false" origin="AllVagueSieve" type="ee" />
    <tlink event1="ei9" event2="ei13" relation="VAGUE" closed="false" origin="AllVagueSieve" type="ee" />
    <tlink event1="ei9" event2="t4" relation="VAGUE" closed="false" origin="AllVagueSieve" type="et" />
    <tlink event1="ei10" event2="ei15" relation="VAGUE" closed="false" origin="AllVagueSieve" type="ee" />
    <tlink event1="ei10" event2="ei16" relation="VAGUE" closed="false" origin="AllVagueSieve" type="ee" />
    <tlink event1="ei10" event2="ei17" relation="VAGUE" closed="false" origin="AllVagueSieve" type="ee" />
    <tlink event1="ei10" event2="t5" relation="VAGUE" closed="false" origin="AllVagueSieve" type="et" />
    <tlink event1="ei10" event2="t6" relation="VAGUE" closed="false" origin="AllVagueSieve" type="et" />
    <tlink event1="ei10" event2="t7" relation="VAGUE" closed="false" origin="AllVagueSieve" type="et" />
    <tlink event1="ei11" event2="ei14" relation="VAGUE" closed="false" origin="AllVagueSieve" type="ee" />
    <tlink event1="ei11" event2="ei15" relation="VAGUE" closed="false" origin="AllVagueSieve" type="ee" />
    <tlink event1="ei11" event2="ei16" relation="VAGUE" closed="false" origin="AllVagueSieve" type="ee" />
    <tlink event1="ei11" event2="ei17" relation="VAGUE" closed="false" origin="AllVagueSieve" type="ee" />
    <tlink event1="ei11" event2="t5" relation="VAGUE" closed="false" origin="AllVagueSieve" type="et" />
    <tlink event1="ei11" event2="t6" relation="VAGUE" closed="false" origin="AllVagueSieve" type="et" />
    <tlink event1="ei11" event2="t7" relation="VAGUE" closed="false" origin="AllVagueSieve" type="et" />
    <tlink event1="ei12" event2="ei15" relation="VAGUE" closed="false" origin="AllVagueSieve" type="ee" />
    <tlink event1="ei12" event2="ei16" relation="VAGUE" closed="false" origin="AllVagueSieve" type="ee" />
    <tlink event1="ei12" event2="ei17" relation="VAGUE" closed="false" origin="AllVagueSieve" type="ee" />
    <tlink event1="ei12" event2="t5" relation="VAGUE" closed="false" origin="AllVagueSieve" type="et" />
    <tlink event1="ei12" event2="t6" relation="VAGUE" closed="false" origin="AllVagueSieve" type="et" />
    <tlink event1="ei12" event2="t7" relation="VAGUE" closed="false" origin="AllVagueSieve" type="et" />
    <tlink event1="ei13" event2="ei14" relation="VAGUE" closed="false" origin="AllVagueSieve" type="ee" />
    <tlink event1="ei13" event2="ei15" relation="VAGUE" closed="false" origin="AllVagueSieve" type="ee" />
    <tlink event1="ei13" event2="ei16" relation="VAGUE" closed="false" origin="AllVagueSieve" type="ee" />
    <tlink event1="ei13" event2="ei17" relation="VAGUE" closed="false" origin="AllVagueSieve" type="ee" />
    <tlink event1="ei13" event2="t5" relation="VAGUE" closed="false" origin="AllVagueSieve" type="et" />
    <tlink event1="ei13" event2="t6" relation="VAGUE" closed="false" origin="AllVagueSieve" type="et" />
    <tlink event1="ei13" event2="t7" relation="VAGUE" closed="false" origin="AllVagueSieve" type="et" />
    <tlink event1="t4" event2="t5" relation="VAGUE" closed="false" origin="AllVagueSieve" type="tt" />
    <tlink event1="t4" event2="t6" relation="VAGUE" closed="false" origin="AllVagueSieve" type="tt" />
    <tlink event1="t4" event2="t7" relation="VAGUE" closed="false" origin="AllVagueSieve" type="tt" />
    <tlink event1="t4" event2="ei14" relation="VAGUE" closed="false" origin="AllVagueSieve" type="et" />
    <tlink event1="t4" event2="ei15" relation="VAGUE" closed="false" origin="AllVagueSieve" type="et" />
    <tlink event1="t4" event2="ei16" relation="VAGUE" closed="false" origin="AllVagueSieve" type="et" />
    <tlink event1="t4" event2="ei17" relation="VAGUE" closed="false" origin="AllVagueSieve" type="et" />
    <tlink event1="t5" event2="t6" relation="VAGUE" closed="false" origin="AllVagueSieve" type="tt" />
    <tlink event1="t5" event2="t7" relation="VAGUE" closed="false" origin="AllVagueSieve" type="tt" />
  </file>
</root>

