<?xml version="1.0" encoding="UTF-8"?>
<root xmlns="http://chambers.com/corpusinfo">
  <file name="9783732502929_014.txt">
    <entry sid="0" file="9783732502929_014.txt">
      <sentence>Days passed before Mrs. von Salten recovered enough to leave the bed again in a matter of hours .</sentence>
      <tokens>
        <t>"" "Days" " "</t>
        <t>" " "passed" " "</t>
        <t>" " "before" " "</t>
        <t>" " "Mrs." " "</t>
        <t>" " "von" " "</t>
        <t>" " "Salten" " "</t>
        <t>" " "recovered" " "</t>
        <t>" " "enough" " "</t>
        <t>" " "to" " "</t>
        <t>" " "leave" " "</t>
        <t>" " "the" " "</t>
        <t>" " "bed" " "</t>
        <t>" " "again" " "</t>
        <t>" " "in" " "</t>
        <t>" " "a" " "</t>
        <t>" " "matter" " "</t>
        <t>" " "of" " "</t>
        <t>" " "hours" ""</t>
        <t>"" "." " "</t>
      </tokens>
      <parse>(ROOT (S (NP (NNS Days)) (VP (VBD passed) (SBAR (IN before) (S (NP (NNP Mrs.) (NNP von) (NNP Salten)) (VP (VBD recovered) (ADJP (JJ enough) (S (VP (TO to) (VP (VB leave) (NP (DT the) (NN bed)) (ADVP (RB again)) (PP (IN in) (NP (NP (DT a) (NN matter)) (PP (IN of) (NP (NNS hours))))))))))))) (. .)))</parse>
      <deps>nsubj(passed-2, Days-1)
root(ROOT-0, passed-2)
mark(recovered-7, before-3)
nn(Salten-6, Mrs.-4)
nn(Salten-6, von-5)
nsubj(recovered-7, Salten-6)
advcl(passed-2, recovered-7)
acomp(recovered-7, enough-8)
aux(leave-10, to-9)
xcomp(enough-8, leave-10)
det(bed-12, the-11)
dobj(leave-10, bed-12)
advmod(leave-10, again-13)
det(matter-16, a-15)
prep_in(leave-10, matter-16)
prep_of(matter-16, hours-18)</deps>
      <events>
        <event id="e1" eiid="ei1" offset="2" string="passed" tense="PAST" aspect="NONE" class="OCCURRENCE" polarity="POS" modality="" happen="" lowerBoundDuration="" upperBoundDuration="" />
        <event id="e2" eiid="ei2" offset="7" string="recovered" tense="PAST" aspect="NONE" class="OCCURRENCE" polarity="POS" modality="" happen="" lowerBoundDuration="" upperBoundDuration="" />
        <event id="e3" eiid="ei3" offset="10" string="leave" tense="INFINITIVE" aspect="NONE" class="OCCURRENCE" polarity="POS" modality="" happen="" lowerBoundDuration="" upperBoundDuration="" />
      </events>
      <timexes>
        <timex tid="t1" text="Days" offset="1" length="1" type="DURATION" value="PXD" temporalFunction="false" />
        <timex tid="t2" text="hours" offset="18" length="1" type="DURATION" value="PTXH" temporalFunction="false" />
      </timexes>
    </entry>
    <entry sid="1" file="9783732502929_014.txt">
      <sentence>And she seemed to have aged by years .</sentence>
      <tokens>
        <t>" " "And" " "</t>
        <t>" " "she" " "</t>
        <t>" " "seemed" " "</t>
        <t>" " "to" " "</t>
        <t>" " "have" " "</t>
        <t>" " "aged" " "</t>
        <t>" " "by" " "</t>
        <t>" " "years" ""</t>
        <t>"" "." " "</t>
      </tokens>
      <parse>(ROOT (S (CC And) (NP (PRP she)) (VP (VBD seemed) (S (VP (TO to) (VP (VB have) (VP (VBN aged) (PP (IN by) (NP (NNS years)))))))) (. .)))</parse>
      <deps>cc(seemed-3, And-1)
nsubj(seemed-3, she-2)
xsubj(aged-6, she-2)
root(ROOT-0, seemed-3)
aux(aged-6, to-4)
aux(aged-6, have-5)
xcomp(seemed-3, aged-6)
prep_by(aged-6, years-8)</deps>
      <events>
        <event id="e4" eiid="ei4" offset="3" string="seemed" tense="PAST" aspect="NONE" class="I_STATE" polarity="POS" modality="" happen="" lowerBoundDuration="" upperBoundDuration="" />
        <event id="e5" eiid="ei5" offset="6" string="aged" tense="NONE" aspect="NONE" class="OCCURRENCE" polarity="POS" modality="" happen="" lowerBoundDuration="" upperBoundDuration="" />
      </events>
      <timexes>
        <timex tid="t3" text="years" offset="8" length="1" type="DURATION" value="PXY" temporalFunction="false" />
      </timexes>
    </entry>
    <entry sid="2" file="9783732502929_014.txt">
      <sentence>But no sooner had she regained control of her body than she was already making new plans .</sentence>
      <tokens>
        <t>" " "But" " "</t>
        <t>" " "no" " "</t>
        <t>" " "sooner" " "</t>
        <t>" " "had" " "</t>
        <t>" " "she" " "</t>
        <t>" " "regained" " "</t>
        <t>" " "control" " "</t>
        <t>" " "of" " "</t>
        <t>" " "her" " "</t>
        <t>" " "body" " "</t>
        <t>" " "than" " "</t>
        <t>" " "she" " "</t>
        <t>" " "was" " "</t>
        <t>" " "already" " "</t>
        <t>" " "making" " "</t>
        <t>" " "new" " "</t>
        <t>" " "plans" ""</t>
        <t>"" "." " "</t>
      </tokens>
      <parse>(ROOT (S (CC But) (NP (DT no) (NN sooner)) (VP (VBD had) (S (NP (PRP she)) (VP (VBD regained) (NP (NP (NN control)) (PP (IN of) (NP (PRP$ her) (NN body)))))) (SBAR (IN than) (S (NP (PRP she)) (VP (VBD was) (ADVP (RB already)) (VP (VBG making) (NP (JJ new) (NNS plans))))))) (. .)))</parse>
      <deps>cc(had-4, But-1)
det(sooner-3, no-2)
nsubj(had-4, sooner-3)
root(ROOT-0, had-4)
nsubj(regained-6, she-5)
ccomp(had-4, regained-6)
dobj(regained-6, control-7)
poss(body-10, her-9)
prep_of(control-7, body-10)
mark(making-15, than-11)
nsubj(making-15, she-12)
aux(making-15, was-13)
advmod(making-15, already-14)
advcl(had-4, making-15)
amod(plans-17, new-16)
dobj(making-15, plans-17)</deps>
      <events>
        <event id="e6" eiid="ei6" offset="6" string="regained" tense="PAST" aspect="NONE" class="I_ACTION" polarity="POS" modality="" happen="" lowerBoundDuration="" upperBoundDuration="" />
        <event id="e7" eiid="ei7" offset="15" string="making" tense="PRESENT" aspect="PROGRESSIVE" class="OCCURRENCE" polarity="POS" modality="" happen="" lowerBoundDuration="" upperBoundDuration="" />
      </events>
      <timexes />
    </entry>
    <entry sid="3" file="9783732502929_014.txt">
      <sentence>One day she wrote in her diary I have rejoiced too soon , the fountain of my sufferings is not yet full , and the beautiful dream of peace and liberation is dreamed out .</sentence>
      <tokens>
        <t>" " "One" " "</t>
        <t>" " "day" " "</t>
        <t>" " "she" " "</t>
        <t>" " "wrote" " "</t>
        <t>" " "in" " "</t>
        <t>" " "her" " "</t>
        <t>" " "diary" " "</t>
        <t>" " "I" " "</t>
        <t>" " "have" " "</t>
        <t>" " "rejoiced" " "</t>
        <t>" " "too" " "</t>
        <t>" " "soon" ""</t>
        <t>"" "," " "</t>
        <t>" " "the" " "</t>
        <t>" " "fountain" " "</t>
        <t>" " "of" " "</t>
        <t>" " "my" " "</t>
        <t>" " "sufferings" " "</t>
        <t>" " "is" " "</t>
        <t>" " "not" " "</t>
        <t>" " "yet" " "</t>
        <t>" " "full" ""</t>
        <t>"" "," " "</t>
        <t>" " "and" " "</t>
        <t>" " "the" " "</t>
        <t>" " "beautiful" " "</t>
        <t>" " "dream" " "</t>
        <t>" " "of" " "</t>
        <t>" " "peace" " "</t>
        <t>" " "and" " "</t>
        <t>" " "liberation" " "</t>
        <t>" " "is" " "</t>
        <t>" " "dreamed" " "</t>
        <t>" " "out" ""</t>
        <t>"" "." " "</t>
      </tokens>
      <parse>(ROOT (S (S (NP (CD One) (NN day)) (NP (PRP she)) (VP (VBD wrote) (SBAR (S (PP (IN in) (NP (PRP$ her) (NN diary))) (NP (PRP I)) (VP (VBP have) (VP (VBN rejoiced) (ADVP (RB too) (RB soon)))))))) (, ,) (S (NP (NP (DT the) (NN fountain)) (PP (IN of) (NP (PRP$ my) (NNS sufferings)))) (VP (VBZ is) (RB not) (ADJP (RB yet) (JJ full)))) (, ,) (CC and) (S (NP (NP (DT the) (JJ beautiful) (NN dream)) (PP (IN of) (NP (NN peace) (CC and) (NN liberation)))) (VP (VBZ is) (VP (VBN dreamed) (PRT (RP out))))) (. .)))</parse>
      <deps>num(day-2, One-1)
tmod(wrote-4, day-2)
nsubj(wrote-4, she-3)
root(ROOT-0, wrote-4)
poss(diary-7, her-6)
prep_in(rejoiced-10, diary-7)
nsubj(rejoiced-10, I-8)
aux(rejoiced-10, have-9)
ccomp(wrote-4, rejoiced-10)
advmod(soon-12, too-11)
advmod(rejoiced-10, soon-12)
det(fountain-15, the-14)
nsubj(full-22, fountain-15)
poss(sufferings-18, my-17)
prep_of(fountain-15, sufferings-18)
cop(full-22, is-19)
neg(full-22, not-20)
advmod(full-22, yet-21)
ccomp(wrote-4, full-22)
conj_and(wrote-4, full-22)
det(dream-27, the-25)
amod(dream-27, beautiful-26)
nsubjpass(dreamed-33, dream-27)
prep_of(dream-27, peace-29)
prep_of(dream-27, liberation-31)
conj_and(peace-29, liberation-31)
auxpass(dreamed-33, is-32)
conj_and(wrote-4, dreamed-33)
prt(dreamed-33, out-34)</deps>
      <events>
        <event id="e8" eiid="ei8" offset="4" string="wrote" tense="PAST" aspect="NONE" class="OCCURRENCE" polarity="POS" modality="" happen="" lowerBoundDuration="" upperBoundDuration="" />
        <event id="e9" eiid="ei9" offset="10" string="rejoiced" tense="PRESENT" aspect="PERFECTIVE" class="OCCURRENCE" polarity="POS" modality="" happen="" lowerBoundDuration="" upperBoundDuration="" />
        <event id="e10" eiid="ei10" offset="33" string="dreamed" tense="PRESENT" aspect="NONE" class="OCCURRENCE" polarity="POS" modality="" happen="" lowerBoundDuration="" upperBoundDuration="" />
      </events>
      <timexes>
        <timex tid="t4" text="One day" offset="1" length="2" type="DURATION" value="P1D" temporalFunction="false" />
      </timexes>
    </entry>
    <entry sid="4" file="9783732502929_014.txt">
      <sentence>Rosemary 's happiness has gone to pieces , and she has no idea why .</sentence>
      <tokens>
        <t>" " "Rosemary" ""</t>
        <t>"" "'s" " "</t>
        <t>" " "happiness" " "</t>
        <t>" " "has" " "</t>
        <t>" " "gone" " "</t>
        <t>" " "to" " "</t>
        <t>" " "pieces" ""</t>
        <t>"" "," " "</t>
        <t>" " "and" " "</t>
        <t>" " "she" " "</t>
        <t>" " "has" " "</t>
        <t>" " "no" " "</t>
        <t>" " "idea" " "</t>
        <t>" " "why" ""</t>
        <t>"" "." " "</t>
      </tokens>
      <parse>(ROOT (S (S (NP (NP (NNP Rosemary) (POS 's)) (NN happiness)) (VP (VBZ has) (VP (VBN gone) (PP (TO to) (NP (NNS pieces)))))) (, ,) (CC and) (S (NP (PRP she)) (VP (VBZ has) (NP (NP (DT no) (NN idea)) (FRAG (WHADVP (WRB why)))))) (. .)))</parse>
      <deps>poss(happiness-3, Rosemary-1)
nsubj(gone-5, happiness-3)
aux(gone-5, has-4)
root(ROOT-0, gone-5)
prep_to(gone-5, pieces-7)
nsubj(has-11, she-10)
conj_and(gone-5, has-11)
det(idea-13, no-12)
dobj(has-11, idea-13)
dep(idea-13, why-14)</deps>
      <events>
        <event id="e11" eiid="ei11" offset="5" string="gone" tense="PRESENT" aspect="PERFECTIVE" class="OCCURRENCE" polarity="POS" modality="" happen="" lowerBoundDuration="" upperBoundDuration="" />
      </events>
      <timexes />
    </entry>
    <entry sid="5" file="9783732502929_014.txt">
      <sentence>I , however , do .</sentence>
      <tokens>
        <t>" " "I" ""</t>
        <t>"" "," " "</t>
        <t>" " "however" ""</t>
        <t>"" "," " "</t>
        <t>" " "do" ""</t>
        <t>"" "." " "</t>
      </tokens>
      <parse>(ROOT (S (NP (PRP I)) (, ,) (ADVP (RB however)) (, ,) (VP (VBP do)) (. .)))</parse>
      <deps>nsubj(do-5, I-1)
advmod(do-5, however-3)
root(ROOT-0, do-5)</deps>
      <events />
      <timexes />
    </entry>
    <entry sid="6" file="9783732502929_014.txt">
      <sentence>A tiny remark in Fred Rittner 's farewell letter to Rosemarie told me .</sentence>
      <tokens>
        <t>" " "A" " "</t>
        <t>" " "tiny" " "</t>
        <t>" " "remark" " "</t>
        <t>" " "in" " "</t>
        <t>" " "Fred" " "</t>
        <t>" " "Rittner" ""</t>
        <t>"" "'s" " "</t>
        <t>" " "farewell" " "</t>
        <t>" " "letter" " "</t>
        <t>" " "to" " "</t>
        <t>" " "Rosemarie" " "</t>
        <t>" " "told" " "</t>
        <t>" " "me" ""</t>
        <t>"" "." " "</t>
      </tokens>
      <parse>(ROOT (S (NP (NP (DT A) (JJ tiny) (NN remark)) (PP (IN in) (NP (NP (NP (NNP Fred) (NNP Rittner) (POS 's)) (JJ farewell) (NN letter)) (PP (TO to) (NP (NNP Rosemarie)))))) (VP (VBD told) (NP (PRP me))) (. .)))</parse>
      <deps>det(remark-3, A-1)
amod(remark-3, tiny-2)
nsubj(told-12, remark-3)
nn(Rittner-6, Fred-5)
poss(letter-9, Rittner-6)
amod(letter-9, farewell-8)
prep_in(remark-3, letter-9)
prep_to(letter-9, Rosemarie-11)
root(ROOT-0, told-12)
dobj(told-12, me-13)</deps>
      <events>
        <event id="e12" eiid="ei12" offset="12" string="told" tense="PAST" aspect="NONE" class="REPORTING" polarity="POS" modality="" happen="" lowerBoundDuration="" upperBoundDuration="" />
      </events>
      <timexes />
    </entry>
    <entry sid="7" file="9783732502929_014.txt">
      <sentence>This remark was seemingly thrown in unintentionally , but it was meant for me .</sentence>
      <tokens>
        <t>" " "This" " "</t>
        <t>" " "remark" " "</t>
        <t>" " "was" " "</t>
        <t>" " "seemingly" " "</t>
        <t>" " "thrown" " "</t>
        <t>" " "in" " "</t>
        <t>" " "unintentionally" ""</t>
        <t>"" "," " "</t>
        <t>" " "but" " "</t>
        <t>" " "it" " "</t>
        <t>" " "was" " "</t>
        <t>" " "meant" " "</t>
        <t>" " "for" " "</t>
        <t>" " "me" ""</t>
        <t>"" "." " "</t>
      </tokens>
      <parse>(ROOT (S (S (NP (DT This) (NN remark)) (VP (VBD was) (ADVP (RB seemingly)) (VP (VBN thrown) (PP (IN in) (NP (NNP unintentionally)))))) (, ,) (CC but) (S (NP (PRP it)) (VP (VBD was) (VP (VBN meant) (PP (IN for) (NP (PRP me)))))) (. .)))</parse>
      <deps>det(remark-2, This-1)
nsubjpass(thrown-5, remark-2)
auxpass(thrown-5, was-3)
advmod(thrown-5, seemingly-4)
root(ROOT-0, thrown-5)
prep_in(thrown-5, unintentionally-7)
nsubjpass(meant-12, it-10)
auxpass(meant-12, was-11)
conj_but(thrown-5, meant-12)
prep_for(meant-12, me-14)</deps>
      <events>
        <event id="e13" eiid="ei13" offset="5" string="thrown" tense="PAST" aspect="NONE" class="OCCURRENCE" polarity="POS" modality="" happen="" lowerBoundDuration="" upperBoundDuration="" />
        <event id="e14" eiid="ei14" offset="12" string="meant" tense="PAST" aspect="NONE" class="I_ACTION" polarity="POS" modality="" happen="" lowerBoundDuration="" upperBoundDuration="" />
      </events>
      <timexes />
    </entry>
    <entry sid="8" file="9783732502929_014.txt">
      <sentence>Schlieben gossiped , and for Magnus Rittner and his brother I am now considered an adventuress whose daughter no honest man would take as a wife .</sentence>
      <tokens>
        <t>" " "Schlieben" " "</t>
        <t>" " "gossiped" ""</t>
        <t>"" "," " "</t>
        <t>" " "and" " "</t>
        <t>" " "for" " "</t>
        <t>" " "Magnus" " "</t>
        <t>" " "Rittner" " "</t>
        <t>" " "and" " "</t>
        <t>" " "his" " "</t>
        <t>" " "brother" " "</t>
        <t>" " "I" " "</t>
        <t>" " "am" " "</t>
        <t>" " "now" " "</t>
        <t>" " "considered" " "</t>
        <t>" " "an" " "</t>
        <t>" " "adventuress" " "</t>
        <t>" " "whose" " "</t>
        <t>" " "daughter" " "</t>
        <t>" " "no" " "</t>
        <t>" " "honest" " "</t>
        <t>" " "man" " "</t>
        <t>" " "would" " "</t>
        <t>" " "take" " "</t>
        <t>" " "as" " "</t>
        <t>" " "a" " "</t>
        <t>" " "wife" ""</t>
        <t>"" "." " "</t>
      </tokens>
      <parse>(ROOT (S (S (NP (NNP Schlieben)) (VP (VBD gossiped))) (, ,) (CC and) (S (PP (IN for) (NP (NP (NNP Magnus) (NNP Rittner)) (CC and) (NP (PRP$ his) (NN brother)))) (NP (PRP I)) (VP (VBP am) (ADVP (RB now)) (VP (VBN considered) (NP (NP (DT an) (NNS adventuress)) (SBAR (WHNP (WP$ whose) (NN daughter)) (S (NP (DT no) (JJ honest) (NN man)) (VP (MD would) (VP (VB take) (PP (IN as) (NP (DT a) (NN wife))))))))))) (. .)))</parse>
      <deps>nsubj(gossiped-2, Schlieben-1)
root(ROOT-0, gossiped-2)
nn(Rittner-7, Magnus-6)
prep_for(considered-14, Rittner-7)
poss(brother-10, his-9)
conj_and(Rittner-7, brother-10)
prep_for(considered-14, brother-10)
nsubjpass(considered-14, I-11)
auxpass(considered-14, am-12)
advmod(considered-14, now-13)
conj_and(gossiped-2, considered-14)
det(adventuress-16, an-15)
dobj(considered-14, adventuress-16)
poss(daughter-18, adventuress-16)
dobj(take-23, daughter-18)
rel(take-23, daughter-18)
det(man-21, no-19)
amod(man-21, honest-20)
nsubj(take-23, man-21)
aux(take-23, would-22)
rcmod(adventuress-16, take-23)
det(wife-26, a-25)
prep_as(take-23, wife-26)</deps>
      <events>
        <event id="e15" eiid="ei15" offset="2" string="gossiped" tense="PAST" aspect="NONE" class="REPORTING" polarity="POS" modality="" happen="" lowerBoundDuration="" upperBoundDuration="" />
        <event id="e16" eiid="ei16" offset="14" string="considered" tense="PRESENT" aspect="NONE" class="I_STATE" polarity="POS" modality="" happen="" lowerBoundDuration="" upperBoundDuration="" />
        <event id="e17" eiid="ei17" offset="23" string="take" tense="NONE" aspect="NONE" class="OCCURRENCE" polarity="POS" modality="" happen="" lowerBoundDuration="" upperBoundDuration="" />
      </events>
      <timexes>
        <timex tid="t5" text="now" offset="13" length="1" type="DATE" value="PRESENT_REF" temporalFunction="false" />
      </timexes>
    </entry>
    <entry sid="9" file="9783732502929_014.txt">
      <sentence>Is it so bad what I did ?</sentence>
      <tokens>
        <t>" " "Is" " "</t>
        <t>" " "it" " "</t>
        <t>" " "so" " "</t>
        <t>" " "bad" " "</t>
        <t>" " "what" " "</t>
        <t>" " "I" " "</t>
        <t>" " "did" ""</t>
        <t>"" "?" " "</t>
      </tokens>
      <parse>(ROOT (SQ (VBZ Is) (NP (PRP it)) (NP (NP (RB so) (JJ bad)) (SBAR (WHNP (WP what)) (S (NP (PRP I)) (VP (VBD did))))) (. ?)))</parse>
      <deps>cop(bad-4, Is-1)
nsubj(bad-4, it-2)
advmod(bad-4, so-3)
root(ROOT-0, bad-4)
dobj(did-7, bad-4)
rel(did-7, what-5)
nsubj(did-7, I-6)
rcmod(bad-4, did-7)</deps>
      <events />
      <timexes />
    </entry>
    <entry sid="10" file="9783732502929_014.txt">
      <sentence>Was I not driven to it by bitter need ?</sentence>
      <tokens>
        <t>" " "Was" " "</t>
        <t>" " "I" " "</t>
        <t>" " "not" " "</t>
        <t>" " "driven" " "</t>
        <t>" " "to" " "</t>
        <t>" " "it" " "</t>
        <t>" " "by" " "</t>
        <t>" " "bitter" " "</t>
        <t>" " "need" ""</t>
        <t>"" "?" " "</t>
      </tokens>
      <parse>(ROOT (SQ (VBD Was) (NP (PRP I)) (ADJP (RB not) (JJ driven) (PP (TO to) (NP (NP (PRP it)) (PP (IN by) (NP (JJ bitter) (NN need)))))) (. ?)))</parse>
      <deps>cop(driven-4, Was-1)
nsubj(driven-4, I-2)
neg(driven-4, not-3)
root(ROOT-0, driven-4)
prep_to(driven-4, it-6)
amod(need-9, bitter-8)
prep_by(it-6, need-9)</deps>
      <events />
      <timexes />
    </entry>
    <entry sid="11" file="9783732502929_014.txt">
      <sentence>Did I have any other choice if I did n't want to starve with my child ?</sentence>
      <tokens>
        <t>" " "Did" " "</t>
        <t>" " "I" " "</t>
        <t>" " "have" " "</t>
        <t>" " "any" " "</t>
        <t>" " "other" " "</t>
        <t>" " "choice" " "</t>
        <t>" " "if" " "</t>
        <t>" " "I" " "</t>
        <t>" " "did" ""</t>
        <t>"" "n't" " "</t>
        <t>" " "want" " "</t>
        <t>" " "to" " "</t>
        <t>" " "starve" " "</t>
        <t>" " "with" " "</t>
        <t>" " "my" " "</t>
        <t>" " "child" ""</t>
        <t>"" "?" " "</t>
      </tokens>
      <parse>(ROOT (SQ (VBD Did) (NP (PRP I)) (VP (VB have) (NP (DT any) (JJ other) (NN choice)) (SBAR (IN if) (S (NP (PRP I)) (VP (VBD did) (RB n't) (VP (VB want) (S (VP (TO to) (VP (VB starve) (PP (IN with) (NP (PRP$ my) (NN child))))))))))) (. ?)))</parse>
      <deps>aux(have-3, Did-1)
nsubj(have-3, I-2)
root(ROOT-0, have-3)
det(choice-6, any-4)
amod(choice-6, other-5)
dobj(have-3, choice-6)
mark(want-11, if-7)
nsubj(want-11, I-8)
xsubj(starve-13, I-8)
aux(want-11, did-9)
neg(want-11, n't-10)
advcl(have-3, want-11)
aux(starve-13, to-12)
xcomp(want-11, starve-13)
poss(child-16, my-15)
prep_with(starve-13, child-16)</deps>
      <events>
        <event id="e18" eiid="ei18" offset="11" string="want" tense="NONE" aspect="NONE" class="I_STATE" polarity="POS" modality="" happen="" lowerBoundDuration="" upperBoundDuration="" />
        <event id="e19" eiid="ei19" offset="13" string="starve" tense="INFINITIVE" aspect="NONE" class="OCCURRENCE" polarity="POS" modality="" happen="" lowerBoundDuration="" upperBoundDuration="" />
      </events>
      <timexes />
    </entry>
    <entry sid="12" file="9783732502929_014.txt">
      <sentence>Poor Rosemarie , she has been rejected because her mother is an adventuress .</sentence>
      <tokens>
        <t>" " "Poor" " "</t>
        <t>" " "Rosemarie" ""</t>
        <t>"" "," " "</t>
        <t>" " "she" " "</t>
        <t>" " "has" " "</t>
        <t>" " "been" " "</t>
        <t>" " "rejected" " "</t>
        <t>" " "because" " "</t>
        <t>" " "her" " "</t>
        <t>" " "mother" " "</t>
        <t>" " "is" " "</t>
        <t>" " "an" " "</t>
        <t>" " "adventuress" ""</t>
        <t>"" "." " "</t>
      </tokens>
      <parse>(ROOT (S (NP (NNP Poor) (NNP Rosemarie)) (, ,) (NP (PRP she)) (VP (VBZ has) (VP (VBN been) (VP (VBN rejected) (SBAR (IN because) (S (NP (PRP$ her) (NN mother)) (VP (VBZ is) (NP (DT an) (NNS adventuress)))))))) (. .)))</parse>
      <deps>nn(Rosemarie-2, Poor-1)
nsubjpass(rejected-7, Rosemarie-2)
nsubjpass(rejected-7, she-4)
aux(rejected-7, has-5)
auxpass(rejected-7, been-6)
root(ROOT-0, rejected-7)
mark(adventuress-13, because-8)
poss(mother-10, her-9)
nsubj(adventuress-13, mother-10)
cop(adventuress-13, is-11)
det(adventuress-13, an-12)
advcl(rejected-7, adventuress-13)</deps>
      <events>
        <event id="e20" eiid="ei20" offset="7" string="rejected" tense="PRESENT" aspect="PERFECTIVE" class="OCCURRENCE" polarity="POS" modality="" happen="" lowerBoundDuration="" upperBoundDuration="" />
      </events>
      <timexes />
    </entry>
    <entry sid="13" file="9783732502929_014.txt">
      <sentence>If she knew , it would have to destroy her .</sentence>
      <tokens>
        <t>" " "If" " "</t>
        <t>" " "she" " "</t>
        <t>" " "knew" ""</t>
        <t>"" "," " "</t>
        <t>" " "it" " "</t>
        <t>" " "would" " "</t>
        <t>" " "have" " "</t>
        <t>" " "to" " "</t>
        <t>" " "destroy" " "</t>
        <t>" " "her" ""</t>
        <t>"" "." " "</t>
      </tokens>
      <parse>(ROOT (S (SBAR (IN If) (S (NP (PRP she)) (VP (VBD knew)))) (, ,) (NP (PRP it)) (VP (MD would) (VP (VB have) (S (VP (TO to) (VP (VB destroy) (NP (PRP her))))))) (. .)))</parse>
      <deps>mark(knew-3, If-1)
nsubj(knew-3, she-2)
advcl(have-7, knew-3)
nsubj(have-7, it-5)
xsubj(destroy-9, it-5)
aux(have-7, would-6)
root(ROOT-0, have-7)
aux(destroy-9, to-8)
xcomp(have-7, destroy-9)
dobj(destroy-9, her-10)</deps>
      <events>
        <event id="e21" eiid="ei21" offset="3" string="knew" tense="PAST" aspect="NONE" class="OCCURRENCE" polarity="POS" modality="" happen="" lowerBoundDuration="" upperBoundDuration="" />
        <event id="e22" eiid="ei22" offset="7" string="have" tense="NONE" aspect="NONE" class="I_ACTION" polarity="POS" modality="" happen="" lowerBoundDuration="" upperBoundDuration="" />
        <event id="e23" eiid="ei23" offset="9" string="destroy" tense="INFINITIVE" aspect="NONE" class="OCCURRENCE" polarity="POS" modality="" happen="" lowerBoundDuration="" upperBoundDuration="" />
      </events>
      <timexes />
    </entry>
    <entry sid="14" file="9783732502929_014.txt">
      <sentence>She has such a delicate sense of honor - a terrible gift for her situation .</sentence>
      <tokens>
        <t>" " "She" " "</t>
        <t>" " "has" " "</t>
        <t>" " "such" " "</t>
        <t>" " "a" " "</t>
        <t>" " "delicate" " "</t>
        <t>" " "sense" " "</t>
        <t>" " "of" " "</t>
        <t>" " "honor" " "</t>
        <t>" " "-" " "</t>
        <t>" " "a" " "</t>
        <t>" " "terrible" " "</t>
        <t>" " "gift" " "</t>
        <t>" " "for" " "</t>
        <t>" " "her" " "</t>
        <t>" " "situation" ""</t>
        <t>"" "." " "</t>
      </tokens>
      <parse>(ROOT (S (NP (PRP She)) (VP (VBZ has) (NP (PDT such) (NP (NP (DT a) (JJ delicate) (NN sense)) (PP (IN of) (NP (NN honor)))) (: -) (NP (NP (DT a) (JJ terrible) (NN gift)) (PP (IN for) (NP (PRP$ her) (NN situation)))))) (. .)))</parse>
      <deps>nsubj(has-2, She-1)
root(ROOT-0, has-2)
dep(sense-6, such-3)
det(sense-6, a-4)
amod(sense-6, delicate-5)
dobj(has-2, sense-6)
prep_of(sense-6, honor-8)
det(gift-12, a-10)
amod(gift-12, terrible-11)
dep(sense-6, gift-12)
poss(situation-15, her-14)
prep_for(gift-12, situation-15)</deps>
      <events>
        <event id="e24" eiid="ei24" offset="15" string="situation" tense="NONE" aspect="NONE" class="OCCURRENCE" polarity="POS" modality="" happen="" lowerBoundDuration="" upperBoundDuration="" />
      </events>
      <timexes />
    </entry>
    <entry sid="15" file="9783732502929_014.txt">
      <sentence>The fact that Fred Rittner wrote her such a cold , meaningless farewell letter humbles her unspeakably .</sentence>
      <tokens>
        <t>" " "The" " "</t>
        <t>" " "fact" " "</t>
        <t>" " "that" " "</t>
        <t>" " "Fred" " "</t>
        <t>" " "Rittner" " "</t>
        <t>" " "wrote" " "</t>
        <t>" " "her" " "</t>
        <t>" " "such" " "</t>
        <t>" " "a" " "</t>
        <t>" " "cold" ""</t>
        <t>"" "," " "</t>
        <t>" " "meaningless" " "</t>
        <t>" " "farewell" " "</t>
        <t>" " "letter" " "</t>
        <t>" " "humbles" " "</t>
        <t>" " "her" " "</t>
        <t>" " "unspeakably" ""</t>
        <t>"" "." " "</t>
      </tokens>
      <parse>(ROOT (S (NP (NP (DT The) (NN fact)) (SBAR (IN that) (S (NP (NNP Fred) (NNP Rittner)) (VP (VBD wrote) (NP (PRP her)) (PP (JJ such) (NP (DT a) (JJ cold) (, ,) (JJ meaningless) (NN farewell) (NN letter))))))) (VP (VBZ humbles) (NP (PRP$ her) (NN unspeakably))) (. .)))</parse>
      <deps>det(fact-2, The-1)
nsubj(humbles-15, fact-2)
mark(wrote-6, that-3)
nn(Rittner-5, Fred-4)
nsubj(wrote-6, Rittner-5)
dep(fact-2, wrote-6)
dobj(wrote-6, her-7)
prep(wrote-6, such-8)
det(letter-14, a-9)
amod(letter-14, cold-10)
amod(letter-14, meaningless-12)
nn(letter-14, farewell-13)
dep(such-8, letter-14)
root(ROOT-0, humbles-15)
poss(unspeakably-17, her-16)
dobj(humbles-15, unspeakably-17)</deps>
      <events>
        <event id="e25" eiid="ei25" offset="6" string="wrote" tense="PAST" aspect="NONE" class="OCCURRENCE" polarity="POS" modality="" happen="" lowerBoundDuration="" upperBoundDuration="" />
        <event id="e26" eiid="ei26" offset="15" string="humbles" tense="PRESENT" aspect="NONE" class="OCCURRENCE" polarity="POS" modality="" happen="" lowerBoundDuration="" upperBoundDuration="" />
      </events>
      <timexes />
    </entry>
    <entry sid="16" file="9783732502929_014.txt">
      <sentence>She thinks he has given her up because she is poor .</sentence>
      <tokens>
        <t>" " "She" " "</t>
        <t>" " "thinks" " "</t>
        <t>" " "he" " "</t>
        <t>" " "has" " "</t>
        <t>" " "given" " "</t>
        <t>" " "her" " "</t>
        <t>" " "up" " "</t>
        <t>" " "because" " "</t>
        <t>" " "she" " "</t>
        <t>" " "is" " "</t>
        <t>" " "poor" ""</t>
        <t>"" "." " "</t>
      </tokens>
      <parse>(ROOT (S (NP (PRP She)) (VP (VBZ thinks) (SBAR (S (NP (PRP he)) (VP (VBZ has) (VP (VBN given) (NP (PRP her)) (ADVP (RB up)) (SBAR (IN because) (S (NP (PRP she)) (VP (VBZ is) (ADJP (JJ poor)))))))))) (. .)))</parse>
      <deps>nsubj(thinks-2, She-1)
root(ROOT-0, thinks-2)
nsubj(given-5, he-3)
aux(given-5, has-4)
ccomp(thinks-2, given-5)
dobj(given-5, her-6)
advmod(given-5, up-7)
mark(poor-11, because-8)
nsubj(poor-11, she-9)
cop(poor-11, is-10)
advcl(given-5, poor-11)</deps>
      <events>
        <event id="e27" eiid="ei27" offset="2" string="thinks" tense="PRESENT" aspect="NONE" class="REPORTING" polarity="POS" modality="" happen="" lowerBoundDuration="" upperBoundDuration="" />
        <event id="e28" eiid="ei28" offset="5" string="given" tense="PRESENT" aspect="PERFECTIVE" class="OCCURRENCE" polarity="POS" modality="" happen="" lowerBoundDuration="" upperBoundDuration="" />
      </events>
      <timexes />
    </entry>
    <entry sid="17" file="9783732502929_014.txt">
      <sentence>Oh no , her poverty would not have been an obstacle .</sentence>
      <tokens>
        <t>" " "Oh" " "</t>
        <t>" " "no" ""</t>
        <t>"" "," " "</t>
        <t>" " "her" " "</t>
        <t>" " "poverty" " "</t>
        <t>" " "would" " "</t>
        <t>" " "not" " "</t>
        <t>" " "have" " "</t>
        <t>" " "been" " "</t>
        <t>" " "an" " "</t>
        <t>" " "obstacle" ""</t>
        <t>"" "." " "</t>
      </tokens>
      <parse>(ROOT (S (INTJ (UH Oh)) (INTJ (UH no)) (, ,) (NP (PRP$ her) (NN poverty)) (VP (MD would) (RB not) (VP (VB have) (VP (VBN been) (NP (DT an) (NN obstacle))))) (. .)))</parse>
      <deps>discourse(obstacle-11, Oh-1)
discourse(obstacle-11, no-2)
poss(poverty-5, her-4)
nsubj(obstacle-11, poverty-5)
aux(obstacle-11, would-6)
neg(obstacle-11, not-7)
aux(obstacle-11, have-8)
cop(obstacle-11, been-9)
det(obstacle-11, an-10)
root(ROOT-0, obstacle-11)</deps>
      <events />
      <timexes />
    </entry>
    <entry sid="18" file="9783732502929_014.txt">
      <sentence>Schlieben told Magnus Rittner that I am an adventuress , so he hurriedly led his brother away .</sentence>
      <tokens>
        <t>" " "Schlieben" " "</t>
        <t>" " "told" " "</t>
        <t>" " "Magnus" " "</t>
        <t>" " "Rittner" " "</t>
        <t>" " "that" " "</t>
        <t>" " "I" " "</t>
        <t>" " "am" " "</t>
        <t>" " "an" " "</t>
        <t>" " "adventuress" ""</t>
        <t>"" "," " "</t>
        <t>" " "so" " "</t>
        <t>" " "he" " "</t>
        <t>" " "hurriedly" " "</t>
        <t>" " "led" " "</t>
        <t>" " "his" " "</t>
        <t>" " "brother" " "</t>
        <t>" " "away" ""</t>
        <t>"" "." " "</t>
      </tokens>
      <parse>(ROOT (S (S (NP (NNP Schlieben)) (VP (VBD told) (NP (NNP Magnus) (NNP Rittner)) (SBAR (IN that) (S (NP (PRP I)) (VP (VBP am) (NP (DT an) (NNS adventuress))))))) (, ,) (IN so) (S (NP (PRP he)) (ADVP (RB hurriedly)) (VP (VBD led) (NP (PRP$ his) (NN brother)) (ADVP (RB away)))) (. .)))</parse>
      <deps>nsubj(told-2, Schlieben-1)
root(ROOT-0, told-2)
nn(Rittner-4, Magnus-3)
dobj(told-2, Rittner-4)
mark(adventuress-9, that-5)
nsubj(adventuress-9, I-6)
cop(adventuress-9, am-7)
det(adventuress-9, an-8)
ccomp(told-2, adventuress-9)
dep(told-2, so-11)
nsubj(led-14, he-12)
advmod(led-14, hurriedly-13)
ccomp(told-2, led-14)
parataxis(told-2, led-14)
poss(brother-16, his-15)
dobj(led-14, brother-16)
advmod(led-14, away-17)</deps>
      <events>
        <event id="e29" eiid="ei29" offset="2" string="told" tense="PAST" aspect="NONE" class="REPORTING" polarity="POS" modality="" happen="" lowerBoundDuration="" upperBoundDuration="" />
        <event id="e30" eiid="ei30" offset="7" string="am" tense="PRESENT" aspect="NONE" class="I_STATE" polarity="POS" modality="" happen="" lowerBoundDuration="" upperBoundDuration="" />
        <event id="e31" eiid="ei31" offset="14" string="led" tense="PAST" aspect="NONE" class="OCCURRENCE" polarity="POS" modality="" happen="" lowerBoundDuration="" upperBoundDuration="" />
      </events>
      <timexes />
    </entry>
    <entry sid="19" file="9783732502929_014.txt">
      <sentence>Rosemarie must not suspect why she was spurned .</sentence>
      <tokens>
        <t>" " "Rosemarie" " "</t>
        <t>" " "must" " "</t>
        <t>" " "not" " "</t>
        <t>" " "suspect" " "</t>
        <t>" " "why" " "</t>
        <t>" " "she" " "</t>
        <t>" " "was" " "</t>
        <t>" " "spurned" ""</t>
        <t>"" "." " "</t>
      </tokens>
      <parse>(ROOT (S (NP (NNP Rosemarie)) (VP (MD must) (RB not) (VP (VB suspect) (SBAR (WHADVP (WRB why)) (S (NP (PRP she)) (VP (VBD was) (VP (VBN spurned))))))) (. .)))</parse>
      <deps>nsubj(suspect-4, Rosemarie-1)
aux(suspect-4, must-2)
neg(suspect-4, not-3)
root(ROOT-0, suspect-4)
advmod(spurned-8, why-5)
nsubjpass(spurned-8, she-6)
auxpass(spurned-8, was-7)
advcl(suspect-4, spurned-8)</deps>
      <events>
        <event id="e32" eiid="ei32" offset="4" string="suspect" tense="NONE" aspect="NONE" class="OCCURRENCE" polarity="POS" modality="" happen="" lowerBoundDuration="" upperBoundDuration="" />
        <event id="e33" eiid="ei33" offset="8" string="spurned" tense="PAST" aspect="NONE" class="OCCURRENCE" polarity="POS" modality="" happen="" lowerBoundDuration="" upperBoundDuration="" />
      </events>
      <timexes />
    </entry>
    <entry sid="20" file="9783732502929_014.txt">
      <sentence>I feel terribly sorry for her , and I suffer tenfold with her .</sentence>
      <tokens>
        <t>" " "I" " "</t>
        <t>" " "feel" " "</t>
        <t>" " "terribly" " "</t>
        <t>" " "sorry" " "</t>
        <t>" " "for" " "</t>
        <t>" " "her" ""</t>
        <t>"" "," " "</t>
        <t>" " "and" " "</t>
        <t>" " "I" " "</t>
        <t>" " "suffer" " "</t>
        <t>" " "tenfold" " "</t>
        <t>" " "with" " "</t>
        <t>" " "her" ""</t>
        <t>"" "." " "</t>
      </tokens>
      <parse>(ROOT (S (S (NP (PRP I)) (VP (VBP feel) (ADJP (RB terribly) (JJ sorry)) (PP (IN for) (NP (PRP her))))) (, ,) (CC and) (S (NP (PRP I)) (VP (VBP suffer) (ADVP (RB tenfold)) (PP (IN with) (NP (PRP her))))) (. .)))</parse>
      <deps>nsubj(feel-2, I-1)
root(ROOT-0, feel-2)
advmod(sorry-4, terribly-3)
acomp(feel-2, sorry-4)
prep_for(feel-2, her-6)
nsubj(suffer-10, I-9)
conj_and(feel-2, suffer-10)
advmod(suffer-10, tenfold-11)
prep_with(suffer-10, her-13)</deps>
      <events>
        <event id="e34" eiid="ei34" offset="10" string="suffer" tense="PRESENT" aspect="NONE" class="I_STATE" polarity="POS" modality="" happen="" lowerBoundDuration="" upperBoundDuration="" />
      </events>
      <timexes />
    </entry>
    <entry sid="21" file="9783732502929_014.txt">
      <sentence>But I must not let it get me down , I must keep my head up .</sentence>
      <tokens>
        <t>" " "But" " "</t>
        <t>" " "I" " "</t>
        <t>" " "must" " "</t>
        <t>" " "not" " "</t>
        <t>" " "let" " "</t>
        <t>" " "it" " "</t>
        <t>" " "get" " "</t>
        <t>" " "me" " "</t>
        <t>" " "down" ""</t>
        <t>"" "," " "</t>
        <t>" " "I" " "</t>
        <t>" " "must" " "</t>
        <t>" " "keep" " "</t>
        <t>" " "my" " "</t>
        <t>" " "head" " "</t>
        <t>" " "up" ""</t>
        <t>"" "." " "</t>
      </tokens>
      <parse>(ROOT (S (S (CC But) (NP (PRP I)) (VP (MD must) (RB not) (VP (VB let) (S (NP (PRP it)) (VP (VB get) (NP (PRP me)) (ADVP (RB down))))))) (, ,) (NP (PRP I)) (VP (MD must) (VP (VB keep) (NP (PRP$ my) (NN head)) (PRT (RP up)))) (. .)))</parse>
      <deps>cc(let-5, But-1)
nsubj(let-5, I-2)
aux(let-5, must-3)
neg(let-5, not-4)
ccomp(keep-13, let-5)
nsubj(get-7, it-6)
ccomp(let-5, get-7)
dobj(get-7, me-8)
advmod(get-7, down-9)
nsubj(keep-13, I-11)
aux(keep-13, must-12)
root(ROOT-0, keep-13)
poss(head-15, my-14)
dobj(keep-13, head-15)
prt(keep-13, up-16)</deps>
      <events>
        <event id="e35" eiid="ei35" offset="5" string="let" tense="FUTURE" aspect="NONE" class="OCCURRENCE" polarity="POS" modality="" happen="" lowerBoundDuration="" upperBoundDuration="" />
        <event id="e36" eiid="ei36" offset="7" string="get" tense="PRESENT" aspect="NONE" class="OCCURRENCE" polarity="POS" modality="" happen="" lowerBoundDuration="" upperBoundDuration="" />
        <event id="e37" eiid="ei37" offset="13" string="keep" tense="NONE" aspect="NONE" class="OCCURRENCE" polarity="POS" modality="" happen="" lowerBoundDuration="" upperBoundDuration="" />
      </events>
      <timexes />
    </entry>
    <entry sid="22" file="9783732502929_014.txt">
      <sentence>I must do everything in my power to marry Rosemarie off .</sentence>
      <tokens>
        <t>" " "I" " "</t>
        <t>" " "must" " "</t>
        <t>" " "do" " "</t>
        <t>" " "everything" " "</t>
        <t>" " "in" " "</t>
        <t>" " "my" " "</t>
        <t>" " "power" " "</t>
        <t>" " "to" " "</t>
        <t>" " "marry" " "</t>
        <t>" " "Rosemarie" " "</t>
        <t>" " "off" ""</t>
        <t>"" "." " "</t>
      </tokens>
      <parse>(ROOT (S (NP (PRP I)) (VP (MD must) (VP (VB do) (NP (NN everything)) (PP (IN in) (NP (PRP$ my) (NN power) (S (VP (TO to) (VP (VB marry) (NP (NNP Rosemarie)) (PRT (RP off))))))))) (. .)))</parse>
      <deps>nsubj(do-3, I-1)
aux(do-3, must-2)
root(ROOT-0, do-3)
dobj(do-3, everything-4)
poss(power-7, my-6)
prep_in(do-3, power-7)
aux(marry-9, to-8)
infmod(power-7, marry-9)
dobj(marry-9, Rosemarie-10)
prt(marry-9, off-11)</deps>
      <events>
        <event id="e38" eiid="ei38" offset="3" string="do" tense="NONE" aspect="NONE" class="OCCURRENCE" polarity="POS" modality="" happen="" lowerBoundDuration="" upperBoundDuration="" />
        <event id="e39" eiid="ei39" offset="9" string="marry" tense="INFINITIVE" aspect="NONE" class="OCCURRENCE" polarity="POS" modality="" happen="" lowerBoundDuration="" upperBoundDuration="" />
      </events>
      <timexes />
    </entry>
    <entry sid="23" file="9783732502929_014.txt">
      <sentence>We have to get away from here , into another environment , into another circle .</sentence>
      <tokens>
        <t>" " "We" " "</t>
        <t>" " "have" " "</t>
        <t>" " "to" " "</t>
        <t>" " "get" " "</t>
        <t>" " "away" " "</t>
        <t>" " "from" " "</t>
        <t>" " "here" ""</t>
        <t>"" "," " "</t>
        <t>" " "into" " "</t>
        <t>" " "another" " "</t>
        <t>" " "environment" ""</t>
        <t>"" "," " "</t>
        <t>" " "into" " "</t>
        <t>" " "another" " "</t>
        <t>" " "circle" ""</t>
        <t>"" "." " "</t>
      </tokens>
      <parse>(ROOT (S (NP (PRP We)) (VP (VBP have) (S (VP (TO to) (VP (VB get) (PRT (RP away)) (PP (IN from) (NP (RB here))) (, ,) (PP (IN into) (NP (DT another) (NN environment))) (, ,) (PP (IN into) (NP (DT another) (NN circle))))))) (. .)))</parse>
      <deps>nsubj(have-2, We-1)
xsubj(get-4, We-1)
root(ROOT-0, have-2)
aux(get-4, to-3)
xcomp(have-2, get-4)
prep_away_from(get-4, here-7)
det(environment-11, another-10)
prep_into(get-4, environment-11)
det(circle-15, another-14)
prep_into(get-4, circle-15)</deps>
      <events>
        <event id="e40" eiid="ei40" offset="4" string="get" tense="INFINITIVE" aspect="NONE" class="OCCURRENCE" polarity="POS" modality="" happen="" lowerBoundDuration="" upperBoundDuration="" />
      </events>
      <timexes />
    </entry>
    <entry sid="24" file="9783732502929_014.txt">
      <sentence>Fortunately , I still have some money .</sentence>
      <tokens>
        <t>" " "Fortunately" ""</t>
        <t>"" "," " "</t>
        <t>" " "I" " "</t>
        <t>" " "still" " "</t>
        <t>" " "have" " "</t>
        <t>" " "some" " "</t>
        <t>" " "money" ""</t>
        <t>"" "." " "</t>
      </tokens>
      <parse>(ROOT (S (ADVP (RB Fortunately)) (, ,) (NP (PRP I)) (ADVP (RB still)) (VP (VBP have) (NP (DT some) (NN money))) (. .)))</parse>
      <deps>advmod(have-5, Fortunately-1)
nsubj(have-5, I-3)
advmod(have-5, still-4)
root(ROOT-0, have-5)
det(money-7, some-6)
dobj(have-5, money-7)</deps>
      <events />
      <timexes />
    </entry>
    <entry sid="25" file="9783732502929_014.txt">
      <sentence>I ca n't pay back the two thousand marks now , I ca n't spare the money now .</sentence>
      <tokens>
        <t>" " "I" " "</t>
        <t>" " "ca" ""</t>
        <t>"" "n't" " "</t>
        <t>" " "pay" " "</t>
        <t>" " "back" " "</t>
        <t>" " "the" " "</t>
        <t>" " "two" " "</t>
        <t>" " "thousand" " "</t>
        <t>" " "marks" " "</t>
        <t>" " "now" ""</t>
        <t>"" "," " "</t>
        <t>" " "I" " "</t>
        <t>" " "ca" ""</t>
        <t>"" "n't" " "</t>
        <t>" " "spare" " "</t>
        <t>" " "the" " "</t>
        <t>" " "money" " "</t>
        <t>" " "now" ""</t>
        <t>"" "." " "</t>
      </tokens>
      <parse>(ROOT (S (S (NP (PRP I)) (VP (MD ca) (RB n't) (VP (VB pay) (PRT (RP back)) (NP (NP (DT the) (QP (CD two) (CD thousand)) (NNS marks)) (ADVP (RB now)))))) (, ,) (NP (PRP I)) (VP (MD ca) (RB n't) (VP (VB spare) (NP (DT the) (NN money)) (ADVP (RB now)))) (. .)))</parse>
      <deps>nsubj(pay-4, I-1)
aux(pay-4, ca-2)
neg(pay-4, n't-3)
ccomp(spare-15, pay-4)
prt(pay-4, back-5)
det(marks-9, the-6)
number(thousand-8, two-7)
num(marks-9, thousand-8)
dobj(pay-4, marks-9)
advmod(marks-9, now-10)
nsubj(spare-15, I-12)
aux(spare-15, ca-13)
neg(spare-15, n't-14)
root(ROOT-0, spare-15)
det(money-17, the-16)
dobj(spare-15, money-17)
advmod(spare-15, now-18)</deps>
      <events>
        <event id="e41" eiid="ei41" offset="4" string="pay" tense="FUTURE" aspect="NONE" class="OCCURRENCE" polarity="POS" modality="" happen="" lowerBoundDuration="" upperBoundDuration="" />
        <event id="e42" eiid="ei42" offset="15" string="spare" tense="FUTURE" aspect="NONE" class="OCCURRENCE" polarity="POS" modality="" happen="" lowerBoundDuration="" upperBoundDuration="" />
      </events>
      <timexes>
        <timex tid="t6" text="now" offset="10" length="1" type="DATE" value="PRESENT_REF" temporalFunction="false" />
        <timex tid="t7" text="now" offset="18" length="1" type="DATE" value="PRESENT_REF" temporalFunction="false" />
      </timexes>
    </entry>
    <entry sid="26" file="9783732502929_014.txt">
      <sentence>Oh , what a terrible life !</sentence>
      <tokens>
        <t>" " "Oh" ""</t>
        <t>"" "," " "</t>
        <t>" " "what" " "</t>
        <t>" " "a" " "</t>
        <t>" " "terrible" " "</t>
        <t>" " "life" ""</t>
        <t>"" "!" " "</t>
      </tokens>
      <parse>(ROOT (FRAG (INTJ (UH Oh)) (, ,) (NP (NP (WP what)) (NP (DT a) (ADJP (JJ terrible)) (NN life))) (. !)))</parse>
      <deps>discourse(what-3, Oh-1)
root(ROOT-0, what-3)
det(life-6, a-4)
amod(life-6, terrible-5)
dep(what-3, life-6)</deps>
      <events />
      <timexes />
    </entry>
    <entry sid="27" file="9783732502929_014.txt">
      <sentence>As soon as I am able to travel , we will leave Cairo and go to the Riviera .</sentence>
      <tokens>
        <t>" " "As" " "</t>
        <t>" " "soon" " "</t>
        <t>" " "as" " "</t>
        <t>" " "I" " "</t>
        <t>" " "am" " "</t>
        <t>" " "able" " "</t>
        <t>" " "to" " "</t>
        <t>" " "travel" ""</t>
        <t>"" "," " "</t>
        <t>" " "we" " "</t>
        <t>" " "will" " "</t>
        <t>" " "leave" " "</t>
        <t>" " "Cairo" " "</t>
        <t>" " "and" " "</t>
        <t>" " "go" " "</t>
        <t>" " "to" " "</t>
        <t>" " "the" " "</t>
        <t>" " "Riviera" ""</t>
        <t>"" "." " "</t>
      </tokens>
      <parse>(ROOT (S (ADVP (RB As) (RB soon) (SBAR (IN as) (S (NP (PRP I)) (VP (VBP am) (ADJP (JJ able) (S (VP (TO to) (VP (VB travel))))))))) (, ,) (NP (PRP we)) (VP (MD will) (VP (VP (VB leave) (NP (NNP Cairo))) (CC and) (VP (VB go) (PP (TO to) (NP (DT the) (NNP Riviera)))))) (. .)))</parse>
      <deps>advmod(soon-2, As-1)
advmod(leave-12, soon-2)
mark(able-6, as-3)
nsubj(able-6, I-4)
xsubj(travel-8, I-4)
cop(able-6, am-5)
ccomp(soon-2, able-6)
aux(travel-8, to-7)
xcomp(able-6, travel-8)
nsubj(leave-12, we-10)
nsubj(go-15, we-10)
aux(leave-12, will-11)
root(ROOT-0, leave-12)
dobj(leave-12, Cairo-13)
conj_and(leave-12, go-15)
det(Riviera-18, the-17)
prep_to(go-15, Riviera-18)</deps>
      <events>
        <event id="e43" eiid="ei43" offset="6" string="able" tense="PRESENT" aspect="NONE" class="I_STATE" polarity="POS" modality="" happen="" lowerBoundDuration="" upperBoundDuration="" />
        <event id="e44" eiid="ei44" offset="8" string="travel" tense="INFINITIVE" aspect="NONE" class="OCCURRENCE" polarity="POS" modality="" happen="" lowerBoundDuration="" upperBoundDuration="" />
        <event id="e45" eiid="ei45" offset="12" string="leave" tense="FUTURE" aspect="NONE" class="OCCURRENCE" polarity="POS" modality="" happen="" lowerBoundDuration="" upperBoundDuration="" />
        <event id="e46" eiid="ei46" offset="15" string="go" tense="PRESENT" aspect="NONE" class="OCCURRENCE" polarity="POS" modality="" happen="" lowerBoundDuration="" upperBoundDuration="" />
      </events>
      <timexes />
    </entry>
    <entry sid="28" file="9783732502929_014.txt">
      <sentence>Perhaps fortune will be favorable to us there .</sentence>
      <tokens>
        <t>" " "Perhaps" " "</t>
        <t>" " "fortune" " "</t>
        <t>" " "will" " "</t>
        <t>" " "be" " "</t>
        <t>" " "favorable" " "</t>
        <t>" " "to" " "</t>
        <t>" " "us" " "</t>
        <t>" " "there" ""</t>
        <t>"" "." " "</t>
      </tokens>
      <parse>(ROOT (S (ADVP (RB Perhaps)) (NP (NN fortune)) (VP (MD will) (VP (VB be) (ADJP (JJ favorable) (PP (TO to) (NP (PRP us)))) (ADVP (RB there)))) (. .)))</parse>
      <deps>advmod(favorable-5, Perhaps-1)
nsubj(favorable-5, fortune-2)
aux(favorable-5, will-3)
cop(favorable-5, be-4)
root(ROOT-0, favorable-5)
prep_to(favorable-5, us-7)
advmod(favorable-5, there-8)</deps>
      <events>
        <event id="e47" eiid="ei47" offset="5" string="favorable" tense="FUTURE" aspect="NONE" class="I_STATE" polarity="POS" modality="" happen="" lowerBoundDuration="" upperBoundDuration="" />
      </events>
      <timexes />
    </entry>
    <entry sid="29" file="9783732502929_014.txt">
      <sentence>Herr von Heinzius is there .</sentence>
      <tokens>
        <t>" " "Herr" " "</t>
        <t>" " "von" " "</t>
        <t>" " "Heinzius" " "</t>
        <t>" " "is" " "</t>
        <t>" " "there" ""</t>
        <t>"" "." " "</t>
      </tokens>
      <parse>(ROOT (S (NP (NNP Herr) (NNP von) (NNP Heinzius)) (VP (VBZ is) (ADVP (RB there))) (. .)))</parse>
      <deps>nn(Heinzius-3, Herr-1)
nn(Heinzius-3, von-2)
nsubj(is-4, Heinzius-3)
root(ROOT-0, is-4)
advmod(is-4, there-5)</deps>
      <events />
      <timexes />
    </entry>
    <entry sid="30" file="9783732502929_014.txt">
      <sentence>He courted Rosemarie so strongly in Sankt Moritz and would have explained himself if she had not prevented it .</sentence>
      <tokens>
        <t>" " "He" " "</t>
        <t>" " "courted" " "</t>
        <t>" " "Rosemarie" " "</t>
        <t>" " "so" " "</t>
        <t>" " "strongly" " "</t>
        <t>" " "in" " "</t>
        <t>" " "Sankt" " "</t>
        <t>" " "Moritz" " "</t>
        <t>" " "and" " "</t>
        <t>" " "would" " "</t>
        <t>" " "have" " "</t>
        <t>" " "explained" " "</t>
        <t>" " "himself" " "</t>
        <t>" " "if" " "</t>
        <t>" " "she" " "</t>
        <t>" " "had" " "</t>
        <t>" " "not" " "</t>
        <t>" " "prevented" " "</t>
        <t>" " "it" ""</t>
        <t>"" "." " "</t>
      </tokens>
      <parse>(ROOT (S (NP (PRP He)) (VP (VP (VBD courted) (NP (NNP Rosemarie)) (ADVP (ADVP (RB so) (RB strongly)) (PP (IN in) (NP (NNP Sankt) (NNP Moritz))))) (CC and) (VP (MD would) (VP (VB have) (VP (VBN explained) (NP (PRP himself)) (SBAR (IN if) (S (NP (PRP she)) (VP (VBD had) (RB not) (VP (VBN prevented) (NP (PRP it)))))))))) (. .)))</parse>
      <deps>nsubj(courted-2, He-1)
nsubj(explained-12, He-1)
root(ROOT-0, courted-2)
dobj(courted-2, Rosemarie-3)
advmod(strongly-5, so-4)
advmod(courted-2, strongly-5)
nn(Moritz-8, Sankt-7)
prep_in(strongly-5, Moritz-8)
aux(explained-12, would-10)
aux(explained-12, have-11)
conj_and(courted-2, explained-12)
dobj(explained-12, himself-13)
mark(prevented-18, if-14)
nsubj(prevented-18, she-15)
aux(prevented-18, had-16)
neg(prevented-18, not-17)
advcl(explained-12, prevented-18)
dobj(prevented-18, it-19)</deps>
      <events>
        <event id="e48" eiid="ei48" offset="2" string="courted" tense="PAST" aspect="NONE" class="OCCURRENCE" polarity="POS" modality="" happen="" lowerBoundDuration="" upperBoundDuration="" />
        <event id="e49" eiid="ei49" offset="12" string="explained" tense="NONE" aspect="PERFECTIVE" class="OCCURRENCE" polarity="POS" modality="" happen="" lowerBoundDuration="" upperBoundDuration="" />
        <event id="e50" eiid="ei50" offset="18" string="prevented" tense="PAST" aspect="NONE" class="OCCURRENCE" polarity="POS" modality="" happen="" lowerBoundDuration="" upperBoundDuration="" />
      </events>
      <timexes />
    </entry>
    <entry sid="31" file="9783732502929_014.txt">
      <sentence>He wrote me a little letter in which he tells me that he can not forget Rosemarie and asks me if she is not yet more favorably disposed towards him .</sentence>
      <tokens>
        <t>" " "He" " "</t>
        <t>" " "wrote" " "</t>
        <t>" " "me" " "</t>
        <t>" " "a" " "</t>
        <t>" " "little" " "</t>
        <t>" " "letter" " "</t>
        <t>" " "in" " "</t>
        <t>" " "which" " "</t>
        <t>" " "he" " "</t>
        <t>" " "tells" " "</t>
        <t>" " "me" " "</t>
        <t>" " "that" " "</t>
        <t>" " "he" " "</t>
        <t>" " "can" ""</t>
        <t>"" "not" " "</t>
        <t>" " "forget" " "</t>
        <t>" " "Rosemarie" " "</t>
        <t>" " "and" " "</t>
        <t>" " "asks" " "</t>
        <t>" " "me" " "</t>
        <t>" " "if" " "</t>
        <t>" " "she" " "</t>
        <t>" " "is" " "</t>
        <t>" " "not" " "</t>
        <t>" " "yet" " "</t>
        <t>" " "more" " "</t>
        <t>" " "favorably" " "</t>
        <t>" " "disposed" " "</t>
        <t>" " "towards" " "</t>
        <t>" " "him" ""</t>
        <t>"" "." " "</t>
      </tokens>
      <parse>(ROOT (S (NP (PRP He)) (VP (VBD wrote) (NP (PRP me)) (NP (NP (DT a) (JJ little) (NN letter)) (SBAR (WHPP (IN in) (WHNP (WDT which))) (S (NP (PRP he)) (VP (VBZ tells) (NP (PRP me)) (SBAR (IN that) (S (NP (PRP he)) (VP (VP (MD can) (RB not) (VP (VB forget) (NP (NNP Rosemarie)))) (CC and) (VP (VBZ asks) (NP (PRP me)) (SBAR (IN if) (S (NP (PRP she)) (VP (VBZ is) (RB not) (ADVP (RB yet)) (ADJP (ADVP (RBR more) (RB favorably)) (JJ disposed)) (PP (IN towards) (NP (PRP him))))))))))))))) (. .)))</parse>
      <deps>nsubj(wrote-2, He-1)
root(ROOT-0, wrote-2)
iobj(wrote-2, me-3)
det(letter-6, a-4)
amod(letter-6, little-5)
dobj(wrote-2, letter-6)
prep_in(tells-10, letter-6)
rel(tells-10, in-7)
nsubj(tells-10, he-9)
rcmod(letter-6, tells-10)
dobj(tells-10, me-11)
mark(forget-16, that-12)
nsubj(forget-16, he-13)
nsubj(asks-19, he-13)
aux(forget-16, can-14)
neg(forget-16, not-15)
ccomp(tells-10, forget-16)
dobj(forget-16, Rosemarie-17)
ccomp(tells-10, asks-19)
conj_and(forget-16, asks-19)
dobj(asks-19, me-20)
mark(disposed-28, if-21)
nsubj(disposed-28, she-22)
cop(disposed-28, is-23)
neg(disposed-28, not-24)
advmod(disposed-28, yet-25)
advmod(favorably-27, more-26)
advmod(disposed-28, favorably-27)
advcl(asks-19, disposed-28)
prep_towards(disposed-28, him-30)</deps>
      <events>
        <event id="e51" eiid="ei51" offset="2" string="wrote" tense="PAST" aspect="NONE" class="OCCURRENCE" polarity="POS" modality="" happen="" lowerBoundDuration="" upperBoundDuration="" />
        <event id="e52" eiid="ei52" offset="10" string="tells" tense="PRESENT" aspect="NONE" class="I_STATE" polarity="POS" modality="" happen="" lowerBoundDuration="" upperBoundDuration="" />
        <event id="e53" eiid="ei53" offset="16" string="forget" tense="NONE" aspect="NONE" class="OCCURRENCE" polarity="POS" modality="" happen="" lowerBoundDuration="" upperBoundDuration="" />
      </events>
      <timexes />
    </entry>
    <entry sid="32" file="9783732502929_014.txt">
      <sentence>He would carry her on his hands , fulfill her every wish .</sentence>
      <tokens>
        <t>" " "He" " "</t>
        <t>" " "would" " "</t>
        <t>" " "carry" " "</t>
        <t>" " "her" " "</t>
        <t>" " "on" " "</t>
        <t>" " "his" " "</t>
        <t>" " "hands" ""</t>
        <t>"" "," " "</t>
        <t>" " "fulfill" " "</t>
        <t>" " "her" " "</t>
        <t>" " "every" " "</t>
        <t>" " "wish" ""</t>
        <t>"" "." " "</t>
      </tokens>
      <parse>(ROOT (SINV (S (NP (PRP He)) (VP (MD would) (VP (VB carry) (NP (PRP her)) (PP (IN on) (NP (PRP$ his) (NNS hands)))))) (, ,) (VP (VBP fulfill) (NP (PRP her))) (NP (DT every) (NN wish)) (. .)))</parse>
      <deps>nsubj(carry-3, He-1)
aux(carry-3, would-2)
ccomp(fulfill-9, carry-3)
dobj(carry-3, her-4)
poss(hands-7, his-6)
prep_on(carry-3, hands-7)
root(ROOT-0, fulfill-9)
dobj(fulfill-9, her-10)
det(wish-12, every-11)
nsubj(fulfill-9, wish-12)</deps>
      <events>
        <event id="e54" eiid="ei54" offset="3" string="carry" tense="NONE" aspect="NONE" class="OCCURRENCE" polarity="POS" modality="" happen="" lowerBoundDuration="" upperBoundDuration="" />
        <event id="e55" eiid="ei55" offset="9" string="fulfill" tense="PRESENT" aspect="NONE" class="I_ACTION" polarity="POS" modality="" happen="" lowerBoundDuration="" upperBoundDuration="" />
      </events>
      <timexes />
    </entry>
    <entry sid="33" file="9783732502929_014.txt">
      <sentence>I answered him that we were coming to Nice and that I hoped he would receive Rosemarie 's promise .</sentence>
      <tokens>
        <t>" " "I" " "</t>
        <t>" " "answered" " "</t>
        <t>" " "him" " "</t>
        <t>" " "that" " "</t>
        <t>" " "we" " "</t>
        <t>" " "were" " "</t>
        <t>" " "coming" " "</t>
        <t>" " "to" " "</t>
        <t>" " "Nice" " "</t>
        <t>" " "and" " "</t>
        <t>" " "that" " "</t>
        <t>" " "I" " "</t>
        <t>" " "hoped" " "</t>
        <t>" " "he" " "</t>
        <t>" " "would" " "</t>
        <t>" " "receive" " "</t>
        <t>" " "Rosemarie" ""</t>
        <t>"" "'s" " "</t>
        <t>" " "promise" ""</t>
        <t>"" "." " "</t>
      </tokens>
      <parse>(ROOT (S (NP (PRP I)) (VP (VBD answered) (NP (PRP him)) (SBAR (SBAR (IN that) (S (NP (PRP we)) (VP (VBD were) (VP (VBG coming) (PP (TO to) (NP (NNP Nice))))))) (CC and) (SBAR (IN that) (S (NP (PRP I)) (VP (VBD hoped) (SBAR (S (NP (PRP he)) (VP (MD would) (VP (VB receive) (NP (NP (NNP Rosemarie) (POS 's)) (NN promise))))))))))) (. .)))</parse>
      <deps>nsubj(answered-2, I-1)
root(ROOT-0, answered-2)
dobj(answered-2, him-3)
mark(coming-7, that-4)
nsubj(coming-7, we-5)
aux(coming-7, were-6)
ccomp(answered-2, coming-7)
prep_to(coming-7, Nice-9)
mark(hoped-13, that-11)
nsubj(hoped-13, I-12)
ccomp(answered-2, hoped-13)
conj_and(coming-7, hoped-13)
nsubj(receive-16, he-14)
aux(receive-16, would-15)
ccomp(hoped-13, receive-16)
poss(promise-19, Rosemarie-17)
dobj(receive-16, promise-19)</deps>
      <events>
        <event id="e56" eiid="ei56" offset="2" string="answered" tense="PAST" aspect="NONE" class="OCCURRENCE" polarity="POS" modality="" happen="" lowerBoundDuration="" upperBoundDuration="" />
        <event id="e57" eiid="ei57" offset="7" string="coming" tense="PAST" aspect="NONE" class="I_ACTION" polarity="POS" modality="" happen="" lowerBoundDuration="" upperBoundDuration="" />
        <event id="e58" eiid="ei58" offset="13" string="hoped" tense="PAST" aspect="NONE" class="OCCURRENCE" polarity="POS" modality="" happen="" lowerBoundDuration="" upperBoundDuration="" />
        <event id="e59" eiid="ei59" offset="16" string="receive" tense="NONE" aspect="NONE" class="OCCURRENCE" polarity="POS" modality="" happen="" lowerBoundDuration="" upperBoundDuration="" />
      </events>
      <timexes />
    </entry>
    <entry sid="34" file="9783732502929_014.txt">
      <sentence>He must receive it .</sentence>
      <tokens>
        <t>" " "He" " "</t>
        <t>" " "must" " "</t>
        <t>" " "receive" " "</t>
        <t>" " "it" ""</t>
        <t>"" "." " "</t>
      </tokens>
      <parse>(ROOT (S (NP (PRP He)) (VP (MD must) (VP (VB receive) (NP (PRP it)))) (. .)))</parse>
      <deps>nsubj(receive-3, He-1)
aux(receive-3, must-2)
root(ROOT-0, receive-3)
dobj(receive-3, it-4)</deps>
      <events>
        <event id="e60" eiid="ei60" offset="3" string="receive" tense="NONE" aspect="NONE" class="OCCURRENCE" polarity="POS" modality="" happen="" lowerBoundDuration="" upperBoundDuration="" />
      </events>
      <timexes />
    </entry>
    <entry sid="35" file="9783732502929_014.txt">
      <sentence>I must make Rosemarie understand that there is no other way out , must tell her frankly that we are on the verge of complete collapse if she does not decide to marry him : Admittedly , he is almost twenty years older than she is , but he is rich , and that is all that should matter to us .</sentence>
      <tokens>
        <t>" " "I" " "</t>
        <t>" " "must" " "</t>
        <t>" " "make" " "</t>
        <t>" " "Rosemarie" " "</t>
        <t>" " "understand" " "</t>
        <t>" " "that" " "</t>
        <t>" " "there" " "</t>
        <t>" " "is" " "</t>
        <t>" " "no" " "</t>
        <t>" " "other" " "</t>
        <t>" " "way" " "</t>
        <t>" " "out" ""</t>
        <t>"" "," " "</t>
        <t>" " "must" " "</t>
        <t>" " "tell" " "</t>
        <t>" " "her" " "</t>
        <t>" " "frankly" " "</t>
        <t>" " "that" " "</t>
        <t>" " "we" " "</t>
        <t>" " "are" " "</t>
        <t>" " "on" " "</t>
        <t>" " "the" " "</t>
        <t>" " "verge" " "</t>
        <t>" " "of" " "</t>
        <t>" " "complete" " "</t>
        <t>" " "collapse" " "</t>
        <t>" " "if" " "</t>
        <t>" " "she" " "</t>
        <t>" " "does" " "</t>
        <t>" " "not" " "</t>
        <t>" " "decide" " "</t>
        <t>" " "to" " "</t>
        <t>" " "marry" " "</t>
        <t>" " "him" ""</t>
        <t>"" ":" " "</t>
        <t>" " "Admittedly" ""</t>
        <t>"" "," " "</t>
        <t>" " "he" " "</t>
        <t>" " "is" " "</t>
        <t>" " "almost" " "</t>
        <t>" " "twenty" " "</t>
        <t>" " "years" " "</t>
        <t>" " "older" " "</t>
        <t>" " "than" " "</t>
        <t>" " "she" " "</t>
        <t>" " "is" ""</t>
        <t>"" "," " "</t>
        <t>" " "but" " "</t>
        <t>" " "he" " "</t>
        <t>" " "is" " "</t>
        <t>" " "rich" ""</t>
        <t>"" "," " "</t>
        <t>" " "and" " "</t>
        <t>" " "that" " "</t>
        <t>" " "is" " "</t>
        <t>" " "all" " "</t>
        <t>" " "that" " "</t>
        <t>" " "should" " "</t>
        <t>" " "matter" " "</t>
        <t>" " "to" " "</t>
        <t>" " "us" ""</t>
        <t>"" "." " "</t>
      </tokens>
      <parse>(ROOT (S (NP (PRP I)) (VP (MD must) (VP (VB make) (S (NP (NNP Rosemarie)) (VP (VB understand) (SBAR (IN that) (S (NP (EX there)) (VP (VBZ is) (NP (DT no) (JJ other) (NN way)) (ADVP (RB out)) (, ,) (SBAR (SBAR (S (VP (MD must) (VP (VB tell) (NP (PRP her)) (ADVP (RB frankly)) (SBAR (IN that) (S (NP (PRP we)) (VP (VBP are) (PP (IN on) (NP (NP (DT the) (NN verge)) (PP (IN of) (NP (JJ complete) (NN collapse))))) (SBAR (IN if) (S (NP (PRP she)) (VP (VBZ does) (RB not) (VP (VB decide) (S (VP (TO to) (VP (VB marry) (NP (PRP him)) (ADVP (: :) (ADVP (RB Admittedly)) (, ,) (S (S (NP (PRP he)) (VP (VBZ is) (ADJP (ADJP (RB almost) (NP (CD twenty) (NNS years)) (JJR older)) (SBAR (IN than) (S (NP (PRP she)) (VP (VBZ is))))))) (, ,) (CC but) (S (NP (PRP he)) (VP (VBZ is) (ADJP (JJ rich)))))))))))))))))))) (, ,) (CC and) (SBAR (WHNP (WDT that)) (S (VP (VBZ is) (NP (NP (DT all)) (SBAR (WHNP (WDT that)) (S (VP (MD should) (VP (VB matter) (PP (TO to) (NP (PRP us))))))))))))))))))) (. .)))</parse>
      <deps>nsubj(make-3, I-1)
aux(make-3, must-2)
root(ROOT-0, make-3)
nsubj(understand-5, Rosemarie-4)
ccomp(make-3, understand-5)
mark(is-8, that-6)
expl(is-8, there-7)
ccomp(understand-5, is-8)
det(way-11, no-9)
amod(way-11, other-10)
nsubj(is-8, way-11)
advmod(is-8, out-12)
aux(tell-15, must-14)
dep(is-8, tell-15)
dobj(tell-15, her-16)
advmod(tell-15, frankly-17)
mark(are-20, that-18)
nsubj(are-20, we-19)
ccomp(tell-15, are-20)
det(verge-23, the-22)
prep_on(are-20, verge-23)
amod(collapse-26, complete-25)
prep_of(verge-23, collapse-26)
mark(decide-31, if-27)
nsubj(decide-31, she-28)
xsubj(marry-33, she-28)
aux(decide-31, does-29)
neg(decide-31, not-30)
advcl(are-20, decide-31)
aux(marry-33, to-32)
xcomp(decide-31, marry-33)
dobj(marry-33, him-34)
advmod(marry-33, Admittedly-36)
nsubj(older-43, he-38)
cop(older-43, is-39)
advmod(older-43, almost-40)
num(years-42, twenty-41)
tmod(older-43, years-42)
dep(Admittedly-36, older-43)
mark(is-46, than-44)
nsubj(is-46, she-45)
ccomp(older-43, is-46)
nsubj(rich-51, he-49)
cop(rich-51, is-50)
dep(Admittedly-36, rich-51)
conj_but(older-43, rich-51)
nsubj(all-56, that-54)
cop(all-56, is-55)
dep(is-8, all-56)
conj_and(tell-15, all-56)
nsubj(matter-59, all-56)
aux(matter-59, should-58)
rcmod(all-56, matter-59)
prep_to(matter-59, us-61)</deps>
      <events>
        <event id="e61" eiid="ei61" offset="3" string="make" tense="NONE" aspect="NONE" class="OCCURRENCE" polarity="POS" modality="" happen="" lowerBoundDuration="" upperBoundDuration="" />
        <event id="e62" eiid="ei62" offset="5" string="understand" tense="PRESENT" aspect="NONE" class="OCCURRENCE" polarity="POS" modality="" happen="" lowerBoundDuration="" upperBoundDuration="" />
        <event id="e63" eiid="ei63" offset="15" string="tell" tense="NONE" aspect="NONE" class="OCCURRENCE" polarity="POS" modality="" happen="" lowerBoundDuration="" upperBoundDuration="" />
        <event id="e64" eiid="ei64" offset="31" string="decide" tense="NONE" aspect="NONE" class="I_STATE" polarity="POS" modality="" happen="" lowerBoundDuration="" upperBoundDuration="" />
        <event id="e65" eiid="ei65" offset="33" string="marry" tense="INFINITIVE" aspect="NONE" class="OCCURRENCE" polarity="POS" modality="" happen="" lowerBoundDuration="" upperBoundDuration="" />
        <event id="e66" eiid="ei66" offset="51" string="rich" tense="PRESENT" aspect="NONE" class="STATE" polarity="POS" modality="" happen="" lowerBoundDuration="" upperBoundDuration="" />
        <event id="e67" eiid="ei67" offset="59" string="matter" tense="NONE" aspect="NONE" class="I_ACTION" polarity="POS" modality="" happen="" lowerBoundDuration="" upperBoundDuration="" />
      </events>
      <timexes>
        <timex tid="t8" text="twenty years" offset="41" length="2" type="DURATION" value="P20Y" temporalFunction="false" />
      </timexes>
    </entry>
    <entry sid="36" file="9783732502929_014.txt">
      <sentence>I hope she will be more docile after her experience with Fred Rittner .</sentence>
      <tokens>
        <t>" " "I" " "</t>
        <t>" " "hope" " "</t>
        <t>" " "she" " "</t>
        <t>" " "will" " "</t>
        <t>" " "be" " "</t>
        <t>" " "more" " "</t>
        <t>" " "docile" " "</t>
        <t>" " "after" " "</t>
        <t>" " "her" " "</t>
        <t>" " "experience" " "</t>
        <t>" " "with" " "</t>
        <t>" " "Fred" " "</t>
        <t>" " "Rittner" ""</t>
        <t>"" "." ""</t>
      </tokens>
      <parse>(ROOT (S (NP (PRP I)) (VP (VBP hope) (SBAR (S (NP (PRP she)) (VP (MD will) (VP (VB be) (ADJP (RBR more) (JJ docile) (PP (IN after) (NP (PRP$ her) (NN experience)))) (PP (IN with) (NP (NNP Fred) (NNP Rittner)))))))) (. .)))</parse>
      <deps>nsubj(hope-2, I-1)
root(ROOT-0, hope-2)
nsubj(docile-7, she-3)
aux(docile-7, will-4)
cop(docile-7, be-5)
advmod(docile-7, more-6)
ccomp(hope-2, docile-7)
poss(experience-10, her-9)
prep_after(docile-7, experience-10)
nn(Rittner-13, Fred-12)
prep_with(docile-7, Rittner-13)</deps>
      <events />
      <timexes />
    </entry>
    <tlink event1="ei1" event2="t1" relation="IS_INCLUDED" closed="false" origin="AdjacentVerbTimex" type="et" />
    <tlink event1="ei5" event2="t3" relation="VAGUE" closed="false" origin="AdjacentVerbTimex" type="et" />
    <tlink event1="ei16" event2="t5" relation="VAGUE" closed="false" origin="AdjacentVerbTimex" type="et" />
    <tlink event1="ei42" event2="t7" relation="IS_INCLUDED" closed="false" origin="AdjacentVerbTimex" type="et" />
    <tlink event1="ei27" event2="ei28" relation="AFTER" closed="false" origin="RepEventGovEvent" type="ee" />
    <tlink event1="ei29" event2="ei31" relation="AFTER" closed="false" origin="RepEventGovEvent" type="ee" />
    <tlink event1="ei13" event2="ei17" relation="BEFORE" closed="false" origin="ReichenbachDG13" type="ee" />
    <tlink event1="ei14" event2="ei17" relation="BEFORE" closed="false" origin="ReichenbachDG13" type="ee" />
    <tlink event1="ei15" event2="ei17" relation="BEFORE" closed="false" origin="ReichenbachDG13" type="ee" />
    <tlink event1="ei16" event2="ei17" relation="BEFORE" closed="false" origin="ReichenbachDG13" type="ee" />
    <tlink event1="ei20" event2="ei22" relation="BEFORE" closed="false" origin="ReichenbachDG13" type="ee" />
    <tlink event1="ei21" event2="ei22" relation="BEFORE" closed="false" origin="ReichenbachDG13" type="ee" />
    <tlink event1="ei34" event2="ei35" relation="BEFORE" closed="false" origin="ReichenbachDG13" type="ee" />
    <tlink event1="ei35" event2="ei36" relation="AFTER" closed="false" origin="ReichenbachDG13" type="ee" />
    <tlink event1="ei45" event2="ei46" relation="AFTER" closed="false" origin="ReichenbachDG13" type="ee" />
    <tlink event1="ei48" event2="ei49" relation="BEFORE" closed="false" origin="ReichenbachDG13" type="ee" />
    <tlink event1="ei49" event2="ei50" relation="AFTER" closed="false" origin="ReichenbachDG13" type="ee" />
    <tlink event1="ei49" event2="ei51" relation="AFTER" closed="false" origin="ReichenbachDG13" type="ee" />
    <tlink event1="ei51" event2="ei54" relation="BEFORE" closed="false" origin="ReichenbachDG13" type="ee" />
    <tlink event1="ei52" event2="ei54" relation="BEFORE" closed="false" origin="ReichenbachDG13" type="ee" />
    <tlink event1="ei54" event2="ei55" relation="AFTER" closed="false" origin="ReichenbachDG13" type="ee" />
    <tlink event1="ei54" event2="ei56" relation="AFTER" closed="false" origin="ReichenbachDG13" type="ee" />
    <tlink event1="ei54" event2="ei57" relation="AFTER" closed="false" origin="ReichenbachDG13" type="ee" />
    <tlink event1="ei54" event2="ei58" relation="AFTER" closed="false" origin="ReichenbachDG13" type="ee" />
    <tlink event1="ei55" event2="ei59" relation="BEFORE" closed="false" origin="ReichenbachDG13" type="ee" />
    <tlink event1="ei56" event2="ei59" relation="BEFORE" closed="false" origin="ReichenbachDG13" type="ee" />
    <tlink event1="ei57" event2="ei59" relation="BEFORE" closed="false" origin="ReichenbachDG13" type="ee" />
    <tlink event1="ei58" event2="ei59" relation="BEFORE" closed="false" origin="ReichenbachDG13" type="ee" />
    <tlink event1="ei62" event2="ei67" relation="BEFORE" closed="false" origin="ReichenbachDG13" type="ee" />
    <tlink event1="ei1" event2="ei2" relation="BEFORE" closed="false" origin="XCompDepSieve" type="ee" />
    <tlink event1="ei4" event2="ei5" relation="BEFORE" closed="false" origin="XCompDepSieve" type="ee" />
    <tlink event1="ei8" event2="ei9" relation="AFTER" closed="false" origin="XCompDepSieve" type="ee" />
    <tlink event1="ei8" event2="ei10" relation="VAGUE" closed="false" origin="XCompDepSieve" type="ee" />
    <tlink event1="ei13" event2="ei14" relation="BEFORE" closed="false" origin="XCompDepSieve" type="ee" />
    <tlink event1="ei15" event2="ei16" relation="VAGUE" closed="false" origin="XCompDepSieve" type="ee" />
    <tlink event1="ei18" event2="ei19" relation="BEFORE" closed="false" origin="XCompDepSieve" type="ee" />
    <tlink event1="ei22" event2="ei23" relation="BEFORE" closed="false" origin="XCompDepSieve" type="ee" />
    <tlink event1="ei37" event2="ei35" relation="BEFORE" closed="false" origin="XCompDepSieve" type="ee" />
    <tlink event1="ei42" event2="ei41" relation="BEFORE" closed="false" origin="XCompDepSieve" type="ee" />
    <tlink event1="ei43" event2="ei44" relation="BEFORE" closed="false" origin="XCompDepSieve" type="ee" />
    <tlink event1="ei56" event2="ei57" relation="AFTER" closed="false" origin="XCompDepSieve" type="ee" />
    <tlink event1="ei56" event2="ei58" relation="AFTER" closed="false" origin="XCompDepSieve" type="ee" />
    <tlink event1="ei57" event2="ei58" relation="VAGUE" closed="false" origin="XCompDepSieve" type="ee" />
    <tlink event1="ei61" event2="ei62" relation="VAGUE" closed="false" origin="XCompDepSieve" type="ee" />
    <tlink event1="ei64" event2="ei65" relation="BEFORE" closed="false" origin="XCompDepSieve" type="ee" />
    <tlink event1="ei20" event2="ei23" relation="BEFORE" closed="true" origin="XCompDepSieve" type="ee" />
    <tlink event1="ei21" event2="ei23" relation="BEFORE" closed="true" origin="XCompDepSieve" type="ee" />
    <tlink event1="ei34" event2="ei36" relation="VAGUE" closed="false" origin="WordNet209" type="ee" />
    <tlink event1="ei44" event2="ei46" relation="VAGUE" closed="false" origin="WordNet209" type="ee" />
    <tlink event1="ei59" event2="ei60" relation="VAGUE" closed="false" origin="WordNet209" type="ee" />
    <tlink event1="t6" event2="t7" relation="SIMULTANEOUS" closed="false" origin="WordNet209" type="tt" />
    <tlink event1="ei42" event2="t6" relation="IS_INCLUDED" closed="true" origin="WordNet209" type="et" />
    <tlink event1="ei2" event2="t1" relation="IS_INCLUDED" closed="false" origin="MLEventTimeSameSent" type="et" />
    <tlink event1="ei3" event2="t1" relation="VAGUE" closed="false" origin="MLEventTimeSameSent" type="et" />
    <tlink event1="ei1" event2="t2" relation="AFTER" closed="false" origin="MLEventTimeSameSent" type="et" />
    <tlink event1="ei2" event2="t2" relation="IS_INCLUDED" closed="false" origin="MLEventTimeSameSent" type="et" />
    <tlink event1="ei3" event2="t2" relation="VAGUE" closed="false" origin="MLEventTimeSameSent" type="et" />
    <tlink event1="ei4" event2="t3" relation="VAGUE" closed="false" origin="MLEventTimeSameSent" type="et" />
    <tlink event1="ei8" event2="t4" relation="IS_INCLUDED" closed="false" origin="MLEventTimeSameSent" type="et" />
    <tlink event1="ei9" event2="t4" relation="VAGUE" closed="false" origin="MLEventTimeSameSent" type="et" />
    <tlink event1="ei10" event2="t4" relation="VAGUE" closed="false" origin="MLEventTimeSameSent" type="et" />
    <tlink event1="ei15" event2="t5" relation="IS_INCLUDED" closed="false" origin="MLEventTimeSameSent" type="et" />
    <tlink event1="ei17" event2="t5" relation="VAGUE" closed="false" origin="MLEventTimeSameSent" type="et" />
    <tlink event1="ei41" event2="t6" relation="VAGUE" closed="false" origin="MLEventTimeSameSent" type="et" />
    <tlink event1="ei41" event2="t7" relation="VAGUE" closed="false" origin="MLEventTimeSameSent" type="et" />
    <tlink event1="ei61" event2="t8" relation="AFTER" closed="false" origin="MLEventTimeSameSent" type="et" />
    <tlink event1="ei62" event2="t8" relation="AFTER" closed="false" origin="MLEventTimeSameSent" type="et" />
    <tlink event1="ei63" event2="t8" relation="VAGUE" closed="false" origin="MLEventTimeSameSent" type="et" />
    <tlink event1="ei64" event2="t8" relation="VAGUE" closed="false" origin="MLEventTimeSameSent" type="et" />
    <tlink event1="ei65" event2="t8" relation="VAGUE" closed="false" origin="MLEventTimeSameSent" type="et" />
    <tlink event1="ei66" event2="t8" relation="VAGUE" closed="false" origin="MLEventTimeSameSent" type="et" />
    <tlink event1="ei67" event2="t8" relation="VAGUE" closed="false" origin="MLEventTimeSameSent" type="et" />
    <tlink event1="ei1" event2="ei3" relation="VAGUE" closed="false" origin="MLEventEventDominates" type="ee" />
    <tlink event1="ei2" event2="ei3" relation="VAGUE" closed="false" origin="MLEventEventDominates" type="ee" />
    <tlink event1="ei29" event2="ei30" relation="VAGUE" closed="false" origin="MLEventEventDominates" type="ee" />
    <tlink event1="ei32" event2="ei33" relation="AFTER" closed="false" origin="MLEventEventDominates" type="ee" />
    <tlink event1="ei38" event2="ei39" relation="VAGUE" closed="false" origin="MLEventEventDominates" type="ee" />
    <tlink event1="ei51" event2="ei52" relation="VAGUE" closed="false" origin="MLEventEventDominates" type="ee" />
    <tlink event1="ei51" event2="ei53" relation="VAGUE" closed="false" origin="MLEventEventDominates" type="ee" />
    <tlink event1="ei52" event2="ei53" relation="VAGUE" closed="false" origin="MLEventEventDominates" type="ee" />
    <tlink event1="ei61" event2="ei63" relation="BEFORE" closed="false" origin="MLEventEventDominates" type="ee" />
    <tlink event1="ei61" event2="ei64" relation="IS_INCLUDED" closed="false" origin="MLEventEventDominates" type="ee" />
    <tlink event1="ei61" event2="ei65" relation="BEFORE" closed="false" origin="MLEventEventDominates" type="ee" />
    <tlink event1="ei61" event2="ei66" relation="AFTER" closed="false" origin="MLEventEventDominates" type="ee" />
    <tlink event1="ei61" event2="ei67" relation="BEFORE" closed="false" origin="MLEventEventDominates" type="ee" />
    <tlink event1="ei62" event2="ei63" relation="BEFORE" closed="false" origin="MLEventEventDominates" type="ee" />
    <tlink event1="ei62" event2="ei64" relation="VAGUE" closed="false" origin="MLEventEventDominates" type="ee" />
    <tlink event1="ei62" event2="ei65" relation="VAGUE" closed="false" origin="MLEventEventDominates" type="ee" />
    <tlink event1="ei62" event2="ei66" relation="VAGUE" closed="false" origin="MLEventEventDominates" type="ee" />
    <tlink event1="ei63" event2="ei64" relation="VAGUE" closed="false" origin="MLEventEventDominates" type="ee" />
    <tlink event1="ei63" event2="ei65" relation="VAGUE" closed="false" origin="MLEventEventDominates" type="ee" />
    <tlink event1="ei63" event2="ei66" relation="VAGUE" closed="false" origin="MLEventEventDominates" type="ee" />
    <tlink event1="ei64" event2="ei66" relation="VAGUE" closed="false" origin="MLEventEventDominates" type="ee" />
    <tlink event1="ei65" event2="ei66" relation="VAGUE" closed="false" origin="MLEventEventDominates" type="ee" />
    <tlink event1="ei66" event2="ei67" relation="BEFORE" closed="true" origin="MLEventEventDominates" type="ee" />
    <tlink event1="ei6" event2="ei7" relation="VAGUE" closed="false" origin="MLEventEventSameSent" type="ee" />
    <tlink event1="ei9" event2="ei10" relation="VAGUE" closed="false" origin="MLEventEventSameSent" type="ee" />
    <tlink event1="ei25" event2="ei26" relation="BEFORE" closed="false" origin="MLEventEventSameSent" type="ee" />
    <tlink event1="ei30" event2="ei31" relation="VAGUE" closed="false" origin="MLEventEventSameSent" type="ee" />
    <tlink event1="ei36" event2="ei37" relation="BEFORE" closed="false" origin="MLEventEventSameSent" type="ee" />
    <tlink event1="ei43" event2="ei45" relation="BEFORE" closed="false" origin="MLEventEventSameSent" type="ee" />
    <tlink event1="ei43" event2="ei46" relation="INCLUDES" closed="false" origin="MLEventEventSameSent" type="ee" />
    <tlink event1="ei44" event2="ei45" relation="BEFORE" closed="false" origin="MLEventEventSameSent" type="ee" />
    <tlink event1="ei48" event2="ei50" relation="VAGUE" closed="false" origin="MLEventEventSameSent" type="ee" />
    <tlink event1="ei63" event2="ei67" relation="BEFORE" closed="false" origin="MLEventEventSameSent" type="ee" />
    <tlink event1="ei64" event2="ei67" relation="BEFORE" closed="false" origin="MLEventEventSameSent" type="ee" />
    <tlink event1="ei65" event2="ei67" relation="VAGUE" closed="false" origin="MLEventEventSameSent" type="ee" />
    <tlink event1="ei1" event2="ei4" relation="VAGUE" closed="false" origin="AllVagueSieve" type="ee" />
    <tlink event1="ei1" event2="ei5" relation="VAGUE" closed="false" origin="AllVagueSieve" type="ee" />
    <tlink event1="ei1" event2="t3" relation="VAGUE" closed="false" origin="AllVagueSieve" type="et" />
    <tlink event1="ei2" event2="ei4" relation="VAGUE" closed="false" origin="AllVagueSieve" type="ee" />
    <tlink event1="ei2" event2="ei5" relation="VAGUE" closed="false" origin="AllVagueSieve" type="ee" />
    <tlink event1="ei2" event2="t3" relation="VAGUE" closed="false" origin="AllVagueSieve" type="et" />
    <tlink event1="ei3" event2="ei4" relation="VAGUE" closed="false" origin="AllVagueSieve" type="ee" />
    <tlink event1="ei3" event2="ei5" relation="VAGUE" closed="false" origin="AllVagueSieve" type="ee" />
    <tlink event1="ei3" event2="t3" relation="VAGUE" closed="false" origin="AllVagueSieve" type="et" />
    <tlink event1="t1" event2="t2" relation="VAGUE" closed="false" origin="AllVagueSieve" type="tt" />
    <tlink event1="t1" event2="t3" relation="VAGUE" closed="false" origin="AllVagueSieve" type="tt" />
    <tlink event1="t1" event2="ei4" relation="VAGUE" closed="false" origin="AllVagueSieve" type="et" />
    <tlink event1="t1" event2="ei5" relation="VAGUE" closed="false" origin="AllVagueSieve" type="et" />
    <tlink event1="t2" event2="t3" relation="VAGUE" closed="false" origin="AllVagueSieve" type="tt" />
    <tlink event1="t2" event2="ei4" relation="VAGUE" closed="false" origin="AllVagueSieve" type="et" />
    <tlink event1="t2" event2="ei5" relation="VAGUE" closed="false" origin="AllVagueSieve" type="et" />
    <tlink event1="ei4" event2="ei6" relation="VAGUE" closed="false" origin="AllVagueSieve" type="ee" />
    <tlink event1="ei4" event2="ei7" relation="VAGUE" closed="false" origin="AllVagueSieve" type="ee" />
    <tlink event1="ei5" event2="ei6" relation="VAGUE" closed="false" origin="AllVagueSieve" type="ee" />
    <tlink event1="ei5" event2="ei7" relation="VAGUE" closed="false" origin="AllVagueSieve" type="ee" />
    <tlink event1="t3" event2="ei6" relation="VAGUE" closed="false" origin="AllVagueSieve" type="et" />
    <tlink event1="t3" event2="ei7" relation="VAGUE" closed="false" origin="AllVagueSieve" type="et" />
    <tlink event1="ei6" event2="ei8" relation="VAGUE" closed="false" origin="AllVagueSieve" type="ee" />
    <tlink event1="ei6" event2="ei9" relation="VAGUE" closed="false" origin="AllVagueSieve" type="ee" />
    <tlink event1="ei6" event2="ei10" relation="VAGUE" closed="false" origin="AllVagueSieve" type="ee" />
    <tlink event1="ei6" event2="t4" relation="VAGUE" closed="false" origin="AllVagueSieve" type="et" />
    <tlink event1="ei7" event2="ei8" relation="VAGUE" closed="false" origin="AllVagueSieve" type="ee" />
    <tlink event1="ei7" event2="ei9" relation="VAGUE" closed="false" origin="AllVagueSieve" type="ee" />
    <tlink event1="ei7" event2="ei10" relation="VAGUE" closed="false" origin="AllVagueSieve" type="ee" />
    <tlink event1="ei7" event2="t4" relation="VAGUE" closed="false" origin="AllVagueSieve" type="et" />
    <tlink event1="ei8" event2="ei11" relation="VAGUE" closed="false" origin="AllVagueSieve" type="ee" />
    <tlink event1="ei9" event2="ei11" relation="VAGUE" closed="false" origin="AllVagueSieve" type="ee" />
    <tlink event1="ei10" event2="ei11" relation="VAGUE" closed="false" origin="AllVagueSieve" type="ee" />
    <tlink event1="t4" event2="ei11" relation="VAGUE" closed="false" origin="AllVagueSieve" type="et" />
    <tlink event1="ei12" event2="ei13" relation="VAGUE" closed="false" origin="AllVagueSieve" type="ee" />
    <tlink event1="ei12" event2="ei14" relation="VAGUE" closed="false" origin="AllVagueSieve" type="ee" />
    <tlink event1="ei13" event2="ei15" relation="VAGUE" closed="false" origin="AllVagueSieve" type="ee" />
    <tlink event1="ei13" event2="ei16" relation="VAGUE" closed="false" origin="AllVagueSieve" type="ee" />
    <tlink event1="ei13" event2="t5" relation="VAGUE" closed="false" origin="AllVagueSieve" type="et" />
    <tlink event1="ei14" event2="ei15" relation="VAGUE" closed="false" origin="AllVagueSieve" type="ee" />
    <tlink event1="ei14" event2="ei16" relation="VAGUE" closed="false" origin="AllVagueSieve" type="ee" />
    <tlink event1="ei14" event2="t5" relation="VAGUE" closed="false" origin="AllVagueSieve" type="et" />
    <tlink event1="ei18" event2="ei20" relation="VAGUE" closed="false" origin="AllVagueSieve" type="ee" />
    <tlink event1="ei19" event2="ei20" relation="VAGUE" closed="false" origin="AllVagueSieve" type="ee" />
    <tlink event1="ei20" event2="ei21" relation="VAGUE" closed="false" origin="AllVagueSieve" type="ee" />
    <tlink event1="ei21" event2="ei24" relation="VAGUE" closed="false" origin="AllVagueSieve" type="ee" />
    <tlink event1="ei22" event2="ei24" relation="VAGUE" closed="false" origin="AllVagueSieve" type="ee" />
    <tlink event1="ei23" event2="ei24" relation="VAGUE" closed="false" origin="AllVagueSieve" type="ee" />
    <tlink event1="ei24" event2="ei25" relation="VAGUE" closed="false" origin="AllVagueSieve" type="ee" />
    <tlink event1="ei24" event2="ei26" relation="VAGUE" closed="false" origin="AllVagueSieve" type="ee" />
    <tlink event1="ei25" event2="ei27" relation="VAGUE" closed="false" origin="AllVagueSieve" type="ee" />
    <tlink event1="ei25" event2="ei28" relation="VAGUE" closed="false" origin="AllVagueSieve" type="ee" />
    <tlink event1="ei26" event2="ei27" relation="VAGUE" closed="false" origin="AllVagueSieve" type="ee" />
    <tlink event1="ei26" event2="ei28" relation="VAGUE" closed="false" origin="AllVagueSieve" type="ee" />
    <tlink event1="ei29" event2="ei32" relation="VAGUE" closed="false" origin="AllVagueSieve" type="ee" />
    <tlink event1="ei29" event2="ei33" relation="VAGUE" closed="false" origin="AllVagueSieve" type="ee" />
    <tlink event1="ei30" event2="ei32" relation="VAGUE" closed="false" origin="AllVagueSieve" type="ee" />
    <tlink event1="ei30" event2="ei33" relation="VAGUE" closed="false" origin="AllVagueSieve" type="ee" />
    <tlink event1="ei31" event2="ei32" relation="VAGUE" closed="false" origin="AllVagueSieve" type="ee" />
    <tlink event1="ei31" event2="ei33" relation="VAGUE" closed="false" origin="AllVagueSieve" type="ee" />
    <tlink event1="ei32" event2="ei34" relation="VAGUE" closed="false" origin="AllVagueSieve" type="ee" />
    <tlink event1="ei33" event2="ei34" relation="VAGUE" closed="false" origin="AllVagueSieve" type="ee" />
    <tlink event1="ei34" event2="ei37" relation="VAGUE" closed="false" origin="AllVagueSieve" type="ee" />
    <tlink event1="ei35" event2="ei38" relation="VAGUE" closed="false" origin="AllVagueSieve" type="ee" />
    <tlink event1="ei35" event2="ei39" relation="VAGUE" closed="false" origin="AllVagueSieve" type="ee" />
    <tlink event1="ei36" event2="ei38" relation="VAGUE" closed="false" origin="AllVagueSieve" type="ee" />
    <tlink event1="ei36" event2="ei39" relation="VAGUE" closed="false" origin="AllVagueSieve" type="ee" />
    <tlink event1="ei37" event2="ei38" relation="VAGUE" closed="false" origin="AllVagueSieve" type="ee" />
    <tlink event1="ei37" event2="ei39" relation="VAGUE" closed="false" origin="AllVagueSieve" type="ee" />
    <tlink event1="ei38" event2="ei40" relation="VAGUE" closed="false" origin="AllVagueSieve" type="ee" />
    <tlink event1="ei39" event2="ei40" relation="VAGUE" closed="false" origin="AllVagueSieve" type="ee" />
    <tlink event1="ei43" event2="ei47" relation="VAGUE" closed="false" origin="AllVagueSieve" type="ee" />
    <tlink event1="ei44" event2="ei47" relation="VAGUE" closed="false" origin="AllVagueSieve" type="ee" />
    <tlink event1="ei45" event2="ei47" relation="VAGUE" closed="false" origin="AllVagueSieve" type="ee" />
    <tlink event1="ei46" event2="ei47" relation="VAGUE" closed="false" origin="AllVagueSieve" type="ee" />
    <tlink event1="ei48" event2="ei51" relation="VAGUE" closed="false" origin="AllVagueSieve" type="ee" />
    <tlink event1="ei48" event2="ei52" relation="VAGUE" closed="false" origin="AllVagueSieve" type="ee" />
    <tlink event1="ei48" event2="ei53" relation="VAGUE" closed="false" origin="AllVagueSieve" type="ee" />
    <tlink event1="ei49" event2="ei52" relation="VAGUE" closed="false" origin="AllVagueSieve" type="ee" />
    <tlink event1="ei49" event2="ei53" relation="VAGUE" closed="false" origin="AllVagueSieve" type="ee" />
    <tlink event1="ei50" event2="ei51" relation="VAGUE" closed="false" origin="AllVagueSieve" type="ee" />
    <tlink event1="ei50" event2="ei52" relation="VAGUE" closed="false" origin="AllVagueSieve" type="ee" />
    <tlink event1="ei50" event2="ei53" relation="VAGUE" closed="false" origin="AllVagueSieve" type="ee" />
    <tlink event1="ei51" event2="ei55" relation="VAGUE" closed="false" origin="AllVagueSieve" type="ee" />
    <tlink event1="ei52" event2="ei55" relation="VAGUE" closed="false" origin="AllVagueSieve" type="ee" />
    <tlink event1="ei53" event2="ei54" relation="VAGUE" closed="false" origin="AllVagueSieve" type="ee" />
    <tlink event1="ei53" event2="ei55" relation="VAGUE" closed="false" origin="AllVagueSieve" type="ee" />
    <tlink event1="ei54" event2="ei59" relation="VAGUE" closed="false" origin="AllVagueSieve" type="ee" />
    <tlink event1="ei55" event2="ei56" relation="VAGUE" closed="false" origin="AllVagueSieve" type="ee" />
    <tlink event1="ei55" event2="ei57" relation="VAGUE" closed="false" origin="AllVagueSieve" type="ee" />
    <tlink event1="ei55" event2="ei58" relation="VAGUE" closed="false" origin="AllVagueSieve" type="ee" />
    <tlink event1="ei56" event2="ei60" relation="VAGUE" closed="false" origin="AllVagueSieve" type="ee" />
    <tlink event1="ei57" event2="ei60" relation="VAGUE" closed="false" origin="AllVagueSieve" type="ee" />
    <tlink event1="ei58" event2="ei60" relation="VAGUE" closed="false" origin="AllVagueSieve" type="ee" />
    <tlink event1="ei60" event2="ei61" relation="VAGUE" closed="false" origin="AllVagueSieve" type="ee" />
    <tlink event1="ei60" event2="ei62" relation="VAGUE" closed="false" origin="AllVagueSieve" type="ee" />
    <tlink event1="ei60" event2="ei63" relation="VAGUE" closed="false" origin="AllVagueSieve" type="ee" />
    <tlink event1="ei60" event2="ei64" relation="VAGUE" closed="false" origin="AllVagueSieve" type="ee" />
    <tlink event1="ei60" event2="ei65" relation="VAGUE" closed="false" origin="AllVagueSieve" type="ee" />
    <tlink event1="ei60" event2="ei66" relation="VAGUE" closed="false" origin="AllVagueSieve" type="ee" />
    <tlink event1="ei60" event2="ei67" relation="VAGUE" closed="false" origin="AllVagueSieve" type="ee" />
    <tlink event1="ei60" event2="t8" relation="VAGUE" closed="false" origin="AllVagueSieve" type="et" />
  </file>
</root>

